Algorithm: PageRank
Damping: 0.85
Vertex ranks:
0 0.0817412
1 0.079217
2 0.0810944
3 0.0804635
4 0.0812035
5 0.0807296
6 0.0809243
7 0.0803652
8 0.0803599
9 0.00475085
10 0.0032494
11 0.00376684
12 0.00135079
13 0.00246164
14 0.00128713
15 0.000413051
16 0.00169053
17 0.000704028
18 0.0021908
19 0.00269068
20 0.00169213
21 0.000530522
22 0.00190455
23 0.000852282
24 3.32442e-005
25 0.00217734
26 0.00149816
27 0.00138271
28 0.000240863
29 0.00231962
30 0.000179008
31 0.000257121
32 0.000530862
33 0.000480776
34 1.83568e-005
35 0.00046802
36 0.000255682
37 0.0001354
38 0.000230554
39 0.00129555
40 0.000618375
41 0.00120974
42 0.00063343
43 0.000998315
44 0.000188735
45 0.000388873
46 0.000592495
47 0.0017019
48 0.000245161
49 0.00011514
50 6.80948e-005
51 1.5e-005
52 3.79015e-005
53 0.00093613
54 0.000498978
55 0.000205343
56 0.000652048
57 0.000117938
58 0.000507886
59 0.00082284
60 0.000985842
61 0.000358853
62 0.000403501
63 4.53952e-005
64 6.99117e-005
65 0.000251366
66 0.000152937
67 4.06045e-005
68 0.000161083
69 0.000134064
70 0.000561543
71 3.0514e-005
72 1.81875e-005
73 0.000432383
74 0.000447087
75 0.000173116
76 0.000334206
77 0.00132846
78 0.00055981
79 0.000169915
80 1.5e-005
81 6.08173e-005
82 0.00047854
83 0.000459974
84 0.000438219
85 0.000146128
86 0.000763275
87 0.000398415
88 1.65937e-005
89 0.000284672
90 0.00126761
91 2.4811e-005
92 0.000303995
93 2.22085e-005
94 0.000509274
95 0.000147294
96 5.26789e-005
97 0.00030412
98 4.89678e-005
99 0.000181116
100 0.000910898
101 8.80201e-005
102 0.000243232
103 4.38643e-005
104 6.36077e-005
105 0.000654
106 1.5e-005
107 0.000119537
108 7.696e-005
109 0.000295979
110 0.000136818
111 0.000127479
112 0.000133217
113 0.000256157
114 0.000119477
115 0.000219732
116 4.57885e-005
117 2.03257e-005
118 1.5e-005
119 0.000132017
120 0.000217553
121 3.41884e-005
122 4.04663e-005
123 3.62925e-005
124 0.000857819
125 3.7191e-005
126 7.1949e-005
127 5.26191e-005
128 7.46688e-005
129 0.000474585
130 6.36902e-005
131 7.31713e-005
132 4.65626e-005
133 4.96764e-005
134 0.00019621
135 5.77138e-005
136 4.6698e-005
137 1.5e-005
138 8.77111e-005
139 0.000274637
140 6.23469e-005
141 3.76752e-005
142 2.71197e-005
143 5.29401e-005
144 9.221e-005
145 3.50196e-005
146 8.39716e-005
147 0.000270817
148 0.000327937
149 1.65937e-005
150 9.8779e-005
151 0.000296447
152 0.000196669
153 9.71585e-005
154 0.000178812
155 0.000234286
156 0.000200014
157 3.48167e-005
158 0.00013286
159 8.50687e-005
160 0.000232219
161 0.000432641
162 3.39693e-005
163 0.000200121
164 0.000620591
165 7.08725e-005
166 0.000206498
167 4.1596e-005
168 0.000123595
169 0.000114229
170 0.00014537
171 4.90946e-005
172 0.00012119
173 7.31271e-005
174 3.2036e-005
175 0.000179705
176 0.000245774
177 3.92563e-005
178 0.000180496
179 3.95678e-005
180 2.90092e-005
181 0.000129084
182 0.000152517
183 5.54865e-005
184 0.000143867
185 0.000163009
186 0.000204457
187 4.33032e-005
188 0.000219664
189 6.38596e-005
190 2.53836e-005
191 9.13288e-005
192 5.78755e-005
193 0.000138019
194 0.000530255
195 2.97691e-005
196 3.15914e-005
197 2.22397e-005
198 0.000159217
199 0.00010487
200 5.00836e-005
201 4.70232e-005
202 9.34675e-005
203 0.000162416
204 3.25972e-005
205 5.61544e-005
206 0.000159933
207 9.26786e-005
208 0.000117774
209 5.81681e-005
210 2.84279e-005
211 3.54364e-005
212 6.94917e-005
213 0.000233307
214 2.44167e-005
215 0.000143824
216 3.84467e-005
217 5.79068e-005
218 0.000121513
219 1.5e-005
220 0.000109135
221 0.000111588
222 0.000307391
223 4.45544e-005
224 0.000108212
225 0.000128441
226 2.97004e-005
227 2.97964e-005
228 1.5e-005
229 0.000138038
230 0.00011386
231 0.000122783
232 6.03462e-005
233 1.83568e-005
234 2.20195e-005
235 1.5e-005
236 4.00405e-005
237 7.91102e-005
238 2.47711e-005
239 4.27652e-005
240 0.000194454
241 9.12513e-005
242 0.000126643
243 8.36063e-005
244 4.17556e-005
245 0.000256799
246 2.64333e-005
247 1.65937e-005
248 0.000102823
249 6.97013e-005
250 2.4174e-005
251 2.32537e-005
252 1.5e-005
253 1.81875e-005
254 1.81875e-005
255 0.000318395
256 9.02881e-005
257 1.5e-005
258 1.5e-005
259 9.79116e-005
260 4.69631e-005
261 2.37465e-005
262 8.79077e-005
263 4.07875e-005
264 9.00888e-005
265 4.92991e-005
266 0.000128541
267 8.62899e-005
268 1.5e-005
269 2.68715e-005
270 4.38007e-005
271 6.93642e-005
272 7.1409e-005
273 1.7381e-005
274 0.00018137
275 2.27477e-005
276 0.000232891
277 0.000113475
278 2.97364e-005
279 0.000133061
280 3.22199e-005
281 2.45351e-005
282 5.59945e-005
283 7.39035e-005
284 8.9983e-005
285 1.5e-005
286 0.00013478
287 3.9391e-005
288 0.000155705
289 0.000121073
290 3.33779e-005
291 7.77651e-005
292 9.61973e-005
293 0.000169926
294 2.12638e-005
295 2.97647e-005
296 2.55984e-005
297 0.00018484
298 2.26107e-005
299 5.72617e-005
300 0.000127384
301 0.000280821
302 7.2609e-005
303 1.5e-005
304 0.000116669
305 1.67631e-005
306 5.35452e-005
307 0.000142749
308 0.000125971
309 3.38804e-005
310 9.79958e-005
311 0.000216069
312 4.44904e-005
313 3.31126e-005
314 2.1375e-005
315 4.85037e-005
316 4.01841e-005
317 6.47639e-005
318 8.73327e-005
319 0.00020502
320 1.65937e-005
321 7.43801e-005
322 0.000322316
323 3.82536e-005
324 2.06279e-005
325 9.06202e-005
326 7.91793e-005
327 7.25788e-005
328 9.25e-005
329 8.24307e-005
330 2.1375e-005
331 0.000100408
332 0.000121299
333 3.99209e-005
334 6.11331e-005
335 3.18461e-005
336 0.000204868
337 1.71018e-005
338 5.73371e-005
339 7.98934e-005
340 1.5e-005
341 6.44486e-005
342 6.98869e-005
343 0.000118577
344 7.5725e-005
345 2.76407e-005
346 6.76189e-005
347 6.37432e-005
348 1.65937e-005
349 5.12773e-005
350 1.95473e-005
351 3.2278e-005
352 9.84202e-005
353 2.4824e-005
354 2.72431e-005
355 5.28956e-005
356 4.13467e-005
357 7.11438e-005
358 0.000130541
359 5.11061e-005
360 5.3781e-005
361 2.68336e-005
362 3.68525e-005
363 0.000205588
364 8.56475e-005
365 1.86955e-005
366 2.97312e-005
367 4.92872e-005
368 5.29785e-005
369 3.28978e-005
370 4.73033e-005
371 5.63303e-005
372 3.46885e-005
373 8.9838e-005
374 3.2823e-005
375 0.00013186
376 3.58527e-005
377 1.67811e-005
378 0.000223406
379 3.66649e-005
380 8.54911e-005
381 3.96045e-005
382 0.000219538
383 8.1717e-005
384 0.000105952
385 3.42765e-005
386 2.46405e-005
387 0.000124016
388 2.5992e-005
389 1.65937e-005
390 6.54381e-005
391 4.29004e-005
392 6.53195e-005
393 6.52592e-005
394 2.59024e-005
395 0.000131118
396 0.000132269
397 5.81404e-005
398 2.75755e-005
399 1.5e-005
400 1.65937e-005
401 4.60714e-005
402 4.92602e-005
403 2.61805e-005
404 3.63983e-005
405 0.00012219
406 0.000109362
407 3.47118e-005
408 7.96268e-005
409 7.71304e-005
410 6.36298e-005
411 1.65937e-005
412 1.5e-005
413 8.80573e-005
414 1.67631e-005
415 1.5e-005
416 0.000119004
417 0.000102611
418 3.64438e-005
419 3.25515e-005
420 4.02675e-005
421 4.51022e-005
422 4.55756e-005
423 2.39075e-005
424 7.77588e-005
425 2.31381e-005
426 3.60529e-005
427 6.94352e-005
428 4.68672e-005
429 2.68516e-005
430 0.000158725
431 4.9607e-005
432 5.09216e-005
433 8.73555e-005
434 0.00013577
435 2.99873e-005
436 4.12463e-005
437 6.43877e-005
438 3.11131e-005
439 1.94268e-005
440 1.99885e-005
441 2.81067e-005
442 8.02406e-005
443 7.69448e-005
444 4.07859e-005
445 1.67991e-005
446 4.00666e-005
447 1.65937e-005
448 2.55984e-005
449 4.9717e-005
450 3.40752e-005
451 2.17216e-005
452 0.00010204
453 3.41402e-005
454 0.000108587
455 1.69962e-005
456 6.08951e-005
457 0.000103358
458 3.38807e-005
459 3.96359e-005
460 8.15398e-005
461 3.27307e-005
462 8.07443e-005
463 2.15443e-005
464 4.99309e-005
465 5.28364e-005
466 4.71786e-005
467 2.23167e-005
468 5.04199e-005
469 0.000108091
470 1.5e-005
471 3.03693e-005
472 4.35384e-005
473 5.37622e-005
474 4.26719e-005
475 3.53704e-005
476 5.028e-005
477 1.65937e-005
478 3.31072e-005
479 1.65937e-005
480 2.33074e-005
481 4.19229e-005
482 3.16251e-005
483 2.15443e-005
484 1.65937e-005
485 1.85262e-005
486 6.56381e-005
487 5.95996e-005
488 4.30406e-005
489 4.18926e-005
490 1.65937e-005
491 6.87859e-005
492 4.68592e-005
493 7.26683e-005
494 8.92583e-005
495 7.63885e-005
496 0.000128133
497 0.000122922
498 2.23737e-005
499 2.69255e-005
500 0.000103352
501 4.90028e-005
502 5.60576e-005
503 2.28473e-005
504 7.91963e-005
505 5.90077e-005
506 5.2174e-005
507 1.5e-005
508 1.85622e-005
509 3.55875e-005
510 2.77163e-005
511 4.41445e-005
512 2.33074e-005
513 2.1883e-005
514 2.84834e-005
515 4.27979e-005
516 3.68798e-005
517 1.67631e-005
518 3.87892e-005
519 3.01586e-005
520 2.58095e-005
521 2.31561e-005
522 8.08957e-005
523 2.0933e-005
524 4.12471e-005
525 2.1883e-005
526 6.16149e-005
527 1.5e-005
528 5.96884e-005
529 4.05931e-005
530 3.24308e-005
531 1.87135e-005
532 5.87581e-005
533 7.46209e-005
534 1.89406e-005
535 9.81453e-005
536 8.48159e-005
537 2.29687e-005
538 3.4414e-005
539 2.29687e-005
540 5.6841e-005
541 2.83764e-005
542 2.41901e-005
543 3.83794e-005
544 2.71284e-005
545 2.75073e-005
546 2.71529e-005
547 4.29603e-005
548 2.8276e-005
549 0.000114991
550 2.71082e-005
551 1.99506e-005
552 1.5e-005
553 2.78179e-005
554 7.73937e-005
555 2.50885e-005
556 4.76085e-005
557 6.42644e-005
558 2.31741e-005
559 3.73606e-005
560 4.19731e-005
561 1.83568e-005
562 3.02302e-005
563 2.41875e-005
564 3.49324e-005
565 3.16733e-005
566 3.02743e-005
567 2.37361e-005
568 2.03072e-005
569 3.08867e-005
570 4.70106e-005
571 1.5e-005
572 3.23854e-005
573 5.00349e-005
574 1.5e-005
575 3.52013e-005
576 2.06459e-005
577 6.80494e-005
578 2.46981e-005
579 6.32072e-005
580 6.42239e-005
581 5.23695e-005
582 7.00748e-005
583 2.38514e-005
584 4.51572e-005
585 3.40125e-005
586 3.61756e-005
587 2.97206e-005
588 2.82704e-005
589 3.59089e-005
590 0.000109885
591 5.33682e-005
592 2.54811e-005
593 3.80737e-005
594 3.10117e-005
595 4.9313e-005
596 3.51295e-005
597 2.53087e-005
598 0.000169314
599 7.74448e-005
600 4.8215e-005
601 1.99506e-005
602 6.56749e-005
603 4.19466e-005
604 1.5e-005
605 3.62882e-005
606 6.7253e-005
607 5.36956e-005
608 4.2091e-005
609 2.76208e-005
610 7.70553e-005
611 2.64949e-005
612 3.00211e-005
613 1.97812e-005
614 1.5e-005
615 3.24759e-005
616 7.03054e-005
617 3.02084e-005
618 1.83568e-005
619 2.58056e-005
620 4.1564e-005
621 0.000123173
622 5.38461e-005
623 1.5e-005
624 1.8817e-005
625 1.81875e-005
626 3.42151e-005
627 1.5e-005
628 3.79621e-005
629 3.4668e-005
630 2.34768e-005
631 5.74366e-005
632 3.72428e-005
633 3.0593e-005
634 1.5e-005
635 1.93728e-005
636 7.1352e-005
637 2.17895e-005
638 0.000105488
639 3.50205e-005
640 3.06298e-005
641 2.18287e-005
642 1.5e-005
643 1.65937e-005
644 1.89189e-005
645 2.15623e-005
646 3.696e-005
647 4.23742e-005
648 2.38912e-005
649 4.4688e-005
650 5.77082e-005
651 4.64929e-005
652 3.01488e-005
653 1.73071e-005
654 3.24795e-005
655 1.5e-005
656 1.71377e-005
657 4.70864e-005
658 0.000106388
659 2.69136e-005
660 5.15412e-005
661 1.5e-005
662 1.5e-005
663 2.98919e-005
664 2.20122e-005
665 1.67631e-005
666 4.3867e-005
667 4.21718e-005
668 2.40227e-005
669 1.5e-005
670 2.63254e-005
671 3.39039e-005
672 4.9248e-005
673 1.97812e-005
674 5.28629e-005
675 1.65937e-005
676 1.77971e-005
677 2.8765e-005
678 1.69504e-005
679 5.03675e-005
680 1.85193e-005
681 3.58109e-005
682 7.97851e-005
683 5.98036e-005
684 1.69324e-005
685 1.83568e-005
686 2.122e-005
687 1.67631e-005
688 2.6979e-005
689 3.46761e-005
690 3.0784e-005
691 2.15443e-005
692 2.1104e-005
693 7.39672e-005
694 5.53688e-005
695 3.57278e-005
696 1.5e-005
697 4.55709e-005
698 2.59139e-005
699 5.21739e-005
700 5.31883e-005
701 9.4895e-005
702 2.45108e-005
703 5.46293e-005
704 1.89027e-005
705 2.22056e-005
706 3.58846e-005
707 6.08569e-005
708 2.64756e-005
709 3.69012e-005
710 5.61259e-005
711 1.5e-005
712 2.21368e-005
713 2.82232e-005
714 4.00709e-005
715 2.75109e-005
716 3.78443e-005
717 2.66643e-005
718 2.01559e-005
719 1.71197e-005
720 1.85442e-005
721 3.58871e-005
722 2.90433e-005
723 7.41553e-005
724 2.81067e-005
725 1.69324e-005
726 1.67631e-005
727 6.16454e-005
728 4.77918e-005
729 3.85105e-005
730 3.32626e-005
731 2.15443e-005
732 0.000100615
733 3.59504e-005
734 1.5e-005
735 1.65937e-005
736 2.43594e-005
737 2.29771e-005
738 4.40014e-005
739 3.3123e-005
740 3.09217e-005
741 4.75448e-005
742 4.05588e-005
743 1.94527e-005
744 3.35058e-005
745 6.30898e-005
746 1.81875e-005
747 3.01828e-005
748 2.61983e-005
749 5.28173e-005
750 4.09568e-005
751 1.65937e-005
752 5.19175e-005
753 1.97812e-005
754 6.30233e-005
755 1.5e-005
756 8.00527e-005
757 0.000141011
758 2.70029e-005
759 1.81875e-005
760 1.5e-005
761 4.3493e-005
762 2.85998e-005
763 4.25284e-005
764 1.65937e-005
765 3.02846e-005
766 1.5e-005
767 2.86545e-005
768 1.86039e-005
769 1.5e-005
770 5.69861e-005
771 1.81875e-005
772 7.58929e-005
773 1.5e-005
774 2.05505e-005
775 2.20703e-005
776 2.52085e-005
777 2.06046e-005
778 6.32833e-005
779 2.00267e-005
780 3.89085e-005
781 4.5086e-005
782 2.66845e-005
783 2.62296e-005
784 1.5e-005
785 3.25896e-005
786 7.41683e-005
787 8.54177e-005
788 2.06819e-005
789 2.16343e-005
790 5.90847e-005
791 3.73327e-005
792 2.61064e-005
793 2.61562e-005
794 3.63096e-005
795 0.000119731
796 2.80887e-005
797 7.83845e-005
798 1.83568e-005
799 2.1375e-005
800 4.77353e-005
801 3.80632e-005
802 1.5e-005
803 6.90623e-005
804 2.17137e-005
805 3.74317e-005
806 3.63961e-005
807 1.5e-005
808 2.17137e-005
809 1.96214e-005
810 3.21777e-005
811 5.18718e-005
812 2.04766e-005
813 2.22397e-005
814 5.88227e-005
815 2.55965e-005
816 2.57404e-005
817 3.12424e-005
818 4.69258e-005
819 3.12826e-005
820 2.09251e-005
821 6.81101e-005
822 3.60455e-005
823 2.2409e-005
824 1.83568e-005
825 2.39848e-005
826 2.57701e-005
827 2.70768e-005
828 2.52938e-005
829 4.02789e-005
830 4.065e-005
831 3.2597e-005
832 2.31381e-005
833 8.23296e-005
834 1.5e-005
835 1.73071e-005
836 3.16827e-005
837 4.15068e-005
838 1.81875e-005
839 5.92512e-005
840 3.5721e-005
841 4.08073e-005
842 3.14518e-005
843 6.15221e-005
844 2.41698e-005
845 2.66485e-005
846 1.83568e-005
847 3.71274e-005
848 2.35307e-005
849 1.5e-005
850 1.73503e-005
851 2.10661e-005
852 5.05013e-005
853 1.5e-005
854 0.000101523
855 3.50715e-005
856 3.14005e-005
857 2.77793e-005
858 1.99506e-005
859 2.09846e-005
860 1.81875e-005
861 4.49869e-005
862 2.01199e-005
863 1.83568e-005
864 1.5e-005
865 3.00391e-005
866 2.8802e-005
867 1.97812e-005
868 3.00211e-005
869 4.82386e-005
870 5.47695e-005
871 1.65937e-005
872 5.21853e-005
873 9.11514e-005
874 2.22217e-005
875 1.97812e-005
876 2.70029e-005
877 1.5e-005
878 1.83748e-005
879 3.61718e-005
880 1.5e-005
881 1.67631e-005
882 3.4633e-005
883 2.01398e-005
884 2.03252e-005
885 1.81875e-005
886 4.57773e-005
887 6.13644e-005
888 1.5e-005
889 1.65937e-005
890 1.99506e-005
891 2.70209e-005
892 6.01393e-005
893 6.1885e-005
894 2.20565e-005
895 3.81453e-005
896 2.89283e-005
897 3.92891e-005
898 1.5e-005
899 2.8838e-005
900 8.01515e-005
901 2.57528e-005
902 6.2332e-005
903 1.5e-005
904 2.2481e-005
905 3.50359e-005
906 2.92505e-005
907 3.02239e-005
908 2.1901e-005
909 1.5e-005
910 3.03778e-005
911 3.02903e-005
912 9.19996e-005
913 5.67227e-005
914 5.35635e-005
915 7.2838e-005
916 4.39021e-005
917 1.85262e-005
918 5.3578e-005
919 6.31207e-005
920 5.89026e-005
921 1.97812e-005
922 3.19715e-005
923 6.75459e-005
924 2.24349e-005
925 2.65129e-005
926 2.04946e-005
927 1.5e-005
928 4.26048e-005
929 2.17879e-005
930 4.43676e-005
931 2.01559e-005
932 2.80814e-005
933 3.17369e-005
934 2.15443e-005
935 3.12424e-005
936 8.89921e-005
937 4.74411e-005
938 1.5e-005
939 2.63141e-005
940 1.5e-005
941 1.65937e-005
942 2.8129e-005
943 5.40433e-005
944 1.94008e-005
945 2.64949e-005
946 1.5e-005
947 4.29751e-005
948 2.1919e-005
949 2.29687e-005
950 1.83568e-005
951 2.18476e-005
952 1.67631e-005
953 1.79484e-005
954 1.65937e-005
955 1.67631e-005
956 2.17137e-005
957 1.5e-005
958 2.63256e-005
959 1.5e-005
960 1.87675e-005
961 1.5e-005
962 1.97812e-005
963 3.99088e-005
964 1.67811e-005
965 1.90702e-005
966 1.97812e-005
967 2.37134e-005
968 1.67811e-005
969 4.59892e-005
970 2.2463e-005
971 6.98365e-005
972 3.64157e-005
973 4.95999e-005
974 1.87675e-005
975 4.9747e-005
976 2.56602e-005
977 2.77541e-005
978 3.45193e-005
979 3.42715e-005
980 2.31381e-005
981 4.35344e-005
982 1.97812e-005
983 4.60148e-005
984 2.43594e-005
985 3.852e-005
986 5.73124e-005
987 2.15443e-005
988 2.17336e-005
989 2.61562e-005
990 3.77868e-005
991 2.1883e-005
992 1.65937e-005
993 2.59172e-005
994 2.43001e-005
995 2.26152e-005
996 2.11844e-005
997 2.68516e-005
998 1.5e-005
999 1.78151e-005
1000 4.79348e-005
1001 1.95964e-005
1002 2.17317e-005
1003 1.5e-005
1004 4.62649e-005
1005 3.61898e-005
1006 3.56377e-005
1007 1.83568e-005
1008 3.07344e-005
1009 1.90126e-005
1010 3.11112e-005
1011 5.85415e-005
1012 4.31309e-005
1013 3.81545e-005
1014 3.64026e-005
1015 3.55576e-005
1016 3.87212e-005
1017 6.40725e-005
1018 1.65937e-005
1019 4.13178e-005
1020 1.65937e-005
1021 2.90496e-005
1022 8.31901e-005
1023 3.66052e-005
1024 2.26922e-005
1025 3.19562e-005
1026 3.021e-005
1027 3.42701e-005
1028 1.85262e-005
1029 6.18658e-005
1030 4.68332e-005
1031 2.03072e-005
1032 1.67631e-005
1033 1.84607e-005
1034 3.04176e-005
1035 2.03072e-005
1036 1.72891e-005
1037 3.76276e-005
1038 6.02332e-005
1039 2.64196e-005
1040 2.55965e-005
1041 1.65937e-005
1042 3.11013e-005
1043 3.92102e-005
1044 2.01559e-005
1045 2.96824e-005
1046 2.23193e-005
1047 2.21271e-005
1048 1.69324e-005
1049 1.83568e-005
1050 1.87334e-005
1051 1.5e-005
1052 1.65937e-005
1053 2.58558e-005
1054 2.93437e-005
1055 1.5e-005
1056 4.22318e-005
1057 3.15101e-005
1058 2.58934e-005
1059 2.31381e-005
1060 4.64396e-005
1061 2.64949e-005
1062 2.34768e-005
1063 6.38487e-005
1064 4.37523e-005
1065 5.34069e-005
1066 1.5e-005
1067 1.5e-005
1068 2.84273e-005
1069 2.45997e-005
1070 1.83748e-005
1071 4.54377e-005
1072 2.96824e-005
1073 1.65937e-005
1074 1.5e-005
1075 1.65937e-005
1076 3.05831e-005
1077 1.5e-005
1078 5.32864e-005
1079 1.5e-005
1080 4.21145e-005
1081 2.40028e-005
1082 3.11568e-005
1083 1.69324e-005
1084 4.37479e-005
1085 3.21948e-005
1086 2.22697e-005
1087 2.21802e-005
1088 2.54831e-005
1089 2.97566e-005
1090 4.88301e-005
1091 1.67631e-005
1092 3.93686e-005
1093 3.93574e-005
1094 3.28563e-005
1095 2.81067e-005
1096 3.73186e-005
1097 5.3504e-005
1098 4.56661e-005
1099 1.97812e-005
1100 1.83051e-005
1101 3.7314e-005
1102 3.00898e-005
1103 1.5e-005
1104 4.55909e-005
1105 2.38694e-005
1106 2.03072e-005
1107 2.15623e-005
1108 2.775e-005
1109 1.73071e-005
1110 3.10911e-005
1111 2.1431e-005
1112 2.3684e-005
1113 3.14021e-005
1114 1.5e-005
1115 3.74507e-005
1116 0.000119743
1117 1.81875e-005
1118 1.83568e-005
1119 2.17137e-005
1120 4.20924e-005
1121 1.95782e-005
1122 1.75304e-005
1123 1.67631e-005
1124 2.1375e-005
1125 1.5e-005
1126 5.32404e-005
1127 1.5e-005
1128 4.00165e-005
1129 2.33254e-005
1130 1.65937e-005
1131 2.1375e-005
1132 5.35156e-005
1133 2.04766e-005
1134 3.5363e-005
1135 4.25273e-005
1136 4.60186e-005
1137 2.60213e-005
1138 1.5e-005
1139 1.81875e-005
1140 3.49183e-005
1141 1.5e-005
1142 8.79139e-005
1143 1.5e-005
1144 2.64949e-005
1145 4.00863e-005
1146 6.0524e-005
1147 3.64141e-005
1148 4.09942e-005
1149 2.22416e-005
1150 2.08532e-005
1151 2.11719e-005
1152 3.15672e-005
1153 3.86096e-005
1154 2.30828e-005
1155 1.81875e-005
1156 2.32835e-005
1157 1.83568e-005
1158 2.03252e-005
1159 1.86955e-005
1160 2.52398e-005
1161 1.65937e-005
1162 1.5e-005
1163 5.71305e-005
1164 1.5e-005
1165 2.47318e-005
1166 4.05481e-005
1167 1.78102e-005
1168 2.50705e-005
1169 2.38626e-005
1170 1.89368e-005
1171 2.91047e-005
1172 2.25603e-005
1173 1.81875e-005
1174 4.11796e-005
1175 1.69324e-005
1176 1.97812e-005
1177 1.5e-005
1178 1.84131e-005
1179 2.89378e-005
1180 4.63393e-005
1181 3.53303e-005
1182 3.12647e-005
1183 4.25384e-005
1184 5.66952e-005
1185 4.95844e-005
1186 6.26958e-005
1187 4.72711e-005
1188 4.61632e-005
1189 1.65937e-005
1190 6.20603e-005
1191 1.65937e-005
1192 1.97812e-005
1193 2.01199e-005
1194 1.5e-005
1195 1.86955e-005
1196 2.44742e-005
1197 1.5e-005
1198 2.36821e-005
1199 2.08153e-005
1200 3.0095e-005
1201 1.5e-005
1202 1.81875e-005
1203 1.5e-005
1204 4.85204e-005
1205 2.03252e-005
1206 1.65937e-005
1207 2.76803e-005
1208 1.5e-005
1209 7.4899e-005
1210 1.96321e-005
1211 2.8258e-005
1212 8.32891e-005
1213 1.67631e-005
1214 2.38334e-005
1215 1.5e-005
1216 2.01419e-005
1217 2.48355e-005
1218 1.91161e-005
1219 2.40787e-005
1220 1.65937e-005
1221 4.23767e-005
1222 1.65937e-005
1223 6.19989e-005
1224 6.28673e-005
1225 3.861e-005
1226 2.38203e-005
1227 2.33074e-005
1228 3.26848e-005
1229 1.99506e-005
1230 2.36461e-005
1231 4.17416e-005
1232 3.2359e-005
1233 1.81875e-005
1234 1.5e-005
1235 1.5e-005
1236 2.19682e-005
1237 4.32016e-005
1238 3.34859e-005
1239 2.45487e-005
1240 1.65937e-005
1241 1.99506e-005
1242 1.5e-005
1243 2.33074e-005
1244 2.01379e-005
1245 2.89713e-005
1246 1.5e-005
1247 2.3015e-005
1248 4.19474e-005
1249 1.97812e-005
1250 3.76373e-005
1251 3.92112e-005
1252 2.18842e-005
1253 5.36478e-005
1254 3.4893e-005
1255 1.65937e-005
1256 3.12784e-005
1257 2.16343e-005
1258 2.8276e-005
1259 2.54854e-005
1260 1.79246e-005
1261 2.44731e-005
1262 3.77481e-005
1263 1.5e-005
1264 2.50249e-005
1265 1.85622e-005
1266 1.88847e-005
1267 5.22102e-005
1268 2.71005e-005
1269 1.5e-005
1270 2.9593e-005
1271 1.65937e-005
1272 1.67631e-005
1273 3.50118e-005
1274 1.81875e-005
1275 1.67991e-005
1276 4.05022e-005
1277 1.65937e-005
1278 2.4171e-005
1279 3.88036e-005
1280 2.94957e-005
1281 1.5e-005
1282 1.5e-005
1283 4.34775e-005
1284 2.47318e-005
1285 2.1375e-005
1286 6.51357e-005
1287 2.51469e-005
1288 1.92755e-005
1289 3.48967e-005
1290 2.97333e-005
1291 2.31381e-005
1292 6.38686e-005
1293 1.5e-005
1294 2.01199e-005
1295 2.86686e-005
1296 1.72891e-005
1297 1.5e-005
1298 2.54138e-005
1299 3.31988e-005
1300 1.65937e-005
1301 1.5e-005
1302 6.00841e-005
1303 1.95621e-005
1304 3.23301e-005
1305 2.64175e-005
1306 2.88939e-005
1307 1.5e-005
1308 2.17137e-005
1309 2.09666e-005
1310 2.95131e-005
1311 4.78242e-005
1312 2.40525e-005
1313 2.15443e-005
1314 1.97812e-005
1315 1.5e-005
1316 2.2409e-005
1317 1.5e-005
1318 1.5e-005
1319 1.86733e-005
1320 2.33254e-005
1321 2.01199e-005
1322 2.01398e-005
1323 3.24684e-005
1324 3.84857e-005
1325 1.5e-005
1326 1.99506e-005
1327 2.26503e-005
1328 2.01199e-005
1329 4.08494e-005
1330 1.5e-005
1331 3.11091e-005
1332 2.02893e-005
1333 1.83568e-005
1334 2.22776e-005
1335 2.05145e-005
1336 3.55501e-005
1337 2.01419e-005
1338 1.5e-005
1339 2.67002e-005
1340 1.71018e-005
1341 2.38334e-005
1342 2.45625e-005
1343 1.97812e-005
1344 1.5e-005
1345 3.51811e-005
1346 2.68344e-005
1347 1.5e-005
1348 2.4264e-005
1349 1.83568e-005
1350 2.97004e-005
1351 2.11719e-005
1352 2.66822e-005
1353 2.69797e-005
1354 2.50575e-005
1355 1.65937e-005
1356 3.42834e-005
1357 1.5e-005
1358 3.7396e-005
1359 2.01559e-005
1360 1.65937e-005
1361 1.5e-005
1362 2.04586e-005
1363 1.65937e-005
1364 1.5e-005
1365 1.5e-005
1366 2.73416e-005
1367 1.65937e-005
1368 4.15624e-005
1369 1.69902e-005
1370 1.5e-005
1371 1.5e-005
1372 1.5e-005
1373 1.85262e-005
1374 5.3241e-005
1375 4.48985e-005
1376 1.81875e-005
1377 1.5e-005
1378 3.45345e-005
1379 1.5e-005
1380 2.57209e-005
1381 4.95815e-005
1382 2.1883e-005
1383 2.36461e-005
1384 1.5e-005
1385 1.5e-005
1386 3.53209e-005
1387 1.89567e-005
1388 1.67631e-005
1389 1.67631e-005
1390 2.74032e-005
1391 3.74987e-005
1392 1.5e-005
1393 2.77226e-005
1394 2.31381e-005
1395 4.00202e-005
1396 2.67362e-005
1397 1.94268e-005
1398 1.67631e-005
1399 2.83158e-005
1400 2.1375e-005
1401 1.5e-005
1402 2.34947e-005
1403 2.22419e-005
1404 1.5e-005
1405 2.17336e-005
1406 4.32906e-005
1407 4.73673e-005
1408 1.65937e-005
1409 4.07869e-005
1410 1.81875e-005
1411 2.69531e-005
1412 2.04586e-005
1413 2.01199e-005
1414 2.74572e-005
1415 2.02893e-005
1416 1.97812e-005
1417 1.5e-005
1418 8.04239e-005
1419 2.43774e-005
1420 4.16159e-005
1421 1.65937e-005
1422 2.47318e-005
1423 1.5e-005
1424 1.5e-005
1425 1.69324e-005
1426 4.8458e-005
1427 1.73071e-005
1428 2.23135e-005
1429 1.81875e-005
1430 2.88617e-005
1431 5.35765e-005
1432 1.5e-005
1433 1.69324e-005
1434 3.73346e-005
1435 2.77163e-005
1436 2.96072e-005
1437 1.5e-005
1438 1.65937e-005
1439 2.52398e-005
1440 1.5e-005
1441 2.97425e-005
1442 1.85442e-005
1443 2.03455e-005
1444 3.57978e-005
1445 2.83225e-005
1446 4.114e-005
1447 1.69864e-005
1448 4.7752e-005
1449 5.11804e-005
1450 3.30235e-005
1451 2.50885e-005
1452 2.63256e-005
1453 2.03991e-005
1454 2.3738e-005
1455 1.5e-005
1456 2.12093e-005
1457 1.5e-005
1458 4.07821e-005
1459 2.05961e-005
1460 1.5e-005
1461 1.5e-005
1462 2.33453e-005
1463 1.99506e-005
1464 4.22626e-005
1465 1.5e-005
1466 3.00335e-005
1467 1.5e-005
1468 1.5e-005
1469 1.5e-005
1470 1.93153e-005
1471 1.5e-005
1472 1.5e-005
1473 2.39073e-005
1474 3.95126e-005
1475 1.5e-005
1476 1.5e-005
1477 1.83568e-005
1478 4.50422e-005
1479 4.00382e-005
1480 3.52749e-005
1481 1.5e-005
1482 2.04766e-005
1483 2.43181e-005
1484 2.01199e-005
1485 2.17137e-005
1486 1.5e-005
1487 2.1883e-005
1488 1.5e-005
1489 2.01199e-005
1490 3.85518e-005
1491 2.19209e-005
1492 2.47318e-005
1493 2.56905e-005
1494 1.5e-005
1495 2.31187e-005
1496 1.5e-005
1497 5.1139e-005
1498 1.5e-005
1499 1.81875e-005
1500 1.86955e-005
1501 2.47517e-005
1502 2.50705e-005
1503 2.15443e-005
1504 1.65937e-005
1505 2.98877e-005
1506 3.3283e-005
1507 1.5e-005
1508 2.57257e-005
1509 1.65937e-005
1510 2.00065e-005
1511 2.84813e-005
1512 8.15516e-005
1513 1.5e-005
1514 1.81875e-005
1515 3.11969e-005
1516 1.65937e-005
1517 1.67631e-005
1518 1.5e-005
1519 2.64494e-005
1520 6.21656e-005
1521 1.67631e-005
1522 1.5e-005
1523 3.09956e-005
1524 2.1901e-005
1525 2.1901e-005
1526 1.5e-005
1527 1.97812e-005
1528 1.5e-005
1529 3.00392e-005
1530 2.03451e-005
1531 1.80043e-005
1532 2.31381e-005
1533 1.81875e-005
1534 2.04766e-005
1535 1.5e-005
1536 3.60796e-005
1537 1.97812e-005
1538 4.40887e-005
1539 1.67631e-005
1540 1.67811e-005
1541 1.5e-005
1542 1.5e-005
1543 1.81875e-005
1544 3.13523e-005
1545 1.99506e-005
1546 2.66643e-005
1547 3.13751e-005
1548 1.65937e-005
1549 2.63654e-005
1550 2.0485e-005
1551 2.39234e-005
1552 2.15443e-005
1553 2.71723e-005
1554 6.35635e-005
1555 3.58582e-005
1556 1.65937e-005
1557 1.65937e-005
1558 1.81875e-005
1559 1.5e-005
1560 1.5e-005
1561 1.65937e-005
1562 3.1655e-005
1563 1.67631e-005
1564 4.72004e-005
1565 2.75253e-005
1566 2.52758e-005
1567 1.5e-005
1568 3.71894e-005
1569 2.46264e-005
1570 1.5e-005
1571 1.85262e-005
1572 1.5e-005
1573 1.5e-005
1574 1.81875e-005
1575 2.13413e-005
1576 1.5e-005
1577 2.17317e-005
1578 2.77342e-005
1579 2.65148e-005
1580 1.65937e-005
1581 3.07704e-005
1582 1.97812e-005
1583 2.03072e-005
1584 1.5e-005
1585 3.19895e-005
1586 3.74301e-005
1587 1.5e-005
1588 1.99506e-005
1589 3.95741e-005
1590 5.92635e-005
1591 1.6783e-005
1592 4.95868e-005
1593 5.57599e-005
1594 2.84495e-005
1595 1.65937e-005
1596 1.5e-005
1597 2.49034e-005
1598 3.42371e-005
1599 4.15185e-005
1600 1.65937e-005
1601 1.5e-005
1602 2.72105e-005
1603 1.65937e-005
1604 2.66643e-005
1605 2.20523e-005
1606 4.57375e-005
1607 1.67991e-005
1608 2.3537e-005
1609 3.19535e-005
1610 3.57788e-005
1611 1.65937e-005
1612 2.67025e-005
1613 2.04586e-005
1614 1.65937e-005
1615 1.65937e-005
1616 2.15443e-005
1617 2.47498e-005
1618 2.03252e-005
1619 1.71217e-005
1620 1.65937e-005
1621 3.55356e-005
1622 2.76568e-005
1623 2.93157e-005
1624 1.89946e-005
1625 1.5e-005
1626 3.89464e-005
1627 1.5e-005
1628 1.67631e-005
1629 1.82514e-005
1630 1.5e-005
1631 2.69014e-005
1632 2.2953e-005
1633 2.52982e-005
1634 2.66643e-005
1635 1.83767e-005
1636 2.17137e-005
1637 1.85442e-005
1638 1.65937e-005
1639 1.67631e-005
1640 2.97647e-005
1641 2.35499e-005
1642 1.65937e-005
1643 3.60381e-005
1644 2.01241e-005
1645 1.67631e-005
1646 1.5e-005
1647 1.5e-005
1648 2.64949e-005
1649 1.5e-005
1650 3.43705e-005
1651 2.35525e-005
1652 4.37324e-005
1653 1.81875e-005
1654 2.83756e-005
1655 1.69324e-005
1656 5.2842e-005
1657 1.5e-005
1658 1.5e-005
1659 1.5e-005
1660 1.86955e-005
1661 1.5e-005
1662 3.16148e-005
1663 2.22397e-005
1664 2.49012e-005
1665 1.65937e-005
1666 1.5e-005
1667 2.33292e-005
1668 2.10386e-005
1669 1.5e-005
1670 3.69186e-005
1671 1.67631e-005
1672 1.87874e-005
1673 1.5e-005
1674 1.71439e-005
1675 2.52578e-005
1676 1.69324e-005
1677 1.65937e-005
1678 1.65937e-005
1679 2.77061e-005
1680 2.70029e-005
1681 1.65937e-005
1682 6.03508e-005
1683 2.1901e-005
1684 3.94724e-005
1685 2.86327e-005
1686 1.5e-005
1687 2.31262e-005
1688 1.97812e-005
1689 5.48598e-005
1690 2.17317e-005
1691 2.22814e-005
1692 1.83568e-005
1693 2.51305e-005
1694 2.71903e-005
1695 2.97746e-005
1696 1.5e-005
1697 4.06208e-005
1698 2.52398e-005
1699 1.5e-005
1700 2.01379e-005
1701 4.86996e-005
1702 1.65937e-005
1703 5.05833e-005
1704 1.65937e-005
1705 3.16328e-005
1706 2.29687e-005
1707 1.5e-005
1708 2.33074e-005
1709 2.17137e-005
1710 2.42773e-005
1711 2.04586e-005
1712 2.42441e-005
1713 1.5e-005
1714 4.40707e-005
1715 1.5e-005
1716 3.18404e-005
1717 3.05056e-005
1718 1.5e-005
1719 2.29687e-005
1720 1.81875e-005
1721 1.65937e-005
1722 2.26143e-005
1723 4.38379e-005
1724 1.67631e-005
1725 1.65937e-005
1726 2.09666e-005
1727 1.5e-005
1728 2.63635e-005
1729 2.70389e-005
1730 1.83568e-005
1731 1.69324e-005
1732 1.5e-005
1733 1.5e-005
1734 2.76476e-005
1735 2.99237e-005
1736 1.5e-005
1737 2.02478e-005
1738 6.00161e-005
1739 1.81875e-005
1740 1.89046e-005
1741 2.1375e-005
1742 4.33012e-005
1743 1.5e-005
1744 2.01199e-005
1745 3.03778e-005
1746 2.37399e-005
1747 1.5e-005
1748 1.5e-005
1749 2.15443e-005
1750 1.65937e-005
1751 2.24372e-005
1752 2.52398e-005
1753 1.81875e-005
1754 1.81875e-005
1755 1.83568e-005
1756 1.65937e-005
1757 5.73307e-005
1758 2.07928e-005
1759 2.06696e-005
1760 2.02893e-005
1761 2.67002e-005
1762 2.68516e-005
1763 1.5e-005
1764 1.83568e-005
1765 1.5e-005
1766 3.25709e-005
1767 2.4993e-005
1768 2.52398e-005
1769 1.81875e-005
1770 1.65937e-005
1771 3.66013e-005
1772 1.5e-005
1773 1.81875e-005
1774 2.33074e-005
1775 1.5e-005
1776 1.99506e-005
1777 1.99506e-005
1778 1.81875e-005
1779 1.5e-005
1780 1.5e-005
1781 2.01379e-005
1782 2.9818e-005
1783 1.65937e-005
1784 1.5e-005
1785 2.06859e-005
1786 2.28036e-005
1787 6.26305e-005
1788 1.81875e-005
1789 2.85031e-005
1790 2.8258e-005
1791 1.81875e-005
1792 1.97812e-005
1793 1.5e-005
1794 2.3826e-005
1795 1.86955e-005
1796 2.1883e-005
1797 1.81875e-005
1798 2.22217e-005
1799 2.51997e-005
1800 1.5e-005
1801 1.5e-005
1802 2.75469e-005
1803 2.04698e-005
1804 1.5e-005
1805 1.5e-005
1806 1.99888e-005
1807 1.5e-005
1808 1.5e-005
1809 1.5e-005
1810 2.48537e-005
1811 1.5e-005
1812 1.94448e-005
1813 1.5e-005
1814 1.99506e-005
1815 2.55491e-005
1816 1.67811e-005
1817 4.39924e-005
1818 3.33779e-005
1819 2.31381e-005
1820 3.45038e-005
1821 1.65937e-005
1822 1.5e-005
1823 1.5e-005
1824 4.29192e-005
1825 1.5e-005
1826 2.57224e-005
1827 1.81875e-005
1828 1.90702e-005
1829 1.69324e-005
1830 2.41901e-005
1831 2.27657e-005
1832 1.5e-005
1833 1.65937e-005
1834 2.64949e-005
1835 2.98518e-005
1836 3.50734e-005
1837 2.66485e-005
1838 1.9126e-005
1839 2.47161e-005
1840 3.42786e-005
1841 3.43687e-005
1842 1.5e-005
1843 4.48922e-005
1844 2.10026e-005
1845 1.5e-005
1846 1.81875e-005
1847 2.1375e-005
1848 4.18466e-005
1849 1.65937e-005
1850 1.65937e-005
1851 1.5e-005
1852 2.75073e-005
1853 1.97812e-005
1854 1.74584e-005
1855 2.84273e-005
1856 1.97812e-005
1857 2.65521e-005
1858 1.5e-005
1859 1.5e-005
1860 1.5e-005
1861 1.86955e-005
1862 1.81875e-005
1863 2.17317e-005
1864 2.11901e-005
1865 1.69324e-005
1866 2.20523e-005
1867 1.5e-005
1868 1.85442e-005
1869 2.63933e-005
1870 2.15443e-005
1871 1.99506e-005
1872 2.01919e-005
1873 2.01559e-005
1874 1.83568e-005
1875 1.98394e-005
1876 1.5e-005
1877 1.65937e-005
1878 1.72711e-005
1879 2.37221e-005
1880 1.65937e-005
1881 1.5e-005
1882 1.71018e-005
1883 2.18216e-005
1884 2.50705e-005
1885 1.99506e-005
1886 2.1375e-005
1887 1.99506e-005
1888 2.98697e-005
1889 2.41344e-005
1890 1.99506e-005
1891 1.5e-005
1892 2.15826e-005
1893 1.5e-005
1894 1.5e-005
1895 1.65937e-005
1896 1.71377e-005
1897 1.67631e-005
1898 1.65937e-005
1899 1.5e-005
1900 1.65937e-005
1901 2.1375e-005
1902 1.5e-005
1903 1.76278e-005
1904 1.5e-005
1905 1.97812e-005
1906 2.72027e-005
1907 1.65937e-005
1908 2.15443e-005
1909 2.20941e-005
1910 1.5e-005
1911 2.02893e-005
1912 1.71197e-005
1913 2.70768e-005
1914 2.56145e-005
1915 1.5e-005
1916 4.59554e-005
1917 1.83568e-005
1918 1.83568e-005
1919 4.11448e-005
1920 3.08064e-005
1921 1.65937e-005
1922 2.47318e-005
1923 1.65937e-005
1924 2.87683e-005
1925 1.65937e-005
1926 4.27303e-005
1927 2.16619e-005
1928 3.02084e-005
1929 2.17137e-005
1930 1.5e-005
1931 1.81875e-005
1932 1.83568e-005
1933 1.5e-005
1934 2.1375e-005
1935 2.1901e-005
1936 1.88209e-005
1937 2.34031e-005
1938 1.85442e-005
1939 1.85262e-005
1940 2.3443e-005
1941 1.83568e-005
1942 2.56723e-005
1943 2.68336e-005
1944 2.53019e-005
1945 1.65937e-005
1946 3.32266e-005
1947 3.35832e-005
1948 1.81875e-005
1949 2.46981e-005
1950 3.07363e-005
1951 2.00046e-005
1952 2.15443e-005
1953 1.5e-005
1954 1.5e-005
1955 4.12715e-005
1956 3.00391e-005
1957 1.69504e-005
1958 2.04586e-005
1959 2.9611e-005
1960 3.40859e-005
1961 1.5e-005
1962 1.99506e-005
1963 1.72137e-005
1964 3.62852e-005
1965 1.98255e-005
1966 1.83568e-005
1967 3.68968e-005
1968 4.5626e-005
1969 1.65937e-005
1970 1.97812e-005
1971 1.86955e-005
1972 1.5e-005
1973 2.60865e-005
1974 2.80887e-005
1975 1.87675e-005
1976 2.04946e-005
1977 2.50705e-005
1978 2.71149e-005
1979 2.04586e-005
1980 1.5e-005
1981 2.96824e-005
1982 1.5e-005
1983 1.65937e-005
1984 1.5e-005
1985 1.65937e-005
1986 2.01379e-005
1987 2.40426e-005
1988 1.81875e-005
1989 2.47498e-005
1990 2.1375e-005
1991 2.08352e-005
1992 2.13688e-005
1993 1.5e-005
1994 2.36461e-005
1995 1.65937e-005
1996 2.82984e-005
1997 1.65937e-005
1998 2.04766e-005
1999 3.28699e-005
2000 1.65937e-005
2001 2.25783e-005
2002 2.52777e-005
2003 1.65937e-005
2004 4.22342e-005
2005 5.06145e-005
2006 2.42188e-005
2007 1.85442e-005
2008 1.65937e-005
2009 1.65937e-005
2010 2.62305e-005
2011 1.5e-005
2012 1.5e-005
2013 3.0035e-005
2014 1.65937e-005
2015 1.5e-005
2016 1.65937e-005
2017 1.5e-005
2018 1.5e-005
2019 1.81875e-005
2020 2.67362e-005
2021 1.99506e-005
2022 2.77163e-005
2023 1.97812e-005
2024 1.81875e-005
2025 1.5e-005
2026 1.5e-005
2027 3.26131e-005
2028 1.65937e-005
2029 1.87154e-005
2030 1.5e-005
2031 1.65937e-005
2032 1.65937e-005
2033 1.5e-005
2034 1.5e-005
2035 1.85262e-005
2036 1.89766e-005
2037 1.5e-005
2038 3.06011e-005
2039 2.67183e-005
2040 1.81875e-005
2041 2.1375e-005
2042 2.35127e-005
2043 4.71439e-005
2044 1.5e-005
2045 1.5e-005
2046 1.65937e-005
2047 2.43954e-005
2048 2.50705e-005
2049 1.76836e-005
2050 1.71018e-005
2051 1.99506e-005
2052 1.72711e-005
2053 1.5e-005
2054 1.65937e-005
2055 1.65937e-005
2056 1.65937e-005
2057 1.81875e-005
2058 2.1375e-005
2059 1.5e-005
2060 1.69324e-005
2061 3.48872e-005
2062 1.5e-005
2063 1.5e-005
2064 3.37526e-005
2065 2.08692e-005
2066 1.5e-005
2067 2.15443e-005
2068 2.17137e-005
2069 2.17317e-005
2070 1.5e-005
2071 1.5e-005
2072 2.04946e-005
2073 2.49012e-005
2074 2.1883e-005
2075 2.76983e-005
2076 1.83568e-005
2077 2.12299e-005
2078 1.99506e-005
2079 1.5e-005
2080 2.20523e-005
2081 1.65937e-005
2082 1.5e-005
2083 1.5e-005
2084 1.81875e-005
2085 1.65937e-005
2086 2.03991e-005
2087 2.8784e-005
2088 1.87855e-005
2089 2.38334e-005
2090 1.5e-005
2091 3.38126e-005
2092 2.49012e-005
2093 1.5e-005
2094 1.65937e-005
2095 1.5e-005
2096 1.97115e-005
2097 1.5e-005
2098 2.20703e-005
2099 1.65937e-005
2100 1.87495e-005
2101 1.83568e-005
2102 1.5e-005
2103 1.5e-005
2104 1.5e-005
2105 1.5e-005
2106 2.80118e-005
2107 2.1883e-005
2108 1.73071e-005
2109 1.67631e-005
2110 1.65937e-005
2111 1.65937e-005
2112 3.1133e-005
2113 1.5e-005
2114 4.14988e-005
2115 1.5e-005
2116 1.93928e-005
2117 1.90721e-005
2118 1.65937e-005
2119 2.01578e-005
2120 2.17317e-005
2121 1.93333e-005
2122 3.0765e-005
2123 2.40766e-005
2124 1.65937e-005
2125 1.5e-005
2126 1.5e-005
2127 1.5e-005
2128 1.5e-005
2129 2.10206e-005
2130 2.9382e-005
2131 1.5e-005
2132 3.23481e-005
2133 2.06639e-005
2134 1.65937e-005
2135 1.65937e-005
2136 1.5e-005
2137 3.85778e-005
2138 1.81875e-005
2139 2.64949e-005
2140 1.99506e-005
2141 2.81667e-005
2142 1.81875e-005
2143 1.5e-005
2144 2.01379e-005
2145 1.5e-005
2146 1.81875e-005
2147 2.20883e-005
2148 1.5e-005
2149 1.99506e-005
2150 1.85262e-005
2151 1.5e-005
2152 1.5e-005
2153 1.89008e-005
2154 2.62918e-005
2155 2.75649e-005
2156 2.20703e-005
2157 2.04946e-005
2158 3.30955e-005
2159 3.06428e-005
2160 2.40785e-005
2161 2.97321e-005
2162 5.19821e-005
2163 1.5e-005
2164 1.5e-005
2165 1.67631e-005
2166 1.83568e-005
2167 1.83568e-005
2168 2.8802e-005
2169 2.45209e-005
2170 1.99506e-005
2171 1.76098e-005
2172 1.65937e-005
2173 1.83568e-005
2174 1.81875e-005
2175 1.5e-005
2176 1.65937e-005
2177 2.44875e-005
2178 1.911e-005
2179 1.81875e-005
2180 1.5e-005
2181 1.5e-005
2182 2.02893e-005
2183 1.83568e-005
2184 1.5e-005
2185 1.81875e-005
2186 1.74404e-005
2187 1.75162e-005
2188 2.58018e-005
2189 2.82602e-005
2190 1.72711e-005
2191 4.48314e-005
2192 1.65937e-005
2193 2.02893e-005
2194 1.5e-005
2195 2.07056e-005
2196 1.65937e-005
2197 1.69324e-005
2198 1.65937e-005
2199 1.65937e-005
2200 2.3387e-005
2201 1.65937e-005
2202 2.4262e-005
2203 1.5e-005
2204 1.5e-005
2205 1.5e-005
2206 3.8871e-005
2207 1.65937e-005
2208 1.69324e-005
2209 1.5e-005
2210 3.36973e-005
2211 3.04555e-005
2212 2.1901e-005
2213 3.5649e-005
2214 1.5e-005
2215 1.5e-005
2216 1.5e-005
2217 1.65937e-005
2218 2.69078e-005
2219 1.83568e-005
2220 3.08443e-005
2221 2.17137e-005
2222 1.5e-005
2223 2.66822e-005
2224 2.1883e-005
2225 1.69324e-005
2226 1.65937e-005
2227 1.81875e-005
2228 1.5e-005
2229 3.72788e-005
2230 2.55351e-005
2231 2.29687e-005
2232 2.20523e-005
2233 1.8602e-005
2234 1.99506e-005
2235 2.45467e-005
2236 1.5e-005
2237 1.65937e-005
2238 2.02893e-005
2239 1.83568e-005
2240 1.83568e-005
2241 1.65937e-005
2242 1.5e-005
2243 1.5e-005
2244 3.71274e-005
2245 1.5e-005
2246 2.1883e-005
2247 2.66643e-005
2248 1.65937e-005
2249 1.65937e-005
2250 1.65937e-005
2251 1.81875e-005
2252 2.80748e-005
2253 1.5e-005
2254 2.1375e-005
2255 1.71018e-005
2256 1.89368e-005
2257 2.1375e-005
2258 2.15443e-005
2259 3.07344e-005
2260 1.5e-005
2261 1.81875e-005
2262 1.65937e-005
2263 2.03072e-005
2264 1.5e-005
2265 1.65937e-005
2266 2.61562e-005
2267 1.5e-005
2268 1.67631e-005
2269 2.02893e-005
2270 2.74736e-005
2271 3.05333e-005
2272 1.81875e-005
2273 1.5e-005
2274 1.5e-005
2275 1.5e-005
2276 1.5e-005
2277 1.81875e-005
2278 1.5e-005
2279 2.97071e-005
2280 1.5e-005
2281 2.86147e-005
2282 1.5e-005
2283 1.69684e-005
2284 1.83748e-005
2285 1.5e-005
2286 1.83568e-005
2287 1.5e-005
2288 1.5e-005
2289 1.65937e-005
2290 1.65937e-005
2291 2.22577e-005
2292 1.5e-005
2293 1.65937e-005
2294 3.21408e-005
2295 1.65937e-005
2296 2.40567e-005
2297 1.67631e-005
2298 2.03653e-005
2299 1.69324e-005
2300 1.5e-005
2301 1.67631e-005
2302 1.97812e-005
2303 1.5e-005
2304 1.5e-005
2305 1.97812e-005
2306 1.65937e-005
2307 1.65937e-005
2308 1.65937e-005
2309 2.73596e-005
2310 1.65937e-005
2311 1.5e-005
2312 2.98518e-005
2313 1.69504e-005
2314 1.5e-005
2315 1.65937e-005
2316 1.5e-005
2317 2.57658e-005
2318 1.65937e-005
2319 1.97812e-005
2320 1.65937e-005
2321 1.69324e-005
2322 1.65937e-005
2323 1.5e-005
2324 1.65937e-005
2325 1.83568e-005
2326 1.85262e-005
2327 1.77234e-005
2328 1.85262e-005
2329 3.40913e-005
2330 1.90702e-005
2331 1.81875e-005
2332 1.5e-005
2333 1.65937e-005
2334 1.65937e-005
2335 1.65937e-005
2336 1.81875e-005
2337 1.65937e-005
2338 1.5e-005
2339 1.5e-005
2340 1.5e-005
2341 1.5e-005
2342 2.69293e-005
2343 3.48023e-005
2344 1.69324e-005
2345 2.31381e-005
2346 1.97475e-005
2347 2.43539e-005
2348 2.20883e-005
2349 2.40387e-005
2350 2.07973e-005
2351 2.06279e-005
2352 1.65937e-005
2353 1.65937e-005
2354 1.81875e-005
2355 1.67631e-005
2356 1.5e-005
2357 1.69504e-005
2358 2.22936e-005
2359 1.5e-005
2360 2.77201e-005
2361 2.50885e-005
2362 1.65937e-005
2363 2.31381e-005
2364 2.57838e-005
2365 1.5e-005
2366 2.01559e-005
2367 1.5e-005
2368 2.15443e-005
2369 1.5e-005
2370 1.5e-005
2371 2.04946e-005
2372 1.65937e-005
2373 1.65937e-005
2374 1.71377e-005
2375 2.1883e-005
2376 2.49372e-005
2377 3.48109e-005
2378 1.83568e-005
2379 2.95551e-005
2380 2.52976e-005
2381 1.5e-005
2382 1.5e-005
2383 3.57949e-005
2384 2.56325e-005
2385 2.63256e-005
2386 1.5e-005
2387 1.5e-005
2388 1.5e-005
2389 1.81875e-005
2390 2.27496e-005
2391 2.79036e-005
2392 2.70209e-005
2393 2.19247e-005
2394 1.5e-005
2395 3.4297e-005
2396 1.90522e-005
2397 1.5e-005
2398 1.68029e-005
2399 2.03111e-005
2400 2.40851e-005
2401 2.89732e-005
2402 2.1375e-005
2403 1.65937e-005
2404 1.67811e-005
2405 2.27496e-005
2406 1.5e-005
2407 4.16378e-005
2408 1.81875e-005
2409 1.67631e-005
2410 1.81875e-005
2411 1.5e-005
2412 1.81875e-005
2413 2.48854e-005
2414 1.88648e-005
2415 2.29687e-005
2416 2.25963e-005
2417 2.7418e-005
2418 3.27006e-005
2419 3.57051e-005
2420 1.5e-005
2421 1.81875e-005
2422 1.5e-005
2423 3.07164e-005
2424 3.37166e-005
2425 2.89533e-005
2426 1.5e-005
2427 1.97812e-005
2428 2.8276e-005
2429 1.71018e-005
2430 1.5e-005
2431 1.5e-005
2432 2.22217e-005
2433 2.49012e-005
2434 1.81875e-005
2435 1.81875e-005
2436 2.57857e-005
2437 1.65937e-005
2438 1.99506e-005
2439 1.67631e-005
2440 2.01199e-005
2441 1.83748e-005
2442 1.99506e-005
2443 1.65937e-005
2444 1.5e-005
2445 2.33074e-005
2446 2.11956e-005
2447 1.5e-005
2448 1.5e-005
2449 1.5e-005
2450 1.81875e-005
2451 1.5e-005
2452 1.99506e-005
2453 2.1375e-005
2454 4.09563e-005
2455 2.02893e-005
2456 1.5e-005
2457 1.81875e-005
2458 1.5e-005
2459 1.89188e-005
2460 1.85262e-005
2461 1.71018e-005
2462 1.5e-005
2463 1.81875e-005
2464 1.67631e-005
2465 2.77163e-005
2466 3.02302e-005
2467 1.81875e-005
2468 1.5e-005
2469 1.5e-005
2470 1.65937e-005
2471 2.17137e-005
2472 5.6783e-005
2473 1.5e-005
2474 1.5e-005
2475 1.81875e-005
2476 2.33074e-005
2477 1.5e-005
2478 3.76655e-005
2479 2.1375e-005
2480 2.71205e-005
2481 2.70209e-005
2482 1.99506e-005
2483 2.73543e-005
2484 3.33959e-005
2485 1.83568e-005
2486 2.66643e-005
2487 1.5e-005
2488 1.65937e-005
2489 1.69324e-005
2490 2.2481e-005
2491 1.81875e-005
2492 2.94793e-005
2493 1.5e-005
2494 1.65937e-005
2495 2.1375e-005
2496 1.97812e-005
2497 1.71557e-005
2498 1.97812e-005
2499 2.1375e-005
2500 1.87315e-005
2501 1.5e-005
2502 1.65937e-005
2503 1.85262e-005
2504 3.21228e-005
2505 1.65937e-005
2506 2.90092e-005
2507 1.65937e-005
2508 1.65937e-005
2509 1.65937e-005
2510 1.71018e-005
2511 1.92575e-005
2512 1.5e-005
2513 1.81875e-005
2514 1.8415e-005
2515 2.75469e-005
2516 2.49372e-005
2517 1.5e-005
2518 2.14926e-005
2519 1.92215e-005
2520 1.5e-005
2521 1.67631e-005
2522 1.97812e-005
2523 1.65937e-005
2524 1.5e-005
2525 1.5e-005
2526 1.5e-005
2527 1.65937e-005
2528 1.5e-005
2529 2.47498e-005
2530 3.81772e-005
2531 2.03252e-005
2532 1.97812e-005
2533 1.65937e-005
2534 2.23155e-005
2535 1.5e-005
2536 1.5e-005
2537 1.81875e-005
2538 3.54797e-005
2539 1.81875e-005
2540 1.69504e-005
2541 1.65937e-005
2542 1.65937e-005
2543 2.42754e-005
2544 1.67991e-005
2545 1.71018e-005
2546 2.84419e-005
2547 1.83568e-005
2548 1.5e-005
2549 1.5e-005
2550 1.5e-005
2551 2.38874e-005
2552 1.5e-005
2553 1.5e-005
2554 1.5e-005
2555 2.65645e-005
2556 1.81875e-005
2557 1.81875e-005
2558 1.5e-005
2559 1.99506e-005
2560 3.30415e-005
2561 1.83568e-005
2562 1.65937e-005
2563 2.38154e-005
2564 2.45625e-005
2565 1.5e-005
2566 2.1375e-005
2567 2.03072e-005
2568 1.86955e-005
2569 1.99506e-005
2570 1.5e-005
2571 1.83748e-005
2572 1.90702e-005
2573 1.65937e-005
2574 1.5e-005
2575 1.65937e-005
2576 1.99686e-005
2577 1.89046e-005
2578 1.5e-005
2579 1.67631e-005
2580 1.65937e-005
2581 1.5e-005
2582 1.75664e-005
2583 1.5e-005
2584 1.87154e-005
2585 2.01199e-005
2586 1.5e-005
2587 3.21768e-005
2588 1.65937e-005
2589 1.81875e-005
2590 1.83568e-005
2591 1.65937e-005
2592 1.5e-005
2593 2.49012e-005
2594 2.17137e-005
2595 1.5e-005
2596 1.87315e-005
2597 1.81875e-005
2598 1.5e-005
2599 1.89033e-005
2600 3.00571e-005
2601 1.5e-005
2602 1.65937e-005
2603 1.5e-005
2604 2.23296e-005
2605 1.65937e-005
2606 1.65937e-005
2607 1.99506e-005
2608 1.5e-005
2609 1.97812e-005
2610 1.67631e-005
2611 1.5e-005
2612 1.65937e-005
2613 1.5e-005
2614 1.65937e-005
2615 1.5e-005
2616 1.5e-005
2617 2.06459e-005
2618 1.85442e-005
2619 1.74944e-005
2620 1.5e-005
2621 1.5e-005
2622 1.81875e-005
2623 1.81875e-005
2624 2.68336e-005
2625 2.17137e-005
2626 1.5e-005
2627 4.26018e-005
2628 2.49553e-005
2629 1.5e-005
2630 1.69324e-005
2631 2.15443e-005
2632 1.99866e-005
2633 1.83568e-005
2634 1.78096e-005
2635 1.65937e-005
2636 1.97812e-005
2637 2.50705e-005
2638 1.5e-005
2639 1.65937e-005
2640 1.65937e-005
2641 1.65937e-005
2642 1.97812e-005
2643 1.5e-005
2644 2.09846e-005
2645 1.5e-005
2646 1.92035e-005
2647 1.83568e-005
2648 1.5e-005
2649 2.02893e-005
2650 1.65937e-005
2651 3.63822e-005
2652 2.41541e-005
2653 1.97812e-005
2654 2.1375e-005
2655 1.5e-005
2656 1.69324e-005
2657 2.31381e-005
2658 1.81875e-005
2659 1.5e-005
2660 2.49012e-005
2661 1.5e-005
2662 2.17497e-005
2663 2.08512e-005
2664 1.65937e-005
2665 1.83748e-005
2666 1.5e-005
2667 3.30572e-005
2668 1.65937e-005
2669 1.5e-005
2670 3.21588e-005
2671 1.65937e-005
2672 1.97812e-005
2673 3.21408e-005
2674 2.56685e-005
2675 1.81875e-005
2676 1.99506e-005
2677 2.55811e-005
2678 1.99506e-005
2679 1.97812e-005
2680 1.5e-005
2681 1.5e-005
2682 2.04586e-005
2683 1.5e-005
2684 2.39092e-005
2685 1.74584e-005
2686 1.71018e-005
2687 2.86327e-005
2688 1.5e-005
2689 1.5e-005
2690 1.88648e-005
2691 2.01199e-005
2692 1.65937e-005
2693 1.5e-005
2694 1.65937e-005
2695 1.65937e-005
2696 2.20523e-005
2697 1.5e-005
2698 1.97812e-005
2699 1.5e-005
2700 2.17317e-005
2701 2.22615e-005
2702 2.15623e-005
2703 1.65937e-005
2704 1.97812e-005
2705 2.21243e-005
2706 1.65937e-005
2707 2.34768e-005
2708 1.67631e-005
2709 3.41092e-005
2710 1.5e-005
2711 2.38874e-005
2712 1.78096e-005
2713 2.59172e-005
2714 2.21101e-005
2715 1.69324e-005
2716 1.5e-005
2717 2.41721e-005
2718 1.5e-005
2719 1.5e-005
2720 1.5e-005
2721 1.5e-005
2722 2.775e-005
2723 1.81875e-005
2724 1.65937e-005
2725 1.99506e-005
2726 1.5e-005
2727 1.65937e-005
2728 1.5e-005
2729 1.99506e-005
2730 2.74136e-005
2731 2.03451e-005
2732 1.5e-005
2733 1.5e-005
2734 1.65937e-005
2735 1.5e-005
2736 1.65937e-005
2737 1.65937e-005
2738 1.5e-005
2739 1.5e-005
2740 1.99866e-005
2741 2.36461e-005
2742 1.5e-005
2743 2.17137e-005
2744 2.1375e-005
2745 1.65937e-005
2746 1.87495e-005
2747 1.5e-005
2748 2.1375e-005
2749 1.65937e-005
2750 5.32367e-005
2751 1.5e-005
2752 1.83568e-005
2753 1.65937e-005
2754 1.87694e-005
2755 2.98e-005
2756 1.5e-005
2757 1.5e-005
2758 2.1375e-005
2759 1.5e-005
2760 3.14635e-005
2761 1.81875e-005
2762 1.5e-005
2763 1.90541e-005
2764 4.23987e-005
2765 1.5e-005
2766 3.39896e-005
2767 2.17137e-005
2768 1.65937e-005
2769 1.90882e-005
2770 1.97812e-005
2771 2.15623e-005
2772 1.97812e-005
2773 2.22217e-005
2774 1.5e-005
2775 1.65937e-005
2776 2.31381e-005
2777 1.97812e-005
2778 1.5e-005
2779 1.5e-005
2780 1.97812e-005
2781 1.5e-005
2782 2.69833e-005
2783 1.5e-005
2784 1.65937e-005
2785 2.2427e-005
2786 1.5e-005
2787 2.03252e-005
2788 1.65937e-005
2789 2.79216e-005
2790 1.5e-005
2791 1.85801e-005
2792 1.5e-005
2793 1.5e-005
2794 1.81875e-005
2795 2.43994e-005
2796 2.64949e-005
2797 1.65937e-005
2798 1.65937e-005
2799 1.5e-005
2800 1.5e-005
2801 1.5e-005
2802 1.65937e-005
2803 1.74404e-005
2804 1.5e-005
2805 1.70084e-005
2806 1.65937e-005
2807 1.67991e-005
2808 2.3666e-005
2809 1.83568e-005
2810 2.66643e-005
2811 2.12458e-005
2812 3.27006e-005
2813 1.65937e-005
2814 2.07255e-005
2815 1.65937e-005
2816 2.64432e-005
2817 1.65937e-005
2818 2.70029e-005
2819 1.5e-005
2820 1.81875e-005
2821 1.81875e-005
2822 1.5e-005
2823 2.47318e-005
2824 1.5e-005
2825 2.97004e-005
2826 1.81875e-005
2827 1.65937e-005
2828 1.83748e-005
2829 1.65937e-005
2830 1.65937e-005
2831 1.5e-005
2832 3.28542e-005
2833 1.69324e-005
2834 1.5e-005
2835 2.17137e-005
2836 1.5e-005
2837 1.5e-005
2838 1.65937e-005
2839 1.5e-005
2840 1.5e-005
2841 1.5e-005
2842 1.5e-005
2843 2.27489e-005
2844 1.69324e-005
2845 1.67631e-005
2846 1.5e-005
2847 1.5e-005
2848 1.5e-005
2849 1.65937e-005
2850 1.86955e-005
2851 2.45149e-005
2852 1.5e-005
2853 1.72315e-005
2854 1.5e-005
2855 2.06459e-005
2856 1.65937e-005
2857 1.85442e-005
2858 1.65937e-005
2859 1.5e-005
2860 1.5e-005
2861 1.5e-005
2862 1.81875e-005
2863 2.33074e-005
2864 1.69703e-005
2865 1.81875e-005
2866 1.81875e-005
2867 1.83568e-005
2868 1.5e-005
2869 2.06459e-005
2870 1.5e-005
2871 2.31381e-005
2872 2.36878e-005
2873 2.63256e-005
2874 1.65937e-005
2875 1.67631e-005
2876 1.5e-005
2877 2.33273e-005
2878 1.97812e-005
2879 4.54168e-005
2880 1.85262e-005
2881 2.1375e-005
2882 4.02988e-005
2883 1.5e-005
2884 1.81875e-005
2885 1.81875e-005
2886 1.5e-005
2887 1.83568e-005
2888 1.5e-005
2889 1.81875e-005
2890 2.57838e-005
2891 2.34768e-005
2892 1.65937e-005
2893 2.01199e-005
2894 2.59712e-005
2895 1.5e-005
2896 1.65937e-005
2897 1.5e-005
2898 1.65937e-005
2899 1.65937e-005
2900 1.5e-005
2901 2.35127e-005
2902 2.33074e-005
2903 1.5e-005
2904 1.65937e-005
2905 2.33074e-005
2906 1.5e-005
2907 1.99506e-005
2908 2.35147e-005
2909 1.87315e-005
2910 1.83568e-005
2911 2.1663e-005
2912 1.90702e-005
2913 2.1901e-005
2914 1.5e-005
2915 1.65937e-005
2916 2.17137e-005
2917 2.21208e-005
2918 1.99506e-005
2919 1.99506e-005
2920 1.94808e-005
2921 2.54272e-005
2922 1.99506e-005
2923 1.5e-005
2924 2.19789e-005
2925 1.5e-005
2926 1.65937e-005
2927 2.57146e-005
2928 1.97812e-005
2929 1.5e-005
2930 1.5e-005
2931 1.5e-005
2932 1.5e-005
2933 1.5e-005
2934 1.5e-005
2935 1.85262e-005
2936 1.67631e-005
2937 1.99506e-005
2938 1.65937e-005
2939 1.5e-005
2940 1.99885e-005
2941 2.15443e-005
2942 1.65937e-005
2943 1.83806e-005
2944 1.5e-005
2945 1.83568e-005
2946 1.67631e-005
2947 1.5e-005
2948 1.5e-005
2949 1.5e-005
2950 1.81875e-005
2951 1.81875e-005
2952 1.86955e-005
2953 1.5e-005
2954 1.97812e-005
2955 1.65937e-005
2956 1.5e-005
2957 1.5e-005
2958 2.07973e-005
2959 1.67631e-005
2960 1.5e-005
2961 1.65937e-005
2962 1.90702e-005
2963 1.67631e-005
2964 1.83568e-005
2965 1.83568e-005
2966 1.99506e-005
2967 1.65937e-005
2968 1.5e-005
2969 1.5e-005
2970 1.99506e-005
2971 1.99506e-005
2972 1.81875e-005
2973 1.5e-005
2974 1.5e-005
2975 1.81875e-005
2976 1.5e-005
2977 1.65937e-005
2978 2.45467e-005
2979 1.65937e-005
2980 1.5e-005
2981 1.81875e-005
2982 1.81875e-005
2983 1.65937e-005
2984 3.63863e-005
2985 1.97812e-005
2986 2.49012e-005
2987 2.11918e-005
2988 2.02893e-005
2989 1.65937e-005
2990 1.81875e-005
2991 1.97812e-005
2992 1.5e-005
2993 2.19749e-005
2994 1.5e-005
2995 1.65937e-005
2996 1.69864e-005
2997 1.5e-005
2998 1.5e-005
2999 1.5e-005
3000 1.5e-005
3001 1.5e-005
3002 1.5e-005
3003 1.81875e-005
3004 1.5e-005
3005 2.68336e-005
3006 1.85262e-005
3007 1.5e-005
3008 1.77358e-005
3009 1.65937e-005
3010 1.5e-005
3011 1.67849e-005
3012 1.83568e-005
3013 1.5e-005
3014 1.65937e-005
3015 1.5e-005
3016 1.81875e-005
3017 1.85622e-005
3018 1.65937e-005
3019 1.5e-005
3020 1.67631e-005
3021 1.5e-005
3022 1.81875e-005
3023 1.81875e-005
3024 2.16239e-005
3025 1.86955e-005
3026 2.31381e-005
3027 3.53303e-005
3028 1.5e-005
3029 1.5e-005
3030 1.81875e-005
3031 1.5e-005
3032 1.99506e-005
3033 1.69504e-005
3034 1.5e-005
3035 1.65937e-005
3036 1.5e-005
3037 1.87135e-005
3038 1.65937e-005
3039 2.25963e-005
3040 1.5e-005
3041 1.71576e-005
3042 1.5e-005
3043 1.65937e-005
3044 2.17137e-005
3045 1.5e-005
3046 2.31381e-005
3047 1.81875e-005
3048 2.1375e-005
3049 1.65937e-005
3050 1.5e-005
3051 1.5e-005
3052 1.99506e-005
3053 2.01379e-005
3054 1.5e-005
3055 1.5e-005
3056 2.80887e-005
3057 1.5e-005
3058 2.03072e-005
3059 1.85262e-005
3060 1.5e-005
3061 2.02893e-005
3062 1.83568e-005
3063 1.5e-005
3064 1.85262e-005
3065 1.5e-005
3066 1.65937e-005
3067 1.65937e-005
3068 1.5e-005
3069 2.15443e-005
3070 1.65937e-005
3071 1.5e-005
3072 1.5e-005
3073 1.69504e-005
3074 1.67631e-005
3075 3.18921e-005
3076 1.65937e-005
3077 1.81875e-005
3078 1.5e-005
3079 1.81875e-005
3080 1.69324e-005
3081 1.65937e-005
3082 1.71018e-005
3083 1.97812e-005
3084 1.5e-005
3085 2.47498e-005
3086 1.81875e-005
3087 1.97812e-005
3088 1.65937e-005
3089 1.5e-005
3090 3.19715e-005
3091 1.65937e-005
3092 1.67631e-005
3093 1.5e-005
3094 2.33633e-005
3095 2.33273e-005
3096 1.5e-005
3097 1.5e-005
3098 1.5e-005
3099 1.65937e-005
3100 1.69324e-005
3101 1.5e-005
3102 1.65937e-005
3103 1.5e-005
3104 1.5e-005
3105 1.65937e-005
3106 1.5e-005
3107 1.65937e-005
3108 1.5e-005
3109 1.65937e-005
3110 2.01379e-005
3111 1.65937e-005
3112 1.99506e-005
3113 2.80887e-005
3114 1.65937e-005
3115 1.81875e-005
3116 1.65937e-005
3117 1.67631e-005
3118 1.74404e-005
3119 1.5e-005
3120 1.77971e-005
3121 1.89027e-005
3122 1.69324e-005
3123 1.5e-005
3124 1.5e-005
3125 1.5e-005
3126 1.81875e-005
3127 2.9836e-005
3128 1.85262e-005
3129 1.65937e-005
3130 2.8258e-005
3131 1.5e-005
3132 1.81875e-005
3133 1.81875e-005
3134 3.11068e-005
3135 2.63256e-005
3136 1.5e-005
3137 1.5e-005
3138 1.83568e-005
3139 1.5e-005
3140 1.65937e-005
3141 1.5e-005
3142 1.65937e-005
3143 1.5e-005
3144 2.10026e-005
3145 1.5e-005
3146 1.5e-005
3147 1.5e-005
3148 1.5e-005
3149 1.5e-005
3150 1.5e-005
3151 2.17137e-005
3152 1.5e-005
3153 1.86955e-005
3154 1.88847e-005
3155 1.65937e-005
3156 2.15623e-005
3157 2.15443e-005
3158 2.02893e-005
3159 2.34768e-005
3160 1.74603e-005
3161 1.5e-005
3162 1.68171e-005
3163 1.65937e-005
3164 1.83568e-005
3165 1.97812e-005
3166 1.65937e-005
3167 2.80887e-005
3168 1.5e-005
3169 1.67811e-005
3170 1.5e-005
3171 2.52578e-005
3172 1.5e-005
3173 1.5e-005
3174 1.5e-005
3175 1.65937e-005
3176 2.01559e-005
3177 1.83568e-005
3178 1.65937e-005
3179 2.04586e-005
3180 1.87495e-005
3181 1.65937e-005
3182 1.89008e-005
3183 2.15623e-005
3184 2.02893e-005
3185 2.59712e-005
3186 1.97812e-005
3187 2.34768e-005
3188 1.81875e-005
3189 1.99506e-005
3190 1.5e-005
3191 1.67631e-005
3192 1.5e-005
3193 2.58558e-005
3194 1.67631e-005
3195 2.66643e-005
3196 1.5e-005
3197 2.34768e-005
3198 1.65937e-005
3199 1.65937e-005
3200 1.5e-005
3201 1.81875e-005
3202 1.65937e-005
3203 1.5e-005
3204 2.1883e-005
3205 1.5e-005
3206 1.5e-005
3207 1.5e-005
3208 3.76692e-005
3209 2.8766e-005
3210 2.03252e-005
3211 1.90522e-005
3212 1.65937e-005
3213 1.5e-005
3214 3.12424e-005
3215 1.5e-005
3216 2.04586e-005
3217 1.83568e-005
3218 1.5e-005
3219 2.33074e-005
3220 2.34947e-005
3221 2.02893e-005
3222 2.03432e-005
3223 1.65937e-005
3224 1.5e-005
3225 2.17137e-005
3226 1.67631e-005
3227 1.99686e-005
3228 2.36821e-005
3229 1.99506e-005
3230 1.5e-005
3231 1.71955e-005
3232 1.5e-005
3233 1.5e-005
3234 1.5e-005
3235 1.65937e-005
3236 1.65937e-005
3237 1.65937e-005
3238 2.15443e-005
3239 1.99506e-005
3240 1.5e-005
3241 2.33074e-005
3242 3.72987e-005
3243 1.65937e-005
3244 1.85442e-005
3245 1.5e-005
3246 2.03432e-005
3247 1.94448e-005
3248 1.83748e-005
3249 1.67631e-005
3250 1.85622e-005
3251 1.5e-005
3252 1.5e-005
3253 1.5e-005
3254 1.81875e-005
3255 1.65937e-005
3256 1.85262e-005
3257 1.65937e-005
3258 1.97812e-005
3259 1.87675e-005
3260 1.83568e-005
3261 2.04766e-005
3262 1.5e-005
3263 1.65937e-005
3264 1.5e-005
3265 2.1375e-005
3266 1.65937e-005
3267 1.81875e-005
3268 1.88648e-005
3269 1.5e-005
3270 2.01199e-005
3271 1.5e-005
3272 2.15623e-005
3273 2.15443e-005
3274 2.31381e-005
3275 2.66822e-005
3276 1.81875e-005
3277 1.5e-005
3278 1.5e-005
3279 1.85262e-005
3280 2.21777e-005
3281 1.65937e-005
3282 1.69504e-005
3283 1.5e-005
3284 1.65937e-005
3285 1.5e-005
3286 1.65937e-005
3287 1.5e-005
3288 1.5e-005
3289 1.5e-005
3290 1.5e-005
3291 1.5e-005
3292 2.04252e-005
3293 2.8276e-005
3294 2.22217e-005
3295 1.5e-005
3296 1.85262e-005
3297 1.5e-005
3298 2.03072e-005
3299 1.5e-005
3300 1.5e-005
3301 2.31381e-005
3302 2.02893e-005
3303 1.5e-005
3304 1.5e-005
3305 1.83568e-005
3306 1.5e-005
3307 1.5e-005
3308 1.5e-005
3309 1.65937e-005
3310 1.5e-005
3311 1.5e-005
3312 1.5e-005
3313 2.1375e-005
3314 1.83568e-005
3315 1.65937e-005
3316 2.01559e-005
3317 1.5e-005
3318 1.65937e-005
3319 1.65937e-005
3320 2.15443e-005
3321 1.5e-005
3322 2.1375e-005
3323 1.5e-005
3324 1.65937e-005
3325 1.83568e-005
3326 1.85262e-005
3327 1.65937e-005
3328 1.5e-005
3329 1.5e-005
3330 1.5e-005
3331 1.85622e-005
3332 1.81875e-005
3333 2.06459e-005
3334 1.65937e-005
3335 2.36821e-005
3336 1.83568e-005
3337 2.15443e-005
3338 1.69324e-005
3339 1.65937e-005
3340 3.28699e-005
3341 1.5e-005
3342 1.65937e-005
3343 3.18561e-005
3344 2.66228e-005
3345 1.5e-005
3346 1.5e-005
3347 1.5e-005
3348 2.74136e-005
3349 1.85262e-005
3350 1.65937e-005
3351 1.5e-005
3352 1.65937e-005
3353 1.5e-005
3354 1.83568e-005
3355 2.17137e-005
3356 1.5e-005
3357 1.5e-005
3358 1.5e-005
3359 2.03252e-005
3360 1.81875e-005
3361 1.5e-005
3362 1.71576e-005
3363 1.85681e-005
3364 1.81875e-005
3365 1.65937e-005
3366 1.65937e-005
3367 1.65937e-005
3368 1.97812e-005
3369 2.63256e-005
3370 1.5e-005
3371 1.81875e-005
3372 1.5e-005
3373 1.5e-005
3374 1.5e-005
3375 1.5e-005
3376 1.5e-005
3377 1.65937e-005
3378 1.69324e-005
3379 2.17137e-005
3380 1.65937e-005
3381 1.71197e-005
3382 2.15443e-005
3383 1.5e-005
3384 1.5e-005
3385 1.5e-005
3386 2.04586e-005
3387 1.83947e-005
3388 1.81875e-005
3389 1.5e-005
3390 1.5e-005
3391 1.81875e-005
3392 1.5e-005
3393 2.36641e-005
3394 1.5e-005
3395 2.31561e-005
3396 1.5e-005
3397 1.5e-005
3398 1.65937e-005
3399 2.03792e-005
3400 1.71197e-005
3401 1.5e-005
3402 1.5e-005
3403 1.5e-005
3404 1.83568e-005
3405 1.5e-005
3406 1.81875e-005
3407 1.67631e-005
3408 2.49192e-005
3409 1.5e-005
3410 1.5e-005
3411 1.5e-005
3412 1.83568e-005
3413 1.5e-005
3414 1.97812e-005
3415 1.5e-005
3416 1.5e-005
3417 1.81875e-005
3418 1.5e-005
3419 1.83748e-005
3420 1.65937e-005
3421 1.67811e-005
3422 1.5e-005
3423 1.5e-005
3424 1.65937e-005
3425 2.09611e-005
3426 1.65937e-005
3427 2.50705e-005
3428 1.83568e-005
3429 1.5e-005
3430 1.5e-005
3431 2.01199e-005
3432 1.99686e-005
3433 1.5e-005
3434 1.5e-005
3435 2.70029e-005
3436 1.67631e-005
3437 1.74764e-005
3438 1.65937e-005
3439 1.81875e-005
3440 1.65937e-005
3441 1.5e-005
3442 1.5e-005
3443 1.65937e-005
3444 2.29687e-005
3445 1.5e-005
3446 1.5e-005
3447 2.01379e-005
3448 1.81875e-005
3449 1.81875e-005
3450 2.10026e-005
3451 1.5e-005
3452 1.67631e-005
3453 1.81875e-005
3454 1.65937e-005
3455 1.65937e-005
3456 1.83568e-005
3457 1.85442e-005
3458 1.65937e-005
3459 1.5e-005
3460 1.83568e-005
3461 1.65937e-005
3462 1.81875e-005
3463 1.5e-005
3464 1.5e-005
3465 2.04586e-005
3466 1.65937e-005
3467 1.67631e-005
3468 1.5e-005
3469 1.5e-005
3470 1.71377e-005
3471 1.5e-005
3472 3.28362e-005
3473 1.67631e-005
3474 1.65937e-005
3475 1.5e-005
3476 1.5e-005
3477 2.15443e-005
3478 1.93908e-005
3479 1.5e-005
3480 1.65937e-005
3481 1.5e-005
3482 1.5e-005
3483 1.97812e-005
3484 2.01199e-005
3485 1.5e-005
3486 1.65937e-005
3487 1.5e-005
3488 1.97812e-005
3489 1.97812e-005
3490 1.5e-005
3491 1.86955e-005
3492 1.5e-005
3493 1.5e-005
3494 1.65937e-005
3495 1.65937e-005
3496 2.1375e-005
3497 1.65937e-005
3498 1.5e-005
3499 1.65937e-005
3500 1.5e-005
3501 2.1375e-005
3502 1.67631e-005
3503 1.65937e-005
3504 1.5e-005
3505 1.81875e-005
3506 1.65937e-005
3507 2.04766e-005
3508 1.90522e-005
3509 1.5e-005
3510 1.5e-005
3511 1.5e-005
3512 2.17317e-005
3513 2.33074e-005
3514 1.5e-005
3515 1.5e-005
3516 2.1883e-005
3517 2.03252e-005
3518 1.5e-005
3519 1.5e-005
3520 2.06279e-005
3521 1.5e-005
3522 2.20941e-005
3523 2.06999e-005
3524 1.97812e-005
3525 1.5e-005
3526 1.5e-005
3527 1.5e-005
3528 1.99686e-005
3529 1.5e-005
3530 1.99506e-005
3531 2.8258e-005
3532 1.65937e-005
3533 2.33074e-005
3534 1.5e-005
3535 2.29687e-005
3536 1.69504e-005
3537 1.5e-005
3538 2.49012e-005
3539 2.45288e-005
3540 1.5e-005
3541 1.5e-005
3542 2.64432e-005
3543 2.29687e-005
3544 1.5e-005
3545 1.81875e-005
3546 2.15125e-005
3547 2.31063e-005
3548 2.01199e-005
3549 1.65937e-005
3550 1.5e-005
3551 1.5e-005
3552 1.5e-005
3553 1.5e-005
3554 1.65937e-005
3555 1.5e-005
3556 1.65937e-005
3557 1.5e-005
3558 1.99506e-005
3559 1.5e-005
3560 2.20523e-005
3561 1.65937e-005
3562 1.5e-005
3563 1.83568e-005
3564 2.50705e-005
3565 1.5e-005
3566 1.5e-005
3567 1.65937e-005
3568 1.85622e-005
3569 1.97812e-005
3570 2.01379e-005
3571 1.5e-005
3572 1.67631e-005
3573 1.85442e-005
3574 1.5e-005
3575 1.5e-005
3576 1.83568e-005
3577 1.65937e-005
3578 1.81875e-005
3579 1.65937e-005
3580 1.5e-005
3581 2.96824e-005
3582 1.65937e-005
3583 2.39848e-005
3584 1.65937e-005
3585 1.99506e-005
3586 1.5e-005
3587 1.67991e-005
3588 1.97812e-005
3589 1.65937e-005
3590 1.65937e-005
3591 1.65937e-005
3592 2.01379e-005
3593 1.5e-005
3594 1.5e-005
3595 2.15443e-005
3596 1.83568e-005
3597 1.99724e-005
3598 1.65937e-005
3599 1.67991e-005
3600 1.5e-005
3601 1.5e-005
3602 1.65937e-005
3603 1.5e-005
3604 1.65937e-005
3605 1.67631e-005
3606 1.65937e-005
3607 1.5e-005
3608 1.81875e-005
3609 1.5e-005
3610 2.24867e-005
3611 1.5e-005
3612 1.5e-005
3613 1.83568e-005
3614 2.02893e-005
3615 1.5e-005
3616 2.1375e-005
3617 1.5e-005
3618 1.69504e-005
3619 2.63256e-005
3620 1.5e-005
3621 1.5e-005
3622 1.85262e-005
3623 1.5e-005
3624 1.81875e-005
3625 1.81875e-005
3626 1.5e-005
3627 2.17317e-005
3628 1.5e-005
3629 1.65937e-005
3630 1.5e-005
3631 1.5e-005
3632 1.5e-005
3633 2.17137e-005
3634 1.5e-005
3635 1.5e-005
3636 1.5e-005
3637 1.81875e-005
3638 1.65937e-005
3639 1.5e-005
3640 1.5e-005
3641 2.47318e-005
3642 2.15443e-005
3643 2.1375e-005
3644 1.5e-005
3645 1.81875e-005
3646 2.17856e-005
3647 1.83568e-005
3648 1.5e-005
3649 1.5e-005
3650 1.97812e-005
3651 1.5e-005
3652 1.67631e-005
3653 1.83568e-005
3654 2.8258e-005
3655 1.5e-005
3656 2.31381e-005
3657 2.57483e-005
3658 1.65937e-005
3659 1.5e-005
3660 3.11167e-005
3661 2.17137e-005
3662 1.5e-005
3663 1.5e-005
3664 1.83928e-005
3665 1.5e-005
3666 1.5e-005
3667 1.97812e-005
3668 1.5e-005
3669 2.04586e-005
3670 1.5e-005
3671 1.65937e-005
3672 1.99506e-005
3673 1.5e-005
3674 1.67631e-005
3675 1.5e-005
3676 1.68014e-005
3677 2.33254e-005
3678 1.5e-005
3679 1.65937e-005
3680 1.5e-005
3681 1.5e-005
3682 1.69324e-005
3683 1.81875e-005
3684 1.5e-005
3685 1.65937e-005
3686 1.81875e-005
3687 1.5e-005
3688 1.5e-005
3689 1.83568e-005
3690 1.67631e-005
3691 1.65937e-005
3692 1.5e-005
3693 1.5e-005
3694 1.5e-005
3695 1.81875e-005
3696 1.81875e-005
3697 1.5e-005
3698 1.99506e-005
3699 1.65937e-005
3700 1.5e-005
3701 1.5e-005
3702 1.65937e-005
3703 1.67631e-005
3704 1.5e-005
3705 1.65937e-005
3706 1.5e-005
3707 1.5e-005
3708 1.81875e-005
3709 1.5e-005
3710 2.34947e-005
3711 1.83568e-005
3712 1.5e-005
3713 1.81875e-005
3714 1.65937e-005
3715 1.65937e-005
3716 1.65937e-005
3717 1.65937e-005
3718 1.5e-005
3719 1.65937e-005
3720 1.5e-005
3721 1.81875e-005
3722 1.92035e-005
3723 1.5e-005
3724 1.83568e-005
3725 1.5e-005
3726 2.34768e-005
3727 2.04766e-005
3728 2.50705e-005
3729 1.5e-005
3730 1.69324e-005
3731 1.5e-005
3732 1.69324e-005
3733 1.5e-005
3734 1.65937e-005
3735 1.65937e-005
3736 1.65937e-005
3737 1.65937e-005
3738 2.15443e-005
3739 1.65937e-005
3740 1.5e-005
3741 1.5e-005
3742 1.65937e-005
3743 2.29687e-005
3744 1.65937e-005
3745 1.5e-005
3746 1.5e-005
3747 1.5e-005
3748 1.5e-005
3749 1.81875e-005
3750 1.5e-005
3751 1.5e-005
3752 1.65937e-005
3753 1.81875e-005
3754 1.5e-005
3755 1.5e-005
3756 1.5e-005
3757 1.5e-005
3758 1.5e-005
3759 1.5e-005
3760 1.5e-005
3761 1.81875e-005
3762 1.5e-005
3763 1.67631e-005
3764 1.5e-005
3765 1.5e-005
3766 1.5e-005
3767 3.58405e-005
3768 1.5e-005
3769 1.65937e-005
3770 1.81875e-005
3771 1.90342e-005
3772 1.65937e-005
3773 2.31561e-005
3774 1.5e-005
3775 1.69324e-005
3776 1.65937e-005
3777 1.5e-005
3778 1.5e-005
3779 1.69504e-005
3780 2.29687e-005
3781 1.5e-005
3782 1.99506e-005
3783 1.5e-005
3784 1.5e-005
3785 1.69684e-005
3786 1.5e-005
3787 1.81875e-005
3788 1.5e-005
3789 1.83568e-005
3790 1.65937e-005
3791 1.5e-005
3792 1.5e-005
3793 1.5e-005
3794 1.5e-005
3795 1.67631e-005
3796 1.65937e-005
3797 1.5e-005
3798 1.97812e-005
3799 2.1375e-005
3800 1.65937e-005
3801 1.5e-005
3802 1.65937e-005
3803 1.5e-005
3804 1.5e-005
3805 1.65937e-005
3806 1.5e-005
3807 1.5e-005
3808 1.5e-005
3809 1.5e-005
3810 2.20902e-005
3811 1.65937e-005
3812 1.5e-005
3813 1.5e-005
3814 2.1375e-005
3815 1.5e-005
3816 1.5e-005
3817 1.5e-005
3818 1.5e-005
3819 1.65937e-005
3820 1.67631e-005
3821 1.97812e-005
3822 1.65937e-005
3823 1.65937e-005
3824 1.65937e-005
3825 1.65937e-005
3826 2.49012e-005
3827 2.97004e-005
3828 1.5e-005
3829 1.65937e-005
3830 1.5e-005
3831 1.65937e-005
3832 2.61562e-005
3833 1.65937e-005
3834 2.49012e-005
3835 1.5e-005
3836 1.81875e-005
3837 2.29687e-005
3838 1.5e-005
3839 1.65937e-005
3840 1.97812e-005
3841 1.81875e-005
3842 1.5e-005
3843 1.5e-005
3844 1.65937e-005
3845 1.81875e-005
3846 1.5e-005
3847 2.29687e-005
3848 1.65937e-005
3849 1.5e-005
3850 1.6783e-005
3851 1.5e-005
3852 1.81875e-005
3853 1.99686e-005
3854 1.81875e-005
3855 1.97812e-005
3856 1.65937e-005
3857 2.01976e-005
3858 1.5e-005
3859 1.71018e-005
3860 1.5e-005
3861 1.65937e-005
3862 1.81875e-005
3863 1.5e-005
3864 1.65937e-005
3865 1.65937e-005
3866 1.5e-005
3867 1.65937e-005
3868 1.83568e-005
3869 2.68336e-005
3870 1.65937e-005
3871 1.5e-005
3872 1.65937e-005
3873 1.5e-005
3874 1.5e-005
3875 1.5e-005
3876 2.36821e-005
3877 1.5e-005
3878 1.5e-005
3879 1.65937e-005
3880 1.83568e-005
3881 1.5e-005
3882 1.5e-005
3883 1.65937e-005
3884 1.5e-005
3885 1.5e-005
3886 1.5e-005
3887 2.04586e-005
3888 2.52578e-005
3889 1.81875e-005
3890 1.5e-005
3891 2.1901e-005
3892 1.5e-005
3893 1.65937e-005
3894 1.81875e-005
3895 1.5e-005
3896 1.65937e-005
3897 1.5e-005
3898 1.5e-005
3899 1.5e-005
3900 1.65937e-005
3901 1.81875e-005
3902 1.83748e-005
3903 1.5e-005
3904 1.65937e-005
3905 1.81875e-005
3906 1.83568e-005
3907 1.5e-005
3908 1.65937e-005
3909 1.81875e-005
3910 1.97812e-005
3911 1.5e-005
3912 1.65937e-005
3913 1.5e-005
3914 1.97812e-005
3915 1.65937e-005
3916 1.65937e-005
3917 2.1375e-005
3918 1.5e-005
3919 1.5e-005
3920 1.5e-005
3921 2.84633e-005
3922 2.20523e-005
3923 1.81875e-005
3924 1.99506e-005
3925 1.67631e-005
3926 1.97812e-005
3927 1.5e-005
3928 1.5e-005
3929 1.65937e-005
3930 1.67991e-005
3931 1.67631e-005
3932 1.5e-005
3933 1.5e-005
3934 1.65937e-005
3935 1.5e-005
3936 1.5e-005
3937 1.5e-005
3938 2.1375e-005
3939 1.5e-005
3940 1.97812e-005
3941 2.01199e-005
3942 1.89008e-005
3943 1.5e-005
3944 1.5e-005
3945 1.5e-005
3946 1.5e-005
3947 1.65937e-005
3948 1.5e-005
3949 1.65937e-005
3950 1.5e-005
3951 1.81875e-005
3952 2.63436e-005
3953 1.5e-005
3954 1.65937e-005
3955 1.5e-005
3956 1.5e-005
3957 1.5e-005
3958 1.83568e-005
3959 1.67631e-005
3960 1.65937e-005
3961 1.65937e-005
3962 1.81875e-005
3963 2.01199e-005
3964 1.85262e-005
3965 1.5e-005
3966 1.81875e-005
3967 2.45625e-005
3968 1.5e-005
3969 1.5e-005
3970 2.17137e-005
3971 1.65937e-005
3972 2.01379e-005
3973 1.67631e-005
3974 1.5e-005
3975 1.67811e-005
3976 1.86955e-005
3977 1.81875e-005
3978 1.5e-005
3979 1.65937e-005
3980 2.50885e-005
3981 1.65937e-005
3982 1.65937e-005
3983 1.65937e-005
3984 2.36461e-005
3985 1.99686e-005
3986 2.63256e-005
3987 1.67631e-005
3988 1.65937e-005
3989 1.5e-005
3990 1.5e-005
3991 1.5e-005
3992 1.83568e-005
3993 1.5e-005
3994 1.5e-005
3995 1.5e-005
3996 1.81875e-005
3997 1.99506e-005
3998 1.65937e-005
3999 1.5e-005
4000 1.5e-005
4001 1.5e-005
4002 1.65937e-005
4003 1.5e-005
4004 1.65937e-005
4005 2.28235e-005
4006 1.67631e-005
4007 2.47318e-005
4008 1.65937e-005
4009 1.69324e-005
4010 1.5e-005
4011 1.81875e-005
4012 1.65937e-005
4013 1.99506e-005
4014 1.5e-005
4015 1.5e-005
4016 1.5e-005
4017 1.5e-005
4018 1.5e-005
4019 1.90342e-005
4020 1.5e-005
4021 1.5e-005
4022 1.5e-005
4023 2.08153e-005
4024 1.5e-005
4025 1.5e-005
4026 1.5e-005
4027 1.65937e-005
4028 1.65937e-005
4029 1.67631e-005
4030 1.5e-005
4031 1.65937e-005
4032 2.01199e-005
4033 1.5e-005
4034 1.81875e-005
4035 1.5e-005
4036 1.97812e-005
4037 1.81875e-005
4038 2.36461e-005
4039 2.15443e-005
4040 1.81875e-005
4041 1.65937e-005
4042 1.5e-005
4043 1.5e-005
4044 1.5e-005
4045 1.5e-005
4046 1.5e-005
4047 1.69504e-005
4048 1.5e-005
4049 2.04586e-005
4050 1.5e-005
4051 1.5e-005
4052 1.5e-005
4053 1.5e-005
4054 1.81875e-005
4055 2.01199e-005
4056 2.05126e-005
4057 1.5e-005
4058 1.5e-005
4059 2.1375e-005
4060 1.65937e-005
4061 1.5e-005
4062 2.22397e-005
4063 1.90522e-005
4064 1.65937e-005
4065 1.69324e-005
4066 2.40028e-005
4067 1.81875e-005
4068 1.83568e-005
4069 1.5e-005
4070 1.69542e-005
4071 1.65937e-005
4072 1.5e-005
4073 1.5e-005
4074 1.5e-005
4075 1.99506e-005
4076 1.5e-005
4077 1.81875e-005
4078 1.5e-005
4079 1.5e-005
4080 1.85821e-005
4081 1.5e-005
4082 1.81875e-005
4083 1.97812e-005
4084 2.17497e-005
4085 1.89008e-005
4086 1.5e-005
4087 3.11068e-005
4088 1.5e-005
4089 1.97812e-005
4090 1.5e-005
4091 1.5e-005
4092 1.5e-005
4093 1.67631e-005
4094 1.65937e-005
4095 1.5e-005
4096 1.83568e-005
4097 1.5e-005
4098 1.81875e-005
4099 1.85262e-005
4100 1.65937e-005
4101 1.5e-005
4102 1.5e-005
4103 2.04586e-005
4104 1.81875e-005
4105 1.5e-005
4106 1.65937e-005
4107 1.5e-005
4108 1.65937e-005
4109 2.33614e-005
4110 1.65937e-005
4111 1.5e-005
4112 1.67631e-005
4113 2.15443e-005
4114 1.65937e-005
4115 1.5e-005
4116 1.69324e-005
4117 1.5e-005
4118 1.5e-005
4119 1.5e-005
4120 1.5e-005
4121 1.81875e-005
4122 1.5e-005
4123 1.5e-005
4124 1.5e-005
4125 1.97812e-005
4126 1.5e-005
4127 2.02893e-005
4128 1.65937e-005
4129 1.81875e-005
4130 1.81875e-005
4131 1.83568e-005
4132 1.65937e-005
4133 1.5e-005
4134 1.5e-005
4135 1.65937e-005
4136 1.99506e-005
4137 1.69324e-005
4138 1.5e-005
4139 1.97812e-005
4140 2.15443e-005
4141 1.5e-005
4142 1.71018e-005
4143 1.81875e-005
4144 2.63256e-005
4145 1.81875e-005
4146 1.65937e-005
4147 1.94666e-005
4148 1.72711e-005
4149 1.65937e-005
4150 1.5e-005
4151 1.5e-005
4152 1.65937e-005
4153 1.5e-005
4154 1.5e-005
4155 2.33074e-005
4156 1.5e-005
4157 1.81875e-005
4158 1.5e-005
4159 1.65937e-005
4160 1.5e-005
4161 1.5e-005
4162 1.65937e-005
4163 1.65937e-005
4164 1.5e-005
4165 1.5e-005
4166 1.5e-005
4167 2.79373e-005
4168 1.5e-005
4169 1.5e-005
4170 1.5e-005
4171 2.29687e-005
4172 1.65937e-005
4173 2.33074e-005
4174 1.65937e-005
4175 1.5e-005
4176 1.65937e-005
4177 1.97812e-005
4178 1.99506e-005
4179 2.46981e-005
4180 1.69324e-005
4181 1.5e-005
4182 1.71018e-005
4183 1.65937e-005
4184 1.65937e-005
4185 1.5e-005
4186 1.97812e-005
4187 1.5e-005
4188 1.65937e-005
4189 1.5e-005
4190 1.65937e-005
4191 1.5e-005
4192 1.5e-005
4193 1.5e-005
4194 1.5e-005
4195 1.65937e-005
4196 1.5e-005
4197 1.5e-005
4198 1.5e-005
4199 1.5e-005
4200 1.65937e-005
4201 1.5e-005
4202 2.31381e-005
4203 1.5e-005
4204 1.65937e-005
4205 1.5e-005
4206 1.5e-005
4207 1.67631e-005
4208 2.27477e-005
4209 1.5e-005
4210 1.99506e-005
4211 1.5e-005
4212 1.5e-005
4213 1.5e-005
4214 1.81875e-005
4215 1.5e-005
4216 1.5e-005
4217 1.5e-005
4218 1.65937e-005
4219 1.5e-005
4220 1.5e-005
4221 1.5e-005
4222 1.71197e-005
4223 2.17137e-005
4224 1.5e-005
4225 1.83568e-005
4226 1.5e-005
4227 1.5e-005
4228 1.67631e-005
4229 1.67631e-005
4230 1.5e-005
4231 1.5e-005
4232 2.45666e-005
4233 1.81875e-005
4234 1.5e-005
4235 1.65937e-005
4236 1.65937e-005
4237 2.51065e-005
4238 1.5e-005
4239 2.54632e-005
4240 2.33254e-005
4241 2.34947e-005
4242 2.33074e-005
4243 1.67631e-005
4244 1.5e-005
4245 1.97812e-005
4246 1.65937e-005
4247 1.65937e-005
4248 1.5e-005
4249 1.99506e-005
4250 1.65937e-005
4251 1.67631e-005
4252 1.5e-005
4253 2.61045e-005
4254 1.65937e-005
4255 1.97812e-005
4256 1.5e-005
4257 2.09846e-005
4258 1.5e-005
4259 1.5e-005
4260 1.5e-005
4261 1.5e-005
4262 1.67631e-005
4263 1.81875e-005
4264 1.87135e-005
4265 1.5e-005
4266 2.06639e-005
4267 1.67631e-005
4268 1.86955e-005
4269 1.69324e-005
4270 1.97812e-005
4271 2.33074e-005
4272 1.5e-005
4273 1.5e-005
4274 2.54513e-005
4275 1.65937e-005
4276 1.83568e-005
4277 1.67631e-005
4278 1.65937e-005
4279 2.01199e-005
4280 1.5e-005
4281 2.15443e-005
4282 1.85262e-005
4283 3.27006e-005
4284 1.5e-005
4285 1.5e-005
4286 1.5e-005
4287 1.5e-005
4288 1.65937e-005
4289 1.5e-005
4290 1.5e-005
4291 1.85262e-005
4292 1.65937e-005
4293 1.5e-005
4294 1.99506e-005
4295 1.67631e-005
4296 1.5e-005
4297 1.65937e-005
4298 1.65937e-005
4299 1.5e-005
4300 1.65937e-005
4301 1.65937e-005
4302 2.31381e-005
4303 1.97812e-005
4304 1.5e-005
4305 1.99506e-005
4306 1.65937e-005
4307 1.5e-005
4308 1.5e-005
4309 1.5e-005
4310 1.5e-005
4311 1.65937e-005
4312 1.83568e-005
4313 2.01199e-005
4314 2.04766e-005
4315 1.83568e-005
4316 1.81875e-005
4317 1.5e-005
4318 1.81875e-005
4319 1.5e-005
4320 1.81875e-005
4321 1.65937e-005
4322 1.65937e-005
4323 1.5e-005
4324 2.05145e-005
4325 1.5e-005
4326 1.71377e-005
4327 1.67631e-005
4328 1.67631e-005
4329 1.5e-005
4330 1.5e-005
4331 1.5e-005
4332 1.5e-005
4333 1.67631e-005
4334 1.5e-005
4335 1.65937e-005
4336 1.86955e-005
4337 1.5e-005
4338 1.81875e-005
4339 1.5e-005
4340 1.65937e-005
4341 1.5e-005
4342 1.5e-005
4343 1.85262e-005
4344 1.5e-005
4345 1.85262e-005
4346 2.06279e-005
4347 1.65937e-005
4348 1.5e-005
4349 1.67631e-005
4350 2.01199e-005
4351 2.17137e-005
4352 1.87315e-005
4353 1.81875e-005
4354 1.99506e-005
4355 1.65937e-005
4356 1.5e-005
4357 1.69324e-005
4358 1.85262e-005
4359 1.97812e-005
4360 2.1375e-005
4361 1.81875e-005
4362 1.83568e-005
4363 1.65937e-005
4364 1.5e-005
4365 1.5e-005
4366 1.5e-005
4367 1.83568e-005
4368 2.64949e-005
4369 2.15443e-005
4370 1.5e-005
4371 1.5e-005
4372 2.04766e-005
4373 1.81875e-005
4374 1.5e-005
4375 1.5e-005
4376 1.85262e-005
4377 1.5e-005
4378 1.65937e-005
4379 1.5e-005
4380 1.5e-005
4381 1.71018e-005
4382 1.5e-005
4383 1.5e-005
4384 1.5e-005
4385 1.65937e-005
4386 1.99506e-005
4387 1.65937e-005
4388 1.5e-005
4389 1.85262e-005
4390 1.5e-005
4391 1.5e-005
4392 1.5e-005
4393 1.86955e-005
4394 1.5e-005
4395 1.65937e-005
4396 1.5e-005
4397 1.81875e-005
4398 1.67631e-005
4399 2.15443e-005
4400 1.65937e-005
4401 1.5e-005
4402 1.81875e-005
4403 1.5e-005
4404 1.5e-005
4405 1.99506e-005
4406 1.65937e-005
4407 1.5e-005
4408 1.5e-005
4409 1.5e-005
4410 1.5e-005
4411 1.99506e-005
4412 1.5e-005
4413 1.65937e-005
4414 1.5e-005
4415 1.5e-005
4416 2.1901e-005
4417 1.69864e-005
4418 1.73431e-005
4419 1.65937e-005
4420 1.5e-005
4421 1.5e-005
4422 1.67631e-005
4423 1.81875e-005
4424 1.65937e-005
4425 1.81875e-005
4426 1.65937e-005
4427 1.65937e-005
4428 1.87514e-005
4429 1.5e-005
4430 1.5e-005
4431 1.65937e-005
4432 1.5e-005
4433 1.97812e-005
4434 1.99506e-005
4435 1.5e-005
4436 1.67631e-005
4437 1.65937e-005
4438 1.5e-005
4439 1.5e-005
4440 1.5e-005
4441 1.5e-005
4442 1.97812e-005
4443 1.5e-005
4444 1.65937e-005
4445 1.5e-005
4446 1.87135e-005
4447 1.5e-005
4448 1.5e-005
4449 1.5e-005
4450 2.45625e-005
4451 1.5e-005
4452 1.67631e-005
4453 1.5e-005
4454 1.5e-005
4455 1.5e-005
4456 1.5e-005
4457 1.5e-005
4458 1.5e-005
4459 1.5e-005
4460 1.5e-005
4461 1.65937e-005
4462 1.5e-005
4463 1.5e-005
4464 1.5e-005
4465 1.97812e-005
4466 2.17137e-005
4467 1.81875e-005
4468 1.5e-005
4469 1.5e-005
4470 1.65937e-005
4471 1.5e-005
4472 1.5e-005
4473 2.1375e-005
4474 1.65937e-005
4475 2.17137e-005
4476 1.5e-005
4477 1.5e-005
4478 1.65937e-005
4479 1.5e-005
4480 1.5e-005
4481 1.67631e-005
4482 1.5e-005
4483 2.15443e-005
4484 1.5e-005
4485 1.65937e-005
4486 1.65937e-005
4487 1.5e-005
4488 1.67631e-005
4489 1.65937e-005
4490 2.01199e-005
4491 1.5e-005
4492 1.97812e-005
4493 1.5e-005
4494 2.1375e-005
4495 1.65937e-005
4496 1.5e-005
4497 1.5e-005
4498 1.67631e-005
4499 2.02893e-005
4500 1.5e-005
4501 1.5e-005
4502 1.65937e-005
4503 1.65937e-005
4504 1.5e-005
4505 1.67631e-005
4506 1.65937e-005
4507 1.83568e-005
4508 1.5e-005
4509 1.67811e-005
4510 1.5e-005
4511 1.5e-005
4512 1.65937e-005
4513 1.67631e-005
4514 1.69504e-005
4515 2.01777e-005
4516 1.5e-005
4517 1.65937e-005
4518 1.5e-005
4519 2.45625e-005
4520 1.83568e-005
4521 1.5e-005
4522 1.67631e-005
4523 1.5e-005
4524 1.5e-005
4525 1.81875e-005
4526 1.65937e-005
4527 1.5e-005
4528 1.65937e-005
4529 1.69324e-005
4530 1.5e-005
4531 1.5e-005
4532 1.97812e-005
4533 1.5e-005
4534 2.1901e-005
4535 1.65937e-005
4536 2.29687e-005
4537 1.65937e-005
4538 1.5e-005
4539 1.65937e-005
4540 1.65937e-005
4541 1.88648e-005
4542 1.83568e-005
4543 1.81875e-005
4544 1.5e-005
4545 1.67631e-005
4546 1.5e-005
4547 1.65937e-005
4548 1.5e-005
4549 1.5e-005
4550 2.01199e-005
4551 1.65937e-005
4552 1.83568e-005
4553 2.70389e-005
4554 1.97812e-005
4555 1.5e-005
4556 1.5e-005
4557 1.5e-005
4558 1.5e-005
4559 1.5e-005
4560 1.65937e-005
4561 1.5e-005
4562 1.5e-005
4563 1.5e-005
4564 1.5e-005
4565 1.5e-005
4566 2.05145e-005
4567 1.5e-005
4568 1.5e-005
4569 1.81875e-005
4570 1.97812e-005
4571 1.81875e-005
4572 1.65937e-005
4573 1.99506e-005
4574 1.67631e-005
4575 1.5e-005
4576 2.02893e-005
4577 1.67631e-005
4578 1.5e-005
4579 1.65937e-005
4580 1.5e-005
4581 1.65937e-005
4582 1.71018e-005
4583 1.81875e-005
4584 1.85262e-005
4585 1.5e-005
4586 1.65937e-005
4587 1.5e-005
4588 1.88648e-005
4589 1.5e-005
4590 1.5e-005
4591 1.5e-005
4592 1.65937e-005
4593 1.5e-005
4594 2.34768e-005
4595 2.17137e-005
4596 1.5e-005
4597 2.03072e-005
4598 1.5e-005
4599 1.5e-005
4600 1.81875e-005
4601 1.5e-005
4602 1.67631e-005
4603 1.5e-005
4604 1.5e-005
4605 1.5e-005
4606 2.1375e-005
4607 1.5e-005
4608 1.5e-005
4609 1.67631e-005
4610 1.81875e-005
4611 1.83568e-005
4612 1.5e-005
4613 2.15623e-005
4614 1.5e-005
4615 1.5e-005
4616 1.5e-005
4617 2.1901e-005
4618 1.81875e-005
4619 1.83568e-005
4620 2.01199e-005
4621 1.5e-005
4622 1.5e-005
4623 1.67631e-005
4624 1.5e-005
4625 1.5e-005
4626 1.5e-005
4627 1.81875e-005
4628 1.65937e-005
4629 1.5e-005
4630 1.5e-005
4631 1.5e-005
4632 1.5e-005
4633 1.5e-005
4634 1.5e-005
4635 1.81875e-005
4636 1.99506e-005
4637 1.65937e-005
4638 1.5e-005
4639 1.65937e-005
4640 1.65937e-005
4641 1.5e-005
4642 1.5e-005
4643 1.5e-005
4644 1.5e-005
4645 1.5e-005
4646 1.97812e-005
4647 1.85262e-005
4648 2.45625e-005
4649 1.5e-005
4650 1.65937e-005
4651 1.5e-005
4652 1.65937e-005
4653 2.04586e-005
4654 1.5e-005
4655 1.81875e-005
4656 1.97812e-005
4657 1.5e-005
4658 1.5e-005
4659 1.65937e-005
4660 1.81875e-005
4661 1.65937e-005
4662 1.5e-005
4663 1.67631e-005
4664 1.65937e-005
4665 1.65937e-005
4666 1.5e-005
4667 1.5e-005
4668 1.83568e-005
4669 1.5e-005
4670 1.5e-005
4671 2.1375e-005
4672 1.65937e-005
4673 1.65937e-005
4674 1.67631e-005
4675 1.5e-005
4676 1.5e-005
4677 1.71377e-005
4678 1.5e-005
4679 1.65937e-005
4680 1.5e-005
4681 1.5e-005
4682 2.1375e-005
4683 2.04586e-005
4684 1.65937e-005
4685 1.5e-005
4686 1.5e-005
4687 1.69324e-005
4688 1.5e-005
4689 1.65937e-005
4690 2.47318e-005
4691 2.02893e-005
4692 1.65937e-005
4693 1.65937e-005
4694 1.65937e-005
4695 1.5e-005
4696 1.5e-005
4697 1.5e-005
4698 1.5e-005
4699 1.81875e-005
4700 1.5e-005
4701 1.5e-005
4702 2.17137e-005
4703 1.99506e-005
4704 1.5e-005
4705 1.65937e-005
4706 1.5e-005
4707 2.15443e-005
4708 1.5e-005
4709 1.81875e-005
4710 1.65937e-005
4711 1.65937e-005
4712 1.5e-005
4713 1.5e-005
4714 1.81875e-005
4715 2.45625e-005
4716 1.5e-005
4717 3.20615e-005
4718 1.83568e-005
4719 1.5e-005
4720 1.81875e-005
4721 1.5e-005
4722 1.5e-005
4723 1.5e-005
4724 1.81875e-005
4725 1.5e-005
4726 1.65937e-005
4727 1.5e-005
4728 1.5e-005
4729 1.65937e-005
4730 1.83568e-005
4731 1.5e-005
4732 1.65937e-005
4733 1.65937e-005
4734 2.04586e-005
4735 1.83568e-005
4736 1.81875e-005
4737 1.5e-005
4738 2.45625e-005
4739 1.5e-005
4740 1.65937e-005
4741 1.5e-005
4742 1.5e-005
4743 1.5e-005
4744 1.5e-005
4745 2.15623e-005
4746 1.83568e-005
4747 2.17676e-005
4748 1.5e-005
4749 1.5e-005
4750 1.99506e-005
4751 2.31381e-005
4752 1.5e-005
4753 1.88648e-005
4754 1.5e-005
4755 1.5e-005
4756 2.33074e-005
4757 1.5e-005
4758 1.5e-005
4759 1.5e-005
4760 1.65937e-005
4761 1.5e-005
4762 1.5e-005
4763 1.5e-005
4764 1.97812e-005
4765 1.5e-005
4766 1.65937e-005
4767 1.5e-005
4768 1.65937e-005
4769 1.5e-005
4770 1.5e-005
4771 1.81875e-005
4772 1.97812e-005
4773 1.69324e-005
4774 1.5e-005
4775 1.5e-005
4776 1.81875e-005
4777 1.5e-005
4778 1.5e-005
4779 1.65937e-005
4780 1.81875e-005
4781 2.01199e-005
4782 1.5e-005
4783 1.65937e-005
4784 1.81875e-005
4785 1.97812e-005
4786 1.5e-005
4787 1.5e-005
4788 1.5e-005
4789 1.65937e-005
4790 1.5e-005
4791 1.65937e-005
4792 1.81875e-005
4793 1.5e-005
4794 1.5e-005
4795 1.5e-005
4796 1.5e-005
4797 1.65937e-005
4798 1.65937e-005
4799 1.5e-005
4800 1.5e-005
4801 2.17317e-005
4802 1.65937e-005
4803 1.5e-005
4804 1.65937e-005
4805 1.69324e-005
4806 1.5e-005
4807 1.5e-005
4808 1.65937e-005
4809 1.86955e-005
4810 1.90702e-005
4811 1.5e-005
4812 3.00571e-005
4813 1.5e-005
4814 1.67631e-005
4815 1.5e-005
4816 1.5e-005
4817 1.5e-005
4818 1.5e-005
4819 1.67811e-005
4820 1.67631e-005
4821 2.66822e-005
4822 1.5e-005
4823 1.81875e-005
4824 1.65937e-005
4825 1.97812e-005
4826 1.5e-005
4827 1.65937e-005
4828 1.65937e-005
4829 1.5e-005
4830 1.5e-005
4831 1.65937e-005
4832 1.83568e-005
4833 1.5e-005
4834 2.03072e-005
4835 1.65937e-005
4836 1.5e-005
4837 2.01199e-005
4838 1.5e-005
4839 1.5e-005
4840 1.67631e-005
4841 1.5e-005
4842 1.65937e-005
4843 1.65937e-005
4844 1.5e-005
4845 1.65937e-005
4846 1.65937e-005
4847 2.22397e-005
4848 1.5e-005
4849 1.83568e-005
4850 1.69324e-005
4851 1.67631e-005
4852 1.5e-005
4853 1.65937e-005
4854 1.65937e-005
4855 1.5e-005
4856 1.65937e-005
4857 1.5e-005
4858 1.65937e-005
4859 1.97812e-005
4860 1.65937e-005
4861 1.65937e-005
4862 1.5e-005
4863 1.5e-005
4864 2.01199e-005
4865 1.81875e-005
4866 1.5e-005
4867 1.85262e-005
4868 1.65937e-005
4869 1.5e-005
4870 2.34768e-005
4871 2.1375e-005
4872 1.81875e-005
4873 1.65937e-005
4874 1.72891e-005
4875 1.5e-005
4876 1.97812e-005
4877 1.5e-005
4878 1.65937e-005
4879 2.1375e-005
4880 1.5e-005
4881 1.65937e-005
4882 1.5e-005
4883 1.5e-005
4884 1.99506e-005
4885 1.65937e-005
4886 1.5e-005
4887 1.5e-005
4888 1.5e-005
4889 1.67631e-005
4890 1.65937e-005
4891 1.83568e-005
4892 1.99506e-005
4893 1.5e-005
4894 1.81875e-005
4895 1.65937e-005
4896 1.5e-005
4897 2.22217e-005
4898 1.5e-005
4899 1.65937e-005
4900 1.5e-005
4901 1.65937e-005
4902 1.5e-005
4903 1.67631e-005
4904 1.83568e-005
4905 1.5e-005
4906 1.5e-005
4907 1.5e-005
4908 1.65937e-005
4909 1.5e-005
4910 1.83748e-005
4911 1.5e-005
4912 1.5e-005
4913 1.65937e-005
4914 1.5e-005
4915 1.81875e-005
4916 1.5e-005
4917 1.81875e-005
4918 1.81875e-005
4919 1.65937e-005
4920 1.5e-005
4921 1.65937e-005
4922 1.65937e-005
4923 1.5e-005
4924 1.83568e-005
4925 1.5e-005
4926 1.5e-005
4927 1.71018e-005
4928 1.5e-005
4929 1.5e-005
4930 1.65937e-005
4931 1.97812e-005
4932 1.65937e-005
4933 1.5e-005
4934 1.71377e-005
4935 1.67631e-005
4936 1.5e-005
4937 1.69324e-005
4938 1.65937e-005
4939 1.5e-005
4940 1.5e-005
4941 1.5e-005
4942 1.65937e-005
4943 1.5e-005
4944 1.5e-005
4945 1.5e-005
4946 1.67811e-005
4947 1.5e-005
4948 1.5e-005
4949 1.5e-005
4950 1.5e-005
4951 1.5e-005
4952 1.5e-005
4953 1.67631e-005
4954 1.65937e-005
4955 1.5e-005
4956 1.65937e-005
4957 1.5e-005
4958 1.99506e-005
4959 1.65937e-005
4960 1.65937e-005
4961 1.65937e-005
4962 1.5e-005
4963 1.5e-005
4964 1.5e-005
4965 1.5e-005
4966 1.5e-005
4967 1.5e-005
4968 1.5e-005
4969 1.65937e-005
4970 1.65937e-005
4971 1.81875e-005
4972 1.5e-005
4973 1.5e-005
4974 1.65937e-005
4975 2.20523e-005
4976 1.69324e-005
4977 1.5e-005
4978 1.65937e-005
4979 1.65937e-005
4980 1.65937e-005
4981 1.81875e-005
4982 1.5e-005
4983 1.5e-005
4984 1.83568e-005
4985 1.5e-005
4986 1.65937e-005
4987 1.5e-005
4988 1.5e-005
4989 1.65937e-005
4990 1.5e-005
4991 1.5e-005
4992 1.5e-005
4993 1.5e-005
4994 1.5e-005
4995 1.5e-005
4996 1.65937e-005
4997 1.5e-005
4998 1.5e-005
4999 1.5e-005
5000 1.5e-005
5001 1.5e-005
5002 1.5e-005
5003 1.97812e-005
5004 1.5e-005
5005 2.1375e-005
5006 1.81875e-005
5007 1.65937e-005
5008 1.5e-005
5009 1.65937e-005
5010 1.5e-005
5011 1.5e-005
5012 1.81875e-005
5013 1.5e-005
5014 1.5e-005
5015 1.5e-005
5016 1.97812e-005
5017 1.5e-005
5018 1.5e-005
5019 2.29687e-005
5020 1.5e-005
5021 1.5e-005
5022 1.5e-005
5023 1.5e-005
5024 1.65937e-005
5025 1.65937e-005
5026 1.5e-005
5027 1.65937e-005
5028 1.73071e-005
5029 1.65937e-005
5030 1.5e-005
5031 1.5e-005
5032 1.65937e-005
5033 1.5e-005
5034 1.5e-005
5035 1.65937e-005
5036 1.5e-005
5037 1.65937e-005
5038 1.65937e-005
5039 1.5e-005
5040 1.99686e-005
5041 1.5e-005
5042 1.65937e-005
5043 1.5e-005
5044 1.65937e-005
5045 1.67631e-005
5046 2.80887e-005
5047 1.5e-005
5048 1.90342e-005
5049 1.65937e-005
5050 2.15443e-005
5051 1.5e-005
5052 1.5e-005
5053 1.65937e-005
5054 1.5e-005
5055 1.5e-005
5056 1.81875e-005
5057 1.5e-005
5058 1.81875e-005
5059 1.65937e-005
5060 1.5e-005
5061 1.5e-005
5062 1.5e-005
5063 1.5e-005
5064 1.85622e-005
5065 1.5e-005
5066 1.81875e-005
5067 1.65937e-005
5068 1.81875e-005
5069 1.65937e-005
5070 1.81875e-005
5071 1.5e-005
5072 1.67991e-005
5073 1.5e-005
5074 1.5e-005
5075 1.88648e-005
5076 1.81875e-005
5077 1.5e-005
5078 1.65937e-005
5079 1.5e-005
5080 1.5e-005
5081 1.81875e-005
5082 1.69324e-005
5083 1.5e-005
5084 1.5e-005
5085 1.67631e-005
5086 1.5e-005
5087 1.5e-005
5088 1.5e-005
5089 1.97812e-005
5090 1.5e-005
5091 1.5e-005
5092 1.5e-005
5093 1.5e-005
5094 1.81875e-005
5095 1.81875e-005
5096 1.5e-005
5097 1.5e-005
5098 1.83568e-005
5099 1.65937e-005
5100 1.65937e-005
5101 1.65937e-005
5102 1.65937e-005
5103 1.65937e-005
5104 1.65937e-005
5105 1.5e-005
5106 2.63256e-005
5107 1.5e-005
5108 1.5e-005
5109 1.97812e-005
5110 1.65937e-005
5111 1.5e-005
5112 1.81875e-005
5113 1.65937e-005
5114 1.5e-005
5115 1.5e-005
5116 1.5e-005
5117 1.65937e-005
5118 1.65937e-005
5119 1.5e-005
5120 1.5e-005
5121 1.5e-005
5122 1.5e-005
5123 1.5e-005
5124 1.5e-005
5125 1.97812e-005
5126 1.5e-005
5127 1.5e-005
5128 1.5e-005
5129 1.83928e-005
5130 1.67631e-005
5131 1.5e-005
5132 2.36461e-005
5133 1.83568e-005
5134 1.5e-005
5135 1.65937e-005
5136 1.5e-005
5137 1.83568e-005
5138 1.67631e-005
5139 1.5e-005
5140 1.5e-005
5141 1.65937e-005
5142 1.5e-005
5143 1.5e-005
5144 1.5e-005
5145 1.5e-005
5146 1.65937e-005
5147 1.5e-005
5148 1.99506e-005
5149 1.5e-005
5150 1.5e-005
5151 1.5e-005
5152 1.5e-005
5153 1.5e-005
5154 1.5e-005
5155 1.85262e-005
5156 1.5e-005
5157 1.97812e-005
5158 1.5e-005
5159 1.5e-005
5160 1.5e-005
5161 1.65937e-005
5162 1.5e-005
5163 1.67631e-005
5164 1.65937e-005
5165 1.5e-005
5166 1.5e-005
5167 1.5e-005
5168 1.81875e-005
5169 1.81875e-005
5170 1.81875e-005
5171 1.5e-005
5172 1.5e-005
5173 1.5e-005
5174 1.81875e-005
5175 1.5e-005
5176 1.5e-005
5177 1.97812e-005
5178 1.5e-005
5179 1.99506e-005
5180 1.65937e-005
5181 1.5e-005
5182 1.97812e-005
5183 1.5e-005
5184 1.65937e-005
5185 1.65937e-005
5186 1.5e-005
5187 1.65937e-005
5188 1.65937e-005
5189 1.97812e-005
5190 1.65937e-005
5191 1.5e-005
5192 1.5e-005
5193 1.5e-005
5194 1.65937e-005
5195 1.65937e-005
5196 1.5e-005
5197 1.65937e-005
5198 1.5e-005
5199 1.65937e-005
5200 1.65937e-005
5201 1.5e-005
5202 1.5e-005
5203 1.81875e-005
5204 1.5e-005
5205 1.5e-005
5206 2.29687e-005
5207 1.5e-005
5208 2.45625e-005
5209 1.81875e-005
5210 1.5e-005
5211 1.5e-005
5212 1.5e-005
5213 1.5e-005
5214 1.5e-005
5215 1.89008e-005
5216 1.67631e-005
5217 1.97812e-005
5218 1.83568e-005
5219 1.5e-005
5220 1.65937e-005
5221 1.81875e-005
5222 1.5e-005
5223 1.5e-005
5224 1.5e-005
5225 1.5e-005
5226 1.65937e-005
5227 1.5e-005
5228 1.5e-005
5229 1.65937e-005
5230 1.5e-005
5231 1.5e-005
5232 1.65937e-005
5233 1.5e-005
5234 1.5e-005
5235 1.5e-005
5236 1.65937e-005
5237 1.5e-005
5238 1.65937e-005
5239 1.67631e-005
5240 1.5e-005
5241 1.65937e-005
5242 1.5e-005
5243 1.65937e-005
5244 1.5e-005
5245 1.65937e-005
5246 1.5e-005
5247 1.5e-005
5248 2.15443e-005
5249 1.5e-005
5250 1.65937e-005
5251 1.5e-005
5252 1.5e-005
5253 1.5e-005
5254 1.97812e-005
5255 1.5e-005
5256 1.5e-005
5257 1.65937e-005
5258 1.5e-005
5259 1.5e-005
5260 1.5e-005
5261 1.5e-005
5262 1.5e-005
5263 1.69504e-005
5264 1.5e-005
5265 1.5e-005
5266 1.67811e-005
5267 1.65937e-005
5268 1.5e-005
5269 1.5e-005
5270 1.5e-005
5271 1.97812e-005
5272 1.5e-005
5273 2.36461e-005
5274 1.5e-005
5275 1.97812e-005
5276 1.5e-005
5277 1.65937e-005
5278 1.5e-005
5279 1.5e-005
5280 1.5e-005
5281 1.81875e-005
5282 1.5e-005
5283 1.97812e-005
5284 1.69504e-005
5285 1.5e-005
5286 1.5e-005
5287 1.5e-005
5288 1.5e-005
5289 1.5e-005
5290 1.65937e-005
5291 1.5e-005
5292 1.73251e-005
5293 1.67631e-005
5294 1.65937e-005
5295 1.65937e-005
5296 1.65937e-005
5297 1.65937e-005
5298 1.65937e-005
5299 1.83568e-005
5300 1.5e-005
5301 1.69324e-005
5302 1.5e-005
5303 1.5e-005
5304 1.69504e-005
5305 2.36641e-005
5306 1.5e-005
5307 1.65937e-005
5308 1.5e-005
5309 2.17317e-005
5310 1.97812e-005
5311 1.5e-005
5312 1.81875e-005
5313 1.65937e-005
5314 1.5e-005
5315 1.65937e-005
5316 1.81875e-005
5317 1.5e-005
5318 2.1375e-005
5319 1.81875e-005
5320 1.5e-005
5321 1.67631e-005
5322 1.99506e-005
5323 1.65937e-005
5324 1.5e-005
5325 1.5e-005
5326 1.67631e-005
5327 1.5e-005
5328 1.5e-005
5329 1.5e-005
5330 1.5e-005
5331 1.69324e-005
5332 1.5e-005
5333 1.5e-005
5334 1.79664e-005
5335 1.5e-005
5336 1.65937e-005
5337 1.5e-005
5338 1.5e-005
5339 1.5e-005
5340 1.5e-005
5341 1.5e-005
5342 1.5e-005
5343 1.5e-005
5344 1.99506e-005
5345 1.81875e-005
5346 1.5e-005
5347 1.5e-005
5348 1.97812e-005
5349 1.5e-005
5350 1.65937e-005
5351 1.88648e-005
5352 1.65937e-005
5353 1.5e-005
5354 1.5e-005
5355 2.33074e-005
5356 1.5e-005
5357 1.97812e-005
5358 1.5e-005
5359 1.5e-005
5360 1.81875e-005
5361 1.67631e-005
5362 1.99506e-005
5363 1.67631e-005
5364 1.5e-005
5365 1.65937e-005
5366 1.85262e-005
5367 1.5e-005
5368 1.65937e-005
5369 1.5e-005
5370 1.5e-005
5371 1.5e-005
5372 2.17137e-005
5373 2.15443e-005
5374 1.97812e-005
5375 1.5e-005
5376 1.5e-005
5377 1.65937e-005
5378 1.5e-005
5379 2.33074e-005
5380 1.83568e-005
5381 1.5e-005
5382 1.65937e-005
5383 1.5e-005
5384 2.31381e-005
5385 1.67631e-005
5386 1.5e-005
5387 1.5e-005
5388 1.83568e-005
5389 1.85262e-005
5390 1.5e-005
5391 1.5e-005
5392 1.67631e-005
5393 1.81875e-005
5394 1.5e-005
5395 1.5e-005
5396 1.65937e-005
5397 1.5e-005
5398 1.5e-005
5399 1.5e-005
5400 1.65937e-005
5401 1.65937e-005
5402 1.5e-005
5403 1.5e-005
5404 1.86955e-005
5405 1.5e-005
5406 1.81875e-005
5407 1.65937e-005
5408 1.5e-005
5409 1.5e-005
5410 1.65937e-005
5411 1.5e-005
5412 1.5e-005
5413 1.5e-005
5414 1.5e-005
5415 1.65937e-005
5416 1.81875e-005
5417 1.5e-005
5418 1.5e-005
5419 2.29687e-005
5420 1.5e-005
5421 1.81875e-005
5422 1.5e-005
5423 2.1375e-005
5424 1.5e-005
5425 1.67631e-005
5426 1.65937e-005
5427 1.97812e-005
5428 1.5e-005
5429 2.15443e-005
5430 1.65937e-005
5431 1.5e-005
5432 1.5e-005
5433 1.5e-005
5434 1.5e-005
5435 1.65937e-005
5436 1.5e-005
5437 1.5e-005
5438 1.5e-005
5439 1.65937e-005
5440 1.5e-005
5441 1.5e-005
5442 1.5e-005
5443 1.65937e-005
5444 2.33074e-005
5445 1.5e-005
5446 1.5e-005
5447 1.5e-005
5448 1.5e-005
5449 1.65937e-005
5450 2.17137e-005
5451 1.5e-005
5452 2.31381e-005
5453 1.5e-005
5454 1.67991e-005
5455 1.5e-005
5456 1.5e-005
5457 1.5e-005
5458 1.5e-005
5459 2.17137e-005
5460 1.65937e-005
5461 1.5e-005
5462 1.83748e-005
5463 1.65937e-005
5464 1.65937e-005
5465 1.5e-005
5466 1.5e-005
5467 1.83748e-005
5468 1.85262e-005
5469 1.5e-005
5470 2.15443e-005
5471 1.5e-005
5472 1.85262e-005
5473 1.65937e-005
5474 1.65937e-005
5475 1.5e-005
5476 1.5e-005
5477 1.5e-005
5478 2.1375e-005
5479 1.5e-005
5480 1.81875e-005
5481 1.5e-005
5482 1.65937e-005
5483 1.5e-005
5484 1.5e-005
5485 1.5e-005
5486 1.65937e-005
5487 1.5e-005
5488 1.67631e-005
5489 1.5e-005
5490 1.5e-005
5491 1.65937e-005
5492 1.65937e-005
5493 1.5e-005
5494 1.5e-005
5495 1.5e-005
5496 1.81875e-005
5497 1.5e-005
5498 1.5e-005
5499 1.5e-005
5500 1.5e-005
5501 1.5e-005
5502 1.5e-005
5503 1.67631e-005
5504 1.5e-005
5505 1.65937e-005
5506 1.5e-005
5507 1.5e-005
5508 1.5e-005
5509 1.97812e-005
5510 1.5e-005
5511 1.65937e-005
5512 1.65937e-005
5513 1.5e-005
5514 1.5e-005
5515 1.5e-005
5516 1.5e-005
5517 1.5e-005
5518 1.85262e-005
5519 1.67631e-005
5520 1.5e-005
5521 1.65937e-005
5522 1.65937e-005
5523 1.65937e-005
5524 1.5e-005
5525 1.81875e-005
5526 1.65937e-005
5527 2.01199e-005
5528 1.81875e-005
5529 1.99506e-005
5530 2.45625e-005
5531 1.5e-005
5532 1.5e-005
5533 1.65937e-005
5534 1.65937e-005
5535 1.99506e-005
5536 1.5e-005
5537 1.5e-005
5538 2.17137e-005
5539 1.5e-005
5540 1.99506e-005
5541 1.5e-005
5542 1.65937e-005
5543 1.81875e-005
5544 1.65937e-005
5545 1.5e-005
5546 1.81875e-005
5547 1.81875e-005
5548 1.65937e-005
5549 1.5e-005
5550 1.5e-005
5551 1.97812e-005
5552 1.5e-005
5553 1.99506e-005
5554 1.5e-005
5555 1.5e-005
5556 1.5e-005
5557 1.5e-005
5558 1.99506e-005
5559 1.5e-005
5560 2.1375e-005
5561 1.65937e-005
5562 1.5e-005
5563 1.5e-005
5564 1.5e-005
5565 1.5e-005
5566 1.5e-005
5567 1.5e-005
5568 1.5e-005
5569 1.5e-005
5570 2.79193e-005
5571 1.67631e-005
5572 1.5e-005
5573 1.83568e-005
5574 1.81875e-005
5575 1.65937e-005
5576 1.5e-005
5577 1.65937e-005
5578 1.67631e-005
5579 2.17137e-005
5580 1.5e-005
5581 1.5e-005
5582 1.81875e-005
5583 1.83568e-005
5584 1.5e-005
5585 1.5e-005
5586 1.65937e-005
5587 1.5e-005
5588 1.81875e-005
5589 1.5e-005
5590 1.5e-005
5591 1.69504e-005
5592 1.5e-005
5593 1.65937e-005
5594 1.5e-005
5595 1.5e-005
5596 1.65937e-005
5597 1.65937e-005
5598 1.5e-005
5599 1.5e-005
5600 1.5e-005
5601 1.65937e-005
5602 1.65937e-005
5603 1.65937e-005
5604 1.5e-005
5605 1.67631e-005
5606 1.5e-005
5607 1.65937e-005
5608 1.81875e-005
5609 1.5e-005
5610 1.65937e-005
5611 1.97812e-005
5612 1.5e-005
5613 1.5e-005
5614 1.5e-005
5615 1.65937e-005
5616 1.5e-005
5617 1.5e-005
5618 1.83568e-005
5619 1.5e-005
5620 1.5e-005
5621 1.65937e-005
5622 1.5e-005
5623 1.65937e-005
5624 1.5e-005
5625 1.5e-005
5626 1.81875e-005
5627 1.5e-005
5628 1.5e-005
5629 1.65937e-005
5630 2.1375e-005
5631 1.5e-005
5632 1.5e-005
5633 1.81875e-005
5634 1.5e-005
5635 2.01199e-005
5636 1.5e-005
5637 1.5e-005
5638 1.5e-005
5639 2.02893e-005
5640 1.5e-005
5641 1.83568e-005
5642 1.5e-005
5643 1.5e-005
5644 1.5e-005
5645 1.5e-005
5646 1.5e-005
5647 1.5e-005
5648 1.5e-005
5649 1.5e-005
5650 1.65937e-005
5651 1.5e-005
5652 1.5e-005
5653 1.5e-005
5654 1.65937e-005
5655 1.5e-005
5656 1.5e-005
5657 1.5e-005
5658 1.5e-005
5659 1.65937e-005
5660 1.65937e-005
5661 1.5e-005
5662 1.5e-005
5663 1.5e-005
5664 1.5e-005
5665 1.5e-005
5666 1.65937e-005
5667 1.5e-005
5668 1.5e-005
5669 1.67631e-005
5670 1.5e-005
5671 1.5e-005
5672 1.5e-005
5673 1.81875e-005
5674 1.65937e-005
5675 1.65937e-005
5676 1.81875e-005
5677 1.5e-005
5678 1.5e-005
5679 1.5e-005
5680 1.85262e-005
5681 1.5e-005
5682 1.65937e-005
5683 1.65937e-005
5684 1.65937e-005
5685 1.81875e-005
5686 1.5e-005
5687 1.5e-005
5688 1.5e-005
5689 1.5e-005
5690 1.65937e-005
5691 1.5e-005
5692 1.5e-005
5693 1.81875e-005
5694 1.67631e-005
5695 1.81875e-005
5696 1.65937e-005
5697 1.65937e-005
5698 1.5e-005
5699 1.5e-005
5700 1.5e-005
5701 1.65937e-005
5702 1.5e-005
5703 1.65937e-005
5704 1.5e-005
5705 1.5e-005
5706 1.5e-005
5707 1.5e-005
5708 1.65937e-005
5709 1.65937e-005
5710 1.65937e-005
5711 1.65937e-005
5712 1.5e-005
5713 1.65937e-005
5714 1.65937e-005
5715 1.5e-005
5716 1.5e-005
5717 1.5e-005
5718 1.5e-005
5719 1.5e-005
5720 1.5e-005
5721 1.5e-005
5722 1.85262e-005
5723 1.5e-005
5724 1.5e-005
5725 1.5e-005
5726 1.65937e-005
5727 1.72891e-005
5728 1.5e-005
5729 1.65937e-005
5730 1.65937e-005
5731 1.5e-005
5732 1.5e-005
5733 1.65937e-005
5734 1.65937e-005
5735 1.5e-005
5736 1.5e-005
5737 1.65937e-005
5738 1.5e-005
5739 1.65937e-005
5740 1.5e-005
5741 1.5e-005
5742 1.69324e-005
5743 1.5e-005
5744 1.5e-005
5745 1.5e-005
5746 1.5e-005
5747 1.5e-005
5748 1.5e-005
5749 1.5e-005
5750 1.5e-005
5751 1.5e-005
5752 1.5e-005
5753 1.5e-005
5754 1.5e-005
5755 2.01379e-005
5756 1.65937e-005
5757 1.83568e-005
5758 1.67631e-005
5759 1.5e-005
5760 1.5e-005
5761 1.5e-005
5762 1.81875e-005
5763 1.65937e-005
5764 1.5e-005
5765 1.5e-005
5766 1.5e-005
5767 1.5e-005
5768 1.5e-005
5769 1.65937e-005
5770 1.5e-005
5771 1.5e-005
5772 1.81875e-005
5773 1.5e-005
5774 1.67631e-005
5775 1.5e-005
5776 1.5e-005
5777 1.5e-005
5778 1.83928e-005
5779 1.81875e-005
5780 1.5e-005
5781 1.81875e-005
5782 1.5e-005
5783 1.5e-005
5784 1.5e-005
5785 1.5e-005
5786 1.67631e-005
5787 1.5e-005
5788 1.5e-005
5789 1.5e-005
5790 1.65937e-005
5791 1.5e-005
5792 1.5e-005
5793 1.67631e-005
5794 1.5e-005
5795 1.5e-005
5796 1.5e-005
5797 1.5e-005
5798 1.65937e-005
5799 1.5e-005
5800 1.67631e-005
5801 1.65937e-005
5802 1.5e-005
5803 1.5e-005
5804 1.5e-005
5805 1.5e-005
5806 1.65937e-005
5807 1.5e-005
5808 1.5e-005
5809 1.5e-005
5810 1.5e-005
5811 1.81875e-005
5812 1.65937e-005
5813 1.65937e-005
5814 1.5e-005
5815 1.81875e-005
5816 1.5e-005
5817 1.5e-005
5818 1.5e-005
5819 1.5e-005
5820 1.5e-005
5821 1.81875e-005
5822 1.5e-005
5823 1.65937e-005
5824 1.5e-005
5825 1.65937e-005
5826 1.81875e-005
5827 1.5e-005
5828 1.5e-005
5829 1.5e-005
5830 1.5e-005
5831 1.5e-005
5832 1.5e-005
5833 1.65937e-005
5834 1.5e-005
5835 1.5e-005
5836 1.5e-005
5837 1.5e-005
5838 1.5e-005
5839 1.67631e-005
5840 1.5e-005
5841 1.85262e-005
5842 2.15443e-005
5843 1.65937e-005
5844 1.5e-005
5845 2.1375e-005
5846 1.5e-005
5847 1.5e-005
5848 1.65937e-005
5849 1.5e-005
5850 1.69324e-005
5851 1.5e-005
5852 1.5e-005
5853 1.5e-005
5854 1.81875e-005
5855 1.5e-005
5856 1.5e-005
5857 1.5e-005
5858 1.5e-005
5859 1.65937e-005
5860 1.97812e-005
5861 1.5e-005
5862 1.65937e-005
5863 1.5e-005
5864 1.5e-005
5865 1.5e-005
5866 1.67631e-005
5867 2.1375e-005
5868 1.5e-005
5869 1.65937e-005
5870 1.5e-005
5871 1.5e-005
5872 1.65937e-005
5873 1.5e-005
5874 1.81875e-005
5875 1.5e-005
5876 1.5e-005
5877 1.5e-005
5878 1.65937e-005
5879 1.65937e-005
5880 1.5e-005
5881 1.5e-005
5882 1.5e-005
5883 1.5e-005
5884 1.5e-005
5885 1.85262e-005
5886 1.5e-005
5887 2.1375e-005
5888 1.5e-005
5889 1.67631e-005
5890 1.5e-005
5891 1.5e-005
5892 1.5e-005
5893 1.65937e-005
5894 1.5e-005
5895 1.5e-005
5896 2.1375e-005
5897 1.5e-005
5898 1.65937e-005
5899 1.65937e-005
5900 1.5e-005
5901 1.65937e-005
5902 1.69324e-005
5903 1.69324e-005
5904 1.65937e-005
5905 1.65937e-005
5906 1.85262e-005
5907 1.5e-005
5908 1.67631e-005
5909 1.97812e-005
5910 1.83568e-005
5911 1.5e-005
5912 1.65937e-005
5913 1.5e-005
5914 1.5e-005
5915 1.65937e-005
5916 1.5e-005
5917 1.5e-005
5918 1.5e-005
5919 1.83568e-005
5920 1.67631e-005
5921 1.5e-005
5922 1.5e-005
5923 1.5e-005
5924 1.81875e-005
5925 1.5e-005
5926 1.5e-005
5927 1.83568e-005
5928 1.5e-005
5929 1.5e-005
5930 1.81875e-005
5931 1.5e-005
5932 1.5e-005
5933 1.81875e-005
5934 1.5e-005
5935 1.65937e-005
5936 1.5e-005
5937 1.65937e-005
5938 1.5e-005
5939 1.5e-005
5940 1.5e-005
5941 1.65937e-005
5942 1.5e-005
5943 1.81875e-005
5944 1.5e-005
5945 1.5e-005
5946 1.5e-005
5947 1.5e-005
5948 1.5e-005
5949 1.5e-005
5950 1.5e-005
5951 1.5e-005
5952 1.65937e-005
5953 1.65937e-005
5954 1.5e-005
5955 1.5e-005
5956 1.5e-005
5957 2.01199e-005
5958 1.5e-005
5959 1.5e-005
5960 1.5e-005
5961 1.65937e-005
5962 1.5e-005
5963 1.5e-005
5964 1.65937e-005
5965 1.5e-005
5966 1.83568e-005
5967 1.67811e-005
5968 1.65937e-005
5969 1.5e-005
5970 1.5e-005
5971 1.5e-005
5972 1.5e-005
5973 1.5e-005
5974 1.69324e-005
5975 1.97812e-005
5976 1.65937e-005
5977 1.5e-005
5978 1.5e-005
5979 1.5e-005
5980 1.65937e-005
5981 1.97812e-005
5982 1.5e-005
5983 1.5e-005
5984 1.5e-005
5985 1.5e-005
5986 1.5e-005
5987 1.5e-005
5988 2.01199e-005
5989 1.5e-005
5990 1.5e-005
5991 1.5e-005
5992 1.65937e-005
5993 1.5e-005
5994 1.83568e-005
5995 1.5e-005
5996 1.5e-005
5997 1.81875e-005
5998 1.5e-005
5999 1.65937e-005
6000 1.97812e-005
6001 1.5e-005
6002 1.5e-005
6003 1.5e-005
6004 1.5e-005
6005 1.5e-005
6006 1.65937e-005
6007 1.5e-005
6008 1.5e-005
6009 1.5e-005
6010 1.5e-005
6011 1.5e-005
6012 1.5e-005
6013 1.5e-005
6014 1.5e-005
6015 1.5e-005
6016 1.65937e-005
6017 1.5e-005
6018 1.65937e-005
6019 1.5e-005
6020 1.65937e-005
6021 1.65937e-005
6022 1.5e-005
6023 1.85442e-005
6024 1.5e-005
6025 1.67631e-005
6026 1.5e-005
6027 1.65937e-005
6028 1.5e-005
6029 1.5e-005
6030 1.65937e-005
6031 1.5e-005
6032 1.5e-005
6033 1.65937e-005
6034 1.97812e-005
6035 1.65937e-005
6036 1.5e-005
6037 1.5e-005
6038 1.5e-005
6039 1.5e-005
6040 1.65937e-005
6041 1.5e-005
6042 1.5e-005
6043 1.83568e-005
6044 1.5e-005
6045 1.5e-005
6046 1.5e-005
6047 1.65937e-005
6048 1.67631e-005
6049 1.5e-005
6050 1.5e-005
6051 1.5e-005
6052 1.5e-005
6053 1.5e-005
6054 1.81875e-005
6055 1.65937e-005
6056 1.5e-005
6057 1.5e-005
6058 1.65937e-005
6059 1.5e-005
6060 1.5e-005
6061 1.5e-005
6062 1.5e-005
6063 1.5e-005
6064 1.5e-005
6065 1.65937e-005
6066 1.5e-005
6067 1.5e-005
6068 1.5e-005
6069 1.5e-005
6070 1.5e-005
6071 1.5e-005
6072 1.5e-005
6073 1.5e-005
6074 1.65937e-005
6075 1.5e-005
6076 1.5e-005
6077 1.67631e-005
6078 1.5e-005
6079 1.5e-005
6080 1.65937e-005
6081 1.5e-005
6082 1.5e-005
6083 1.65937e-005
6084 1.65937e-005
6085 1.65937e-005
6086 1.5e-005
6087 1.5e-005
6088 1.5e-005
6089 1.5e-005
6090 1.5e-005
6091 1.5e-005
6092 1.65937e-005
6093 1.5e-005
6094 1.5e-005
6095 1.5e-005
6096 1.65937e-005
6097 1.5e-005
6098 1.65937e-005
6099 1.5e-005
6100 1.65937e-005
6101 1.5e-005
6102 2.1883e-005
6103 1.65937e-005
6104 1.65937e-005
6105 1.5e-005
6106 1.5e-005
6107 1.5e-005
6108 1.5e-005
6109 1.5e-005
6110 1.5e-005
6111 1.5e-005
6112 1.5e-005
6113 1.5e-005
6114 1.5e-005
6115 1.65937e-005
6116 1.5e-005
6117 1.5e-005
6118 1.97812e-005
6119 1.65937e-005
6120 1.5e-005
6121 1.5e-005
6122 1.5e-005
6123 1.65937e-005
6124 1.5e-005
6125 1.85262e-005
6126 1.5e-005
6127 1.5e-005
6128 1.5e-005
6129 1.5e-005
6130 1.5e-005
6131 1.65937e-005
6132 1.67631e-005
6133 1.81875e-005
6134 1.65937e-005
6135 1.5e-005
6136 1.5e-005
6137 1.5e-005
6138 2.1375e-005
6139 1.5e-005
6140 1.5e-005
6141 1.5e-005
6142 1.5e-005
6143 1.65937e-005
6144 1.65937e-005
6145 1.5e-005
6146 1.5e-005
6147 1.5e-005
6148 1.5e-005
6149 1.5e-005
6150 1.5e-005
6151 1.5e-005
6152 1.5e-005
6153 1.5e-005
6154 1.83568e-005
6155 1.65937e-005
6156 1.5e-005
6157 1.81875e-005
6158 1.5e-005
6159 1.97812e-005
6160 1.65937e-005
6161 1.5e-005
6162 1.65937e-005
6163 1.5e-005
6164 1.85262e-005
6165 1.83568e-005
6166 1.5e-005
6167 1.5e-005
6168 1.5e-005
6169 1.5e-005
6170 1.67631e-005
6171 1.65937e-005
6172 1.5e-005
6173 1.5e-005
6174 1.5e-005
6175 1.5e-005
6176 1.5e-005
6177 1.5e-005
6178 1.5e-005
6179 1.65937e-005
6180 1.5e-005
6181 1.65937e-005
6182 1.5e-005
6183 1.97812e-005
6184 1.5e-005
6185 1.5e-005
6186 1.5e-005
6187 1.5e-005
6188 1.5e-005
6189 1.5e-005
6190 1.5e-005
6191 1.5e-005
6192 1.5e-005
6193 1.5e-005
6194 1.5e-005
6195 1.5e-005
6196 1.5e-005
6197 1.65937e-005
6198 1.5e-005
6199 1.5e-005
6200 1.5e-005
6201 1.65937e-005
6202 1.5e-005
6203 1.65937e-005
6204 1.5e-005
6205 1.5e-005
6206 1.5e-005
6207 2.1375e-005
6208 1.5e-005
6209 1.5e-005
6210 1.5e-005
6211 1.5e-005
6212 1.81875e-005
6213 1.81875e-005
6214 1.81875e-005
6215 1.5e-005
6216 1.5e-005
6217 1.5e-005
6218 2.15443e-005
6219 1.65937e-005
6220 1.5e-005
6221 1.5e-005
6222 1.5e-005
6223 1.5e-005
6224 1.5e-005
6225 1.5e-005
6226 1.5e-005
6227 1.65937e-005
6228 1.65937e-005
6229 1.5e-005
6230 1.5e-005
6231 1.5e-005
6232 1.5e-005
6233 1.65937e-005
6234 1.5e-005
6235 1.65937e-005
6236 1.5e-005
6237 1.5e-005
6238 1.5e-005
6239 1.5e-005
6240 1.5e-005
6241 1.5e-005
6242 1.5e-005
6243 1.5e-005
6244 1.5e-005
6245 2.1375e-005
6246 1.5e-005
6247 1.5e-005
6248 1.5e-005
6249 1.5e-005
6250 1.67631e-005
6251 1.5e-005
6252 1.5e-005
6253 1.5e-005
6254 1.5e-005
6255 1.5e-005
6256 1.5e-005
6257 1.5e-005
6258 1.5e-005
6259 1.5e-005
6260 1.5e-005
6261 1.5e-005
6262 1.65937e-005
6263 1.5e-005
6264 1.65937e-005
6265 1.5e-005
6266 1.5e-005
6267 1.5e-005
6268 1.65937e-005
6269 1.5e-005
6270 1.5e-005
6271 1.5e-005
6272 1.65937e-005
6273 1.5e-005
6274 1.5e-005
6275 1.5e-005
6276 1.5e-005
6277 1.65937e-005
6278 1.5e-005
6279 1.5e-005
6280 1.5e-005
6281 1.5e-005
6282 1.83568e-005
6283 1.5e-005
6284 1.67631e-005
6285 1.81875e-005
6286 1.65937e-005
6287 1.5e-005
6288 1.5e-005
6289 1.5e-005
6290 1.65937e-005
6291 1.5e-005
6292 1.5e-005
6293 1.5e-005
6294 1.5e-005
6295 1.65937e-005
6296 1.5e-005
6297 1.99506e-005
6298 1.65937e-005
6299 1.65937e-005
6300 1.5e-005
6301 1.65937e-005
6302 1.5e-005
6303 1.5e-005
6304 1.5e-005
6305 1.81875e-005
6306 1.65937e-005
6307 1.5e-005
6308 1.5e-005
6309 1.5e-005
6310 1.5e-005
6311 1.65937e-005
6312 1.89008e-005
6313 1.65937e-005
6314 1.5e-005
6315 1.5e-005
6316 1.5e-005
6317 1.5e-005
6318 1.5e-005
6319 1.65937e-005
6320 1.5e-005
6321 1.65937e-005
6322 1.5e-005
6323 1.5e-005
6324 1.5e-005
6325 1.5e-005
6326 1.5e-005
6327 1.5e-005
6328 1.5e-005
6329 1.5e-005
6330 1.5e-005
6331 1.65937e-005
6332 1.65937e-005
6333 1.5e-005
6334 1.5e-005
6335 1.5e-005
6336 2.17137e-005
6337 1.65937e-005
6338 1.5e-005
6339 1.5e-005
6340 1.5e-005
6341 1.5e-005
6342 1.5e-005
6343 1.5e-005
6344 2.17137e-005
6345 1.5e-005
6346 1.5e-005
6347 1.5e-005
6348 1.65937e-005
6349 1.5e-005
6350 1.65937e-005
6351 1.65937e-005
6352 1.65937e-005
6353 1.5e-005
6354 1.65937e-005
6355 1.5e-005
6356 1.5e-005
6357 1.5e-005
6358 1.5e-005
6359 1.81875e-005
6360 1.5e-005
6361 1.5e-005
6362 1.5e-005
6363 1.5e-005
6364 1.81875e-005
6365 1.5e-005
6366 1.65937e-005
6367 1.65937e-005
6368 1.65937e-005
6369 1.5e-005
6370 1.5e-005
6371 1.97812e-005
6372 1.65937e-005
6373 1.83568e-005
6374 1.67631e-005
6375 1.65937e-005
6376 1.65937e-005
6377 1.5e-005
6378 1.5e-005
6379 1.5e-005
6380 1.5e-005
6381 1.81875e-005
6382 1.5e-005
6383 1.5e-005
6384 1.5e-005
6385 1.5e-005
6386 1.5e-005
6387 1.5e-005
6388 1.5e-005
6389 1.5e-005
6390 1.69324e-005
6391 1.5e-005
6392 1.5e-005
6393 1.90342e-005
6394 1.5e-005
6395 1.5e-005
6396 1.5e-005
6397 1.5e-005
6398 1.65937e-005
6399 1.65937e-005
6400 1.5e-005
6401 1.5e-005
6402 1.5e-005
6403 1.5e-005
6404 1.65937e-005
6405 1.5e-005
6406 1.5e-005
6407 1.5e-005
6408 1.5e-005
6409 1.5e-005
6410 1.65937e-005
6411 1.81875e-005
6412 1.65937e-005
6413 1.5e-005
6414 1.65937e-005
6415 1.5e-005
6416 1.83568e-005
6417 1.5e-005
6418 1.5e-005
6419 1.5e-005
6420 1.5e-005
6421 1.5e-005
6422 1.65937e-005
6423 1.65937e-005
6424 1.5e-005
6425 1.5e-005
6426 1.81875e-005
6427 1.65937e-005
6428 1.65937e-005
6429 1.97812e-005
6430 1.5e-005
6431 1.5e-005
6432 1.5e-005
6433 1.5e-005
6434 1.65937e-005
6435 1.65937e-005
6436 1.5e-005
6437 1.5e-005
6438 1.65937e-005
6439 1.5e-005
6440 1.81875e-005
6441 1.5e-005
6442 2.61562e-005
6443 1.5e-005
6444 1.65937e-005
6445 1.81875e-005
6446 1.5e-005
6447 1.65937e-005
6448 1.5e-005
6449 1.5e-005
6450 1.5e-005
6451 1.5e-005
6452 1.5e-005
6453 1.5e-005
6454 1.5e-005
6455 1.5e-005
6456 1.5e-005
6457 1.5e-005
6458 1.65937e-005
6459 1.5e-005
6460 1.5e-005
6461 1.65937e-005
6462 1.5e-005
6463 1.65937e-005
6464 1.81875e-005
6465 1.65937e-005
6466 1.65937e-005
6467 1.5e-005
6468 1.5e-005
6469 1.5e-005
6470 1.5e-005
6471 1.5e-005
6472 1.5e-005
6473 1.65937e-005
6474 1.99506e-005
6475 1.5e-005
6476 1.5e-005
6477 1.5e-005
6478 1.67631e-005
6479 1.5e-005
6480 1.65937e-005
6481 1.65937e-005
6482 1.5e-005
6483 1.5e-005
6484 1.81875e-005
6485 1.65937e-005
6486 1.5e-005
6487 1.5e-005
6488 1.83568e-005
6489 1.5e-005
6490 1.5e-005
6491 1.65937e-005
6492 1.5e-005
6493 1.5e-005
6494 1.5e-005
6495 1.5e-005
6496 1.5e-005
6497 1.5e-005
6498 1.65937e-005
6499 1.81875e-005
6500 1.5e-005
6501 1.5e-005
6502 1.5e-005
6503 1.5e-005
6504 1.65937e-005
6505 1.5e-005
6506 1.81875e-005
6507 1.67631e-005
6508 1.5e-005
6509 1.5e-005
6510 1.5e-005
6511 1.65937e-005
6512 2.45625e-005
6513 1.5e-005
6514 1.5e-005
6515 1.5e-005
6516 1.5e-005
6517 1.5e-005
6518 1.5e-005
6519 1.5e-005
6520 1.65937e-005
6521 1.67631e-005
6522 1.5e-005
6523 1.65937e-005
6524 1.5e-005
6525 1.65937e-005
6526 1.65937e-005
6527 1.5e-005
6528 1.5e-005
6529 1.5e-005
6530 1.5e-005
6531 1.5e-005
6532 1.65937e-005
6533 1.5e-005
6534 1.5e-005
6535 1.81875e-005
6536 1.81875e-005
6537 1.65937e-005
6538 1.5e-005
6539 1.65937e-005
6540 1.65937e-005
6541 1.5e-005
6542 1.5e-005
6543 1.65937e-005
6544 1.65937e-005
6545 1.5e-005
6546 1.5e-005
6547 1.5e-005
6548 1.5e-005
6549 1.81875e-005
6550 1.71018e-005
6551 1.5e-005
6552 1.5e-005
6553 1.5e-005
6554 1.97812e-005
6555 1.5e-005
6556 1.65937e-005
6557 1.83568e-005
6558 2.17137e-005
6559 1.83568e-005
6560 1.5e-005
6561 1.5e-005
6562 1.5e-005
6563 1.65937e-005
6564 1.81875e-005
6565 1.5e-005
6566 1.5e-005
6567 1.5e-005
6568 1.5e-005
6569 1.5e-005
6570 1.5e-005
6571 1.5e-005
6572 1.5e-005
6573 1.65937e-005
6574 1.5e-005
6575 1.65937e-005
6576 1.5e-005
6577 1.81875e-005
6578 1.5e-005
6579 1.65937e-005
6580 1.5e-005
6581 1.5e-005
6582 1.65937e-005
6583 1.5e-005
6584 1.5e-005
6585 1.5e-005
6586 1.65937e-005
6587 1.5e-005
6588 1.5e-005
6589 1.5e-005
6590 1.5e-005
6591 1.5e-005
6592 1.81875e-005
6593 1.5e-005
6594 1.65937e-005
6595 1.5e-005
6596 1.5e-005
6597 1.5e-005
6598 1.5e-005
6599 1.81875e-005
6600 1.5e-005
6601 1.5e-005
6602 1.67631e-005
6603 1.5e-005
6604 1.67811e-005
6605 1.5e-005
6606 1.65937e-005
6607 1.5e-005
6608 1.5e-005
6609 1.67631e-005
6610 1.99506e-005
6611 1.5e-005
6612 1.5e-005
6613 1.5e-005
6614 1.5e-005
6615 1.5e-005
6616 1.5e-005
6617 1.65937e-005
6618 1.5e-005
6619 1.5e-005
6620 1.5e-005
6621 1.5e-005
6622 1.5e-005
6623 1.81875e-005
6624 1.65937e-005
6625 1.65937e-005
6626 1.5e-005
6627 1.5e-005
6628 1.5e-005
6629 1.83568e-005
6630 1.5e-005
6631 1.5e-005
6632 1.5e-005
6633 1.5e-005
6634 1.5e-005
6635 1.5e-005
6636 1.5e-005
6637 1.5e-005
6638 1.5e-005
6639 1.81875e-005
6640 1.5e-005
6641 1.5e-005
6642 1.65937e-005
6643 1.65937e-005
6644 1.5e-005
6645 1.5e-005
6646 1.5e-005
6647 1.65937e-005
6648 1.5e-005
6649 1.5e-005
6650 1.5e-005
6651 1.5e-005
6652 1.5e-005
6653 1.5e-005
6654 1.5e-005
6655 1.5e-005
6656 1.5e-005
6657 1.81875e-005
6658 1.67631e-005
6659 1.65937e-005
6660 1.5e-005
6661 1.5e-005
6662 1.5e-005
6663 1.5e-005
6664 1.81875e-005
6665 1.5e-005
6666 1.5e-005
6667 1.5e-005
6668 1.65937e-005
6669 1.5e-005
6670 1.5e-005
6671 1.5e-005
6672 1.81875e-005
6673 1.5e-005
6674 1.65937e-005
6675 1.5e-005
6676 1.83568e-005
6677 1.5e-005
6678 1.5e-005
6679 1.65937e-005
6680 1.5e-005
6681 1.65937e-005
6682 1.81875e-005
6683 1.5e-005
6684 1.65937e-005
6685 1.65937e-005
6686 1.5e-005
6687 1.5e-005
6688 1.5e-005
6689 1.81875e-005
6690 1.5e-005
6691 1.5e-005
6692 1.65937e-005
6693 1.5e-005
6694 1.5e-005
6695 1.5e-005
6696 1.5e-005
6697 1.5e-005
6698 1.65937e-005
6699 1.5e-005
6700 1.65937e-005
6701 1.65937e-005
6702 1.5e-005
6703 1.5e-005
6704 1.5e-005
6705 1.5e-005
6706 1.81875e-005
6707 1.5e-005
6708 1.5e-005
6709 1.5e-005
6710 1.65937e-005
6711 1.65937e-005
6712 1.5e-005
6713 1.5e-005
6714 1.67631e-005
6715 1.5e-005
6716 1.5e-005
6717 1.5e-005
6718 1.5e-005
6719 1.5e-005
6720 1.65937e-005
6721 1.5e-005
6722 1.5e-005
6723 1.67631e-005
6724 1.5e-005
6725 1.65937e-005
6726 1.5e-005
6727 1.67631e-005
6728 1.5e-005
6729 1.5e-005
6730 1.5e-005
6731 1.5e-005
6732 1.5e-005
6733 1.65937e-005
6734 1.81875e-005
6735 1.97812e-005
6736 1.5e-005
6737 1.5e-005
6738 1.5e-005
6739 1.88828e-005
6740 1.65937e-005
6741 1.81875e-005
6742 1.5e-005
6743 1.5e-005
6744 1.5e-005
6745 1.5e-005
6746 1.5e-005
6747 1.5e-005
6748 1.5e-005
6749 1.5e-005
6750 1.65937e-005
6751 1.5e-005
6752 1.65937e-005
6753 1.81875e-005
6754 1.5e-005
6755 1.5e-005
6756 1.5e-005
6757 1.5e-005
6758 1.5e-005
6759 1.5e-005
6760 1.65937e-005
6761 1.5e-005
6762 1.5e-005
6763 1.5e-005
6764 1.5e-005
6765 1.81875e-005
6766 1.81875e-005
6767 1.5e-005
6768 1.5e-005
6769 1.5e-005
6770 1.65937e-005
6771 1.5e-005
6772 1.5e-005
6773 1.5e-005
6774 1.5e-005
6775 1.5e-005
6776 1.5e-005
6777 1.5e-005
6778 1.5e-005
6779 1.5e-005
6780 1.5e-005
6781 1.5e-005
6782 1.5e-005
6783 1.81875e-005
6784 1.5e-005
6785 1.5e-005
6786 1.5e-005
6787 1.65937e-005
6788 1.5e-005
6789 1.65937e-005
6790 1.5e-005
6791 1.5e-005
6792 1.5e-005
6793 1.5e-005
6794 1.5e-005
6795 1.5e-005
6796 1.5e-005
6797 1.5e-005
6798 1.5e-005
6799 1.97812e-005
6800 1.5e-005
6801 1.5e-005
6802 1.5e-005
6803 1.5e-005
6804 1.65937e-005
6805 1.5e-005
6806 1.5e-005
6807 1.65937e-005
6808 1.5e-005
6809 1.5e-005
6810 1.97812e-005
6811 1.5e-005
6812 1.5e-005
6813 1.5e-005
6814 1.81875e-005
6815 1.65937e-005
6816 1.67631e-005
6817 1.5e-005
6818 1.5e-005
6819 1.81875e-005
6820 1.5e-005
6821 1.5e-005
6822 1.5e-005
6823 1.65937e-005
6824 1.5e-005
6825 1.5e-005
6826 1.81875e-005
6827 1.5e-005
6828 1.5e-005
6829 1.5e-005
6830 1.5e-005
6831 1.65937e-005
6832 1.65937e-005
6833 1.5e-005
6834 1.65937e-005
6835 1.65937e-005
6836 1.65937e-005
6837 1.5e-005
6838 1.5e-005
6839 1.65937e-005
6840 1.5e-005
6841 1.5e-005
6842 1.5e-005
6843 1.5e-005
6844 1.65937e-005
6845 1.5e-005
6846 1.5e-005
6847 1.65937e-005
6848 1.5e-005
6849 1.5e-005
6850 1.5e-005
6851 1.5e-005
6852 1.65937e-005
6853 1.5e-005
6854 1.5e-005
6855 1.5e-005
6856 1.81875e-005
6857 1.5e-005
6858 1.5e-005
6859 1.5e-005
6860 1.5e-005
6861 1.5e-005
6862 1.5e-005
6863 1.5e-005
6864 1.65937e-005
6865 1.5e-005
6866 1.81875e-005
6867 1.5e-005
6868 1.5e-005
6869 1.81875e-005
6870 1.65937e-005
6871 1.5e-005
6872 1.5e-005
6873 1.5e-005
6874 1.5e-005
6875 1.5e-005
6876 1.5e-005
6877 1.65937e-005
6878 1.5e-005
6879 1.5e-005
6880 1.65937e-005
6881 1.5e-005
6882 1.81875e-005
6883 1.5e-005
6884 1.5e-005
6885 1.5e-005
6886 1.5e-005
6887 1.5e-005
6888 1.5e-005
6889 1.81875e-005
6890 1.65937e-005
6891 1.5e-005
6892 1.5e-005
6893 1.5e-005
6894 1.81875e-005
6895 1.5e-005
6896 1.5e-005
6897 1.5e-005
6898 1.81875e-005
6899 1.99506e-005
6900 1.81875e-005
6901 1.5e-005
6902 1.5e-005
6903 1.5e-005
6904 1.65937e-005
6905 1.5e-005
6906 1.5e-005
6907 1.5e-005
6908 1.5e-005
6909 1.5e-005
6910 1.5e-005
6911 1.5e-005
6912 1.5e-005
6913 1.5e-005
6914 1.65937e-005
6915 1.5e-005
6916 1.5e-005
6917 1.65937e-005
6918 1.65937e-005
6919 1.5e-005
6920 1.5e-005
6921 1.5e-005
6922 1.5e-005
6923 1.5e-005
6924 1.65937e-005
6925 1.65937e-005
6926 1.5e-005
6927 1.5e-005
6928 1.65937e-005
6929 1.5e-005
6930 1.5e-005
6931 1.5e-005
6932 1.65937e-005
6933 1.5e-005
6934 1.5e-005
6935 1.65937e-005
6936 2.01199e-005
6937 1.5e-005
6938 1.5e-005
6939 1.5e-005
6940 1.5e-005
6941 1.5e-005
6942 1.5e-005
6943 1.5e-005
6944 1.81875e-005
6945 1.81875e-005
6946 1.5e-005
6947 1.5e-005
6948 1.5e-005
6949 1.65937e-005
6950 1.5e-005
6951 1.65937e-005
6952 1.5e-005
6953 1.65937e-005
6954 2.1375e-005
6955 1.5e-005
6956 1.5e-005
6957 1.5e-005
6958 1.5e-005
6959 1.5e-005
6960 1.5e-005
6961 1.81875e-005
6962 1.5e-005
6963 1.5e-005
6964 1.5e-005
6965 1.5e-005
6966 1.5e-005
6967 1.5e-005
6968 1.5e-005
6969 1.65937e-005
6970 1.5e-005
6971 1.81875e-005
6972 1.65937e-005
6973 1.5e-005
6974 1.67631e-005
6975 1.5e-005
6976 1.65937e-005
6977 1.5e-005
6978 1.5e-005
6979 1.65937e-005
6980 1.65937e-005
6981 1.65937e-005
6982 1.5e-005
6983 1.5e-005
6984 1.65937e-005
6985 1.5e-005
6986 1.5e-005
6987 1.5e-005
6988 1.5e-005
6989 1.5e-005
6990 1.5e-005
6991 1.5e-005
6992 1.5e-005
6993 1.5e-005
6994 1.5e-005
6995 1.5e-005
6996 1.65937e-005
6997 1.5e-005
6998 1.65937e-005
6999 1.5e-005
7000 1.5e-005
7001 1.5e-005
7002 1.65937e-005
7003 1.5e-005
7004 1.5e-005
7005 1.5e-005
7006 1.5e-005
7007 1.65937e-005
7008 1.5e-005
7009 1.65937e-005
7010 1.65937e-005
7011 1.5e-005
7012 1.5e-005
7013 1.5e-005
7014 1.5e-005
7015 1.5e-005
7016 1.5e-005
7017 1.5e-005
7018 1.5e-005
7019 1.65937e-005
7020 1.5e-005
7021 1.5e-005
7022 1.5e-005
7023 1.5e-005
7024 1.5e-005
7025 1.5e-005
7026 1.65937e-005
7027 1.65937e-005
7028 1.65937e-005
7029 1.67631e-005
7030 1.5e-005
7031 1.5e-005
7032 1.5e-005
7033 1.5e-005
7034 1.65937e-005
7035 1.65937e-005
7036 1.81875e-005
7037 1.5e-005
7038 1.5e-005
7039 1.5e-005
7040 1.5e-005
7041 1.5e-005
7042 1.5e-005
7043 1.5e-005
7044 1.5e-005
7045 1.5e-005
7046 2.15443e-005
7047 2.1375e-005
7048 1.5e-005
7049 1.5e-005
7050 1.5e-005
7051 1.5e-005
7052 1.65937e-005
7053 1.5e-005
7054 1.5e-005
7055 1.65937e-005
7056 1.65937e-005
7057 1.65937e-005
7058 1.5e-005
7059 1.5e-005
7060 1.65937e-005
7061 1.65937e-005
7062 2.15443e-005
7063 1.65937e-005
7064 1.5e-005
7065 1.65937e-005
7066 1.5e-005
7067 1.5e-005
7068 1.69324e-005
7069 1.81875e-005
7070 1.65937e-005
7071 1.65937e-005
7072 1.5e-005
7073 1.5e-005
7074 1.65937e-005
7075 1.5e-005
7076 1.5e-005
7077 1.65937e-005
7078 1.5e-005
7079 1.5e-005
7080 1.81875e-005
7081 1.5e-005
7082 1.5e-005
7083 1.5e-005
7084 1.5e-005
7085 1.5e-005
7086 1.5e-005
7087 1.5e-005
7088 1.5e-005
7089 1.5e-005
7090 1.5e-005
7091 1.65937e-005
7092 1.5e-005
7093 1.5e-005
7094 1.5e-005
7095 1.5e-005
7096 1.5e-005
7097 1.65937e-005
7098 1.5e-005
7099 1.5e-005
7100 1.5e-005
7101 1.5e-005
7102 1.5e-005
7103 1.5e-005
7104 1.5e-005
7105 1.5e-005
7106 1.5e-005
7107 1.5e-005
7108 1.65937e-005
7109 1.5e-005
7110 1.5e-005
7111 1.5e-005
7112 1.5e-005
7113 1.5e-005
7114 1.5e-005
7115 1.65937e-005
7116 1.5e-005
7117 1.5e-005
7118 1.5e-005
7119 1.5e-005
7120 1.65937e-005
7121 1.5e-005
7122 1.5e-005
7123 1.5e-005
7124 1.5e-005
7125 1.65937e-005
7126 1.5e-005
7127 1.65937e-005
7128 1.67631e-005
7129 1.5e-005
7130 1.5e-005
7131 1.5e-005
7132 1.5e-005
7133 1.5e-005
7134 1.5e-005
7135 1.5e-005
7136 1.5e-005
7137 1.5e-005
7138 1.5e-005
7139 1.81875e-005
7140 1.65937e-005
7141 1.5e-005
7142 1.5e-005
7143 1.81875e-005
7144 1.65937e-005
7145 1.5e-005
7146 1.5e-005
7147 1.5e-005
7148 1.5e-005
7149 1.5e-005
7150 1.5e-005
7151 1.65937e-005
7152 1.5e-005
7153 1.5e-005
7154 1.5e-005
7155 1.5e-005
7156 1.83568e-005
7157 1.5e-005
7158 1.5e-005
7159 1.67631e-005
7160 1.65937e-005
7161 1.5e-005
7162 1.65937e-005
7163 1.5e-005
7164 2.31381e-005
7165 1.67631e-005
7166 1.5e-005
7167 1.5e-005
7168 1.5e-005
7169 1.5e-005
7170 1.5e-005
7171 1.5e-005
7172 1.5e-005
7173 1.5e-005
7174 1.5e-005
7175 1.65937e-005
7176 1.5e-005
7177 1.5e-005
7178 1.5e-005
7179 1.65937e-005
7180 1.5e-005
7181 1.5e-005
7182 1.67631e-005
7183 1.5e-005
7184 1.81875e-005
7185 1.5e-005
7186 1.5e-005
7187 1.5e-005
7188 1.5e-005
7189 1.67631e-005
7190 2.45625e-005
7191 1.65937e-005
7192 1.5e-005
7193 1.5e-005
7194 1.5e-005
7195 1.5e-005
7196 1.5e-005
7197 1.5e-005
7198 1.5e-005
7199 1.5e-005
7200 1.65937e-005
7201 1.5e-005
7202 1.5e-005
7203 1.65937e-005
7204 1.5e-005
7205 1.5e-005
7206 1.5e-005
7207 1.5e-005
7208 1.5e-005
7209 1.5e-005
7210 1.5e-005
7211 1.5e-005
7212 1.65937e-005
7213 1.65937e-005
7214 1.5e-005
7215 1.5e-005
7216 1.5e-005
7217 1.5e-005
7218 1.5e-005
7219 1.5e-005
7220 1.65937e-005
7221 1.5e-005
7222 1.5e-005
7223 1.5e-005
7224 1.5e-005
7225 1.5e-005
7226 1.5e-005
7227 1.5e-005
7228 1.5e-005
7229 1.5e-005
7230 1.5e-005
7231 1.5e-005
7232 1.5e-005
7233 1.5e-005
7234 1.5e-005
7235 1.83568e-005
7236 1.5e-005
7237 1.5e-005
7238 1.5e-005
7239 1.67631e-005
7240 1.5e-005
7241 1.5e-005
7242 1.5e-005
7243 1.5e-005
7244 1.5e-005
7245 1.5e-005
7246 1.5e-005
7247 1.5e-005
7248 1.5e-005
7249 1.5e-005
7250 1.5e-005
7251 1.5e-005
7252 1.5e-005
7253 1.65937e-005
7254 1.5e-005
7255 1.5e-005
7256 1.5e-005
7257 1.5e-005
7258 1.65937e-005
7259 1.67631e-005
7260 1.5e-005
7261 1.65937e-005
7262 1.5e-005
7263 1.5e-005
7264 1.5e-005
7265 1.5e-005
7266 1.5e-005
7267 1.5e-005
7268 1.65937e-005
7269 1.65937e-005
7270 1.5e-005
7271 1.5e-005
7272 1.5e-005
7273 1.5e-005
7274 1.5e-005
7275 1.5e-005
7276 1.5e-005
7277 1.5e-005
7278 1.83568e-005
7279 1.5e-005
7280 1.5e-005
7281 1.5e-005
7282 1.5e-005
7283 1.65937e-005
7284 1.67631e-005
7285 1.5e-005
7286 1.65937e-005
7287 1.5e-005
7288 1.5e-005
7289 1.65937e-005
7290 1.67631e-005
7291 1.5e-005
7292 1.5e-005
7293 1.5e-005
7294 1.5e-005
7295 1.65937e-005
7296 1.65937e-005
7297 1.5e-005
7298 1.65937e-005
7299 1.5e-005
7300 1.5e-005
7301 1.5e-005
7302 1.5e-005
7303 1.5e-005
7304 1.5e-005
7305 1.5e-005
7306 1.5e-005
7307 1.5e-005
7308 1.5e-005
7309 1.81875e-005
7310 1.5e-005
7311 1.5e-005
7312 1.5e-005
7313 1.5e-005
7314 1.65937e-005
7315 1.5e-005
7316 1.65937e-005
7317 1.99506e-005
7318 1.5e-005
7319 1.5e-005
7320 1.5e-005
7321 1.5e-005
7322 1.5e-005
7323 1.5e-005
7324 1.5e-005
7325 1.5e-005
7326 1.5e-005
7327 1.5e-005
7328 1.5e-005
7329 1.5e-005
7330 1.5e-005
7331 1.5e-005
7332 1.65937e-005
7333 1.5e-005
7334 1.5e-005
7335 1.5e-005
7336 1.5e-005
7337 1.5e-005
7338 1.67631e-005
7339 1.5e-005
7340 1.5e-005
7341 1.5e-005
7342 1.5e-005
7343 1.5e-005
7344 1.5e-005
7345 1.5e-005
7346 1.5e-005
7347 1.5e-005
7348 1.65937e-005
7349 1.5e-005
7350 1.65937e-005
7351 1.65937e-005
7352 1.5e-005
7353 1.5e-005
7354 1.5e-005
7355 1.5e-005
7356 1.5e-005
7357 1.5e-005
7358 1.67631e-005
7359 1.5e-005
7360 1.5e-005
7361 1.5e-005
7362 1.5e-005
7363 1.65937e-005
7364 1.65937e-005
7365 1.97812e-005
7366 1.5e-005
7367 1.5e-005
7368 1.5e-005
7369 1.81875e-005
7370 1.65937e-005
7371 1.5e-005
7372 1.5e-005
7373 1.5e-005
7374 1.65937e-005
7375 1.5e-005
7376 1.81875e-005
7377 1.65937e-005
7378 1.5e-005
7379 1.5e-005
7380 1.5e-005
7381 1.5e-005
7382 1.5e-005
7383 1.5e-005
7384 1.65937e-005
7385 1.81875e-005
7386 1.5e-005
7387 1.5e-005
7388 1.65937e-005
7389 1.65937e-005
7390 1.5e-005
7391 1.65937e-005
7392 1.65937e-005
7393 1.5e-005
7394 1.65937e-005
7395 1.65937e-005
7396 1.5e-005
7397 1.5e-005
7398 1.5e-005
7399 1.65937e-005
7400 1.5e-005
7401 1.5e-005
7402 1.5e-005
7403 1.5e-005
7404 1.5e-005
7405 1.65937e-005
7406 1.5e-005
7407 1.5e-005
7408 1.97812e-005
7409 1.5e-005
7410 1.5e-005
7411 1.5e-005
7412 1.5e-005
7413 1.81875e-005
7414 1.5e-005
7415 1.5e-005
7416 1.5e-005
7417 1.5e-005
7418 1.5e-005
7419 1.83568e-005
7420 1.5e-005
7421 1.5e-005
7422 1.5e-005
7423 1.5e-005
7424 1.5e-005
7425 1.5e-005
7426 1.65937e-005
7427 1.65937e-005
7428 1.5e-005
7429 1.5e-005
7430 1.5e-005
7431 1.5e-005
7432 1.5e-005
7433 1.5e-005
7434 1.5e-005
7435 2.1375e-005
7436 1.5e-005
7437 1.65937e-005
7438 1.65937e-005
7439 1.5e-005
7440 1.5e-005
7441 1.5e-005
7442 1.5e-005
7443 1.5e-005
7444 1.65937e-005
7445 1.5e-005
7446 1.5e-005
7447 1.5e-005
7448 1.5e-005
7449 1.5e-005
7450 1.5e-005
7451 1.5e-005
7452 1.65937e-005
7453 1.5e-005
7454 2.17137e-005
7455 1.5e-005
7456 1.5e-005
7457 1.5e-005
7458 1.5e-005
7459 1.5e-005
7460 1.65937e-005
7461 1.5e-005
7462 1.5e-005
7463 1.5e-005
7464 1.5e-005
7465 1.5e-005
7466 1.5e-005
7467 1.5e-005
7468 1.5e-005
7469 1.5e-005
7470 1.99506e-005
7471 1.5e-005
7472 1.81875e-005
7473 1.5e-005
7474 1.5e-005
7475 1.5e-005
7476 1.5e-005
7477 1.5e-005
7478 1.65937e-005
7479 1.81875e-005
7480 1.5e-005
7481 1.5e-005
7482 1.5e-005
7483 1.5e-005
7484 1.5e-005
7485 1.5e-005
7486 1.65937e-005
7487 1.5e-005
7488 1.65937e-005
7489 1.5e-005
7490 1.5e-005
7491 1.5e-005
7492 1.5e-005
7493 1.81875e-005
7494 1.5e-005
7495 1.5e-005
7496 1.5e-005
7497 1.65937e-005
7498 1.5e-005
7499 1.5e-005
7500 1.5e-005
7501 1.81875e-005
7502 1.65937e-005
7503 1.5e-005
7504 1.5e-005
7505 1.5e-005
7506 1.65937e-005
7507 1.65937e-005
7508 1.5e-005
7509 1.5e-005
7510 1.65937e-005
7511 1.5e-005
7512 1.5e-005
7513 1.5e-005
7514 1.5e-005
7515 1.5e-005
7516 1.5e-005
7517 1.65937e-005
7518 1.5e-005
7519 1.5e-005
7520 1.5e-005
7521 1.65937e-005
7522 1.65937e-005
7523 1.5e-005
7524 1.65937e-005
7525 1.5e-005
7526 1.5e-005
7527 1.5e-005
7528 1.5e-005
7529 1.5e-005
7530 1.5e-005
7531 1.5e-005
7532 1.5e-005
7533 1.5e-005
7534 1.5e-005
7535 1.5e-005
7536 1.65937e-005
7537 1.65937e-005
7538 1.5e-005
7539 1.65937e-005
7540 1.65937e-005
7541 1.5e-005
7542 1.5e-005
7543 1.5e-005
7544 1.5e-005
7545 1.5e-005
7546 1.5e-005
7547 1.5e-005
7548 1.5e-005
7549 1.5e-005
7550 1.5e-005
7551 1.5e-005
7552 1.5e-005
7553 1.5e-005
7554 1.81875e-005
7555 1.5e-005
7556 1.65937e-005
7557 1.5e-005
7558 1.65937e-005
7559 1.5e-005
7560 1.5e-005
7561 1.5e-005
7562 1.5e-005
7563 1.5e-005
7564 1.5e-005
7565 1.5e-005
7566 1.5e-005
7567 1.5e-005
7568 1.5e-005
7569 1.5e-005
7570 1.5e-005
7571 1.5e-005
7572 1.5e-005
7573 1.5e-005
7574 1.65937e-005
7575 1.5e-005
7576 1.5e-005
7577 1.5e-005
7578 1.5e-005
7579 1.5e-005
7580 1.5e-005
7581 1.5e-005
7582 1.5e-005
7583 1.5e-005
7584 1.5e-005
7585 1.5e-005
7586 1.5e-005
7587 1.5e-005
7588 1.65937e-005
7589 1.65937e-005
7590 1.5e-005
7591 1.65937e-005
7592 1.5e-005
7593 1.5e-005
7594 1.65937e-005
7595 1.5e-005
7596 1.5e-005
7597 1.5e-005
7598 1.5e-005
7599 1.5e-005
7600 1.5e-005
7601 1.5e-005
7602 1.97812e-005
7603 1.65937e-005
7604 1.5e-005
7605 1.5e-005
7606 1.5e-005
7607 1.5e-005
7608 1.5e-005
7609 1.5e-005
7610 1.65937e-005
7611 1.65937e-005
7612 1.5e-005
7613 1.5e-005
7614 1.65937e-005
7615 1.81875e-005
7616 1.65937e-005
7617 1.5e-005
7618 1.5e-005
7619 1.5e-005
7620 1.5e-005
7621 1.5e-005
7622 1.5e-005
7623 1.65937e-005
7624 1.5e-005
7625 1.65937e-005
7626 1.81875e-005
7627 1.5e-005
7628 1.5e-005
7629 1.5e-005
7630 1.5e-005
7631 1.5e-005
7632 1.65937e-005
7633 1.65937e-005
7634 1.5e-005
7635 1.5e-005
7636 1.67631e-005
7637 1.5e-005
7638 1.5e-005
7639 1.5e-005
7640 1.5e-005
7641 1.65937e-005
7642 1.5e-005
7643 1.5e-005
7644 1.5e-005
7645 1.5e-005
7646 1.65937e-005
7647 1.5e-005
7648 1.5e-005
7649 1.5e-005
7650 1.65937e-005
7651 1.5e-005
7652 1.5e-005
7653 1.5e-005
7654 1.65937e-005
7655 1.65937e-005
7656 1.5e-005
7657 1.5e-005
7658 1.65937e-005
7659 1.5e-005
7660 1.5e-005
7661 1.5e-005
7662 1.5e-005
7663 1.81875e-005
7664 1.5e-005
7665 1.5e-005
7666 1.65937e-005
7667 1.5e-005
7668 1.5e-005
7669 1.81875e-005
7670 1.5e-005
7671 1.5e-005
7672 1.5e-005
7673 1.5e-005
7674 1.5e-005
7675 1.5e-005
7676 1.5e-005
7677 1.5e-005
7678 1.65937e-005
7679 1.65937e-005
7680 1.5e-005
7681 1.5e-005
7682 1.5e-005
7683 1.5e-005
7684 1.5e-005
7685 1.5e-005
7686 1.5e-005
7687 1.5e-005
7688 1.5e-005
7689 1.5e-005
7690 1.5e-005
7691 1.5e-005
7692 1.5e-005
7693 1.5e-005
7694 1.65937e-005
7695 1.65937e-005
7696 1.5e-005
7697 1.5e-005
7698 1.65937e-005
7699 1.5e-005
7700 1.5e-005
7701 1.5e-005
7702 1.5e-005
7703 1.97812e-005
7704 1.65937e-005
7705 1.81875e-005
7706 1.5e-005
7707 1.5e-005
7708 1.65937e-005
7709 1.5e-005
7710 1.5e-005
7711 1.5e-005
7712 1.5e-005
7713 1.5e-005
7714 1.65937e-005
7715 1.5e-005
7716 1.5e-005
7717 1.5e-005
7718 1.5e-005
7719 1.5e-005
7720 1.5e-005
7721 1.65937e-005
7722 1.5e-005
7723 1.5e-005
7724 1.5e-005
7725 1.81875e-005
7726 1.67631e-005
7727 1.65937e-005
7728 1.5e-005
7729 1.5e-005
7730 1.5e-005
7731 1.5e-005
7732 1.5e-005
7733 1.65937e-005
7734 1.5e-005
7735 1.5e-005
7736 1.65937e-005
7737 1.5e-005
7738 1.5e-005
7739 1.5e-005
7740 1.5e-005
7741 1.5e-005
7742 1.5e-005
7743 1.5e-005
7744 1.5e-005
7745 1.5e-005
7746 1.5e-005
7747 1.5e-005
7748 1.65937e-005
7749 1.5e-005
7750 1.5e-005
7751 1.65937e-005
7752 1.65937e-005
7753 1.5e-005
7754 1.5e-005
7755 1.5e-005
7756 1.5e-005
7757 1.65937e-005
7758 1.5e-005
7759 1.5e-005
7760 1.5e-005
7761 1.5e-005
7762 1.5e-005
7763 1.5e-005
7764 1.5e-005
7765 1.5e-005
7766 1.67631e-005
7767 1.5e-005
7768 1.5e-005
7769 1.5e-005
7770 1.81875e-005
7771 1.5e-005
7772 1.65937e-005
7773 1.5e-005
7774 1.65937e-005
7775 1.5e-005
7776 1.5e-005
7777 1.5e-005
7778 1.5e-005
7779 1.5e-005
7780 1.5e-005
7781 1.5e-005
7782 1.5e-005
7783 1.5e-005
7784 1.5e-005
7785 1.5e-005
7786 1.65937e-005
7787 1.65937e-005
7788 1.5e-005
7789 1.5e-005
7790 1.65937e-005
7791 1.5e-005
7792 1.65937e-005
7793 1.5e-005
7794 1.5e-005
7795 1.5e-005
7796 1.81875e-005
7797 1.65937e-005
7798 1.65937e-005
7799 1.5e-005
7800 1.5e-005
7801 1.65937e-005
7802 1.5e-005
7803 1.5e-005
7804 1.5e-005
7805 1.5e-005
7806 1.65937e-005
7807 1.5e-005
7808 1.5e-005
7809 1.5e-005
7810 1.5e-005
7811 1.5e-005
7812 1.5e-005
7813 1.67631e-005
7814 1.5e-005
7815 1.5e-005
7816 1.5e-005
7817 1.5e-005
7818 1.5e-005
7819 1.65937e-005
7820 1.65937e-005
7821 1.5e-005
7822 1.5e-005
7823 1.5e-005
7824 1.5e-005
7825 1.5e-005
7826 1.5e-005
7827 1.5e-005
7828 1.5e-005
7829 1.5e-005
7830 1.5e-005
7831 1.5e-005
7832 1.5e-005
7833 1.5e-005
7834 1.5e-005
7835 1.65937e-005
7836 1.5e-005
7837 1.5e-005
7838 1.5e-005
7839 1.5e-005
7840 1.5e-005
7841 1.5e-005
7842 1.5e-005
7843 1.5e-005
7844 1.65937e-005
7845 1.5e-005
7846 1.5e-005
7847 1.5e-005
7848 1.5e-005
7849 1.5e-005
7850 1.5e-005
7851 1.5e-005
7852 1.5e-005
7853 1.5e-005
7854 1.5e-005
7855 1.5e-005
7856 1.5e-005
7857 1.5e-005
7858 1.5e-005
7859 1.5e-005
7860 1.81875e-005
7861 1.5e-005
7862 1.5e-005
7863 1.5e-005
7864 1.5e-005
7865 1.5e-005
7866 1.5e-005
7867 1.5e-005
7868 1.5e-005
7869 1.5e-005
7870 1.5e-005
7871 1.5e-005
7872 1.5e-005
7873 1.5e-005
7874 1.67631e-005
7875 1.5e-005
7876 1.5e-005
7877 1.5e-005
7878 1.5e-005
7879 1.5e-005
7880 1.5e-005
7881 1.5e-005
7882 1.5e-005
7883 1.5e-005
7884 1.5e-005
7885 1.5e-005
7886 1.5e-005
7887 1.5e-005
7888 1.83568e-005
7889 1.65937e-005
7890 1.5e-005
7891 1.5e-005
7892 1.5e-005
7893 1.81875e-005
7894 1.5e-005
7895 1.5e-005
7896 1.5e-005
7897 1.5e-005
7898 1.5e-005
7899 1.5e-005
7900 1.65937e-005
7901 1.5e-005
7902 1.65937e-005
7903 1.5e-005
7904 1.5e-005
7905 1.5e-005
7906 1.5e-005
7907 1.65937e-005
7908 1.5e-005
7909 1.5e-005
7910 1.5e-005
7911 1.5e-005
7912 1.5e-005
7913 1.65937e-005
7914 1.5e-005
7915 1.81875e-005
7916 1.5e-005
7917 1.65937e-005
7918 1.5e-005
7919 1.5e-005
7920 1.5e-005
7921 1.5e-005
7922 1.5e-005
7923 1.5e-005
7924 1.5e-005
7925 1.5e-005
7926 1.5e-005
7927 1.5e-005
7928 1.65937e-005
7929 1.5e-005
7930 1.5e-005
7931 1.5e-005
7932 1.65937e-005
7933 1.5e-005
7934 1.5e-005
7935 1.5e-005
7936 1.5e-005
7937 1.5e-005
7938 1.5e-005
7939 1.5e-005
7940 1.5e-005
7941 1.5e-005
7942 1.5e-005
7943 1.5e-005
7944 1.5e-005
7945 1.65937e-005
7946 1.5e-005
7947 1.5e-005
7948 1.5e-005
7949 1.5e-005
7950 1.5e-005
7951 1.67631e-005
7952 1.5e-005
7953 1.5e-005
7954 1.5e-005
7955 1.65937e-005
7956 1.5e-005
7957 1.65937e-005
7958 1.81875e-005
7959 1.5e-005
7960 1.5e-005
7961 1.5e-005
7962 1.5e-005
7963 1.5e-005
7964 1.5e-005
7965 1.5e-005
7966 1.5e-005
7967 1.5e-005
7968 1.5e-005
7969 1.5e-005
7970 1.5e-005
7971 1.5e-005
7972 1.5e-005
7973 1.5e-005
7974 1.5e-005
7975 1.5e-005
7976 1.5e-005
7977 1.5e-005
7978 1.5e-005
7979 1.5e-005
7980 1.5e-005
7981 1.5e-005
7982 1.5e-005
7983 1.5e-005
7984 1.5e-005
7985 1.5e-005
7986 1.5e-005
7987 1.67631e-005
7988 1.5e-005
7989 1.65937e-005
7990 1.5e-005
7991 1.5e-005
7992 1.5e-005
7993 1.5e-005
7994 1.5e-005
7995 1.5e-005
7996 1.5e-005
7997 1.5e-005
7998 1.5e-005
7999 1.5e-005
8000 1.5e-005
8001 1.5e-005
8002 1.5e-005
8003 1.5e-005
8004 1.65937e-005
8005 1.65937e-005
8006 1.5e-005
8007 1.5e-005
8008 1.5e-005
8009 1.65937e-005
8010 1.5e-005
8011 1.5e-005
8012 1.5e-005
8013 1.65937e-005
8014 1.5e-005
8015 1.5e-005
8016 1.5e-005
8017 1.5e-005
8018 1.65937e-005
8019 1.5e-005
8020 1.5e-005
8021 1.5e-005
8022 1.5e-005
8023 1.65937e-005
8024 1.5e-005
8025 1.5e-005
8026 1.5e-005
8027 1.5e-005
8028 1.5e-005
8029 1.5e-005
8030 1.65937e-005
8031 1.5e-005
8032 1.5e-005
8033 1.5e-005
8034 1.5e-005
8035 1.5e-005
8036 1.65937e-005
8037 1.5e-005
8038 1.5e-005
8039 1.5e-005
8040 1.65937e-005
8041 1.65937e-005
8042 1.5e-005
8043 1.5e-005
8044 1.5e-005
8045 1.5e-005
8046 1.5e-005
8047 1.5e-005
8048 1.5e-005
8049 1.5e-005
8050 1.65937e-005
8051 1.5e-005
8052 1.65937e-005
8053 1.5e-005
8054 1.5e-005
8055 1.5e-005
8056 1.5e-005
8057 1.5e-005
8058 1.5e-005
8059 1.5e-005
8060 1.5e-005
8061 1.5e-005
8062 1.5e-005
8063 1.5e-005
8064 1.5e-005
8065 1.5e-005
8066 1.5e-005
8067 1.5e-005
8068 1.5e-005
8069 1.5e-005
8070 1.5e-005
8071 1.65937e-005
8072 1.5e-005
8073 1.5e-005
8074 1.5e-005
8075 1.5e-005
8076 1.5e-005
8077 1.65937e-005
8078 1.5e-005
8079 1.5e-005
8080 1.5e-005
8081 1.5e-005
8082 1.5e-005
8083 1.5e-005
8084 1.5e-005
8085 1.5e-005
8086 1.5e-005
8087 1.5e-005
8088 1.69324e-005
8089 1.5e-005
8090 1.65937e-005
8091 1.5e-005
8092 1.5e-005
8093 1.5e-005
8094 1.5e-005
8095 1.5e-005
8096 1.5e-005
8097 1.83568e-005
8098 1.5e-005
8099 1.65937e-005
8100 1.65937e-005
8101 1.5e-005
8102 1.5e-005
8103 1.5e-005
8104 1.5e-005
8105 1.65937e-005
8106 1.65937e-005
8107 1.5e-005
8108 1.5e-005
8109 1.5e-005
8110 1.65937e-005
8111 1.65937e-005
8112 1.5e-005
8113 1.5e-005
8114 1.65937e-005
8115 1.5e-005
8116 1.5e-005
8117 1.5e-005
8118 1.5e-005
8119 1.5e-005
8120 1.5e-005
8121 1.5e-005
8122 1.5e-005
8123 1.5e-005
8124 1.5e-005
8125 1.5e-005
8126 1.5e-005
8127 1.5e-005
8128 1.67631e-005
8129 1.5e-005
8130 1.5e-005
8131 1.65937e-005
8132 1.65937e-005
8133 1.5e-005
8134 1.5e-005
8135 1.5e-005
8136 1.5e-005
8137 1.5e-005
8138 1.5e-005
8139 1.5e-005
8140 1.5e-005
8141 1.81875e-005
8142 1.5e-005
8143 1.5e-005
8144 1.5e-005
8145 1.5e-005
8146 1.65937e-005
8147 1.5e-005
8148 1.5e-005
8149 1.5e-005
8150 1.5e-005
8151 1.5e-005
8152 1.65937e-005
8153 1.5e-005
8154 1.5e-005
8155 1.5e-005
8156 1.5e-005
8157 1.5e-005
8158 1.5e-005
8159 1.5e-005
8160 1.5e-005
8161 1.5e-005
8162 1.67631e-005
8163 1.5e-005
8164 1.5e-005
8165 1.5e-005
8166 1.5e-005
8167 1.5e-005
8168 1.5e-005
8169 1.5e-005
8170 1.65937e-005
8171 1.5e-005
8172 1.5e-005
8173 1.5e-005
8174 1.5e-005
8175 1.81875e-005
8176 1.5e-005
8177 1.5e-005
8178 1.65937e-005
8179 1.5e-005
8180 1.5e-005
8181 1.5e-005
8182 1.81875e-005
8183 1.5e-005
8184 1.5e-005
8185 1.5e-005
8186 1.5e-005
8187 1.5e-005
8188 1.5e-005
8189 1.5e-005
8190 1.81875e-005
8191 1.5e-005
8192 1.5e-005
8193 1.5e-005
8194 1.5e-005
8195 1.65937e-005
8196 1.97812e-005
8197 1.5e-005
8198 1.5e-005
8199 1.5e-005
8200 1.5e-005
8201 1.5e-005
8202 1.5e-005
8203 1.5e-005
8204 1.5e-005
8205 1.5e-005
8206 1.5e-005
8207 1.5e-005
8208 1.5e-005
8209 1.5e-005
8210 1.5e-005
8211 1.5e-005
8212 1.5e-005
8213 1.5e-005
8214 1.65937e-005
8215 1.5e-005
8216 1.5e-005
8217 1.5e-005
8218 1.5e-005
8219 1.5e-005
8220 1.5e-005
8221 1.5e-005
8222 1.5e-005
8223 1.5e-005
8224 1.5e-005
8225 1.5e-005
8226 1.65937e-005
8227 1.5e-005
8228 1.5e-005
8229 1.5e-005
8230 1.5e-005
8231 1.65937e-005
8232 1.65937e-005
8233 1.5e-005
8234 1.5e-005
8235 1.5e-005
8236 1.5e-005
8237 1.65937e-005
8238 1.5e-005
8239 1.5e-005
8240 1.5e-005
8241 1.5e-005
8242 1.5e-005
8243 1.5e-005
8244 1.5e-005
8245 1.5e-005
8246 1.65937e-005
8247 1.5e-005
8248 1.5e-005
8249 1.5e-005
8250 1.5e-005
8251 1.5e-005
8252 1.5e-005
8253 1.5e-005
8254 1.5e-005
8255 1.5e-005
8256 1.5e-005
8257 1.5e-005
8258 1.65937e-005
8259 1.5e-005
8260 1.5e-005
8261 1.5e-005
8262 1.5e-005
8263 1.65937e-005
8264 1.5e-005
8265 1.5e-005
8266 1.5e-005
8267 1.65937e-005
8268 1.5e-005
8269 1.5e-005
8270 1.5e-005
8271 1.65937e-005
8272 1.5e-005
8273 1.5e-005
8274 1.5e-005
8275 1.5e-005
8276 1.5e-005
8277 1.5e-005
8278 1.5e-005
8279 1.5e-005
8280 1.5e-005
8281 1.5e-005
8282 1.5e-005
8283 1.5e-005
8284 1.5e-005
8285 1.5e-005
8286 1.5e-005
8287 1.5e-005
8288 1.5e-005
8289 1.65937e-005
8290 1.5e-005
8291 1.81875e-005
8292 1.5e-005
8293 1.5e-005
8294 1.5e-005
8295 1.5e-005
8296 1.5e-005
8297 1.5e-005
8298 1.5e-005
8299 1.5e-005
8300 1.5e-005
8301 1.5e-005
8302 1.5e-005
8303 1.5e-005
8304 1.5e-005
8305 1.5e-005
8306 1.5e-005
8307 1.5e-005
8308 1.5e-005
8309 1.5e-005
8310 1.5e-005
8311 1.5e-005
8312 1.65937e-005
8313 1.5e-005
8314 1.5e-005
8315 1.65937e-005
8316 1.5e-005
8317 1.5e-005
8318 1.5e-005
8319 1.5e-005
8320 1.5e-005
8321 1.5e-005
8322 1.5e-005
8323 1.5e-005
8324 1.5e-005
8325 1.5e-005
8326 1.5e-005
8327 1.65937e-005
8328 1.5e-005
8329 1.5e-005
8330 1.5e-005
8331 1.5e-005
8332 1.5e-005
8333 1.65937e-005
8334 1.5e-005
8335 1.5e-005
8336 1.5e-005
8337 1.5e-005
8338 1.5e-005
8339 1.5e-005
8340 1.5e-005
8341 1.5e-005
8342 1.65937e-005
8343 1.5e-005
8344 1.5e-005
8345 1.5e-005
8346 1.5e-005
8347 1.5e-005
8348 1.5e-005
8349 1.65937e-005
8350 1.65937e-005
8351 1.5e-005
8352 1.5e-005
8353 2.29687e-005
8354 1.65937e-005
8355 1.5e-005
8356 1.5e-005
8357 1.5e-005
8358 1.5e-005
8359 1.5e-005
8360 1.5e-005
8361 1.5e-005
8362 1.5e-005
8363 1.5e-005
8364 1.65937e-005
8365 1.5e-005
8366 1.5e-005
8367 1.5e-005
8368 1.5e-005
8369 1.5e-005
8370 1.5e-005
8371 1.5e-005
8372 1.5e-005
8373 1.65937e-005
8374 1.5e-005
8375 1.5e-005
8376 1.65937e-005
8377 1.5e-005
8378 1.5e-005
8379 1.5e-005
8380 1.5e-005
8381 1.5e-005
8382 1.5e-005
8383 1.5e-005
8384 1.5e-005
8385 1.5e-005
8386 1.5e-005
8387 1.65937e-005
8388 1.5e-005
8389 1.5e-005
8390 1.65937e-005
8391 1.81875e-005
8392 1.65937e-005
8393 1.5e-005
8394 1.5e-005
8395 1.5e-005
8396 1.5e-005
8397 1.65937e-005
8398 1.5e-005
8399 1.5e-005
8400 1.5e-005
8401 1.65937e-005
8402 1.5e-005
8403 1.5e-005
8404 1.5e-005
8405 1.5e-005
8406 1.5e-005
8407 1.5e-005
8408 1.65937e-005
8409 1.5e-005
8410 1.5e-005
8411 1.5e-005
8412 1.5e-005
8413 1.5e-005
8414 1.5e-005
8415 1.5e-005
8416 1.5e-005
8417 1.5e-005
8418 1.5e-005
8419 1.5e-005
8420 1.5e-005
8421 1.65937e-005
8422 1.5e-005
8423 1.5e-005
8424 1.5e-005
8425 1.5e-005
8426 1.5e-005
8427 1.81875e-005
8428 1.5e-005
8429 1.5e-005
8430 1.5e-005
8431 1.5e-005
8432 2.01199e-005
8433 1.5e-005
8434 1.65937e-005
8435 1.5e-005
8436 1.5e-005
8437 1.5e-005
8438 1.5e-005
8439 1.5e-005
8440 1.65937e-005
8441 1.5e-005
8442 1.5e-005
8443 1.5e-005
8444 1.5e-005
8445 1.5e-005
8446 1.5e-005
8447 1.5e-005
8448 1.5e-005
8449 1.5e-005
8450 1.65937e-005
8451 1.5e-005
8452 1.5e-005
8453 1.5e-005
8454 1.65937e-005
8455 1.5e-005
8456 1.5e-005
8457 1.5e-005
8458 1.5e-005
8459 1.5e-005
8460 1.5e-005
8461 1.5e-005
8462 1.5e-005
8463 1.5e-005
8464 1.5e-005
8465 1.5e-005
8466 1.5e-005
8467 1.5e-005
8468 1.5e-005
8469 1.5e-005
8470 1.5e-005
8471 1.65937e-005
8472 1.5e-005
8473 1.5e-005
8474 1.5e-005
8475 1.5e-005
8476 1.65937e-005
8477 1.5e-005
8478 1.5e-005
8479 1.5e-005
8480 1.5e-005
8481 1.5e-005
8482 1.5e-005
8483 1.65937e-005
8484 1.5e-005
8485 1.5e-005
8486 1.5e-005
8487 1.5e-005
8488 1.5e-005
8489 1.5e-005
8490 1.5e-005
8491 1.5e-005
8492 1.5e-005
8493 1.5e-005
8494 1.5e-005
8495 1.5e-005
8496 1.81875e-005
8497 1.5e-005
8498 1.5e-005
8499 1.5e-005
8500 1.5e-005
8501 1.5e-005
8502 1.81875e-005
8503 1.5e-005
8504 1.5e-005
8505 1.5e-005
8506 1.5e-005
8507 1.5e-005
8508 1.5e-005
8509 1.5e-005
8510 1.65937e-005
8511 1.65937e-005
8512 1.5e-005
8513 1.5e-005
8514 1.5e-005
8515 1.85262e-005
8516 1.65937e-005
8517 1.5e-005
8518 1.5e-005
8519 1.5e-005
8520 1.5e-005
8521 1.5e-005
8522 1.5e-005
8523 1.5e-005
8524 1.5e-005
8525 1.65937e-005
8526 1.5e-005
8527 1.5e-005
8528 1.5e-005
8529 1.83568e-005
8530 1.5e-005
8531 1.5e-005
8532 1.5e-005
8533 1.5e-005
8534 1.5e-005
8535 1.65937e-005
8536 1.5e-005
8537 1.5e-005
8538 1.5e-005
8539 1.5e-005
8540 1.5e-005
8541 1.5e-005
8542 1.5e-005
8543 1.5e-005
8544 1.5e-005
8545 1.5e-005
8546 1.5e-005
8547 1.5e-005
8548 1.5e-005
8549 1.65937e-005
8550 1.5e-005
8551 1.5e-005
8552 1.5e-005
8553 1.5e-005
8554 1.5e-005
8555 1.5e-005
8556 1.5e-005
8557 1.65937e-005
8558 1.5e-005
8559 1.65937e-005
8560 1.5e-005
8561 1.5e-005
8562 1.5e-005
8563 1.5e-005
8564 1.5e-005
8565 1.5e-005
8566 1.65937e-005
8567 1.5e-005
8568 1.5e-005
8569 1.5e-005
8570 1.65937e-005
8571 1.5e-005
8572 1.5e-005
8573 1.5e-005
8574 1.5e-005
8575 1.5e-005
8576 1.5e-005
8577 1.65937e-005
8578 1.5e-005
8579 1.65937e-005
8580 1.5e-005
8581 1.5e-005
8582 1.5e-005
8583 1.65937e-005
8584 1.5e-005
8585 1.5e-005
8586 1.5e-005
8587 1.5e-005
8588 1.5e-005
8589 1.5e-005
8590 1.5e-005
8591 1.5e-005
8592 1.5e-005
8593 1.5e-005
8594 1.5e-005
8595 1.5e-005
8596 1.5e-005
8597 1.5e-005
8598 1.5e-005
8599 1.5e-005
8600 1.65937e-005
8601 1.5e-005
8602 1.5e-005
8603 1.5e-005
8604 1.5e-005
8605 1.5e-005
8606 1.5e-005
8607 1.5e-005
8608 1.5e-005
8609 1.5e-005
8610 1.5e-005
8611 1.65937e-005
8612 1.65937e-005
8613 1.5e-005
8614 1.5e-005
8615 1.5e-005
8616 1.5e-005
8617 1.5e-005
8618 1.5e-005
8619 1.65937e-005
8620 1.5e-005
8621 1.5e-005
8622 1.5e-005
8623 1.5e-005
8624 1.5e-005
8625 1.5e-005
8626 1.5e-005
8627 1.5e-005
8628 1.5e-005
8629 1.5e-005
8630 1.5e-005
8631 1.5e-005
8632 1.5e-005
8633 1.5e-005
8634 1.5e-005
8635 1.5e-005
8636 1.5e-005
8637 1.65937e-005
8638 1.5e-005
8639 1.5e-005
8640 1.5e-005
8641 1.5e-005
8642 1.5e-005
8643 1.5e-005
8644 1.5e-005
8645 1.65937e-005
8646 1.65937e-005
8647 1.5e-005
8648 1.5e-005
8649 1.65937e-005
8650 1.5e-005
8651 1.5e-005
8652 1.5e-005
8653 1.5e-005
8654 1.5e-005
8655 1.5e-005
8656 1.5e-005
8657 1.5e-005
8658 1.5e-005
8659 1.5e-005
8660 1.5e-005
8661 1.5e-005
8662 1.5e-005
8663 1.5e-005
8664 1.5e-005
8665 1.5e-005
8666 1.5e-005
8667 1.5e-005
8668 1.5e-005
8669 1.5e-005
8670 1.5e-005
8671 1.69324e-005
8672 1.97812e-005
8673 1.65937e-005
8674 1.5e-005
8675 1.5e-005
8676 1.5e-005
8677 1.65937e-005
8678 1.5e-005
8679 1.65937e-005
8680 1.5e-005
8681 1.5e-005
8682 1.5e-005
8683 1.5e-005
8684 1.5e-005
8685 1.5e-005
8686 1.5e-005
8687 1.5e-005
8688 1.5e-005
8689 1.5e-005
8690 1.65937e-005
8691 1.5e-005
8692 1.65937e-005
8693 1.5e-005
8694 1.5e-005
8695 1.5e-005
8696 1.5e-005
8697 1.5e-005
8698 1.5e-005
8699 1.5e-005
8700 1.65937e-005
8701 1.5e-005
8702 1.5e-005
8703 1.5e-005
8704 1.65937e-005
8705 1.5e-005
8706 1.5e-005
8707 1.5e-005
8708 1.5e-005
8709 1.5e-005
8710 1.5e-005
8711 1.5e-005
8712 1.5e-005
8713 1.65937e-005
8714 1.5e-005
8715 1.5e-005
8716 1.5e-005
8717 1.5e-005
8718 1.5e-005
8719 1.5e-005
8720 1.5e-005
8721 1.5e-005
8722 1.5e-005
8723 1.5e-005
8724 1.5e-005
8725 1.65937e-005
8726 1.5e-005
8727 1.5e-005
8728 1.5e-005
8729 1.5e-005
8730 1.5e-005
8731 1.5e-005
8732 1.5e-005
8733 1.5e-005
8734 1.5e-005
8735 1.5e-005
8736 1.5e-005
8737 1.5e-005
8738 1.5e-005
8739 1.5e-005
8740 1.5e-005
8741 1.5e-005
8742 1.5e-005
8743 1.5e-005
8744 1.5e-005
8745 1.5e-005
8746 1.5e-005
8747 1.5e-005
8748 1.5e-005
8749 1.5e-005
8750 1.5e-005
8751 1.5e-005
8752 1.5e-005
8753 1.5e-005
8754 1.5e-005
8755 1.5e-005
8756 1.5e-005
8757 1.5e-005
8758 1.5e-005
8759 1.5e-005
8760 1.5e-005
8761 1.5e-005
8762 1.81875e-005
8763 1.5e-005
8764 1.5e-005
8765 1.5e-005
8766 1.5e-005
8767 1.5e-005
8768 1.5e-005
8769 1.5e-005
8770 1.5e-005
8771 1.5e-005
8772 1.5e-005
8773 1.5e-005
8774 1.5e-005
8775 1.5e-005
8776 1.5e-005
8777 1.83568e-005
8778 1.5e-005
8779 1.5e-005
8780 1.5e-005
8781 1.5e-005
8782 1.5e-005
8783 1.5e-005
8784 1.65937e-005
8785 1.5e-005
8786 1.5e-005
8787 1.5e-005
8788 1.5e-005
8789 1.5e-005
8790 1.5e-005
8791 1.5e-005
8792 1.83568e-005
8793 1.65937e-005
8794 1.5e-005
8795 1.5e-005
8796 1.5e-005
8797 1.5e-005
8798 1.5e-005
8799 1.5e-005
8800 1.5e-005
8801 1.5e-005
8802 1.5e-005
8803 1.5e-005
8804 1.65937e-005
8805 1.5e-005
8806 1.5e-005
8807 1.5e-005
8808 1.5e-005
8809 1.5e-005
8810 1.5e-005
8811 1.5e-005
8812 1.5e-005
8813 1.5e-005
8814 1.5e-005
8815 1.5e-005
8816 1.5e-005
8817 1.5e-005
8818 1.5e-005
8819 1.5e-005
8820 1.5e-005
8821 1.5e-005
8822 1.5e-005
8823 1.5e-005
8824 1.5e-005
8825 1.5e-005
8826 1.5e-005
8827 1.65937e-005
8828 1.5e-005
8829 1.5e-005
8830 1.5e-005
8831 1.5e-005
8832 1.5e-005
8833 1.5e-005
8834 1.5e-005
8835 1.5e-005
8836 1.5e-005
8837 1.5e-005
8838 1.5e-005
8839 1.5e-005
8840 1.5e-005
8841 1.5e-005
8842 1.5e-005
8843 1.5e-005
8844 1.5e-005
8845 1.5e-005
8846 1.5e-005
8847 1.5e-005
8848 1.5e-005
8849 1.5e-005
8850 1.5e-005
8851 1.5e-005
8852 1.5e-005
8853 1.5e-005
8854 1.5e-005
8855 1.5e-005
8856 1.5e-005
8857 1.5e-005
8858 1.5e-005
8859 1.5e-005
8860 1.5e-005
8861 1.5e-005
8862 1.5e-005
8863 1.5e-005
8864 1.5e-005
8865 1.5e-005
8866 1.5e-005
8867 1.5e-005
8868 1.5e-005
8869 1.5e-005
8870 1.65937e-005
8871 1.5e-005
8872 1.5e-005
8873 1.5e-005
8874 1.65937e-005
8875 1.5e-005
8876 1.5e-005
8877 1.5e-005
8878 1.5e-005
8879 1.5e-005
8880 1.65937e-005
8881 1.5e-005
8882 1.65937e-005
8883 1.5e-005
8884 1.5e-005
8885 1.5e-005
8886 1.5e-005
8887 1.5e-005
8888 1.5e-005
8889 1.5e-005
8890 1.5e-005
8891 1.5e-005
8892 1.5e-005
8893 1.5e-005
8894 1.5e-005
8895 1.5e-005
8896 1.5e-005
8897 1.5e-005
8898 1.5e-005
8899 1.5e-005
8900 1.5e-005
8901 1.81875e-005
8902 1.5e-005
8903 1.5e-005
8904 1.5e-005
8905 1.5e-005
8906 1.5e-005
8907 1.5e-005
8908 1.5e-005
8909 1.5e-005
8910 1.5e-005
8911 1.5e-005
8912 1.81875e-005
8913 1.5e-005
8914 1.5e-005
8915 1.5e-005
8916 1.5e-005
8917 1.5e-005
8918 1.5e-005
8919 1.65937e-005
8920 1.5e-005
8921 1.65937e-005
8922 1.5e-005
8923 1.5e-005
8924 1.5e-005
8925 1.5e-005
8926 1.5e-005
8927 1.5e-005
8928 1.5e-005
8929 1.5e-005
8930 1.5e-005
8931 1.5e-005
8932 1.5e-005
8933 1.5e-005
8934 1.5e-005
8935 1.65937e-005
8936 1.5e-005
8937 1.5e-005
8938 1.5e-005
8939 1.5e-005
8940 1.5e-005
8941 1.5e-005
8942 1.5e-005
8943 1.5e-005
8944 1.5e-005
8945 1.5e-005
8946 1.5e-005
8947 1.5e-005
8948 1.5e-005
8949 1.5e-005
8950 1.5e-005
8951 1.5e-005
8952 1.5e-005
8953 1.65937e-005
8954 1.5e-005
8955 1.5e-005
8956 1.5e-005
8957 1.65937e-005
8958 1.65937e-005
8959 1.65937e-005
8960 1.5e-005
8961 1.5e-005
8962 1.5e-005
8963 1.5e-005
8964 1.5e-005
8965 1.5e-005
8966 1.5e-005
8967 1.5e-005
8968 1.5e-005
8969 1.5e-005
8970 1.5e-005
8971 1.5e-005
8972 1.5e-005
8973 1.5e-005
8974 1.5e-005
8975 1.5e-005
8976 1.5e-005
8977 1.5e-005
8978 1.5e-005
8979 1.5e-005
8980 1.5e-005
8981 1.5e-005
8982 1.5e-005
8983 1.5e-005
8984 1.5e-005
8985 1.5e-005
8986 1.5e-005
8987 1.5e-005
8988 1.5e-005
8989 1.5e-005
8990 1.5e-005
8991 1.5e-005
8992 1.5e-005
8993 1.5e-005
8994 1.5e-005
8995 1.5e-005
8996 1.5e-005
8997 1.5e-005
8998 1.5e-005
8999 1.5e-005
9000 1.5e-005
9001 1.81875e-005
9002 1.5e-005
9003 1.5e-005
9004 1.5e-005
9005 1.5e-005
9006 1.5e-005
9007 1.5e-005
9008 1.5e-005
9009 1.5e-005
9010 1.5e-005
9011 1.5e-005
9012 1.5e-005
9013 1.65937e-005
9014 1.5e-005
9015 1.5e-005
9016 1.5e-005
9017 1.5e-005
9018 1.5e-005
9019 1.65937e-005
9020 1.5e-005
9021 1.5e-005
9022 1.5e-005
9023 1.5e-005
9024 1.5e-005
9025 1.5e-005
9026 1.5e-005
9027 1.5e-005
9028 1.5e-005
9029 1.5e-005
9030 1.5e-005
9031 1.5e-005
9032 1.5e-005
9033 1.5e-005
9034 1.5e-005
9035 1.5e-005
9036 1.5e-005
9037 1.5e-005
9038 1.5e-005
9039 1.5e-005
9040 1.81875e-005
9041 1.5e-005
9042 1.5e-005
9043 1.5e-005
9044 1.5e-005
9045 1.5e-005
9046 1.5e-005
9047 1.5e-005
9048 1.5e-005
9049 1.5e-005
9050 1.5e-005
9051 1.65937e-005
9052 1.65937e-005
9053 1.5e-005
9054 1.5e-005
9055 1.5e-005
9056 1.5e-005
9057 1.5e-005
9058 1.5e-005
9059 1.5e-005
9060 1.5e-005
9061 1.5e-005
9062 1.5e-005
9063 1.5e-005
9064 1.5e-005
9065 1.5e-005
9066 1.5e-005
9067 1.5e-005
9068 1.5e-005
9069 1.5e-005
9070 1.5e-005
9071 1.5e-005
9072 1.5e-005
9073 1.5e-005
9074 1.5e-005
9075 1.65937e-005
9076 1.5e-005
9077 1.5e-005
9078 1.5e-005
9079 1.5e-005
9080 1.5e-005
9081 1.5e-005
9082 1.5e-005
9083 1.5e-005
9084 1.5e-005
9085 1.5e-005
9086 1.5e-005
9087 1.5e-005
9088 1.5e-005
9089 1.5e-005
9090 1.5e-005
9091 1.65937e-005
9092 1.5e-005
9093 1.5e-005
9094 1.5e-005
9095 1.5e-005
9096 1.65937e-005
9097 1.5e-005
9098 1.5e-005
9099 1.5e-005
9100 1.5e-005
9101 1.5e-005
9102 1.5e-005
9103 1.5e-005
9104 1.5e-005
9105 1.5e-005
9106 1.5e-005
9107 1.5e-005
9108 1.5e-005
9109 1.5e-005
9110 1.5e-005
9111 1.5e-005
9112 1.65937e-005
9113 1.5e-005
9114 1.5e-005
9115 1.5e-005
9116 1.5e-005
9117 1.5e-005
9118 1.5e-005
9119 1.5e-005
9120 1.5e-005
9121 1.5e-005
9122 1.5e-005
9123 1.5e-005
9124 1.5e-005
9125 1.5e-005
9126 1.5e-005
9127 1.5e-005
9128 1.5e-005
9129 1.5e-005
9130 1.5e-005
9131 1.5e-005
9132 1.5e-005
9133 1.5e-005
9134 1.5e-005
9135 1.5e-005
9136 1.5e-005
9137 1.5e-005
9138 1.65937e-005
9139 1.5e-005
9140 1.5e-005
9141 1.5e-005
9142 1.5e-005
9143 1.5e-005
9144 1.5e-005
9145 1.5e-005
9146 1.5e-005
9147 1.5e-005
9148 1.65937e-005
9149 1.65937e-005
9150 1.5e-005
9151 1.5e-005
9152 1.5e-005
9153 1.5e-005
9154 1.5e-005
9155 1.65937e-005
9156 1.5e-005
9157 1.5e-005
9158 1.81875e-005
9159 1.5e-005
9160 1.5e-005
9161 1.5e-005
9162 1.5e-005
9163 1.5e-005
9164 1.5e-005
9165 1.5e-005
9166 1.65937e-005
9167 1.5e-005
9168 1.5e-005
9169 1.5e-005
9170 1.5e-005
9171 1.5e-005
9172 1.5e-005
9173 1.5e-005
9174 1.5e-005
9175 1.5e-005
9176 1.5e-005
9177 1.5e-005
9178 1.5e-005
9179 1.5e-005
9180 1.5e-005
9181 1.5e-005
9182 1.5e-005
9183 1.65937e-005
9184 1.5e-005
9185 1.5e-005
9186 1.5e-005
9187 1.5e-005
9188 1.5e-005
9189 1.5e-005
9190 1.5e-005
9191 1.5e-005
9192 1.5e-005
9193 1.5e-005
9194 1.5e-005
9195 1.5e-005
9196 1.5e-005
9197 1.65937e-005
9198 1.5e-005
9199 1.5e-005
9200 1.5e-005
9201 1.5e-005
9202 1.5e-005
9203 1.5e-005
9204 1.5e-005
9205 1.5e-005
9206 1.5e-005
9207 1.65937e-005
9208 1.5e-005
9209 1.5e-005
9210 1.5e-005
9211 1.5e-005
9212 1.5e-005
9213 1.5e-005
9214 1.5e-005
9215 1.5e-005
9216 1.5e-005
9217 1.5e-005
9218 1.5e-005
9219 1.5e-005
9220 1.5e-005
9221 1.5e-005
9222 1.5e-005
9223 1.5e-005
9224 1.5e-005
9225 1.5e-005
9226 1.5e-005
9227 1.5e-005
9228 1.5e-005
9229 1.5e-005
9230 1.5e-005
9231 1.5e-005
9232 1.5e-005
9233 1.5e-005
9234 1.5e-005
9235 1.5e-005
9236 1.5e-005
9237 1.5e-005
9238 1.65937e-005
9239 1.5e-005
9240 1.5e-005
9241 1.5e-005
9242 1.5e-005
9243 1.5e-005
9244 1.5e-005
9245 1.5e-005
9246 1.5e-005
9247 1.5e-005
9248 1.5e-005
9249 1.5e-005
9250 1.5e-005
9251 1.5e-005
9252 1.5e-005
9253 1.65937e-005
9254 1.5e-005
9255 1.5e-005
9256 1.5e-005
9257 1.5e-005
9258 1.5e-005
9259 1.5e-005
9260 1.5e-005
9261 1.5e-005
9262 1.5e-005
9263 1.5e-005
9264 1.5e-005
9265 1.5e-005
9266 1.5e-005
9267 1.5e-005
9268 1.5e-005
9269 1.5e-005
9270 1.5e-005
9271 1.5e-005
9272 1.5e-005
9273 1.5e-005
9274 1.5e-005
9275 1.5e-005
9276 1.65937e-005
9277 1.5e-005
9278 1.5e-005
9279 1.5e-005
9280 1.5e-005
9281 1.5e-005
9282 1.5e-005
9283 1.5e-005
9284 1.5e-005
9285 1.5e-005
9286 1.5e-005
9287 1.5e-005
9288 1.5e-005
9289 1.5e-005
9290 1.5e-005
9291 1.5e-005
9292 1.5e-005
9293 1.5e-005
9294 1.5e-005
9295 1.5e-005
9296 1.5e-005
9297 1.5e-005
9298 1.5e-005
9299 1.65937e-005
9300 1.5e-005
9301 1.5e-005
9302 1.5e-005
9303 1.5e-005
9304 1.5e-005
9305 1.5e-005
9306 1.5e-005
9307 1.5e-005
9308 1.5e-005
9309 1.5e-005
9310 1.5e-005
9311 1.5e-005
9312 1.65937e-005
9313 1.5e-005
9314 1.5e-005
9315 1.5e-005
9316 1.5e-005
9317 1.5e-005
9318 1.5e-005
9319 1.5e-005
9320 1.5e-005
9321 1.5e-005
9322 1.5e-005
9323 1.5e-005
9324 1.5e-005
9325 1.5e-005
9326 1.5e-005
9327 1.5e-005
9328 1.5e-005
9329 1.5e-005
9330 1.5e-005
9331 1.5e-005
9332 1.5e-005
9333 1.5e-005
9334 1.5e-005
9335 1.65937e-005
9336 1.5e-005
9337 1.5e-005
9338 1.5e-005
9339 1.5e-005
9340 1.5e-005
9341 1.5e-005
9342 1.65937e-005
9343 1.5e-005
9344 1.5e-005
9345 1.5e-005
9346 1.5e-005
9347 1.5e-005
9348 1.5e-005
9349 1.5e-005
9350 1.5e-005
9351 1.5e-005
9352 1.5e-005
9353 1.5e-005
9354 1.5e-005
9355 1.5e-005
9356 1.5e-005
9357 1.5e-005
9358 1.5e-005
9359 1.5e-005
9360 1.65937e-005
9361 1.5e-005
9362 1.5e-005
9363 1.5e-005
9364 1.5e-005
9365 1.5e-005
9366 1.65937e-005
9367 1.5e-005
9368 1.5e-005
9369 1.5e-005
9370 1.5e-005
9371 1.5e-005
9372 1.5e-005
9373 1.5e-005
9374 1.5e-005
9375 1.5e-005
9376 1.5e-005
9377 1.5e-005
9378 1.5e-005
9379 1.65937e-005
9380 1.5e-005
9381 1.5e-005
9382 1.5e-005
9383 1.5e-005
9384 1.5e-005
9385 1.5e-005
9386 1.5e-005
9387 1.5e-005
9388 1.5e-005
9389 1.5e-005
9390 1.5e-005
9391 1.5e-005
9392 1.5e-005
9393 1.5e-005
9394 1.5e-005
9395 1.5e-005
9396 1.5e-005
9397 1.5e-005
9398 1.5e-005
9399 1.65937e-005
9400 1.5e-005
9401 1.5e-005
9402 1.5e-005
9403 1.5e-005
9404 1.5e-005
9405 1.5e-005
9406 1.5e-005
9407 1.5e-005
9408 1.5e-005
9409 1.5e-005
9410 1.5e-005
9411 1.65937e-005
9412 1.5e-005
9413 1.5e-005
9414 1.5e-005
9415 1.5e-005
9416 1.5e-005
9417 1.5e-005
9418 1.5e-005
9419 1.5e-005
9420 1.5e-005
9421 1.5e-005
9422 1.5e-005
9423 1.5e-005
9424 1.5e-005
9425 1.5e-005
9426 1.5e-005
9427 1.5e-005
9428 1.5e-005
9429 1.5e-005
9430 1.5e-005
9431 1.5e-005
9432 1.65937e-005
9433 1.5e-005
9434 1.5e-005
9435 1.5e-005
9436 1.5e-005
9437 1.65937e-005
9438 1.5e-005
9439 1.5e-005
9440 1.5e-005
9441 1.5e-005
9442 1.5e-005
9443 1.5e-005
9444 1.5e-005
9445 1.5e-005
9446 1.5e-005
9447 1.5e-005
9448 1.5e-005
9449 1.5e-005
9450 1.5e-005
9451 1.5e-005
9452 1.5e-005
9453 1.65937e-005
9454 1.5e-005
9455 1.5e-005
9456 1.5e-005
9457 1.5e-005
9458 1.5e-005
9459 1.5e-005
9460 1.5e-005
9461 1.5e-005
9462 1.5e-005
9463 1.5e-005
9464 1.5e-005
9465 1.5e-005
9466 1.5e-005
9467 1.5e-005
9468 1.5e-005
9469 1.5e-005
9470 1.5e-005
9471 1.5e-005
9472 1.5e-005
9473 1.5e-005
9474 1.5e-005
9475 1.5e-005
9476 1.5e-005
9477 1.5e-005
9478 1.5e-005
9479 1.5e-005
9480 1.5e-005
9481 1.5e-005
9482 1.5e-005
9483 1.5e-005
9484 1.5e-005
9485 1.65937e-005
9486 1.5e-005
9487 1.65937e-005
9488 1.5e-005
9489 1.5e-005
9490 1.5e-005
9491 1.5e-005
9492 1.5e-005
9493 1.5e-005
9494 1.5e-005
9495 1.5e-005
9496 1.5e-005
9497 1.5e-005
9498 1.5e-005
9499 1.5e-005
9500 1.5e-005
9501 1.5e-005
9502 1.5e-005
9503 1.65937e-005
9504 1.5e-005
9505 1.5e-005
9506 1.5e-005
9507 1.5e-005
9508 1.5e-005
9509 1.5e-005
9510 1.5e-005
9511 1.5e-005
9512 1.5e-005
9513 1.5e-005
9514 1.5e-005
9515 1.5e-005
9516 1.5e-005
9517 1.5e-005
9518 1.5e-005
9519 1.5e-005
9520 1.5e-005
9521 1.5e-005
9522 1.5e-005
9523 1.5e-005
9524 1.5e-005
9525 1.5e-005
9526 1.5e-005
9527 1.5e-005
9528 1.5e-005
9529 1.5e-005
9530 1.5e-005
9531 1.5e-005
9532 1.5e-005
9533 1.5e-005
9534 1.5e-005
9535 1.5e-005
9536 1.5e-005
9537 1.5e-005
9538 1.5e-005
9539 1.5e-005
9540 1.5e-005
9541 1.65937e-005
9542 1.5e-005
9543 1.65937e-005
9544 1.5e-005
9545 1.5e-005
9546 1.5e-005
9547 1.5e-005
9548 1.5e-005
9549 1.5e-005
9550 1.5e-005
9551 1.5e-005
9552 1.5e-005
9553 1.5e-005
9554 1.5e-005
9555 1.5e-005
9556 1.5e-005
9557 1.5e-005
9558 1.5e-005
9559 1.5e-005
9560 1.5e-005
9561 1.5e-005
9562 1.5e-005
9563 1.5e-005
9564 1.5e-005
9565 1.5e-005
9566 1.5e-005
9567 1.5e-005
9568 1.5e-005
9569 1.65937e-005
9570 1.5e-005
9571 1.5e-005
9572 1.5e-005
9573 1.5e-005
9574 1.5e-005
9575 1.5e-005
9576 1.5e-005
9577 1.5e-005
9578 1.5e-005
9579 1.5e-005
9580 1.5e-005
9581 1.5e-005
9582 1.5e-005
9583 1.5e-005
9584 1.5e-005
9585 1.5e-005
9586 1.5e-005
9587 1.5e-005
9588 1.5e-005
9589 1.5e-005
9590 1.5e-005
9591 1.5e-005
9592 1.5e-005
9593 1.5e-005
9594 1.5e-005
9595 1.5e-005
9596 1.5e-005
9597 1.5e-005
9598 1.5e-005
9599 1.5e-005
9600 1.5e-005
9601 1.5e-005
9602 1.5e-005
9603 1.5e-005
9604 1.5e-005
9605 1.5e-005
9606 1.5e-005
9607 1.5e-005
9608 1.5e-005
9609 1.5e-005
9610 1.5e-005
9611 1.5e-005
9612 1.5e-005
9613 1.5e-005
9614 1.5e-005
9615 1.5e-005
9616 1.5e-005
9617 1.5e-005
9618 1.5e-005
9619 1.5e-005
9620 1.5e-005
9621 1.5e-005
9622 1.5e-005
9623 1.5e-005
9624 1.5e-005
9625 1.5e-005
9626 1.5e-005
9627 1.5e-005
9628 1.5e-005
9629 1.5e-005
9630 1.5e-005
9631 1.5e-005
9632 1.5e-005
9633 1.5e-005
9634 1.5e-005
9635 1.5e-005
9636 1.5e-005
9637 1.65937e-005
9638 1.5e-005
9639 1.5e-005
9640 1.5e-005
9641 1.5e-005
9642 1.5e-005
9643 1.5e-005
9644 1.5e-005
9645 1.5e-005
9646 1.5e-005
9647 1.5e-005
9648 1.5e-005
9649 1.5e-005
9650 1.5e-005
9651 1.5e-005
9652 1.5e-005
9653 1.5e-005
9654 1.65937e-005
9655 1.5e-005
9656 1.5e-005
9657 1.5e-005
9658 1.5e-005
9659 1.5e-005
9660 1.5e-005
9661 1.5e-005
9662 1.5e-005
9663 1.5e-005
9664 1.5e-005
9665 1.5e-005
9666 1.5e-005
9667 1.5e-005
9668 1.5e-005
9669 1.5e-005
9670 1.5e-005
9671 1.5e-005
9672 1.5e-005
9673 1.5e-005
9674 1.5e-005
9675 1.5e-005
9676 1.5e-005
9677 1.5e-005
9678 1.5e-005
9679 1.5e-005
9680 1.5e-005
9681 1.5e-005
9682 1.5e-005
9683 1.5e-005
9684 1.5e-005
9685 1.5e-005
9686 1.5e-005
9687 1.5e-005
9688 1.5e-005
9689 1.5e-005
9690 1.5e-005
9691 1.5e-005
9692 1.5e-005
9693 1.5e-005
9694 1.5e-005
9695 1.5e-005
9696 1.5e-005
9697 1.5e-005
9698 1.5e-005
9699 1.5e-005
9700 1.5e-005
9701 1.5e-005
9702 1.5e-005
9703 1.5e-005
9704 1.5e-005
9705 1.5e-005
9706 1.5e-005
9707 1.5e-005
9708 1.5e-005
9709 1.5e-005
9710 1.5e-005
9711 1.5e-005
9712 1.5e-005
9713 1.5e-005
9714 1.5e-005
9715 1.5e-005
9716 1.5e-005
9717 1.5e-005
9718 1.5e-005
9719 1.5e-005
9720 1.5e-005
9721 1.5e-005
9722 1.5e-005
9723 1.5e-005
9724 1.5e-005
9725 1.5e-005
9726 1.5e-005
9727 1.5e-005
9728 1.5e-005
9729 1.5e-005
9730 1.5e-005
9731 1.5e-005
9732 1.5e-005
9733 1.5e-005
9734 1.5e-005
9735 1.5e-005
9736 1.5e-005
9737 1.5e-005
9738 1.5e-005
9739 1.5e-005
9740 1.5e-005
9741 1.5e-005
9742 1.5e-005
9743 1.65937e-005
9744 1.5e-005
9745 1.5e-005
9746 1.5e-005
9747 1.5e-005
9748 1.5e-005
9749 1.5e-005
9750 1.5e-005
9751 1.5e-005
9752 1.5e-005
9753 1.5e-005
9754 1.5e-005
9755 1.5e-005
9756 1.5e-005
9757 1.5e-005
9758 1.5e-005
9759 1.5e-005
9760 1.5e-005
9761 1.5e-005
9762 1.5e-005
9763 1.5e-005
9764 1.5e-005
9765 1.5e-005
9766 1.5e-005
9767 1.5e-005
9768 1.5e-005
9769 1.5e-005
9770 1.5e-005
9771 1.5e-005
9772 1.5e-005
9773 1.5e-005
9774 1.5e-005
9775 1.5e-005
9776 1.5e-005
9777 1.5e-005
9778 1.5e-005
9779 1.5e-005
9780 1.5e-005
9781 1.5e-005
9782 1.5e-005
9783 1.5e-005
9784 1.5e-005
9785 1.5e-005
9786 1.5e-005
9787 1.5e-005
9788 1.5e-005
9789 1.5e-005
9790 1.5e-005
9791 1.5e-005
9792 1.5e-005
9793 1.5e-005
9794 1.5e-005
9795 1.5e-005
9796 1.5e-005
9797 1.5e-005
9798 1.5e-005
9799 1.5e-005
9800 1.5e-005
9801 1.5e-005
9802 1.5e-005
9803 1.5e-005
9804 1.5e-005
9805 1.5e-005
9806 1.5e-005
9807 1.5e-005
9808 1.5e-005
9809 1.5e-005
9810 1.5e-005
9811 1.5e-005
9812 1.5e-005
9813 1.5e-005
9814 1.5e-005
9815 1.5e-005
9816 1.5e-005
9817 1.5e-005
9818 1.5e-005
9819 1.5e-005
9820 1.5e-005
9821 1.5e-005
9822 1.5e-005
9823 1.5e-005
9824 1.5e-005
9825 1.5e-005
9826 1.65937e-005
9827 1.5e-005
9828 1.5e-005
9829 1.5e-005
9830 1.5e-005
9831 1.5e-005
9832 1.5e-005
9833 1.5e-005
9834 1.5e-005
9835 1.5e-005
9836 1.5e-005
9837 1.5e-005
9838 1.5e-005
9839 1.5e-005
9840 1.5e-005
9841 1.5e-005
9842 1.5e-005
9843 1.5e-005
9844 1.5e-005
9845 1.5e-005
9846 1.5e-005
9847 1.5e-005
9848 1.5e-005
9849 1.5e-005
9850 1.5e-005
9851 1.5e-005
9852 1.5e-005
9853 1.5e-005
9854 1.5e-005
9855 1.5e-005
9856 1.5e-005
9857 1.5e-005
9858 1.5e-005
9859 1.5e-005
9860 1.5e-005
9861 1.5e-005
9862 1.5e-005
9863 1.5e-005
9864 1.5e-005
9865 1.5e-005
9866 1.5e-005
9867 1.5e-005
9868 1.5e-005
9869 1.5e-005
9870 1.5e-005
9871 1.5e-005
9872 1.5e-005
9873 1.5e-005
9874 1.5e-005
9875 1.5e-005
9876 1.5e-005
9877 1.5e-005
9878 1.5e-005
9879 1.5e-005
9880 1.5e-005
9881 1.5e-005
9882 1.5e-005
9883 1.5e-005
9884 1.65937e-005
9885 1.5e-005
9886 1.5e-005
9887 1.5e-005
9888 1.5e-005
9889 1.5e-005
9890 1.5e-005
9891 1.5e-005
9892 1.5e-005
9893 1.5e-005
9894 1.5e-005
9895 1.5e-005
9896 1.5e-005
9897 1.5e-005
9898 1.5e-005
9899 1.5e-005
9900 1.5e-005
9901 1.5e-005
9902 1.5e-005
9903 1.5e-005
9904 1.5e-005
9905 1.5e-005
9906 1.5e-005
9907 1.5e-005
9908 1.5e-005
9909 1.5e-005
9910 1.5e-005
9911 1.5e-005
9912 1.5e-005
9913 1.5e-005
9914 1.5e-005
9915 1.5e-005
9916 1.5e-005
9917 1.5e-005
9918 1.5e-005
9919 1.5e-005
9920 1.5e-005
9921 1.5e-005
9922 1.5e-005
9923 1.5e-005
9924 1.5e-005
9925 1.5e-005
9926 1.5e-005
9927 1.5e-005
9928 1.5e-005
9929 1.5e-005
9930 1.5e-005
9931 1.5e-005
9932 1.5e-005
9933 1.5e-005
9934 1.5e-005
9935 1.5e-005
9936 1.5e-005
9937 1.5e-005
9938 1.5e-005
9939 1.5e-005
9940 1.5e-005
9941 1.5e-005
9942 1.5e-005
9943 1.5e-005
9944 1.5e-005
9945 1.5e-005
9946 1.5e-005
9947 1.5e-005
9948 1.5e-005
9949 1.5e-005
9950 1.5e-005
9951 1.5e-005
9952 1.5e-005
9953 1.5e-005
9954 1.5e-005
9955 1.5e-005
9956 1.5e-005
9957 1.5e-005
9958 1.5e-005
9959 1.5e-005
9960 1.5e-005
9961 1.5e-005
9962 1.5e-005
9963 1.5e-005
9964 1.5e-005
9965 1.5e-005
9966 1.5e-005
9967 1.5e-005
9968 1.5e-005
9969 1.5e-005
9970 1.5e-005
9971 1.5e-005
9972 1.5e-005
9973 1.5e-005
9974 1.5e-005
9975 1.5e-005
9976 1.5e-005
9977 1.5e-005
9978 1.5e-005
9979 1.5e-005
9980 1.5e-005
9981 1.5e-005
9982 1.5e-005
9983 1.5e-005
9984 1.5e-005
9985 1.5e-005
9986 1.5e-005
9987 1.5e-005
9988 1.5e-005
9989 1.5e-005
9990 1.5e-005
9991 1.5e-005
9992 1.5e-005
9993 1.5e-005
9994 1.5e-005
9995 1.5e-005
9996 1.5e-005
9997 1.5e-005
9998 1.5e-005
9999 1.5e-005
Sum of ranks: 1.00007
Iterations: 9
Converged: True
Execution time: 13 ms