Algorithm: Greedy Vertex Coloring
Vertex colors:
0 4
1 2
2 1
3 1
4 2
5 1
6 3
7 1
8 3
9 0
10 1
11 1
12 0
13 1
14 0
15 2
16 0
17 5
18 4
19 4
20 4
21 0
22 1
23 1
24 3
25 1
26 2
27 4
28 0
29 0
30 4
31 2
32 1
33 2
34 1
35 1
36 0
37 4
38 1
39 1
40 3
41 0
42 0
43 0
44 0
45 1
46 4
47 1
48 4
49 0
50 2
51 1
52 1
53 3
54 3
55 3
56 1
57 5
58 2
59 5
60 0
61 0
62 1
63 1
64 0
65 0
66 2
67 6
68 2
69 5
70 1
71 0
72 4
73 3
74 1
75 4
76 0
77 1
78 4
79 2
80 5
81 0
82 3
83 2
84 0
85 0
86 0
87 4
88 4
89 1
90 3
91 0
92 5
93 1
94 5
95 2
96 3
97 2
98 0
99 3
100 3
101 3
102 2
103 3
104 2
105 3
106 3
107 2
108 4
109 2
110 1
111 1
112 4
113 2
114 2
115 1
116 2
117 2
118 2
119 0
120 1
121 3
122 2
123 4
124 0
125 0
126 1
127 3
128 2
129 0
130 0
131 0
132 4
133 1
134 4
135 0
136 1
137 2
138 6
139 2
140 0
141 5
142 3
143 3
144 0
145 2
146 2
147 0
148 3
149 2
150 1
151 0
152 1
153 0
154 3
155 0
156 0
157 1
158 0
159 0
160 2
161 2
162 2
163 2
164 2
165 2
166 1
167 3
168 0
169 0
170 3
171 1
172 2
173 0
174 4
175 0
176 4
177 1
178 1
179 2
180 2
181 0
182 4
183 0
184 3
185 1
186 5
187 5
188 4
189 5
190 2
191 1
192 1
193 4
194 3
195 4
196 1
197 2
198 3
199 4
200 1
201 3
202 3
203 1
204 5
205 2
206 5
207 5
208 3
209 0
210 3
211 3
212 1
213 1
214 1
215 4
216 2
217 2
218 2
219 2
220 0
221 1
222 2
223 1
224 1
225 3
226 3
227 0
228 0
229 0
230 1
231 2
232 5
233 1
234 3
235 0
236 0
237 0
238 1
239 4
240 4
241 2
242 4
243 0
244 1
245 0
246 6
247 4
248 0
249 3
250 3
251 4
252 0
253 3
254 2
255 2
256 2
257 3
258 2
259 2
260 5
261 5
262 1
263 5
264 0
265 3
266 1
267 3
268 2
269 5
270 1
271 2
272 3
273 3
274 0
275 0
276 2
277 4
278 2
279 0
280 1
281 3
282 4
283 0
284 0
285 2
286 2
287 4
288 4
289 3
290 1
291 2
292 3
293 3
294 0
295 4
296 3
297 1
298 1
299 1
300 2
301 3
302 5
303 3
304 2
305 3
306 3
307 3
308 2
309 0
310 2
311 2
312 1
313 2
314 5
315 1
316 0
317 1
318 1
319 2
320 0
321 3
322 1
323 2
324 3
325 5
326 0
327 4
328 1
329 0
330 0
331 3
332 0
333 0
334 2
335 2
336 6
337 1
338 2
339 4
340 0
341 2
342 3
343 1
344 2
345 1
346 1
347 2
348 3
349 4
350 0
351 6
352 4
353 2
354 5
355 2
356 0
357 4
358 3
359 2
360 2
361 3
362 3
363 3
364 0
365 2
366 2
367 2
368 0
369 0
370 0
371 1
372 0
373 0
374 0
375 5
376 0
377 1
378 0
379 2
380 1
381 1
382 1
383 4
384 2
385 0
386 2
387 3
388 1
389 2
390 3
391 3
392 2
393 2
394 1
395 0
396 2
397 0
398 5
399 3
400 2
401 2
402 4
403 3
404 6
405 1
406 3
407 5
408 4
409 2
410 3
411 4
412 5
413 3
414 2
415 4
416 2
417 1
418 2
419 0
420 4
421 0
422 1
423 2
424 4
425 1
426 2
427 2
428 3
429 1
430 3
431 0
432 2
433 3
434 6
435 0
436 5
437 0
438 1
439 0
440 1
441 0
442 3
443 2
444 0
445 2
446 3
447 3
448 2
449 4
450 3
451 5
452 4
453 3
454 3
455 4
456 5
457 4
458 4
459 2
460 6
461 0
462 1
463 0
464 5
465 2
466 1
467 1
468 0
469 1
470 1
471 0
472 1
473 3
474 2
475 4
476 0
477 2
478 0
479 6
480 1
481 1
482 1
483 2
484 3
485 4
486 5
487 4
488 1
489 3
490 1
491 3
492 0
493 2
494 3
495 1
496 1
497 4
498 1
499 0
500 1
501 0
502 3
503 5
504 2
505 2
506 4
507 2
508 3
509 1
510 1
511 1
512 1
513 3
514 1
515 0
516 0
517 1
518 5
519 5
520 5
521 3
522 4
523 2
524 1
525 4
526 1
527 2
528 0
529 1
530 4
531 0
532 0
533 1
534 3
535 0
536 1
537 0
538 1
539 4
540 1
541 0
542 2
543 0
544 2
545 3
546 0
547 3
548 4
549 3
550 0
551 0
552 1
553 4
554 4
555 4
556 2
557 5
558 5
559 3
560 3
561 3
562 0
563 0
564 0
565 1
566 2
567 3
568 5
569 3
570 2
571 2
572 3
573 5
574 1
575 0
576 2
577 6
578 0
579 6
580 2
581 1
582 0
583 1
584 2
585 0
586 2
587 1
588 1
589 4
590 0
591 5
592 5
593 5
594 0
595 0
596 0
597 4
598 5
599 4
600 2
601 0
602 1
603 1
604 4
605 4
606 3
607 2
608 1
609 0
610 2
611 6
612 0
613 0
614 3
615 0
616 3
617 2
618 2
619 2
620 1
621 0
622 2
623 0
624 1
625 0
626 5
627 3
628 2
629 3
630 0
631 1
632 0
633 2
634 1
635 2
636 1
637 3
638 2
639 1
640 3
641 2
642 1
643 0
644 4
645 4
646 3
647 3
648 4
649 6
650 0
651 2
652 3
653 3
654 0
655 4
656 0
657 1
658 2
659 0
660 3
661 3
662 5
663 0
664 0
665 5
666 1
667 2
668 0
669 3
670 0
671 4
672 0
673 0
674 4
675 1
676 0
677 5
678 1
679 0
680 0
681 3
682 3
683 4
684 0
685 0
686 2
687 4
688 4
689 1
690 5
691 3
692 3
693 0
694 0
695 0
696 0
697 4
698 0
699 1
700 0
701 2
702 4
703 6
704 2
705 1
706 2
707 5
708 1
709 2
710 3
711 3
712 1
713 3
714 0
715 3
716 2
717 0
718 2
719 2
720 5
721 2
722 2
723 3
724 3
725 1
726 2
727 4
728 2
729 0
730 2
731 4
732 5
733 3
734 3
735 2
736 3
737 3
738 4
739 3
740 3
741 1
742 3
743 4
744 4
745 0
746 0
747 0
748 0
749 0
750 4
751 3
752 4
753 1
754 6
755 1
756 2
757 0
758 1
759 2
760 1
761 2
762 1
763 4
764 5
765 4
766 2
767 0
768 4
769 4
770 3
771 3
772 6
773 2
774 4
775 4
776 1
777 0
778 0
779 4
780 0
781 1
782 0
783 0
784 4
785 5
786 4
787 0
788 4
789 1
790 1
791 6
792 6
793 3
794 1
795 2
796 4
797 0
798 4
799 3
800 2
801 5
802 0
803 2
804 3
805 4
806 1
807 0
808 3
809 0
810 5
811 0
812 2
813 3
814 4
815 3
816 2
817 1
818 3
819 2
820 2
821 3
822 3
823 4
824 4
825 0
826 3
827 5
828 0
829 0
830 4
831 2
832 4
833 1
834 0
835 4
836 0
837 1
838 0
839 0
840 0
841 4
842 0
843 3
844 0
845 4
846 3
847 0
848 0
849 2
850 1
851 5
852 5
853 2
854 1
855 5
856 4
857 1
858 0
859 3
860 2
861 1
862 6
863 0
864 1
865 3
866 0
867 3
868 4
869 0
870 4
871 0
872 1
873 4
874 3
875 5
876 5
877 1
878 3
879 4
880 0
881 0
882 0
883 2
884 2
885 1
886 0
887 2
888 1
889 3
890 1
891 1
892 0
893 0
894 0
895 0
896 0
897 4
898 2
899 0
900 4
901 4
902 2
903 4
904 0
905 1
906 0
907 2
908 4
909 0
910 1
911 0
912 1
913 2
914 1
915 3
916 0
917 1
918 1
919 5
920 6
921 3
922 3
923 2
924 1
925 3
926 5
927 3
928 1
929 0
930 4
931 5
932 5
933 0
934 1
935 3
936 0
937 4
938 3
939 2
940 3
941 0
942 0
943 0
944 3
945 0
946 1
947 0
948 0
949 3
950 2
951 3
952 2
953 4
954 3
955 3
956 2
957 0
958 2
959 0
960 3
961 6
962 0
963 2
964 3
965 4
966 2
967 3
968 2
969 4
970 1
971 1
972 2
973 4
974 1
975 4
976 3
977 4
978 5
979 1
980 0
981 4
982 4
983 4
984 1
985 0
986 5
987 0
988 4
989 1
990 2
991 2
992 0
993 0
994 4
995 0
996 0
997 1
998 1
999 4
1000 1
1001 0
1002 5
1003 1
1004 0
1005 3
1006 1
1007 1
1008 3
1009 0
1010 3
1011 2
1012 5
1013 2
1014 4
1015 3
1016 1
1017 4
1018 4
1019 0
1020 2
1021 0
1022 0
1023 3
1024 0
1025 0
1026 4
1027 0
1028 5
1029 3
1030 0
1031 1
1032 2
1033 3
1034 0
1035 3
1036 4
1037 0
1038 4
1039 0
1040 5
1041 3
1042 0
1043 1
1044 1
1045 2
1046 0
1047 2
1048 5
1049 2
1050 5
1051 0
1052 4
1053 3
1054 0
1055 1
1056 6
1057 4
1058 1
1059 4
1060 0
1061 3
1062 3
1063 6
1064 4
1065 1
1066 1
1067 5
1068 5
1069 2
1070 1
1071 2
1072 2
1073 3
1074 1
1075 3
1076 4
1077 3
1078 2
1079 3
1080 4
1081 4
1082 2
1083 5
1084 5
1085 2
1086 5
1087 2
1088 1
1089 0
1090 0
1091 7
1092 6
1093 5
1094 1
1095 1
1096 2
1097 1
1098 2
1099 1
1100 2
1101 3
1102 0
1103 1
1104 2
1105 3
1106 0
1107 3
1108 1
1109 2
1110 4
1111 1
1112 3
1113 2
1114 3
1115 2
1116 2
1117 5
1118 0
1119 2
1120 1
1121 2
1122 0
1123 1
1124 3
1125 3
1126 1
1127 1
1128 0
1129 3
1130 2
1131 3
1132 0
1133 0
1134 2
1135 3
1136 2
1137 3
1138 2
1139 3
1140 4
1141 5
1142 5
1143 1
1144 1
1145 1
1146 3
1147 2
1148 2
1149 2
1150 3
1151 5
1152 1
1153 2
1154 2
1155 2
1156 1
1157 2
1158 0
1159 0
1160 2
1161 3
1162 2
1163 5
1164 1
1165 1
1166 4
1167 3
1168 2
1169 0
1170 6
1171 1
1172 2
1173 2
1174 5
1175 2
1176 1
1177 5
1178 1
1179 4
1180 1
1181 4
1182 1
1183 2
1184 2
1185 3
1186 2
1187 1
1188 0
1189 2
1190 1
1191 0
1192 4
1193 0
1194 2
1195 2
1196 3
1197 1
1198 1
1199 0
1200 2
1201 4
1202 4
1203 2
1204 0
1205 3
1206 4
1207 1
1208 0
1209 3
1210 2
1211 1
1212 0
1213 4
1214 4
1215 5
1216 1
1217 3
1218 1
1219 2
1220 3
1221 3
1222 2
1223 1
1224 1
1225 3
1226 4
1227 4
1228 1
1229 4
1230 1
1231 2
1232 4
1233 0
1234 3
1235 3
1236 3
1237 1
1238 0
1239 2
1240 4
1241 2
1242 0
1243 5
1244 2
1245 1
1246 3
1247 0
1248 1
1249 0
1250 6
1251 2
1252 1
1253 2
1254 4
1255 4
1256 4
1257 0
1258 2
1259 0
1260 3
1261 1
1262 3
1263 3
1264 5
1265 4
1266 2
1267 0
1268 1
1269 2
1270 3
1271 4
1272 0
1273 1
1274 5
1275 0
1276 2
1277 1
1278 4
1279 2
1280 3
1281 3
1282 0
1283 4
1284 3
1285 2
1286 0
1287 2
1288 0
1289 2
1290 1
1291 3
1292 4
1293 0
1294 4
1295 3
1296 2
1297 0
1298 0
1299 0
1300 1
1301 1
1302 5
1303 0
1304 1
1305 4
1306 0
1307 4
1308 0
1309 1
1310 3
1311 2
1312 1
1313 4
1314 2
1315 2
1316 5
1317 6
1318 2
1319 0
1320 6
1321 6
1322 2
1323 1
1324 4
1325 4
1326 2
1327 4
1328 2
1329 0
1330 4
1331 0
1332 2
1333 0
1334 2
1335 2
1336 0
1337 2
1338 1
1339 5
1340 1
1341 2
1342 1
1343 2
1344 2
1345 2
1346 2
1347 2
1348 2
1349 4
1350 1
1351 4
1352 0
1353 1
1354 1
1355 3
1356 3
1357 3
1358 0
1359 1
1360 2
1361 4
1362 0
1363 2
1364 0
1365 2
1366 0
1367 4
1368 2
1369 1
1370 2
1371 0
1372 0
1373 0
1374 0
1375 4
1376 2
1377 2
1378 4
1379 1
1380 3
1381 0
1382 2
1383 2
1384 3
1385 3
1386 2
1387 1
1388 1
1389 0
1390 1
1391 0
1392 3
1393 1
1394 1
1395 1
1396 4
1397 5
1398 5
1399 0
1400 5
1401 0
1402 0
1403 1
1404 2
1405 5
1406 1
1407 5
1408 3
1409 4
1410 4
1411 2
1412 1
1413 3
1414 3
1415 0
1416 4
1417 2
1418 4
1419 1
1420 3
1421 3
1422 0
1423 3
1424 5
1425 4
1426 4
1427 3
1428 0
1429 1
1430 3
1431 0
1432 5
1433 2
1434 0
1435 3
1436 3
1437 0
1438 3
1439 3
1440 2
1441 5
1442 5
1443 3
1444 0
1445 0
1446 1
1447 3
1448 2
1449 1
1450 0
1451 0
1452 2
1453 2
1454 0
1455 4
1456 2
1457 4
1458 2
1459 3
1460 2
1461 4
1462 0
1463 1
1464 0
1465 1
1466 0
1467 1
1468 4
1469 1
1470 2
1471 5
1472 5
1473 3
1474 0
1475 5
1476 2
1477 1
1478 0
1479 2
1480 0
1481 4
1482 1
1483 4
1484 2
1485 2
1486 2
1487 0
1488 4
1489 1
1490 1
1491 4
1492 2
1493 1
1494 3
1495 4
1496 0
1497 1
1498 4
1499 3
1500 2
1501 1
1502 4
1503 2
1504 3
1505 2
1506 6
1507 4
1508 0
1509 0
1510 0
1511 5
1512 0
1513 1
1514 5
1515 0
1516 1
1517 2
1518 0
1519 3
1520 1
1521 2
1522 4
1523 1
1524 5
1525 2
1526 0
1527 0
1528 5
1529 5
1530 3
1531 2
1532 2
1533 3
1534 0
1535 2
1536 4
1537 2
1538 0
1539 1
1540 0
1541 4
1542 2
1543 4
1544 0
1545 0
1546 0
1547 5
1548 4
1549 5
1550 1
1551 0
1552 1
1553 1
1554 3
1555 1
1556 2
1557 4
1558 0
1559 3
1560 2
1561 5
1562 3
1563 3
1564 5
1565 2
1566 2
1567 1
1568 3
1569 2
1570 3
1571 5
1572 1
1573 0
1574 5
1575 6
1576 0
1577 3
1578 5
1579 2
1580 0
1581 2
1582 1
1583 0
1584 1
1585 3
1586 4
1587 1
1588 0
1589 1
1590 0
1591 1
1592 4
1593 3
1594 2
1595 1
1596 5
1597 2
1598 1
1599 1
1600 5
1601 5
1602 1
1603 3
1604 3
1605 1
1606 0
1607 3
1608 0
1609 1
1610 1
1611 7
1612 4
1613 1
1614 0
1615 4
1616 3
1617 2
1618 1
1619 1
1620 2
1621 2
1622 4
1623 0
1624 4
1625 6
1626 3
1627 2
1628 3
1629 3
1630 1
1631 1
1632 3
1633 5
1634 3
1635 0
1636 1
1637 1
1638 6
1639 4
1640 1
1641 3
1642 3
1643 1
1644 5
1645 3
1646 2
1647 0
1648 4
1649 3
1650 1
1651 1
1652 1
1653 1
1654 6
1655 2
1656 0
1657 4
1658 5
1659 3
1660 5
1661 3
1662 1
1663 0
1664 4
1665 2
1666 5
1667 0
1668 0
1669 0
1670 2
1671 4
1672 3
1673 3
1674 0
1675 3
1676 5
1677 4
1678 5
1679 0
1680 0
1681 0
1682 1
1683 1
1684 3
1685 4
1686 0
1687 0
1688 2
1689 4
1690 3
1691 1
1692 4
1693 1
1694 3
1695 0
1696 5
1697 3
1698 6
1699 4
1700 4
1701 2
1702 2
1703 0
1704 0
1705 1
1706 5
1707 4
1708 3
1709 0
1710 3
1711 0
1712 0
1713 0
1714 3
1715 1
1716 0
1717 2
1718 5
1719 3
1720 0
1721 3
1722 2
1723 0
1724 3
1725 1
1726 4
1727 3
1728 3
1729 0
1730 3
1731 2
1732 4
1733 2
1734 0
1735 2
1736 1
1737 2
1738 2
1739 4
1740 6
1741 1
1742 4
1743 2
1744 0
1745 2
1746 0
1747 2
1748 5
1749 4
1750 1
1751 5
1752 5
1753 2
1754 4
1755 1
1756 2
1757 1
1758 4
1759 3
1760 4
1761 2
1762 3
1763 2
1764 0
1765 2
1766 4
1767 5
1768 1
1769 1
1770 0
1771 0
1772 0
1773 1
1774 5
1775 2
1776 0
1777 3
1778 3
1779 1
1780 3
1781 0
1782 5
1783 4
1784 0
1785 1
1786 5
1787 1
1788 2
1789 4
1790 5
1791 0
1792 2
1793 2
1794 0
1795 2
1796 3
1797 3
1798 5
1799 4
1800 3
1801 2
1802 4
1803 2
1804 6
1805 2
1806 3
1807 2
1808 0
1809 0
1810 2
1811 3
1812 5
1813 2
1814 2
1815 2
1816 3
1817 3
1818 2
1819 2
1820 1
1821 0
1822 2
1823 5
1824 3
1825 3
1826 5
1827 2
1828 0
1829 3
1830 2
1831 0
1832 2
1833 4
1834 1
1835 3
1836 3
1837 3
1838 1
1839 1
1840 1
1841 0
1842 0
1843 5
1844 0
1845 4
1846 2
1847 4
1848 0
1849 1
1850 4
1851 2
1852 1
1853 4
1854 3
1855 1
1856 4
1857 4
1858 5
1859 0
1860 3
1861 0
1862 1
1863 1
1864 3
1865 5
1866 4
1867 4
1868 2
1869 2
1870 3
1871 2
1872 2
1873 3
1874 1
1875 5
1876 4
1877 1
1878 5
1879 1
1880 3
1881 5
1882 0
1883 0
1884 3
1885 2
1886 4
1887 1
1888 2
1889 5
1890 2
1891 4
1892 2
1893 4
1894 1
1895 4
1896 0
1897 2
1898 4
1899 0
1900 3
1901 2
1902 2
1903 0
1904 5
1905 4
1906 5
1907 5
1908 2
1909 1
1910 2
1911 0
1912 0
1913 5
1914 3
1915 3
1916 3
1917 5
1918 1
1919 3
1920 0
1921 5
1922 0
1923 1
1924 2
1925 3
1926 2
1927 2
1928 0
1929 2
1930 5
1931 1
1932 4
1933 2
1934 3
1935 5
1936 2
1937 0
1938 2
1939 0
1940 6
1941 4
1942 0
1943 0
1944 0
1945 1
1946 4
1947 4
1948 5
1949 3
1950 0
1951 2
1952 3
1953 3
1954 2
1955 1
1956 3
1957 1
1958 4
1959 6
1960 2
1961 2
1962 2
1963 1
1964 5
1965 3
1966 4
1967 2
1968 1
1969 5
1970 2
1971 0
1972 2
1973 4
1974 0
1975 2
1976 2
1977 4
1978 0
1979 2
1980 0
1981 5
1982 4
1983 1
1984 3
1985 3
1986 2
1987 2
1988 0
1989 2
1990 4
1991 0
1992 3
1993 0
1994 4
1995 3
1996 1
1997 1
1998 2
1999 1
2000 1
2001 2
2002 2
2003 2
2004 0
2005 3
2006 2
2007 0
2008 1
2009 5
2010 2
2011 1
2012 5
2013 2
2014 3
2015 0
2016 1
2017 0
2018 5
2019 1
2020 0
2021 3
2022 1
2023 3
2024 0
2025 0
2026 3
2027 3
2028 0
2029 4
2030 3
2031 3
2032 4
2033 1
2034 1
2035 0
2036 2
2037 1
2038 1
2039 1
2040 4
2041 4
2042 0
2043 3
2044 1
2045 1
2046 0
2047 3
2048 4
2049 1
2050 2
2051 3
2052 0
2053 2
2054 1
2055 2
2056 2
2057 3
2058 0
2059 3
2060 2
2061 0
2062 1
2063 2
2064 1
2065 0
2066 1
2067 2
2068 1
2069 1
2070 1
2071 3
2072 4
2073 0
2074 2
2075 0
2076 2
2077 3
2078 1
2079 6
2080 1
2081 5
2082 1
2083 3
2084 4
2085 2
2086 2
2087 0
2088 1
2089 4
2090 0
2091 1
2092 1
2093 4
2094 3
2095 0
2096 0
2097 0
2098 1
2099 2
2100 1
2101 1
2102 1
2103 0
2104 2
2105 2
2106 4
2107 1
2108 0
2109 3
2110 1
2111 5
2112 2
2113 4
2114 2
2115 4
2116 3
2117 4
2118 2
2119 2
2120 1
2121 5
2122 1
2123 4
2124 2
2125 4
2126 2
2127 2
2128 0
2129 1
2130 2
2131 0
2132 1
2133 3
2134 3
2135 2
2136 3
2137 0
2138 3
2139 5
2140 1
2141 2
2142 2
2143 1
2144 1
2145 2
2146 0
2147 3
2148 4
2149 1
2150 0
2151 5
2152 4
2153 3
2154 1
2155 3
2156 1
2157 2
2158 5
2159 3
2160 0
2161 1
2162 0
2163 0
2164 5
2165 4
2166 1
2167 1
2168 2
2169 4
2170 2
2171 1
2172 2
2173 0
2174 0
2175 0
2176 4
2177 2
2178 6
2179 3
2180 0
2181 2
2182 2
2183 2
2184 1
2185 5
2186 3
2187 1
2188 3
2189 0
2190 0
2191 0
2192 2
2193 5
2194 1
2195 2
2196 4
2197 0
2198 3
2199 2
2200 2
2201 0
2202 1
2203 6
2204 3
2205 1
2206 0
2207 5
2208 1
2209 2
2210 0
2211 1
2212 0
2213 2
2214 3
2215 3
2216 2
2217 0
2218 3
2219 3
2220 0
2221 1
2222 2
2223 1
2224 2
2225 0
2226 0
2227 3
2228 5
2229 0
2230 0
2231 2
2232 0
2233 2
2234 2
2235 3
2236 2
2237 3
2238 3
2239 3
2240 6
2241 4
2242 3
2243 0
2244 1
2245 0
2246 1
2247 2
2248 1
2249 2
2250 3
2251 4
2252 4
2253 1
2254 4
2255 3
2256 4
2257 4
2258 0
2259 2
2260 6
2261 1
2262 3
2263 1
2264 1
2265 2
2266 3
2267 0
2268 3
2269 1
2270 1
2271 1
2272 0
2273 2
2274 0
2275 2
2276 3
2277 2
2278 2
2279 1
2280 1
2281 2
2282 0
2283 3
2284 2
2285 2
2286 2
2287 2
2288 4
2289 1
2290 0
2291 3
2292 3
2293 1
2294 2
2295 2
2296 2
2297 2
2298 2
2299 5
2300 3
2301 0
2302 1
2303 0
2304 2
2305 5
2306 0
2307 2
2308 1
2309 4
2310 1
2311 5
2312 1
2313 4
2314 2
2315 3
2316 3
2317 3
2318 2
2319 0
2320 4
2321 1
2322 3
2323 4
2324 3
2325 5
2326 5
2327 1
2328 1
2329 0
2330 0
2331 3
2332 6
2333 3
2334 6
2335 3
2336 3
2337 1
2338 1
2339 0
2340 3
2341 5
2342 1
2343 4
2344 1
2345 0
2346 1
2347 0
2348 4
2349 4
2350 4
2351 1
2352 4
2353 1
2354 2
2355 3
2356 2
2357 1
2358 2
2359 0
2360 4
2361 1
2362 3
2363 2
2364 4
2365 0
2366 0
2367 0
2368 1
2369 4
2370 3
2371 4
2372 2
2373 1
2374 2
2375 2
2376 4
2377 4
2378 1
2379 0
2380 2
2381 0
2382 0
2383 0
2384 1
2385 0
2386 1
2387 1
2388 0
2389 0
2390 4
2391 2
2392 4
2393 2
2394 3
2395 3
2396 3
2397 2
2398 3
2399 2
2400 2
2401 1
2402 1
2403 1
2404 5
2405 1
2406 4
2407 2
2408 1
2409 1
2410 1
2411 1
2412 4
2413 3
2414 2
2415 5
2416 2
2417 3
2418 4
2419 4
2420 2
2421 1
2422 1
2423 0
2424 5
2425 1
2426 4
2427 1
2428 3
2429 0
2430 4
2431 4
2432 4
2433 1
2434 1
2435 0
2436 1
2437 1
2438 4
2439 3
2440 4
2441 3
2442 5
2443 3
2444 0
2445 2
2446 1
2447 1
2448 4
2449 2
2450 2
2451 0
2452 4
2453 4
2454 4
2455 1
2456 1
2457 5
2458 4
2459 5
2460 5
2461 2
2462 2
2463 2
2464 0
2465 0
2466 0
2467 4
2468 3
2469 3
2470 2
2471 1
2472 5
2473 4
2474 4
2475 1
2476 5
2477 2
2478 3
2479 3
2480 0
2481 2
2482 1
2483 3
2484 2
2485 4
2486 4
2487 4
2488 3
2489 1
2490 1
2491 3
2492 1
2493 1
2494 0
2495 0
2496 3
2497 2
2498 5
2499 1
2500 3
2501 1
2502 0
2503 0
2504 4
2505 3
2506 2
2507 2
2508 1
2509 3
2510 1
2511 4
2512 0
2513 2
2514 3
2515 2
2516 4
2517 3
2518 1
2519 5
2520 4
2521 1
2522 3
2523 4
2524 3
2525 3
2526 3
2527 1
2528 4
2529 1
2530 4
2531 5
2532 4
2533 4
2534 4
2535 1
2536 3
2537 2
2538 5
2539 2
2540 0
2541 4
2542 2
2543 3
2544 2
2545 4
2546 3
2547 2
2548 4
2549 1
2550 0
2551 2
2552 2
2553 0
2554 6
2555 2
2556 3
2557 0
2558 2
2559 4
2560 1
2561 1
2562 2
2563 5
2564 3
2565 2
2566 2
2567 5
2568 2
2569 5
2570 1
2571 1
2572 4
2573 1
2574 2
2575 0
2576 0
2577 0
2578 3
2579 0
2580 1
2581 2
2582 2
2583 1
2584 0
2585 3
2586 3
2587 2
2588 2
2589 6
2590 3
2591 4
2592 3
2593 0
2594 1
2595 2
2596 0
2597 3
2598 0
2599 0
2600 3
2601 4
2602 2
2603 0
2604 4
2605 1
2606 1
2607 0
2608 5
2609 0
2610 4
2611 1
2612 2
2613 5
2614 1
2615 4
2616 3
2617 2
2618 1
2619 3
2620 2
2621 6
2622 3
2623 0
2624 0
2625 4
2626 1
2627 3
2628 3
2629 1
2630 5
2631 4
2632 4
2633 1
2634 0
2635 3
2636 1
2637 1
2638 3
2639 4
2640 4
2641 2
2642 5
2643 5
2644 1
2645 6
2646 0
2647 0
2648 4
2649 4
2650 3
2651 5
2652 2
2653 3
2654 3
2655 3
2656 4
2657 3
2658 0
2659 5
2660 0
2661 0
2662 0
2663 2
2664 1
2665 3
2666 4
2667 3
2668 2
2669 0
2670 2
2671 0
2672 3
2673 0
2674 2
2675 0
2676 5
2677 1
2678 2
2679 3
2680 0
2681 6
2682 0
2683 0
2684 4
2685 0
2686 3
2687 2
2688 3
2689 1
2690 0
2691 4
2692 2
2693 3
2694 3
2695 0
2696 4
2697 1
2698 1
2699 4
2700 1
2701 1
2702 1
2703 2
2704 3
2705 0
2706 2
2707 1
2708 2
2709 4
2710 3
2711 1
2712 0
2713 1
2714 0
2715 1
2716 2
2717 1
2718 3
2719 5
2720 2
2721 2
2722 4
2723 0
2724 0
2725 3
2726 2
2727 0
2728 5
2729 3
2730 2
2731 1
2732 4
2733 5
2734 4
2735 3
2736 1
2737 3
2738 1
2739 2
2740 5
2741 1
2742 1
2743 2
2744 1
2745 3
2746 3
2747 4
2748 5
2749 1
2750 2
2751 1
2752 3
2753 2
2754 4
2755 6
2756 1
2757 2
2758 0
2759 1
2760 3
2761 1
2762 6
2763 1
2764 2
2765 2
2766 3
2767 4
2768 3
2769 5
2770 2
2771 0
2772 4
2773 0
2774 2
2775 0
2776 0
2777 1
2778 2
2779 0
2780 1
2781 4
2782 3
2783 4
2784 3
2785 1
2786 4
2787 5
2788 5
2789 5
2790 1
2791 3
2792 2
2793 5
2794 4
2795 6
2796 5
2797 0
2798 5
2799 5
2800 3
2801 1
2802 2
2803 3
2804 2
2805 2
2806 0
2807 0
2808 3
2809 3
2810 3
2811 1
2812 3
2813 3
2814 1
2815 3
2816 1
2817 4
2818 4
2819 3
2820 2
2821 0
2822 3
2823 2
2824 1
2825 2
2826 4
2827 3
2828 4
2829 5
2830 3
2831 0
2832 0
2833 1
2834 0
2835 3
2836 0
2837 1
2838 1
2839 3
2840 2
2841 1
2842 2
2843 0
2844 3
2845 5
2846 2
2847 2
2848 5
2849 2
2850 5
2851 4
2852 5
2853 2
2854 1
2855 0
2856 0
2857 5
2858 3
2859 2
2860 0
2861 4
2862 0
2863 3
2864 1
2865 3
2866 1
2867 2
2868 0
2869 6
2870 3
2871 2
2872 4
2873 2
2874 4
2875 1
2876 2
2877 2
2878 3
2879 1
2880 5
2881 2
2882 2
2883 5
2884 2
2885 5
2886 3
2887 0
2888 0
2889 0
2890 2
2891 1
2892 0
2893 2
2894 0
2895 1
2896 3
2897 0
2898 3
2899 0
2900 1
2901 4
2902 2
2903 1
2904 2
2905 4
2906 1
2907 0
2908 5
2909 1
2910 3
2911 0
2912 4
2913 3
2914 3
2915 0
2916 0
2917 5
2918 0
2919 3
2920 3
2921 3
2922 4
2923 2
2924 4
2925 0
2926 5
2927 1
2928 0
2929 5
2930 2
2931 2
2932 1
2933 6
2934 0
2935 4
2936 5
2937 3
2938 2
2939 0
2940 3
2941 4
2942 4
2943 1
2944 0
2945 0
2946 4
2947 1
2948 0
2949 4
2950 0
2951 4
2952 4
2953 2
2954 0
2955 3
2956 5
2957 2
2958 3
2959 2
2960 3
2961 0
2962 2
2963 1
2964 2
2965 3
2966 1
2967 2
2968 0
2969 3
2970 0
2971 3
2972 2
2973 4
2974 3
2975 1
2976 5
2977 3
2978 0
2979 2
2980 5
2981 0
2982 0
2983 4
2984 1
2985 4
2986 4
2987 4
2988 2
2989 4
2990 4
2991 0
2992 1
2993 3
2994 2
2995 3
2996 1
2997 2
2998 3
2999 5
3000 0
3001 3
3002 0
3003 3
3004 4
3005 5
3006 1
3007 5
3008 4
3009 3
3010 2
3011 3
3012 1
3013 4
3014 0
3015 0
3016 4
3017 1
3018 4
3019 1
3020 0
3021 1
3022 3
3023 3
3024 2
3025 2
3026 0
3027 0
3028 4
3029 3
3030 0
3031 3
3032 1
3033 3
3034 1
3035 2
3036 1
3037 2
3038 3
3039 0
3040 0
3041 1
3042 4
3043 2
3044 1
3045 2
3046 1
3047 0
3048 1
3049 1
3050 3
3051 1
3052 4
3053 1
3054 2
3055 5
3056 2
3057 2
3058 5
3059 3
3060 3
3061 0
3062 0
3063 3
3064 4
3065 3
3066 0
3067 0
3068 2
3069 0
3070 4
3071 0
3072 4
3073 4
3074 2
3075 0
3076 4
3077 1
3078 1
3079 1
3080 4
3081 4
3082 6
3083 2
3084 3
3085 4
3086 2
3087 3
3088 4
3089 4
3090 3
3091 4
3092 4
3093 2
3094 1
3095 5
3096 1
3097 3
3098 2
3099 0
3100 0
3101 2
3102 3
3103 2
3104 1
3105 0
3106 0
3107 0
3108 0
3109 4
3110 2
3111 2
3112 3
3113 2
3114 3
3115 2
3116 6
3117 0
3118 3
3119 6
3120 1
3121 4
3122 2
3123 1
3124 3
3125 5
3126 2
3127 2
3128 2
3129 4
3130 3
3131 4
3132 5
3133 3
3134 1
3135 6
3136 2
3137 1
3138 4
3139 5
3140 4
3141 5
3142 3
3143 0
3144 2
3145 2
3146 3
3147 0
3148 0
3149 1
3150 4
3151 5
3152 2
3153 1
3154 3
3155 1
3156 5
3157 5
3158 4
3159 2
3160 3
3161 0
3162 0
3163 1
3164 3
3165 1
3166 6
3167 3
3168 1
3169 4
3170 0
3171 5
3172 2
3173 2
3174 3
3175 2
3176 3
3177 3
3178 1
3179 0
3180 4
3181 2
3182 4
3183 3
3184 1
3185 0
3186 0
3187 1
3188 2
3189 1
3190 0
3191 4
3192 4
3193 4
3194 3
3195 5
3196 2
3197 4
3198 1
3199 0
3200 0
3201 3
3202 2
3203 1
3204 3
3205 1
3206 1
3207 6
3208 3
3209 1
3210 0
3211 3
3212 0
3213 0
3214 1
3215 2
3216 2
3217 1
3218 0
3219 2
3220 0
3221 0
3222 3
3223 4
3224 1
3225 1
3226 5
3227 3
3228 1
3229 1
3230 1
3231 3
3232 0
3233 0
3234 4
3235 2
3236 3
3237 2
3238 4
3239 4
3240 0
3241 2
3242 4
3243 1
3244 2
3245 1
3246 5
3247 2
3248 0
3249 5
3250 1
3251 5
3252 2
3253 4
3254 0
3255 5
3256 3
3257 0
3258 3
3259 4
3260 4
3261 2
3262 0
3263 0
3264 0
3265 3
3266 6
3267 1
3268 2
3269 0
3270 4
3271 2
3272 1
3273 0
3274 1
3275 1
3276 4
3277 3
3278 1
3279 1
3280 2
3281 0
3282 1
3283 0
3284 3
3285 1
3286 1
3287 2
3288 4
3289 2
3290 2
3291 5
3292 1
3293 1
3294 1
3295 1
3296 3
3297 1
3298 3
3299 1
3300 4
3301 3
3302 3
3303 1
3304 4
3305 0
3306 0
3307 4
3308 3
3309 5
3310 0
3311 0
3312 1
3313 3
3314 2
3315 3
3316 4
3317 3
3318 3
3319 2
3320 3
3321 2
3322 1
3323 3
3324 3
3325 2
3326 6
3327 1
3328 1
3329 1
3330 5
3331 0
3332 0
3333 4
3334 3
3335 2
3336 3
3337 2
3338 3
3339 0
3340 5
3341 1
3342 6
3343 1
3344 3
3345 3
3346 6
3347 4
3348 4
3349 3
3350 3
3351 3
3352 0
3353 1
3354 0
3355 3
3356 2
3357 5
3358 2
3359 4
3360 0
3361 2
3362 5
3363 1
3364 4
3365 2
3366 2
3367 4
3368 3
3369 0
3370 4
3371 2
3372 0
3373 1
3374 3
3375 1
3376 6
3377 2
3378 1
3379 4
3380 4
3381 4
3382 0
3383 4
3384 2
3385 1
3386 4
3387 0
3388 2
3389 0
3390 5
3391 4
3392 0
3393 1
3394 0
3395 2
3396 4
3397 0
3398 1
3399 2
3400 2
3401 4
3402 4
3403 2
3404 4
3405 3
3406 5
3407 4
3408 2
3409 1
3410 2
3411 3
3412 4
3413 4
3414 5
3415 2
3416 3
3417 1
3418 0
3419 2
3420 1
3421 2
3422 0
3423 2
3424 4
3425 5
3426 6
3427 3
3428 2
3429 5
3430 0
3431 3
3432 0
3433 3
3434 2
3435 1
3436 0
3437 2
3438 2
3439 2
3440 1
3441 1
3442 2
3443 1
3444 2
3445 0
3446 5
3447 2
3448 1
3449 5
3450 4
3451 4
3452 0
3453 4
3454 5
3455 0
3456 3
3457 0
3458 3
3459 1
3460 0
3461 3
3462 4
3463 3
3464 2
3465 6
3466 6
3467 2
3468 3
3469 2
3470 3
3471 1
3472 0
3473 4
3474 0
3475 0
3476 0
3477 1
3478 1
3479 1
3480 2
3481 4
3482 0
3483 1
3484 0
3485 1
3486 1
3487 4
3488 1
3489 3
3490 3
3491 5
3492 0
3493 0
3494 0
3495 0
3496 1
3497 3
3498 4
3499 0
3500 0
3501 1
3502 3
3503 3
3504 2
3505 2
3506 2
3507 3
3508 2
3509 1
3510 3
3511 2
3512 3
3513 2
3514 1
3515 1
3516 4
3517 1
3518 0
3519 2
3520 0
3521 3
3522 0
3523 2
3524 3
3525 3
3526 4
3527 3
3528 4
3529 0
3530 4
3531 1
3532 3
3533 4
3534 0
3535 2
3536 3
3537 2
3538 0
3539 4
3540 4
3541 1
3542 0
3543 4
3544 4
3545 4
3546 3
3547 3
3548 3
3549 1
3550 5
3551 3
3552 1
3553 1
3554 2
3555 2
3556 0
3557 2
3558 2
3559 5
3560 4
3561 0
3562 0
3563 3
3564 3
3565 5
3566 1
3567 2
3568 3
3569 3
3570 2
3571 1
3572 4
3573 4
3574 1
3575 3
3576 2
3577 4
3578 4
3579 4
3580 4
3581 3
3582 0
3583 2
3584 1
3585 0
3586 4
3587 2
3588 5
3589 4
3590 6
3591 2
3592 5
3593 3
3594 5
3595 2
3596 5
3597 3
3598 3
3599 3
3600 4
3601 4
3602 0
3603 5
3604 2
3605 1
3606 2
3607 3
3608 3
3609 6
3610 0
3611 4
3612 0
3613 0
3614 3
3615 1
3616 2
3617 2
3618 2
3619 0
3620 1
3621 0
3622 5
3623 4
3624 3
3625 3
3626 5
3627 5
3628 2
3629 4
3630 1
3631 3
3632 2
3633 3
3634 0
3635 4
3636 3
3637 1
3638 1
3639 5
3640 3
3641 1
3642 2
3643 3
3644 0
3645 0
3646 5
3647 1
3648 1
3649 1
3650 0
3651 0
3652 2
3653 0
3654 1
3655 1
3656 0
3657 2
3658 3
3659 0
3660 2
3661 1
3662 2
3663 3
3664 5
3665 0
3666 2
3667 1
3668 1
3669 3
3670 4
3671 1
3672 0
3673 4
3674 2
3675 3
3676 2
3677 1
3678 0
3679 1
3680 3
3681 2
3682 1
3683 5
3684 1
3685 4
3686 1
3687 0
3688 3
3689 0
3690 2
3691 0
3692 3
3693 1
3694 3
3695 0
3696 0
3697 0
3698 1
3699 4
3700 3
3701 3
3702 5
3703 4
3704 4
3705 4
3706 5
3707 5
3708 2
3709 4
3710 2
3711 1
3712 3
3713 4
3714 0
3715 4
3716 3
3717 2
3718 1
3719 4
3720 0
3721 3
3722 1
3723 5
3724 3
3725 5
3726 2
3727 2
3728 3
3729 3
3730 2
3731 6
3732 5
3733 2
3734 1
3735 1
3736 0
3737 3
3738 1
3739 0
3740 4
3741 4
3742 5
3743 2
3744 1
3745 4
3746 2
3747 0
3748 4
3749 4
3750 4
3751 0
3752 0
3753 0
3754 1
3755 4
3756 3
3757 3
3758 1
3759 3
3760 2
3761 2
3762 4
3763 2
3764 3
3765 2
3766 2
3767 3
3768 1
3769 0
3770 1
3771 0
3772 2
3773 6
3774 3
3775 1
3776 2
3777 3
3778 0
3779 1
3780 5
3781 2
3782 3
3783 3
3784 3
3785 0
3786 4
3787 4
3788 3
3789 2
3790 0
3791 1
3792 1
3793 0
3794 2
3795 2
3796 1
3797 0
3798 1
3799 6
3800 3
3801 0
3802 1
3803 1
3804 1
3805 1
3806 0
3807 2
3808 2
3809 1
3810 4
3811 3
3812 0
3813 1
3814 5
3815 2
3816 4
3817 3
3818 2
3819 6
3820 2
3821 1
3822 2
3823 3
3824 4
3825 1
3826 5
3827 4
3828 0
3829 3
3830 3
3831 2
3832 1
3833 2
3834 5
3835 1
3836 3
3837 0
3838 2
3839 5
3840 1
3841 3
3842 4
3843 6
3844 0
3845 1
3846 2
3847 1
3848 6
3849 0
3850 3
3851 3
3852 1
3853 0
3854 2
3855 5
3856 2
3857 0
3858 1
3859 1
3860 1
3861 0
3862 2
3863 4
3864 1
3865 3
3866 2
3867 0
3868 3
3869 0
3870 5
3871 0
3872 3
3873 1
3874 0
3875 2
3876 2
3877 2
3878 1
3879 2
3880 0
3881 3
3882 0
3883 1
3884 0
3885 3
3886 0
3887 4
3888 3
3889 5
3890 1
3891 4
3892 3
3893 5
3894 3
3895 2
3896 2
3897 4
3898 1
3899 4
3900 0
3901 4
3902 5
3903 5
3904 1
3905 3
3906 3
3907 3
3908 3
3909 4
3910 0
3911 3
3912 2
3913 4
3914 5
3915 5
3916 0
3917 0
3918 2
3919 0
3920 5
3921 2
3922 2
3923 1
3924 4
3925 2
3926 3
3927 0
3928 7
3929 4
3930 4
3931 0
3932 1
3933 0
3934 0
3935 2
3936 0
3937 1
3938 1
3939 0
3940 3
3941 3
3942 0
3943 0
3944 3
3945 0
3946 2
3947 1
3948 0
3949 4
3950 1
3951 0
3952 2
3953 0
3954 3
3955 3
3956 2
3957 4
3958 5
3959 1
3960 4
3961 3
3962 2
3963 2
3964 1
3965 4
3966 3
3967 3
3968 3
3969 1
3970 0
3971 0
3972 4
3973 5
3974 2
3975 2
3976 1
3977 0
3978 1
3979 4
3980 1
3981 0
3982 4
3983 1
3984 5
3985 0
3986 2
3987 3
3988 5
3989 1
3990 2
3991 4
3992 1
3993 3
3994 0
3995 0
3996 3
3997 0
3998 2
3999 0
4000 1
4001 0
4002 0
4003 2
4004 2
4005 5
4006 5
4007 0
4008 2
4009 0
4010 1
4011 3
4012 1
4013 3
4014 5
4015 2
4016 3
4017 1
4018 3
4019 3
4020 1
4021 3
4022 0
4023 4
4024 2
4025 2
4026 3
4027 3
4028 2
4029 3
4030 1
4031 3
4032 0
4033 5
4034 4
4035 3
4036 0
4037 0
4038 5
4039 5
4040 5
4041 3
4042 2
4043 1
4044 3
4045 4
4046 0
4047 0
4048 1
4049 3
4050 1
4051 0
4052 4
4053 3
4054 0
4055 3
4056 3
4057 1
4058 0
4059 2
4060 4
4061 2
4062 3
4063 0
4064 4
4065 3
4066 3
4067 1
4068 3
4069 3
4070 4
4071 4
4072 3
4073 4
4074 2
4075 0
4076 0
4077 0
4078 3
4079 2
4080 0
4081 4
4082 4
4083 1
4084 3
4085 5
4086 3
4087 3
4088 0
4089 2
4090 2
4091 4
4092 5
4093 5
4094 3
4095 2
4096 2
4097 3
4098 5
4099 4
4100 1
4101 3
4102 0
4103 3
4104 5
4105 2
4106 0
4107 1
4108 4
4109 1
4110 2
4111 1
4112 1
4113 6
4114 3
4115 3
4116 0
4117 1
4118 0
4119 3
4120 3
4121 2
4122 0
4123 2
4124 4
4125 1
4126 3
4127 1
4128 4
4129 4
4130 1
4131 2
4132 0
4133 2
4134 5
4135 0
4136 0
4137 3
4138 5
4139 1
4140 2
4141 2
4142 3
4143 3
4144 2
4145 4
4146 5
4147 6
4148 3
4149 1
4150 4
4151 1
4152 1
4153 2
4154 1
4155 1
4156 3
4157 3
4158 1
4159 3
4160 2
4161 0
4162 1
4163 4
4164 4
4165 5
4166 0
4167 0
4168 1
4169 1
4170 2
4171 0
4172 3
4173 4
4174 4
4175 0
4176 1
4177 1
4178 0
4179 1
4180 0
4181 3
4182 0
4183 4
4184 0
4185 4
4186 0
4187 3
4188 0
4189 1
4190 1
4191 2
4192 5
4193 2
4194 0
4195 3
4196 3
4197 0
4198 0
4199 3
4200 0
4201 1
4202 4
4203 2
4204 0
4205 3
4206 3
4207 0
4208 3
4209 5
4210 1
4211 1
4212 4
4213 0
4214 3
4215 1
4216 0
4217 1
4218 0
4219 1
4220 2
4221 4
4222 4
4223 0
4224 1
4225 0
4226 0
4227 1
4228 5
4229 3
4230 1
4231 0
4232 0
4233 1
4234 1
4235 2
4236 3
4237 4
4238 4
4239 1
4240 2
4241 4
4242 4
4243 1
4244 5
4245 1
4246 3
4247 0
4248 0
4249 1
4250 0
4251 5
4252 2
4253 0
4254 4
4255 2
4256 4
4257 1
4258 0
4259 1
4260 0
4261 2
4262 0
4263 6
4264 4
4265 4
4266 3
4267 5
4268 1
4269 4
4270 2
4271 2
4272 0
4273 5
4274 2
4275 3
4276 1
4277 3
4278 3
4279 0
4280 2
4281 1
4282 5
4283 0
4284 2
4285 2
4286 0
4287 5
4288 1
4289 1
4290 5
4291 1
4292 3
4293 1
4294 1
4295 0
4296 3
4297 2
4298 3
4299 1
4300 0
4301 2
4302 5
4303 0
4304 2
4305 0
4306 0
4307 4
4308 0
4309 1
4310 4
4311 1
4312 5
4313 0
4314 0
4315 1
4316 2
4317 3
4318 3
4319 4
4320 3
4321 3
4322 2
4323 0
4324 1
4325 0
4326 3
4327 1
4328 1
4329 2
4330 1
4331 0
4332 2
4333 0
4334 0
4335 6
4336 3
4337 0
4338 2
4339 3
4340 3
4341 0
4342 0
4343 4
4344 2
4345 1
4346 0
4347 3
4348 4
4349 3
4350 3
4351 3
4352 2
4353 4
4354 5
4355 1
4356 0
4357 1
4358 2
4359 1
4360 0
4361 0
4362 1
4363 0
4364 2
4365 5
4366 3
4367 1
4368 2
4369 5
4370 0
4371 1
4372 2
4373 5
4374 3
4375 5
4376 2
4377 5
4378 4
4379 1
4380 3
4381 0
4382 3
4383 4
4384 3
4385 2
4386 2
4387 5
4388 0
4389 0
4390 0
4391 4
4392 3
4393 2
4394 0
4395 1
4396 0
4397 1
4398 2
4399 1
4400 2
4401 0
4402 1
4403 1
4404 4
4405 3
4406 0
4407 0
4408 0
4409 4
4410 3
4411 1
4412 0
4413 2
4414 4
4415 2
4416 5
4417 3
4418 0
4419 1
4420 0
4421 4
4422 2
4423 1
4424 0
4425 0
4426 0
4427 3
4428 1
4429 1
4430 0
4431 1
4432 4
4433 1
4434 3
4435 1
4436 2
4437 4
4438 4
4439 4
4440 0
4441 1
4442 1
4443 1
4444 1
4445 0
4446 1
4447 4
4448 3
4449 0
4450 3
4451 1
4452 4
4453 1
4454 2
4455 6
4456 0
4457 0
4458 2
4459 2
4460 0
4461 1
4462 2
4463 0
4464 2
4465 0
4466 1
4467 0
4468 5
4469 2
4470 1
4471 0
4472 2
4473 4
4474 3
4475 1
4476 5
4477 1
4478 3
4479 1
4480 2
4481 1
4482 1
4483 1
4484 0
4485 3
4486 1
4487 6
4488 1
4489 4
4490 1
4491 3
4492 5
4493 0
4494 3
4495 0
4496 1
4497 4
4498 1
4499 1
4500 4
4501 4
4502 2
4503 3
4504 2
4505 3
4506 3
4507 3
4508 2
4509 0
4510 0
4511 1
4512 2
4513 5
4514 1
4515 4
4516 1
4517 2
4518 4
4519 1
4520 2
4521 5
4522 4
4523 0
4524 0
4525 3
4526 5
4527 5
4528 3
4529 0
4530 3
4531 3
4532 1
4533 0
4534 4
4535 5
4536 3
4537 1
4538 5
4539 4
4540 0
4541 1
4542 0
4543 1
4544 3
4545 1
4546 0
4547 3
4548 2
4549 6
4550 2
4551 0
4552 0
4553 0
4554 4
4555 5
4556 1
4557 5
4558 2
4559 5
4560 0
4561 4
4562 1
4563 5
4564 4
4565 0
4566 0
4567 5
4568 0
4569 2
4570 4
4571 4
4572 0
4573 0
4574 2
4575 3
4576 2
4577 2
4578 0
4579 5
4580 0
4581 1
4582 1
4583 1
4584 5
4585 3
4586 1
4587 3
4588 3
4589 1
4590 6
4591 2
4592 0
4593 3
4594 0
4595 2
4596 0
4597 1
4598 3
4599 2
4600 5
4601 3
4602 1
4603 4
4604 5
4605 3
4606 1
4607 0
4608 0
4609 3
4610 3
4611 5
4612 4
4613 2
4614 5
4615 0
4616 1
4617 0
4618 1
4619 4
4620 2
4621 1
4622 0
4623 0
4624 0
4625 3
4626 1
4627 2
4628 0
4629 1
4630 2
4631 0
4632 3
4633 1
4634 4
4635 0
4636 1
4637 6
4638 3
4639 0
4640 5
4641 0
4642 1
4643 2
4644 0
4645 4
4646 4
4647 4
4648 4
4649 4
4650 0
4651 0
4652 4
4653 4
4654 5
4655 2
4656 1
4657 6
4658 6
4659 2
4660 1
4661 4
4662 5
4663 0
4664 3
4665 1
4666 2
4667 2
4668 0
4669 1
4670 2
4671 2
4672 1
4673 4
4674 4
4675 4
4676 0
4677 1
4678 1
4679 1
4680 3
4681 4
4682 3
4683 3
4684 0
4685 4
4686 0
4687 4
4688 5
4689 0
4690 2
4691 5
4692 5
4693 4
4694 0
4695 1
4696 2
4697 4
4698 0
4699 1
4700 1
4701 0
4702 1
4703 0
4704 6
4705 3
4706 1
4707 3
4708 3
4709 4
4710 0
4711 0
4712 3
4713 2
4714 2
4715 3
4716 5
4717 0
4718 3
4719 4
4720 1
4721 4
4722 3
4723 4
4724 2
4725 4
4726 0
4727 1
4728 1
4729 4
4730 5
4731 0
4732 0
4733 3
4734 2
4735 2
4736 1
4737 3
4738 0
4739 3
4740 2
4741 0
4742 4
4743 2
4744 1
4745 0
4746 0
4747 2
4748 2
4749 2
4750 4
4751 4
4752 2
4753 5
4754 2
4755 2
4756 1
4757 3
4758 3
4759 1
4760 0
4761 0
4762 1
4763 5
4764 1
4765 1
4766 0
4767 0
4768 6
4769 1
4770 4
4771 3
4772 4
4773 0
4774 5
4775 3
4776 0
4777 0
4778 1
4779 4
4780 1
4781 5
4782 4
4783 3
4784 5
4785 2
4786 0
4787 5
4788 1
4789 3
4790 1
4791 6
4792 1
4793 4
4794 2
4795 2
4796 4
4797 2
4798 4
4799 1
4800 1
4801 1
4802 3
4803 2
4804 4
4805 1
4806 0
4807 3
4808 0
4809 4
4810 2
4811 3
4812 5
4813 6
4814 0
4815 0
4816 0
4817 1
4818 0
4819 2
4820 1
4821 3
4822 0
4823 0
4824 2
4825 5
4826 2
4827 4
4828 0
4829 4
4830 4
4831 3
4832 3
4833 3
4834 0
4835 3
4836 0
4837 4
4838 2
4839 1
4840 4
4841 4
4842 4
4843 3
4844 4
4845 1
4846 2
4847 3
4848 1
4849 0
4850 2
4851 2
4852 4
4853 0
4854 2
4855 0
4856 2
4857 0
4858 3
4859 0
4860 2
4861 5
4862 3
4863 0
4864 1
4865 1
4866 4
4867 5
4868 0
4869 6
4870 1
4871 2
4872 3
4873 2
4874 3
4875 0
4876 1
4877 3
4878 3
4879 2
4880 3
4881 3
4882 0
4883 1
4884 1
4885 5
4886 5
4887 2
4888 0
4889 0
4890 2
4891 3
4892 2
4893 5
4894 4
4895 4
4896 2
4897 2
4898 0
4899 3
4900 2
4901 2
4902 0
4903 1
4904 3
4905 1
4906 1
4907 1
4908 1
4909 4
4910 4
4911 3
4912 1
4913 2
4914 4
4915 3
4916 1
4917 2
4918 0
4919 2
4920 4
4921 1
4922 0
4923 0
4924 3
4925 5
4926 4
4927 3
4928 2
4929 0
4930 1
4931 3
4932 5
4933 1
4934 3
4935 5
4936 2
4937 4
4938 3
4939 4
4940 0
4941 2
4942 0
4943 0
4944 0
4945 1
4946 1
4947 1
4948 0
4949 4
4950 1
4951 0
4952 0
4953 1
4954 1
4955 1
4956 0
4957 2
4958 3
4959 3
4960 2
4961 1
4962 0
4963 5
4964 1
4965 4
4966 3
4967 4
4968 3
4969 0
4970 4
4971 3
4972 3
4973 3
4974 4
4975 3
4976 5
4977 2
4978 0
4979 4
4980 3
4981 2
4982 4
4983 2
4984 5
4985 2
4986 1
4987 4
4988 5
4989 5
4990 3
4991 3
4992 2
4993 2
4994 0
4995 0
4996 0
4997 4
4998 3
4999 4
5000 3
5001 4
5002 2
5003 1
5004 0
5005 5
5006 2
5007 3
5008 3
5009 1
5010 3
5011 2
5012 3
5013 4
5014 3
5015 5
5016 1
5017 5
5018 0
5019 5
5020 6
5021 2
5022 1
5023 2
5024 0
5025 3
5026 1
5027 0
5028 2
5029 1
5030 3
5031 3
5032 3
5033 0
5034 3
5035 4
5036 1
5037 0
5038 0
5039 2
5040 0
5041 0
5042 0
5043 2
5044 4
5045 4
5046 1
5047 0
5048 5
5049 5
5050 0
5051 0
5052 4
5053 5
5054 0
5055 1
5056 2
5057 1
5058 5
5059 1
5060 3
5061 5
5062 3
5063 2
5064 2
5065 1
5066 3
5067 1
5068 2
5069 2
5070 2
5071 1
5072 1
5073 1
5074 2
5075 5
5076 2
5077 5
5078 4
5079 2
5080 0
5081 0
5082 0
5083 4
5084 4
5085 1
5086 4
5087 0
5088 1
5089 0
5090 3
5091 0
5092 0
5093 3
5094 2
5095 2
5096 3
5097 3
5098 1
5099 4
5100 6
5101 0
5102 2
5103 3
5104 1
5105 2
5106 1
5107 1
5108 3
5109 1
5110 3
5111 0
5112 0
5113 3
5114 1
5115 3
5116 1
5117 0
5118 1
5119 2
5120 4
5121 1
5122 0
5123 1
5124 1
5125 1
5126 0
5127 0
5128 4
5129 3
5130 0
5131 5
5132 4
5133 5
5134 1
5135 1
5136 4
5137 2
5138 3
5139 1
5140 2
5141 3
5142 1
5143 3
5144 6
5145 4
5146 0
5147 4
5148 5
5149 4
5150 1
5151 2
5152 1
5153 6
5154 2
5155 5
5156 5
5157 1
5158 4
5159 1
5160 2
5161 0
5162 1
5163 4
5164 0
5165 1
5166 0
5167 4
5168 3
5169 2
5170 1
5171 6
5172 2
5173 0
5174 0
5175 2
5176 4
5177 1
5178 5
5179 1
5180 3
5181 5
5182 5
5183 1
5184 0
5185 5
5186 0
5187 1
5188 6
5189 1
5190 1
5191 4
5192 3
5193 1
5194 4
5195 4
5196 0
5197 0
5198 2
5199 4
5200 5
5201 2
5202 2
5203 1
5204 3
5205 5
5206 4
5207 1
5208 6
5209 1
5210 1
5211 4
5212 0
5213 3
5214 1
5215 4
5216 0
5217 2
5218 0
5219 3
5220 1
5221 2
5222 3
5223 1
5224 1
5225 2
5226 6
5227 1
5228 1
5229 5
5230 1
5231 3
5232 2
5233 0
5234 0
5235 2
5236 1
5237 6
5238 1
5239 3
5240 2
5241 2
5242 4
5243 0
5244 0
5245 0
5246 3
5247 3
5248 0
5249 5
5250 3
5251 4
5252 1
5253 0
5254 0
5255 4
5256 4
5257 4
5258 0
5259 1
5260 1
5261 2
5262 3
5263 0
5264 1
5265 4
5266 1
5267 3
5268 2
5269 0
5270 0
5271 2
5272 0
5273 0
5274 0
5275 4
5276 3
5277 2
5278 3
5279 0
5280 4
5281 3
5282 0
5283 5
5284 0
5285 1
5286 1
5287 0
5288 2
5289 2
5290 1
5291 4
5292 0
5293 3
5294 2
5295 5
5296 5
5297 0
5298 3
5299 2
5300 5
5301 1
5302 4
5303 3
5304 0
5305 1
5306 2
5307 2
5308 5
5309 3
5310 3
5311 0
5312 1
5313 2
5314 0
5315 3
5316 1
5317 1
5318 0
5319 1
5320 5
5321 3
5322 5
5323 2
5324 4
5325 1
5326 2
5327 3
5328 2
5329 5
5330 3
5331 4
5332 4
5333 3
5334 5
5335 1
5336 3
5337 4
5338 2
5339 2
5340 2
5341 4
5342 1
5343 5
5344 1
5345 2
5346 3
5347 3
5348 0
5349 3
5350 4
5351 4
5352 4
5353 0
5354 2
5355 2
5356 2
5357 2
5358 0
5359 5
5360 3
5361 4
5362 0
5363 0
5364 1
5365 4
5366 1
5367 2
5368 1
5369 3
5370 1
5371 4
5372 3
5373 5
5374 5
5375 4
5376 0
5377 4
5378 0
5379 0
5380 1
5381 3
5382 0
5383 2
5384 0
5385 3
5386 2
5387 1
5388 1
5389 3
5390 6
5391 1
5392 3
5393 3
5394 4
5395 3
5396 2
5397 1
5398 1
5399 4
5400 3
5401 2
5402 5
5403 1
5404 0
5405 0
5406 0
5407 2
5408 5
5409 2
5410 3
5411 2
5412 0
5413 4
5414 0
5415 1
5416 5
5417 1
5418 3
5419 0
5420 1
5421 3
5422 2
5423 3
5424 5
5425 2
5426 3
5427 1
5428 6
5429 3
5430 5
5431 0
5432 0
5433 1
5434 4
5435 4
5436 4
5437 3
5438 1
5439 3
5440 4
5441 2
5442 6
5443 3
5444 4
5445 6
5446 1
5447 2
5448 2
5449 0
5450 4
5451 3
5452 4
5453 4
5454 4
5455 0
5456 3
5457 1
5458 2
5459 5
5460 3
5461 5
5462 4
5463 0
5464 1
5465 1
5466 2
5467 3
5468 2
5469 2
5470 2
5471 6
5472 1
5473 5
5474 0
5475 2
5476 2
5477 1
5478 5
5479 2
5480 4
5481 2
5482 2
5483 3
5484 0
5485 1
5486 5
5487 0
5488 1
5489 2
5490 4
5491 4
5492 6
5493 6
5494 0
5495 4
5496 0
5497 1
5498 6
5499 2
5500 0
5501 2
5502 1
5503 2
5504 3
5505 2
5506 4
5507 1
5508 4
5509 1
5510 2
5511 3
5512 1
5513 1
5514 2
5515 4
5516 5
5517 0
5518 0
5519 1
5520 1
5521 0
5522 2
5523 2
5524 4
5525 1
5526 2
5527 0
5528 4
5529 2
5530 3
5531 1
5532 1
5533 3
5534 4
5535 3
5536 2
5537 4
5538 3
5539 0
5540 3
5541 1
5542 1
5543 0
5544 0
5545 1
5546 4
5547 4
5548 3
5549 1
5550 4
5551 1
5552 5
5553 2
5554 4
5555 0
5556 1
5557 1
5558 0
5559 5
5560 0
5561 0
5562 0
5563 0
5564 3
5565 0
5566 5
5567 4
5568 5
5569 0
5570 4
5571 4
5572 0
5573 0
5574 0
5575 3
5576 0
5577 0
5578 4
5579 2
5580 0
5581 0
5582 0
5583 2
5584 2
5585 4
5586 5
5587 1
5588 0
5589 4
5590 2
5591 0
5592 3
5593 0
5594 1
5595 1
5596 2
5597 4
5598 3
5599 0
5600 3
5601 0
5602 6
5603 4
5604 4
5605 3
5606 2
5607 1
5608 1
5609 2
5610 3
5611 5
5612 3
5613 0
5614 0
5615 3
5616 1
5617 3
5618 5
5619 0
5620 2
5621 2
5622 3
5623 4
5624 5
5625 2
5626 3
5627 5
5628 3
5629 2
5630 2
5631 2
5632 5
5633 2
5634 1
5635 1
5636 2
5637 0
5638 3
5639 4
5640 3
5641 0
5642 5
5643 2
5644 5
5645 5
5646 2
5647 2
5648 4
5649 4
5650 2
5651 2
5652 3
5653 1
5654 0
5655 1
5656 0
5657 2
5658 0
5659 2
5660 4
5661 3
5662 5
5663 2
5664 4
5665 4
5666 3
5667 0
5668 3
5669 3
5670 2
5671 4
5672 1
5673 1
5674 1
5675 2
5676 4
5677 2
5678 3
5679 0
5680 1
5681 3
5682 0
5683 3
5684 6
5685 2
5686 4
5687 2
5688 4
5689 2
5690 2
5691 2
5692 0
5693 3
5694 4
5695 3
5696 0
5697 4
5698 5
5699 3
5700 6
5701 0
5702 1
5703 2
5704 2
5705 1
5706 4
5707 2
5708 1
5709 2
5710 3
5711 1
5712 0
5713 3
5714 2
5715 1
5716 1
5717 3
5718 3
5719 1
5720 0
5721 2
5722 3
5723 5
5724 1
5725 2
5726 2
5727 2
5728 4
5729 3
5730 0
5731 2
5732 5
5733 4
5734 1
5735 2
5736 0
5737 4
5738 3
5739 2
5740 4
5741 2
5742 6
5743 5
5744 0
5745 6
5746 0
5747 2
5748 4
5749 1
5750 4
5751 4
5752 2
5753 6
5754 2
5755 2
5756 4
5757 5
5758 1
5759 4
5760 1
5761 4
5762 2
5763 2
5764 0
5765 2
5766 3
5767 1
5768 4
5769 2
5770 4
5771 4
5772 1
5773 0
5774 5
5775 0
5776 3
5777 5
5778 3
5779 2
5780 0
5781 2
5782 3
5783 4
5784 3
5785 4
5786 1
5787 3
5788 1
5789 5
5790 4
5791 4
5792 2
5793 4
5794 3
5795 6
5796 5
5797 2
5798 4
5799 0
5800 1
5801 1
5802 3
5803 1
5804 0
5805 0
5806 0
5807 2
5808 6
5809 1
5810 4
5811 3
5812 4
5813 5
5814 5
5815 4
5816 2
5817 5
5818 1
5819 0
5820 0
5821 0
5822 1
5823 3
5824 3
5825 4
5826 0
5827 2
5828 3
5829 0
5830 4
5831 5
5832 6
5833 0
5834 1
5835 2
5836 0
5837 0
5838 4
5839 0
5840 6
5841 2
5842 4
5843 2
5844 4
5845 1
5846 2
5847 2
5848 1
5849 1
5850 3
5851 4
5852 3
5853 2
5854 3
5855 0
5856 3
5857 0
5858 3
5859 3
5860 4
5861 0
5862 3
5863 4
5864 1
5865 3
5866 1
5867 4
5868 1
5869 2
5870 2
5871 5
5872 3
5873 1
5874 0
5875 5
5876 2
5877 1
5878 1
5879 1
5880 0
5881 0
5882 0
5883 0
5884 2
5885 1
5886 3
5887 5
5888 3
5889 1
5890 4
5891 1
5892 3
5893 3
5894 3
5895 0
5896 0
5897 2
5898 4
5899 1
5900 3
5901 1
5902 3
5903 4
5904 5
5905 3
5906 4
5907 3
5908 4
5909 3
5910 0
5911 2
5912 4
5913 2
5914 2
5915 5
5916 4
5917 3
5918 3
5919 2
5920 2
5921 3
5922 3
5923 1
5924 3
5925 1
5926 2
5927 3
5928 4
5929 6
5930 0
5931 6
5932 4
5933 0
5934 3
5935 3
5936 0
5937 2
5938 3
5939 0
5940 0
5941 1
5942 3
5943 0
5944 0
5945 5
5946 1
5947 1
5948 0
5949 0
5950 2
5951 3
5952 0
5953 3
5954 1
5955 5
5956 0
5957 0
5958 1
5959 2
5960 0
5961 5
5962 0
5963 1
5964 2
5965 1
5966 3
5967 2
5968 2
5969 0
5970 0
5971 2
5972 3
5973 2
5974 3
5975 2
5976 0
5977 1
5978 4
5979 0
5980 3
5981 3
5982 0
5983 4
5984 3
5985 1
5986 0
5987 0
5988 2
5989 4
5990 1
5991 1
5992 2
5993 6
5994 2
5995 0
5996 0
5997 1
5998 0
5999 1
6000 1
6001 1
6002 3
6003 0
6004 2
6005 0
6006 5
6007 1
6008 5
6009 0
6010 5
6011 0
6012 2
6013 4
6014 0
6015 3
6016 0
6017 1
6018 1
6019 5
6020 4
6021 3
6022 1
6023 0
6024 1
6025 2
6026 4
6027 2
6028 0
6029 1
6030 1
6031 0
6032 1
6033 4
6034 2
6035 2
6036 3
6037 3
6038 1
6039 2
6040 2
6041 2
6042 0
6043 4
6044 1
6045 5
6046 1
6047 2
6048 5
6049 2
6050 1
6051 2
6052 4
6053 1
6054 3
6055 2
6056 0
6057 5
6058 0
6059 0
6060 0
6061 5
6062 4
6063 1
6064 0
6065 2
6066 3
6067 1
6068 0
6069 2
6070 5
6071 0
6072 5
6073 0
6074 2
6075 2
6076 3
6077 3
6078 0
6079 4
6080 6
6081 4
6082 1
6083 6
6084 1
6085 1
6086 1
6087 0
6088 0
6089 0
6090 0
6091 1
6092 2
6093 0
6094 4
6095 3
6096 2
6097 2
6098 1
6099 3
6100 1
6101 2
6102 4
6103 1
6104 1
6105 2
6106 3
6107 0
6108 0
6109 1
6110 2
6111 0
6112 1
6113 1
6114 5
6115 5
6116 0
6117 3
6118 1
6119 3
6120 2
6121 3
6122 1
6123 1
6124 1
6125 0
6126 5
6127 1
6128 2
6129 3
6130 0
6131 0
6132 1
6133 1
6134 4
6135 0
6136 4
6137 4
6138 0
6139 5
6140 2
6141 4
6142 1
6143 2
6144 4
6145 2
6146 0
6147 1
6148 0
6149 3
6150 4
6151 1
6152 4
6153 3
6154 1
6155 3
6156 6
6157 0
6158 2
6159 0
6160 3
6161 1
6162 5
6163 3
6164 3
6165 3
6166 3
6167 4
6168 3
6169 2
6170 3
6171 1
6172 2
6173 2
6174 0
6175 2
6176 1
6177 4
6178 0
6179 1
6180 3
6181 1
6182 4
6183 0
6184 2
6185 5
6186 2
6187 1
6188 4
6189 0
6190 3
6191 0
6192 2
6193 3
6194 1
6195 1
6196 3
6197 0
6198 1
6199 3
6200 3
6201 5
6202 5
6203 4
6204 4
6205 3
6206 3
6207 1
6208 6
6209 4
6210 3
6211 2
6212 3
6213 0
6214 4
6215 1
6216 2
6217 1
6218 1
6219 4
6220 4
6221 1
6222 4
6223 3
6224 0
6225 3
6226 1
6227 2
6228 0
6229 2
6230 5
6231 4
6232 5
6233 0
6234 5
6235 3
6236 5
6237 3
6238 2
6239 3
6240 1
6241 3
6242 1
6243 4
6244 1
6245 0
6246 3
6247 3
6248 4
6249 0
6250 0
6251 0
6252 3
6253 3
6254 3
6255 4
6256 1
6257 0
6258 3
6259 4
6260 4
6261 6
6262 4
6263 0
6264 3
6265 0
6266 0
6267 0
6268 2
6269 0
6270 2
6271 4
6272 1
6273 1
6274 0
6275 2
6276 1
6277 0
6278 5
6279 2
6280 2
6281 0
6282 2
6283 2
6284 1
6285 3
6286 5
6287 4
6288 6
6289 1
6290 3
6291 0
6292 2
6293 4
6294 4
6295 3
6296 2
6297 2
6298 1
6299 1
6300 0
6301 1
6302 2
6303 0
6304 0
6305 2
6306 1
6307 0
6308 2
6309 6
6310 3
6311 4
6312 2
6313 2
6314 2
6315 4
6316 3
6317 2
6318 5
6319 0
6320 2
6321 4
6322 4
6323 3
6324 2
6325 1
6326 1
6327 2
6328 0
6329 1
6330 6
6331 4
6332 1
6333 1
6334 1
6335 3
6336 0
6337 1
6338 2
6339 1
6340 1
6341 4
6342 6
6343 4
6344 0
6345 3
6346 1
6347 3
6348 3
6349 2
6350 0
6351 4
6352 3
6353 0
6354 4
6355 4
6356 0
6357 0
6358 4
6359 2
6360 4
6361 5
6362 3
6363 3
6364 4
6365 3
6366 1
6367 0
6368 2
6369 0
6370 2
6371 5
6372 4
6373 3
6374 1
6375 2
6376 2
6377 0
6378 1
6379 1
6380 3
6381 0
6382 0
6383 0
6384 4
6385 3
6386 0
6387 3
6388 1
6389 0
6390 1
6391 1
6392 1
6393 3
6394 3
6395 2
6396 4
6397 0
6398 3
6399 2
6400 3
6401 1
6402 1
6403 5
6404 3
6405 1
6406 6
6407 2
6408 3
6409 5
6410 0
6411 2
6412 4
6413 0
6414 3
6415 0
6416 2
6417 4
6418 5
6419 4
6420 3
6421 0
6422 0
6423 3
6424 0
6425 4
6426 0
6427 1
6428 1
6429 2
6430 5
6431 3
6432 2
6433 3
6434 4
6435 0
6436 3
6437 0
6438 1
6439 1
6440 4
6441 6
6442 1
6443 1
6444 3
6445 0
6446 5
6447 0
6448 5
6449 3
6450 2
6451 1
6452 0
6453 3
6454 0
6455 4
6456 4
6457 3
6458 2
6459 3
6460 0
6461 0
6462 3
6463 2
6464 3
6465 2
6466 4
6467 1
6468 5
6469 2
6470 1
6471 3
6472 3
6473 1
6474 2
6475 1
6476 2
6477 0
6478 4
6479 5
6480 2
6481 4
6482 0
6483 0
6484 0
6485 5
6486 2
6487 2
6488 3
6489 4
6490 2
6491 0
6492 2
6493 1
6494 4
6495 4
6496 2
6497 0
6498 2
6499 1
6500 0
6501 2
6502 4
6503 0
6504 0
6505 5
6506 0
6507 1
6508 2
6509 1
6510 5
6511 2
6512 1
6513 1
6514 4
6515 3
6516 5
6517 3
6518 0
6519 4
6520 1
6521 5
6522 3
6523 3
6524 5
6525 2
6526 0
6527 1
6528 4
6529 3
6530 2
6531 4
6532 1
6533 3
6534 0
6535 5
6536 1
6537 4
6538 4
6539 0
6540 5
6541 0
6542 4
6543 1
6544 4
6545 1
6546 0
6547 4
6548 2
6549 2
6550 1
6551 1
6552 1
6553 1
6554 1
6555 0
6556 5
6557 5
6558 0
6559 4
6560 0
6561 4
6562 0
6563 4
6564 2
6565 3
6566 0
6567 0
6568 3
6569 2
6570 3
6571 1
6572 1
6573 4
6574 2
6575 2
6576 3
6577 0
6578 3
6579 2
6580 4
6581 2
6582 0
6583 3
6584 3
6585 5
6586 6
6587 1
6588 6
6589 2
6590 2
6591 2
6592 3
6593 3
6594 4
6595 2
6596 0
6597 2
6598 0
6599 2
6600 3
6601 5
6602 4
6603 4
6604 5
6605 5
6606 3
6607 1
6608 1
6609 1
6610 0
6611 2
6612 0
6613 0
6614 0
6615 0
6616 4
6617 4
6618 0
6619 6
6620 0
6621 1
6622 1
6623 5
6624 3
6625 0
6626 3
6627 5
6628 4
6629 5
6630 3
6631 4
6632 0
6633 5
6634 6
6635 0
6636 0
6637 5
6638 0
6639 5
6640 4
6641 1
6642 2
6643 1
6644 3
6645 1
6646 2
6647 1
6648 3
6649 1
6650 2
6651 3
6652 2
6653 4
6654 0
6655 1
6656 0
6657 3
6658 6
6659 1
6660 2
6661 1
6662 2
6663 1
6664 0
6665 5
6666 0
6667 0
6668 4
6669 0
6670 2
6671 1
6672 5
6673 1
6674 2
6675 1
6676 0
6677 5
6678 2
6679 3
6680 0
6681 1
6682 3
6683 2
6684 0
6685 0
6686 2
6687 2
6688 2
6689 2
6690 1
6691 2
6692 1
6693 2
6694 0
6695 4
6696 1
6697 1
6698 4
6699 4
6700 1
6701 3
6702 2
6703 0
6704 3
6705 2
6706 2
6707 1
6708 0
6709 1
6710 1
6711 1
6712 5
6713 5
6714 4
6715 4
6716 1
6717 0
6718 3
6719 3
6720 0
6721 1
6722 3
6723 1
6724 5
6725 3
6726 4
6727 5
6728 0
6729 4
6730 1
6731 4
6732 3
6733 2
6734 4
6735 2
6736 4
6737 2
6738 1
6739 2
6740 0
6741 1
6742 1
6743 0
6744 2
6745 5
6746 3
6747 5
6748 1
6749 1
6750 3
6751 5
6752 3
6753 4
6754 1
6755 1
6756 0
6757 0
6758 3
6759 4
6760 1
6761 4
6762 1
6763 0
6764 0
6765 0
6766 0
6767 1
6768 5
6769 2
6770 5
6771 0
6772 0
6773 3
6774 5
6775 2
6776 4
6777 1
6778 6
6779 0
6780 3
6781 3
6782 5
6783 3
6784 2
6785 0
6786 2
6787 3
6788 2
6789 1
6790 0
6791 1
6792 4
6793 3
6794 0
6795 0
6796 1
6797 0
6798 2
6799 1
6800 0
6801 4
6802 2
6803 5
6804 0
6805 0
6806 4
6807 3
6808 4
6809 5
6810 1
6811 2
6812 3
6813 1
6814 1
6815 4
6816 0
6817 5
6818 2
6819 2
6820 4
6821 5
6822 1
6823 2
6824 3
6825 1
6826 1
6827 1
6828 4
6829 2
6830 5
6831 2
6832 0
6833 4
6834 1
6835 5
6836 4
6837 4
6838 0
6839 4
6840 3
6841 0
6842 1
6843 1
6844 0
6845 0
6846 0
6847 2
6848 5
6849 5
6850 3
6851 4
6852 2
6853 5
6854 3
6855 0
6856 3
6857 2
6858 2
6859 1
6860 1
6861 1
6862 3
6863 2
6864 3
6865 2
6866 0
6867 3
6868 0
6869 1
6870 0
6871 1
6872 2
6873 2
6874 0
6875 2
6876 4
6877 5
6878 0
6879 6
6880 2
6881 0
6882 5
6883 2
6884 4
6885 5
6886 2
6887 2
6888 3
6889 1
6890 3
6891 4
6892 5
6893 4
6894 4
6895 4
6896 0
6897 5
6898 4
6899 2
6900 1
6901 6
6902 3
6903 4
6904 3
6905 4
6906 0
6907 5
6908 0
6909 3
6910 0
6911 1
6912 1
6913 1
6914 1
6915 3
6916 5
6917 4
6918 0
6919 1
6920 1
6921 0
6922 2
6923 2
6924 2
6925 3
6926 4
6927 1
6928 5
6929 3
6930 3
6931 0
6932 4
6933 0
6934 2
6935 3
6936 3
6937 4
6938 1
6939 1
6940 1
6941 0
6942 2
6943 4
6944 1
6945 4
6946 2
6947 2
6948 3
6949 4
6950 0
6951 3
6952 0
6953 1
6954 3
6955 0
6956 2
6957 2
6958 0
6959 1
6960 4
6961 3
6962 5
6963 6
6964 2
6965 1
6966 4
6967 4
6968 4
6969 3
6970 1
6971 4
6972 2
6973 1
6974 3
6975 3
6976 2
6977 4
6978 1
6979 1
6980 5
6981 4
6982 0
6983 3
6984 4
6985 4
6986 2
6987 3
6988 0
6989 2
6990 0
6991 3
6992 1
6993 3
6994 1
6995 1
6996 2
6997 1
6998 4
6999 4
7000 0
7001 3
7002 4
7003 4
7004 6
7005 2
7006 5
7007 1
7008 3
7009 0
7010 2
7011 0
7012 3
7013 2
7014 3
7015 2
7016 4
7017 0
7018 2
7019 1
7020 0
7021 1
7022 1
7023 3
7024 1
7025 5
7026 2
7027 4
7028 1
7029 1
7030 1
7031 2
7032 4
7033 2
7034 0
7035 4
7036 1
7037 0
7038 5
7039 4
7040 4
7041 2
7042 4
7043 5
7044 2
7045 4
7046 1
7047 4
7048 0
7049 4
7050 1
7051 4
7052 2
7053 0
7054 0
7055 4
7056 5
7057 4
7058 6
7059 1
7060 4
7061 4
7062 2
7063 3
7064 0
7065 1
7066 1
7067 0
7068 4
7069 3
7070 4
7071 1
7072 3
7073 5
7074 0
7075 2
7076 5
7077 5
7078 5
7079 0
7080 4
7081 0
7082 0
7083 3
7084 3
7085 2
7086 2
7087 1
7088 3
7089 2
7090 4
7091 2
7092 2
7093 2
7094 3
7095 2
7096 2
7097 1
7098 1
7099 3
7100 4
7101 4
7102 3
7103 0
7104 1
7105 0
7106 2
7107 3
7108 4
7109 4
7110 4
7111 4
7112 6
7113 0
7114 0
7115 1
7116 2
7117 1
7118 5
7119 4
7120 2
7121 0
7122 2
7123 0
7124 1
7125 4
7126 0
7127 2
7128 0
7129 4
7130 2
7131 6
7132 2
7133 0
7134 4
7135 5
7136 2
7137 0
7138 1
7139 4
7140 2
7141 4
7142 2
7143 3
7144 0
7145 3
7146 4
7147 5
7148 5
7149 4
7150 2
7151 2
7152 2
7153 3
7154 2
7155 0
7156 5
7157 3
7158 2
7159 1
7160 4
7161 3
7162 5
7163 3
7164 5
7165 2
7166 2
7167 1
7168 0
7169 1
7170 1
7171 2
7172 3
7173 2
7174 5
7175 2
7176 4
7177 3
7178 4
7179 0
7180 1
7181 4
7182 1
7183 3
7184 4
7185 3
7186 0
7187 5
7188 5
7189 1
7190 4
7191 0
7192 2
7193 0
7194 1
7195 1
7196 1
7197 1
7198 4
7199 4
7200 3
7201 3
7202 2
7203 2
7204 5
7205 2
7206 2
7207 5
7208 4
7209 5
7210 2
7211 3
7212 0
7213 3
7214 1
7215 4
7216 5
7217 6
7218 0
7219 3
7220 0
7221 1
7222 4
7223 6
7224 4
7225 6
7226 0
7227 2
7228 3
7229 0
7230 5
7231 0
7232 0
7233 0
7234 1
7235 4
7236 2
7237 2
7238 4
7239 2
7240 1
7241 3
7242 4
7243 3
7244 5
7245 2
7246 0
7247 0
7248 0
7249 4
7250 1
7251 0
7252 0
7253 5
7254 4
7255 1
7256 0
7257 1
7258 4
7259 5
7260 0
7261 3
7262 2
7263 0
7264 5
7265 0
7266 0
7267 3
7268 0
7269 1
7270 5
7271 1
7272 4
7273 1
7274 4
7275 2
7276 2
7277 5
7278 0
7279 3
7280 1
7281 3
7282 0
7283 4
7284 3
7285 5
7286 1
7287 1
7288 3
7289 2
7290 2
7291 4
7292 2
7293 0
7294 2
7295 3
7296 4
7297 4
7298 5
7299 4
7300 0
7301 3
7302 1
7303 4
7304 4
7305 2
7306 2
7307 2
7308 1
7309 4
7310 1
7311 3
7312 2
7313 1
7314 4
7315 4
7316 0
7317 3
7318 5
7319 0
7320 0
7321 4
7322 3
7323 5
7324 5
7325 1
7326 0
7327 2
7328 5
7329 3
7330 2
7331 1
7332 1
7333 3
7334 0
7335 3
7336 3
7337 3
7338 3
7339 4
7340 1
7341 2
7342 3
7343 1
7344 5
7345 1
7346 5
7347 0
7348 1
7349 3
7350 4
7351 0
7352 3
7353 2
7354 3
7355 4
7356 0
7357 0
7358 0
7359 0
7360 3
7361 0
7362 2
7363 3
7364 0
7365 0
7366 4
7367 4
7368 5
7369 1
7370 4
7371 5
7372 1
7373 5
7374 3
7375 2
7376 1
7377 4
7378 5
7379 0
7380 4
7381 3
7382 2
7383 1
7384 3
7385 3
7386 3
7387 3
7388 2
7389 0
7390 0
7391 4
7392 5
7393 0
7394 1
7395 6
7396 3
7397 2
7398 2
7399 0
7400 5
7401 5
7402 3
7403 4
7404 3
7405 0
7406 0
7407 0
7408 3
7409 1
7410 0
7411 2
7412 0
7413 1
7414 2
7415 3
7416 1
7417 2
7418 3
7419 2
7420 5
7421 1
7422 2
7423 1
7424 2
7425 3
7426 2
7427 4
7428 5
7429 5
7430 2
7431 5
7432 1
7433 4
7434 1
7435 0
7436 0
7437 1
7438 0
7439 4
7440 1
7441 1
7442 1
7443 1
7444 6
7445 4
7446 1
7447 3
7448 0
7449 0
7450 5
7451 1
7452 4
7453 2
7454 3
7455 2
7456 4
7457 0
7458 1
7459 1
7460 0
7461 2
7462 5
7463 1
7464 2
7465 1
7466 5
7467 3
7468 2
7469 2
7470 0
7471 3
7472 3
7473 0
7474 0
7475 2
7476 5
7477 0
7478 0
7479 3
7480 2
7481 1
7482 1
7483 3
7484 3
7485 0
7486 1
7487 2
7488 3
7489 1
7490 6
7491 4
7492 1
7493 2
7494 3
7495 3
7496 3
7497 3
7498 5
7499 3
7500 2
7501 1
7502 4
7503 2
7504 4
7505 1
7506 5
7507 2
7508 4
7509 4
7510 1
7511 4
7512 3
7513 5
7514 5
7515 2
7516 4
7517 0
7518 2
7519 2
7520 1
7521 2
7522 3
7523 0
7524 1
7525 5
7526 0
7527 1
7528 2
7529 1
7530 0
7531 0
7532 3
7533 3
7534 0
7535 4
7536 0
7537 4
7538 1
7539 5
7540 1
7541 0
7542 1
7543 0
7544 4
7545 1
7546 6
7547 1
7548 3
7549 5
7550 3
7551 0
7552 1
7553 2
7554 1
7555 5
7556 3
7557 4
7558 2
7559 1
7560 0
7561 5
7562 5
7563 1
7564 2
7565 1
7566 4
7567 3
7568 1
7569 2
7570 0
7571 4
7572 0
7573 0
7574 4
7575 2
7576 6
7577 2
7578 1
7579 2
7580 0
7581 0
7582 2
7583 4
7584 2
7585 0
7586 2
7587 0
7588 5
7589 2
7590 4
7591 0
7592 1
7593 1
7594 6
7595 1
7596 1
7597 0
7598 0
7599 2
7600 6
7601 2
7602 1
7603 3
7604 4
7605 4
7606 5
7607 3
7608 2
7609 0
7610 0
7611 1
7612 1
7613 0
7614 0
7615 1
7616 0
7617 3
7618 3
7619 1
7620 3
7621 1
7622 1
7623 4
7624 2
7625 2
7626 5
7627 2
7628 4
7629 5
7630 4
7631 1
7632 2
7633 1
7634 2
7635 1
7636 2
7637 3
7638 4
7639 3
7640 0
7641 3
7642 2
7643 2
7644 5
7645 1
7646 2
7647 2
7648 1
7649 1
7650 4
7651 3
7652 3
7653 1
7654 2
7655 4
7656 1
7657 4
7658 1
7659 2
7660 4
7661 1
7662 2
7663 0
7664 2
7665 5
7666 3
7667 1
7668 4
7669 2
7670 2
7671 0
7672 5
7673 4
7674 1
7675 1
7676 2
7677 2
7678 3
7679 4
7680 4
7681 0
7682 4
7683 1
7684 3
7685 2
7686 0
7687 1
7688 0
7689 1
7690 4
7691 0
7692 2
7693 3
7694 2
7695 0
7696 1
7697 0
7698 0
7699 3
7700 0
7701 1
7702 1
7703 0
7704 4
7705 4
7706 1
7707 1
7708 3
7709 5
7710 4
7711 2
7712 4
7713 1
7714 4
7715 3
7716 3
7717 5
7718 0
7719 3
7720 0
7721 1
7722 2
7723 2
7724 3
7725 0
7726 4
7727 0
7728 5
7729 1
7730 1
7731 2
7732 3
7733 4
7734 2
7735 1
7736 1
7737 2
7738 0
7739 3
7740 3
7741 2
7742 1
7743 3
7744 3
7745 3
7746 2
7747 5
7748 2
7749 0
7750 1
7751 0
7752 2
7753 2
7754 1
7755 1
7756 3
7757 5
7758 2
7759 1
7760 3
7761 0
7762 2
7763 1
7764 1
7765 4
7766 1
7767 0
7768 5
7769 6
7770 0
7771 1
7772 1
7773 5
7774 5
7775 5
7776 2
7777 0
7778 2
7779 3
7780 4
7781 2
7782 4
7783 4
7784 1
7785 2
7786 5
7787 2
7788 3
7789 3
7790 2
7791 4
7792 3
7793 2
7794 3
7795 0
7796 3
7797 1
7798 0
7799 0
7800 2
7801 1
7802 2
7803 0
7804 3
7805 6
7806 2
7807 6
7808 0
7809 3
7810 1
7811 2
7812 3
7813 2
7814 5
7815 4
7816 1
7817 4
7818 3
7819 4
7820 3
7821 2
7822 3
7823 0
7824 3
7825 2
7826 2
7827 0
7828 1
7829 3
7830 1
7831 0
7832 5
7833 0
7834 2
7835 1
7836 3
7837 0
7838 1
7839 0
7840 0
7841 0
7842 1
7843 0
7844 2
7845 3
7846 4
7847 4
7848 2
7849 5
7850 6
7851 3
7852 4
7853 2
7854 0
7855 3
7856 0
7857 4
7858 5
7859 1
7860 2
7861 1
7862 4
7863 1
7864 3
7865 0
7866 2
7867 3
7868 1
7869 3
7870 3
7871 0
7872 2
7873 2
7874 2
7875 4
7876 0
7877 4
7878 0
7879 2
7880 0
7881 3
7882 1
7883 2
7884 3
7885 0
7886 4
7887 1
7888 5
7889 3
7890 2
7891 2
7892 0
7893 1
7894 0
7895 6
7896 0
7897 0
7898 2
7899 3
7900 2
7901 3
7902 1
7903 4
7904 2
7905 3
7906 1
7907 3
7908 5
7909 0
7910 3
7911 3
7912 3
7913 2
7914 1
7915 1
7916 4
7917 5
7918 3
7919 3
7920 0
7921 3
7922 0
7923 0
7924 0
7925 5
7926 3
7927 1
7928 0
7929 0
7930 3
7931 2
7932 2
7933 5
7934 3
7935 3
7936 0
7937 3
7938 0
7939 4
7940 4
7941 0
7942 1
7943 1
7944 3
7945 2
7946 0
7947 1
7948 1
7949 3
7950 2
7951 0
7952 0
7953 4
7954 1
7955 1
7956 0
7957 0
7958 2
7959 4
7960 5
7961 2
7962 5
7963 3
7964 3
7965 1
7966 1
7967 0
7968 1
7969 3
7970 4
7971 6
7972 2
7973 5
7974 5
7975 4
7976 1
7977 6
7978 2
7979 0
7980 3
7981 3
7982 3
7983 4
7984 1
7985 2
7986 2
7987 4
7988 2
7989 0
7990 0
7991 2
7992 4
7993 0
7994 0
7995 3
7996 0
7997 5
7998 1
7999 4
8000 3
8001 1
8002 2
8003 4
8004 4
8005 4
8006 2
8007 4
8008 3
8009 2
8010 5
8011 1
8012 3
8013 2
8014 2
8015 0
8016 4
8017 1
8018 4
8019 3
8020 4
8021 4
8022 0
8023 1
8024 4
8025 3
8026 0
8027 6
8028 4
8029 0
8030 3
8031 6
8032 3
8033 2
8034 3
8035 0
8036 1
8037 4
8038 3
8039 1
8040 3
8041 1
8042 4
8043 0
8044 0
8045 3
8046 3
8047 3
8048 0
8049 0
8050 0
8051 2
8052 0
8053 3
8054 2
8055 3
8056 1
8057 1
8058 2
8059 3
8060 3
8061 3
8062 0
8063 2
8064 4
8065 3
8066 5
8067 0
8068 1
8069 0
8070 2
8071 2
8072 3
8073 2
8074 1
8075 4
8076 5
8077 4
8078 4
8079 0
8080 4
8081 1
8082 1
8083 0
8084 2
8085 1
8086 0
8087 3
8088 1
8089 2
8090 1
8091 2
8092 0
8093 2
8094 3
8095 4
8096 2
8097 6
8098 1
8099 2
8100 2
8101 4
8102 4
8103 2
8104 5
8105 1
8106 0
8107 4
8108 3
8109 2
8110 0
8111 3
8112 1
8113 3
8114 0
8115 0
8116 3
8117 3
8118 0
8119 2
8120 0
8121 1
8122 4
8123 0
8124 0
8125 1
8126 1
8127 4
8128 0
8129 1
8130 4
8131 3
8132 0
8133 2
8134 2
8135 3
8136 5
8137 4
8138 2
8139 1
8140 4
8141 1
8142 1
8143 0
8144 3
8145 4
8146 3
8147 2
8148 3
8149 5
8150 3
8151 1
8152 1
8153 4
8154 4
8155 2
8156 0
8157 4
8158 5
8159 4
8160 0
8161 0
8162 0
8163 2
8164 4
8165 4
8166 4
8167 1
8168 5
8169 4
8170 5
8171 1
8172 1
8173 0
8174 2
8175 4
8176 1
8177 1
8178 1
8179 1
8180 3
8181 3
8182 0
8183 2
8184 3
8185 0
8186 0
8187 2
8188 1
8189 2
8190 3
8191 3
8192 2
8193 4
8194 1
8195 0
8196 1
8197 0
8198 3
8199 2
8200 4
8201 0
8202 2
8203 2
8204 4
8205 4
8206 1
8207 4
8208 4
8209 2
8210 0
8211 3
8212 0
8213 0
8214 3
8215 0
8216 4
8217 3
8218 2
8219 2
8220 1
8221 3
8222 0
8223 0
8224 1
8225 2
8226 6
8227 6
8228 2
8229 2
8230 2
8231 2
8232 2
8233 3
8234 2
8235 0
8236 4
8237 5
8238 6
8239 2
8240 4
8241 2
8242 1
8243 1
8244 0
8245 0
8246 3
8247 3
8248 2
8249 2
8250 1
8251 1
8252 1
8253 1
8254 1
8255 2
8256 2
8257 4
8258 4
8259 4
8260 5
8261 2
8262 3
8263 5
8264 2
8265 0
8266 5
8267 0
8268 1
8269 0
8270 1
8271 2
8272 4
8273 1
8274 0
8275 2
8276 4
8277 3
8278 4
8279 4
8280 2
8281 4
8282 1
8283 0
8284 2
8285 4
8286 1
8287 1
8288 3
8289 1
8290 0
8291 2
8292 0
8293 2
8294 4
8295 0
8296 2
8297 3
8298 1
8299 1
8300 3
8301 0
8302 3
8303 2
8304 4
8305 2
8306 0
8307 3
8308 0
8309 4
8310 1
8311 5
8312 2
8313 0
8314 4
8315 1
8316 5
8317 1
8318 0
8319 1
8320 1
8321 1
8322 1
8323 3
8324 1
8325 3
8326 5
8327 1
8328 2
8329 0
8330 2
8331 0
8332 1
8333 0
8334 4
8335 1
8336 2
8337 3
8338 5
8339 4
8340 3
8341 2
8342 1
8343 0
8344 2
8345 1
8346 0
8347 1
8348 0
8349 1
8350 1
8351 4
8352 2
8353 1
8354 2
8355 2
8356 0
8357 1
8358 3
8359 0
8360 4
8361 4
8362 1
8363 3
8364 4
8365 2
8366 2
8367 2
8368 1
8369 2
8370 0
8371 0
8372 5
8373 3
8374 2
8375 3
8376 0
8377 1
8378 2
8379 3
8380 0
8381 4
8382 1
8383 4
8384 2
8385 0
8386 0
8387 1
8388 2
8389 1
8390 0
8391 3
8392 2
8393 3
8394 1
8395 3
8396 2
8397 2
8398 2
8399 2
8400 0
8401 3
8402 3
8403 1
8404 0
8405 5
8406 4
8407 2
8408 1
8409 3
8410 0
8411 0
8412 0
8413 3
8414 4
8415 3
8416 2
8417 3
8418 2
8419 3
8420 1
8421 5
8422 4
8423 0
8424 2
8425 1
8426 1
8427 2
8428 0
8429 0
8430 5
8431 2
8432 3
8433 0
8434 5
8435 4
8436 3
8437 4
8438 3
8439 3
8440 4
8441 0
8442 2
8443 4
8444 1
8445 0
8446 1
8447 3
8448 0
8449 2
8450 2
8451 2
8452 0
8453 0
8454 5
8455 2
8456 3
8457 1
8458 0
8459 2
8460 5
8461 3
8462 3
8463 0
8464 2
8465 5
8466 2
8467 2
8468 5
8469 2
8470 0
8471 0
8472 2
8473 5
8474 4
8475 0
8476 0
8477 0
8478 4
8479 0
8480 0
8481 5
8482 5
8483 0
8484 2
8485 4
8486 3
8487 3
8488 4
8489 0
8490 2
8491 3
8492 3
8493 4
8494 5
8495 0
8496 0
8497 0
8498 0
8499 1
8500 2
8501 1
8502 0
8503 2
8504 4
8505 0
8506 0
8507 3
8508 0
8509 1
8510 1
8511 2
8512 5
8513 0
8514 0
8515 2
8516 2
8517 2
8518 0
8519 4
8520 5
8521 0
8522 4
8523 4
8524 0
8525 4
8526 0
8527 2
8528 5
8529 4
8530 1
8531 3
8532 4
8533 3
8534 1
8535 4
8536 1
8537 2
8538 0
8539 1
8540 4
8541 2
8542 4
8543 0
8544 0
8545 2
8546 3
8547 0
8548 2
8549 1
8550 3
8551 0
8552 0
8553 2
8554 4
8555 4
8556 3
8557 2
8558 2
8559 1
8560 3
8561 2
8562 4
8563 2
8564 0
8565 5
8566 1
8567 1
8568 3
8569 3
8570 0
8571 2
8572 0
8573 5
8574 4
8575 0
8576 0
8577 0
8578 3
8579 1
8580 4
8581 1
8582 3
8583 2
8584 1
8585 1
8586 3
8587 4
8588 1
8589 4
8590 1
8591 3
8592 0
8593 5
8594 1
8595 1
8596 4
8597 1
8598 2
8599 0
8600 1
8601 5
8602 4
8603 1
8604 1
8605 1
8606 2
8607 3
8608 0
8609 5
8610 3
8611 0
8612 3
8613 4
8614 1
8615 1
8616 2
8617 1
8618 3
8619 3
8620 1
8621 1
8622 4
8623 1
8624 0
8625 1
8626 2
8627 0
8628 1
8629 2
8630 3
8631 3
8632 2
8633 3
8634 3
8635 4
8636 3
8637 3
8638 3
8639 2
8640 5
8641 4
8642 5
8643 4
8644 2
8645 0
8646 5
8647 2
8648 5
8649 3
8650 1
8651 1
8652 4
8653 5
8654 0
8655 3
8656 0
8657 4
8658 0
8659 3
8660 2
8661 2
8662 3
8663 3
8664 3
8665 2
8666 5
8667 5
8668 2
8669 0
8670 3
8671 0
8672 2
8673 4
8674 0
8675 1
8676 2
8677 6
8678 5
8679 1
8680 3
8681 3
8682 4
8683 3
8684 5
8685 4
8686 1
8687 0
8688 1
8689 2
8690 2
8691 6
8692 4
8693 4
8694 3
8695 2
8696 1
8697 2
8698 5
8699 1
8700 4
8701 1
8702 4
8703 2
8704 2
8705 0
8706 0
8707 2
8708 2
8709 3
8710 2
8711 1
8712 2
8713 1
8714 1
8715 3
8716 0
8717 1
8718 4
8719 4
8720 0
8721 2
8722 5
8723 3
8724 5
8725 2
8726 2
8727 5
8728 3
8729 2
8730 2
8731 1
8732 0
8733 5
8734 0
8735 4
8736 4
8737 1
8738 0
8739 0
8740 3
8741 2
8742 0
8743 1
8744 1
8745 3
8746 2
8747 4
8748 3
8749 4
8750 4
8751 1
8752 1
8753 4
8754 2
8755 0
8756 4
8757 1
8758 2
8759 3
8760 1
8761 2
8762 0
8763 5
8764 0
8765 2
8766 1
8767 2
8768 0
8769 0
8770 2
8771 4
8772 3
8773 2
8774 1
8775 2
8776 2
8777 2
8778 4
8779 2
8780 1
8781 0
8782 0
8783 4
8784 2
8785 3
8786 4
8787 0
8788 4
8789 1
8790 4
8791 2
8792 3
8793 1
8794 4
8795 2
8796 5
8797 1
8798 0
8799 0
8800 4
8801 0
8802 3
8803 1
8804 5
8805 2
8806 1
8807 3
8808 1
8809 0
8810 0
8811 2
8812 5
8813 2
8814 2
8815 4
8816 4
8817 2
8818 3
8819 1
8820 5
8821 4
8822 4
8823 3
8824 2
8825 4
8826 4
8827 0
8828 0
8829 2
8830 2
8831 5
8832 5
8833 4
8834 1
8835 3
8836 2
8837 1
8838 1
8839 1
8840 1
8841 1
8842 2
8843 0
8844 4
8845 2
8846 2
8847 4
8848 2
8849 0
8850 1
8851 3
8852 4
8853 5
8854 4
8855 0
8856 5
8857 1
8858 0
8859 4
8860 1
8861 0
8862 5
8863 1
8864 1
8865 4
8866 2
8867 6
8868 1
8869 3
8870 2
8871 3
8872 2
8873 2
8874 3
8875 2
8876 1
8877 1
8878 4
8879 4
8880 3
8881 3
8882 3
8883 2
8884 2
8885 1
8886 4
8887 5
8888 2
8889 0
8890 3
8891 5
8892 3
8893 3
8894 4
8895 2
8896 1
8897 0
8898 5
8899 3
8900 3
8901 0
8902 2
8903 0
8904 4
8905 3
8906 1
8907 4
8908 2
8909 1
8910 0
8911 0
8912 3
8913 0
8914 0
8915 0
8916 2
8917 1
8918 0
8919 4
8920 2
8921 2
8922 0
8923 0
8924 3
8925 1
8926 3
8927 1
8928 2
8929 0
8930 1
8931 1
8932 1
8933 0
8934 3
8935 2
8936 0
8937 3
8938 4
8939 3
8940 5
8941 4
8942 4
8943 4
8944 1
8945 1
8946 1
8947 2
8948 3
8949 5
8950 0
8951 4
8952 1
8953 1
8954 4
8955 1
8956 3
8957 1
8958 3
8959 1
8960 3
8961 2
8962 0
8963 1
8964 1
8965 4
8966 4
8967 3
8968 5
8969 2
8970 6
8971 0
8972 3
8973 0
8974 3
8975 2
8976 3
8977 3
8978 2
8979 4
8980 2
8981 2
8982 3
8983 2
8984 0
8985 5
8986 5
8987 3
8988 4
8989 1
8990 1
8991 0
8992 1
8993 4
8994 3
8995 3
8996 5
8997 1
8998 1
8999 0
9000 0
9001 4
9002 0
9003 0
9004 5
9005 2
9006 3
9007 0
9008 2
9009 4
9010 1
9011 4
9012 6
9013 3
9014 1
9015 1
9016 0
9017 5
9018 2
9019 3
9020 4
9021 0
9022 0
9023 0
9024 3
9025 1
9026 0
9027 4
9028 1
9029 0
9030 1
9031 6
9032 0
9033 3
9034 4
9035 4
9036 2
9037 3
9038 1
9039 2
9040 0
9041 0
9042 4
9043 2
9044 1
9045 2
9046 0
9047 2
9048 0
9049 3
9050 0
9051 3
9052 2
9053 3
9054 0
9055 0
9056 0
9057 4
9058 3
9059 4
9060 1
9061 4
9062 1
9063 3
9064 1
9065 3
9066 1
9067 1
9068 0
9069 2
9070 0
9071 4
9072 3
9073 5
9074 3
9075 5
9076 4
9077 2
9078 0
9079 5
9080 1
9081 1
9082 1
9083 3
9084 4
9085 3
9086 1
9087 0
9088 1
9089 1
9090 1
9091 3
9092 4
9093 4
9094 0
9095 0
9096 0
9097 1
9098 4
9099 0
9100 4
9101 1
9102 3
9103 1
9104 1
9105 0
9106 0
9107 5
9108 1
9109 5
9110 4
9111 1
9112 2
9113 1
9114 0
9115 2
9116 1
9117 1
9118 1
9119 4
9120 3
9121 0
9122 2
9123 5
9124 1
9125 4
9126 1
9127 1
9128 2
9129 1
9130 1
9131 5
9132 0
9133 3
9134 2
9135 0
9136 3
9137 3
9138 5
9139 4
9140 4
9141 1
9142 3
9143 3
9144 1
9145 2
9146 3
9147 0
9148 0
9149 0
9150 6
9151 3
9152 2
9153 2
9154 2
9155 0
9156 5
9157 1
9158 2
9159 5
9160 0
9161 4
9162 0
9163 3
9164 5
9165 3
9166 2
9167 4
9168 2
9169 2
9170 0
9171 1
9172 2
9173 6
9174 4
9175 3
9176 4
9177 2
9178 1
9179 1
9180 2
9181 2
9182 2
9183 2
9184 3
9185 1
9186 0
9187 3
9188 5
9189 1
9190 0
9191 3
9192 2
9193 0
9194 2
9195 4
9196 1
9197 0
9198 4
9199 1
9200 4
9201 1
9202 4
9203 3
9204 4
9205 2
9206 2
9207 0
9208 2
9209 2
9210 5
9211 3
9212 4
9213 5
9214 4
9215 2
9216 1
9217 1
9218 1
9219 4
9220 2
9221 6
9222 5
9223 0
9224 0
9225 2
9226 2
9227 3
9228 2
9229 3
9230 4
9231 2
9232 4
9233 0
9234 2
9235 0
9236 0
9237 2
9238 0
9239 6
9240 3
9241 5
9242 4
9243 3
9244 6
9245 3
9246 1
9247 1
9248 5
9249 3
9250 3
9251 3
9252 0
9253 2
9254 0
9255 5
9256 0
9257 0
9258 2
9259 1
9260 1
9261 5
9262 2
9263 1
9264 5
9265 0
9266 3
9267 5
9268 2
9269 2
9270 6
9271 0
9272 1
9273 3
9274 1
9275 2
9276 1
9277 3
9278 2
9279 2
9280 0
9281 3
9282 4
9283 4
9284 5
9285 5
9286 3
9287 4
9288 3
9289 0
9290 4
9291 0
9292 3
9293 3
9294 2
9295 3
9296 2
9297 4
9298 1
9299 1
9300 2
9301 4
9302 1
9303 2
9304 3
9305 5
9306 4
9307 6
9308 0
9309 3
9310 1
9311 5
9312 0
9313 2
9314 2
9315 4
9316 2
9317 0
9318 5
9319 2
9320 1
9321 2
9322 4
9323 0
9324 0
9325 0
9326 4
9327 3
9328 3
9329 4
9330 4
9331 2
9332 4
9333 2
9334 1
9335 3
9336 3
9337 5
9338 0
9339 3
9340 3
9341 1
9342 0
9343 3
9344 4
9345 5
9346 6
9347 2
9348 1
9349 0
9350 6
9351 0
9352 5
9353 1
9354 3
9355 3
9356 0
9357 0
9358 1
9359 3
9360 0
9361 2
9362 3
9363 5
9364 1
9365 0
9366 5
9367 3
9368 0
9369 0
9370 5
9371 2
9372 0
9373 1
9374 4
9375 0
9376 3
9377 0
9378 2
9379 2
9380 4
9381 1
9382 0
9383 0
9384 2
9385 2
9386 2
9387 1
9388 0
9389 3
9390 0
9391 2
9392 2
9393 1
9394 4
9395 1
9396 3
9397 3
9398 1
9399 4
9400 2
9401 2
9402 3
9403 2
9404 2
9405 3
9406 4
9407 1
9408 3
9409 5
9410 5
9411 0
9412 2
9413 1
9414 3
9415 3
9416 2
9417 2
9418 3
9419 0
9420 0
9421 2
9422 0
9423 1
9424 2
9425 1
9426 0
9427 0
9428 3
9429 1
9430 4
9431 3
9432 1
9433 0
9434 4
9435 4
9436 0
9437 0
9438 1
9439 1
9440 3
9441 0
9442 0
9443 1
9444 0
9445 5
9446 5
9447 0
9448 0
9449 1
9450 1
9451 0
9452 0
9453 3
9454 1
9455 3
9456 0
9457 2
9458 1
9459 0
9460 1
9461 5
9462 2
9463 1
9464 4
9465 0
9466 3
9467 0
9468 2
9469 0
9470 4
9471 2
9472 2
9473 4
9474 0
9475 4
9476 1
9477 5
9478 2
9479 2
9480 1
9481 3
9482 2
9483 1
9484 1
9485 5
9486 1
9487 3
9488 3
9489 3
9490 2
9491 1
9492 0
9493 2
9494 3
9495 1
9496 4
9497 3
9498 4
9499 0
9500 0
9501 2
9502 6
9503 2
9504 4
9505 2
9506 2
9507 0
9508 4
9509 2
9510 0
9511 1
9512 3
9513 4
9514 3
9515 1
9516 3
9517 2
9518 4
9519 3
9520 1
9521 2
9522 3
9523 0
9524 5
9525 5
9526 0
9527 2
9528 1
9529 2
9530 5
9531 0
9532 4
9533 1
9534 2
9535 6
9536 1
9537 3
9538 3
9539 1
9540 3
9541 2
9542 4
9543 4
9544 0
9545 0
9546 2
9547 5
9548 4
9549 3
9550 1
9551 2
9552 4
9553 2
9554 0
9555 2
9556 2
9557 0
9558 3
9559 4
9560 1
9561 6
9562 0
9563 0
9564 2
9565 3
9566 4
9567 3
9568 1
9569 1
9570 1
9571 3
9572 3
9573 5
9574 1
9575 0
9576 3
9577 3
9578 4
9579 0
9580 2
9581 3
9582 3
9583 1
9584 4
9585 1
9586 1
9587 4
9588 4
9589 4
9590 4
9591 1
9592 5
9593 3
9594 0
9595 1
9596 3
9597 1
9598 0
9599 5
9600 0
9601 3
9602 0
9603 2
9604 5
9605 4
9606 3
9607 0
9608 3
9609 2
9610 3
9611 2
9612 1
9613 5
9614 2
9615 1
9616 4
9617 2
9618 4
9619 2
9620 0
9621 3
9622 4
9623 1
9624 1
9625 3
9626 0
9627 3
9628 2
9629 2
9630 4
9631 1
9632 1
9633 1
9634 3
9635 3
9636 3
9637 5
9638 1
9639 3
9640 0
9641 3
9642 5
9643 3
9644 0
9645 1
9646 4
9647 4
9648 4
9649 0
9650 4
9651 3
9652 1
9653 5
9654 0
9655 4
9656 1
9657 4
9658 2
9659 2
9660 4
9661 1
9662 0
9663 2
9664 6
9665 0
9666 0
9667 0
9668 3
9669 0
9670 3
9671 1
9672 2
9673 3
9674 3
9675 3
9676 4
9677 0
9678 3
9679 0
9680 2
9681 4
9682 4
9683 1
9684 3
9685 1
9686 1
9687 2
9688 1
9689 1
9690 1
9691 1
9692 1
9693 4
9694 3
9695 1
9696 1
9697 0
9698 4
9699 4
9700 0
9701 4
9702 0
9703 0
9704 3
9705 4
9706 6
9707 1
9708 3
9709 1
9710 4
9711 2
9712 2
9713 2
9714 2
9715 3
9716 1
9717 3
9718 0
9719 1
9720 1
9721 4
9722 1
9723 0
9724 3
9725 1
9726 0
9727 4
9728 0
9729 4
9730 2
9731 2
9732 7
9733 0
9734 2
9735 3
9736 2
9737 0
9738 3
9739 3
9740 4
9741 5
9742 1
9743 3
9744 5
9745 0
9746 1
9747 1
9748 2
9749 0
9750 5
9751 0
9752 2
9753 1
9754 5
9755 0
9756 1
9757 3
9758 4
9759 4
9760 1
9761 5
9762 0
9763 0
9764 1
9765 0
9766 4
9767 2
9768 4
9769 3
9770 1
9771 4
9772 1
9773 0
9774 4
9775 0
9776 4
9777 4
9778 4
9779 5
9780 4
9781 5
9782 5
9783 0
9784 5
9785 6
9786 4
9787 2
9788 4
9789 1
9790 0
9791 3
9792 2
9793 3
9794 0
9795 0
9796 0
9797 5
9798 4
9799 0
9800 4
9801 5
9802 3
9803 2
9804 0
9805 5
9806 0
9807 0
9808 4
9809 2
9810 0
9811 0
9812 3
9813 3
9814 1
9815 1
9816 1
9817 2
9818 0
9819 4
9820 4
9821 5
9822 1
9823 3
9824 1
9825 4
9826 4
9827 4
9828 0
9829 1
9830 4
9831 2
9832 2
9833 1
9834 2
9835 3
9836 6
9837 3
9838 0
9839 5
9840 3
9841 0
9842 0
9843 5
9844 4
9845 2
9846 0
9847 1
9848 1
9849 4
9850 3
9851 4
9852 2
9853 3
9854 0
9855 3
9856 0
9857 1
9858 1
9859 4
9860 1
9861 3
9862 5
9863 5
9864 4
9865 5
9866 4
9867 3
9868 2
9869 5
9870 0
9871 4
9872 4
9873 3
9874 1
9875 0
9876 1
9877 3
9878 3
9879 2
9880 4
9881 4
9882 5
9883 1
9884 3
9885 3
9886 3
9887 3
9888 5
9889 2
9890 2
9891 3
9892 3
9893 3
9894 0
9895 3
9896 5
9897 0
9898 1
9899 0
9900 3
9901 0
9902 5
9903 2
9904 1
9905 3
9906 5
9907 1
9908 4
9909 4
9910 5
9911 2
9912 3
9913 2
9914 0
9915 1
9916 4
9917 3
9918 4
9919 0
9920 3
9921 1
9922 4
9923 3
9924 2
9925 4
9926 0
9927 4
9928 4
9929 0
9930 0
9931 2
9932 1
9933 3
9934 1
9935 1
9936 0
9937 3
9938 2
9939 3
9940 2
9941 6
9942 3
9943 0
9944 5
9945 2
9946 3
9947 0
9948 4
9949 0
9950 4
9951 3
9952 0
9953 3
9954 0
9955 3
9956 2
9957 3
9958 1
9959 0
9960 5
9961 5
9962 1
9963 1
9964 2
9965 2
9966 1
9967 3
9968 1
9969 4
9970 0
9971 3
9972 5
9973 4
9974 1
9975 1
9976 0
9977 0
9978 3
9979 2
9980 4
9981 1
9982 1
9983 3
9984 3
9985 1
9986 1
9987 4
9988 1
9989 0
9990 0
9991 4
9992 1
9993 3
9994 2
9995 0
9996 1
9997 0
9998 1
9999 0
10000 3
10001 3
10002 2
10003 1
10004 1
10005 0
10006 2
10007 4
10008 1
10009 3
10010 2
10011 0
10012 3
10013 0
10014 5
10015 0
10016 5
10017 2
10018 0
10019 3
10020 1
10021 2
10022 0
10023 3
10024 4
10025 2
10026 1
10027 0
10028 2
10029 3
10030 0
10031 1
10032 6
10033 4
10034 2
10035 0
10036 3
10037 1
10038 0
10039 1
10040 6
10041 2
10042 0
10043 3
10044 1
10045 3
10046 2
10047 4
10048 0
10049 1
10050 1
10051 3
10052 0
10053 3
10054 1
10055 4
10056 0
10057 2
10058 2
10059 0
10060 0
10061 3
10062 2
10063 5
10064 3
10065 1
10066 4
10067 4
10068 0
10069 3
10070 0
10071 4
10072 2
10073 0
10074 3
10075 2
10076 0
10077 5
10078 2
10079 3
10080 4
10081 1
10082 5
10083 2
10084 0
10085 2
10086 4
10087 0
10088 1
10089 0
10090 4
10091 0
10092 0
10093 5
10094 3
10095 5
10096 3
10097 3
10098 5
10099 0
10100 0
10101 0
10102 5
10103 4
10104 1
10105 0
10106 2
10107 1
10108 1
10109 0
10110 1
10111 1
10112 3
10113 1
10114 4
10115 2
10116 2
10117 0
10118 3
10119 2
10120 2
10121 6
10122 1
10123 4
10124 3
10125 1
10126 1
10127 0
10128 2
10129 5
10130 6
10131 1
10132 5
10133 3
10134 6
10135 1
10136 2
10137 1
10138 3
10139 2
10140 5
10141 3
10142 4
10143 4
10144 2
10145 0
10146 3
10147 5
10148 1
10149 0
10150 1
10151 0
10152 4
10153 0
10154 3
10155 5
10156 4
10157 3
10158 5
10159 1
10160 0
10161 2
10162 4
10163 5
10164 4
10165 2
10166 2
10167 3
10168 1
10169 2
10170 4
10171 3
10172 0
10173 3
10174 3
10175 5
10176 4
10177 0
10178 1
10179 4
10180 3
10181 1
10182 0
10183 2
10184 0
10185 1
10186 2
10187 0
10188 4
10189 5
10190 5
10191 1
10192 3
10193 0
10194 1
10195 4
10196 1
10197 1
10198 1
10199 5
10200 0
10201 1
10202 1
10203 1
10204 4
10205 4
10206 6
10207 5
10208 3
10209 5
10210 0
10211 5
10212 0
10213 2
10214 3
10215 2
10216 4
10217 0
10218 0
10219 1
10220 1
10221 3
10222 5
10223 4
10224 0
10225 1
10226 1
10227 0
10228 5
10229 2
10230 1
10231 3
10232 2
10233 1
10234 3
10235 0
10236 2
10237 3
10238 4
10239 3
10240 4
10241 5
10242 1
10243 1
10244 2
10245 0
10246 0
10247 3
10248 4
10249 3
10250 3
10251 1
10252 2
10253 3
10254 0
10255 6
10256 4
10257 1
10258 0
10259 1
10260 1
10261 4
10262 0
10263 1
10264 3
10265 2
10266 4
10267 3
10268 2
10269 5
10270 0
10271 0
10272 3
10273 1
10274 1
10275 0
10276 0
10277 2
10278 1
10279 0
10280 6
10281 4
10282 1
10283 3
10284 2
10285 1
10286 1
10287 0
10288 1
10289 1
10290 0
10291 0
10292 1
10293 2
10294 1
10295 0
10296 0
10297 7
10298 3
10299 1
10300 3
10301 5
10302 1
10303 4
10304 4
10305 2
10306 3
10307 5
10308 7
10309 5
10310 0
10311 0
10312 0
10313 1
10314 1
10315 0
10316 2
10317 5
10318 3
10319 3
10320 2
10321 3
10322 0
10323 2
10324 1
10325 2
10326 3
10327 4
10328 1
10329 1
10330 1
10331 0
10332 3
10333 1
10334 2
10335 0
10336 6
10337 2
10338 4
10339 3
10340 3
10341 1
10342 2
10343 0
10344 6
10345 5
10346 2
10347 0
10348 3
10349 1
10350 2
10351 5
10352 1
10353 3
10354 3
10355 3
10356 0
10357 1
10358 3
10359 2
10360 4
10361 3
10362 1
10363 4
10364 0
10365 5
10366 5
10367 0
10368 2
10369 1
10370 4
10371 3
10372 0
10373 1
10374 0
10375 2
10376 4
10377 1
10378 2
10379 6
10380 5
10381 2
10382 0
10383 3
10384 0
10385 0
10386 2
10387 1
10388 5
10389 3
10390 4
10391 0
10392 3
10393 0
10394 2
10395 0
10396 1
10397 3
10398 2
10399 4
10400 2
10401 1
10402 2
10403 2
10404 3
10405 3
10406 1
10407 4
10408 4
10409 1
10410 1
10411 1
10412 0
10413 2
10414 2
10415 3
10416 1
10417 1
10418 5
10419 0
10420 0
10421 3
10422 1
10423 1
10424 4
10425 3
10426 0
10427 2
10428 3
10429 1
10430 4
10431 2
10432 3
10433 5
10434 3
10435 1
10436 3
10437 2
10438 4
10439 2
10440 2
10441 1
10442 0
10443 4
10444 1
10445 1
10446 5
10447 1
10448 3
10449 4
10450 2
10451 1
10452 0
10453 0
10454 1
10455 2
10456 5
10457 2
10458 2
10459 1
10460 2
10461 4
10462 1
10463 4
10464 1
10465 5
10466 6
10467 5
10468 0
10469 5
10470 0
10471 0
10472 4
10473 1
10474 0
10475 0
10476 4
10477 4
10478 1
10479 1
10480 1
10481 2
10482 2
10483 3
10484 3
10485 2
10486 0
10487 2
10488 5
10489 5
10490 4
10491 0
10492 6
10493 1
10494 4
10495 2
10496 2
10497 3
10498 3
10499 3
10500 6
10501 3
10502 0
10503 4
10504 2
10505 1
10506 4
10507 2
10508 0
10509 1
10510 5
10511 4
10512 2
10513 2
10514 0
10515 0
10516 0
10517 2
10518 0
10519 3
10520 0
10521 2
10522 0
10523 2
10524 2
10525 2
10526 2
10527 3
10528 1
10529 3
10530 0
10531 2
10532 1
10533 3
10534 2
10535 0
10536 4
10537 1
10538 0
10539 0
10540 0
10541 3
10542 4
10543 4
10544 1
10545 1
10546 4
10547 1
10548 0
10549 1
10550 1
10551 0
10552 2
10553 1
10554 5
10555 3
10556 1
10557 1
10558 4
10559 3
10560 1
10561 4
10562 6
10563 5
10564 0
10565 3
10566 4
10567 4
10568 2
10569 5
10570 1
10571 4
10572 1
10573 2
10574 1
10575 5
10576 4
10577 2
10578 4
10579 4
10580 3
10581 4
10582 3
10583 2
10584 2
10585 0
10586 4
10587 2
10588 1
10589 3
10590 3
10591 3
10592 2
10593 2
10594 2
10595 2
10596 3
10597 1
10598 3
10599 4
10600 1
10601 4
10602 3
10603 1
10604 3
10605 3
10606 2
10607 4
10608 5
10609 3
10610 3
10611 3
10612 2
10613 0
10614 1
10615 0
10616 5
10617 2
10618 0
10619 4
10620 0
10621 2
10622 1
10623 0
10624 2
10625 4
10626 0
10627 4
10628 2
10629 5
10630 1
10631 2
10632 1
10633 2
10634 2
10635 6
10636 0
10637 5
10638 0
10639 2
10640 6
10641 3
10642 2
10643 2
10644 2
10645 0
10646 0
10647 0
10648 2
10649 5
10650 2
10651 3
10652 3
10653 2
10654 4
10655 3
10656 4
10657 6
10658 5
10659 2
10660 0
10661 0
10662 1
10663 1
10664 3
10665 4
10666 0
10667 0
10668 0
10669 1
10670 0
10671 3
10672 2
10673 4
10674 0
10675 3
10676 1
10677 1
10678 2
10679 0
10680 1
10681 0
10682 5
10683 5
10684 2
10685 4
10686 1
10687 2
10688 1
10689 2
10690 3
10691 3
10692 3
10693 2
10694 2
10695 1
10696 0
10697 2
10698 5
10699 0
10700 4
10701 3
10702 2
10703 4
10704 4
10705 1
10706 3
10707 1
10708 3
10709 1
10710 3
10711 0
10712 4
10713 2
10714 6
10715 2
10716 1
10717 4
10718 0
10719 3
10720 1
10721 3
10722 4
10723 4
10724 1
10725 1
10726 4
10727 3
10728 3
10729 0
10730 3
10731 5
10732 3
10733 1
10734 0
10735 1
10736 5
10737 1
10738 1
10739 2
10740 5
10741 1
10742 0
10743 3
10744 0
10745 1
10746 3
10747 5
10748 1
10749 3
10750 0
10751 4
10752 3
10753 0
10754 1
10755 0
10756 3
10757 3
10758 3
10759 0
10760 4
10761 3
10762 0
10763 2
10764 3
10765 3
10766 0
10767 4
10768 2
10769 4
10770 1
10771 1
10772 1
10773 0
10774 2
10775 3
10776 0
10777 1
10778 0
10779 5
10780 0
10781 1
10782 4
10783 1
10784 3
10785 2
10786 0
10787 1
10788 1
10789 0
10790 1
10791 3
10792 5
10793 1
10794 3
10795 4
10796 2
10797 0
10798 2
10799 2
10800 0
10801 0
10802 5
10803 1
10804 0
10805 1
10806 5
10807 4
10808 1
10809 4
10810 5
10811 1
10812 4
10813 4
10814 3
10815 0
10816 1
10817 0
10818 3
10819 1
10820 2
10821 4
10822 1
10823 3
10824 3
10825 2
10826 1
10827 5
10828 3
10829 5
10830 0
10831 3
10832 4
10833 3
10834 3
10835 3
10836 1
10837 0
10838 6
10839 5
10840 3
10841 0
10842 4
10843 2
10844 3
10845 0
10846 1
10847 1
10848 3
10849 1
10850 2
10851 3
10852 2
10853 4
10854 2
10855 5
10856 1
10857 2
10858 1
10859 2
10860 1
10861 0
10862 4
10863 0
10864 3
10865 3
10866 1
10867 1
10868 2
10869 2
10870 2
10871 0
10872 5
10873 3
10874 2
10875 2
10876 2
10877 0
10878 0
10879 4
10880 1
10881 2
10882 1
10883 3
10884 5
10885 5
10886 1
10887 1
10888 0
10889 3
10890 3
10891 3
10892 0
10893 4
10894 2
10895 2
10896 3
10897 3
10898 5
10899 4
10900 1
10901 3
10902 0
10903 1
10904 3
10905 5
10906 2
10907 1
10908 0
10909 0
10910 3
10911 0
10912 1
10913 2
10914 4
10915 1
10916 0
10917 1
10918 0
10919 0
10920 4
10921 4
10922 5
10923 2
10924 3
10925 4
10926 1
10927 0
10928 3
10929 0
10930 4
10931 0
10932 0
10933 3
10934 5
10935 2
10936 3
10937 0
10938 4
10939 4
10940 1
10941 2
10942 1
10943 0
10944 1
10945 3
10946 3
10947 4
10948 4
10949 1
10950 0
10951 2
10952 0
10953 2
10954 0
10955 1
10956 2
10957 0
10958 3
10959 0
10960 4
10961 2
10962 2
10963 0
10964 1
10965 5
10966 0
10967 2
10968 4
10969 2
10970 1
10971 4
10972 2
10973 0
10974 4
10975 4
10976 4
10977 0
10978 3
10979 0
10980 0
10981 4
10982 3
10983 0
10984 0
10985 3
10986 2
10987 2
10988 2
10989 5
10990 3
10991 2
10992 0
10993 0
10994 2
10995 2
10996 2
10997 3
10998 1
10999 0
11000 5
11001 4
11002 1
11003 1
11004 5
11005 0
11006 2
11007 1
11008 1
11009 2
11010 2
11011 2
11012 4
11013 4
11014 3
11015 2
11016 3
11017 3
11018 2
11019 0
11020 3
11021 3
11022 6
11023 4
11024 6
11025 4
11026 3
11027 1
11028 2
11029 4
11030 1
11031 2
11032 6
11033 0
11034 1
11035 0
11036 1
11037 2
11038 4
11039 0
11040 0
11041 0
11042 0
11043 0
11044 1
11045 3
11046 4
11047 3
11048 4
11049 1
11050 5
11051 4
11052 0
11053 4
11054 5
11055 4
11056 6
11057 3
11058 0
11059 2
11060 3
11061 0
11062 3
11063 3
11064 0
11065 0
11066 4
11067 1
11068 0
11069 0
11070 2
11071 1
11072 3
11073 4
11074 1
11075 1
11076 2
11077 2
11078 4
11079 4
11080 3
11081 3
11082 3
11083 2
11084 3
11085 0
11086 2
11087 4
11088 2
11089 3
11090 1
11091 5
11092 1
11093 3
11094 3
11095 2
11096 4
11097 3
11098 2
11099 2
11100 2
11101 2
11102 0
11103 3
11104 4
11105 4
11106 2
11107 0
11108 3
11109 4
11110 3
11111 3
11112 1
11113 0
11114 4
11115 0
11116 2
11117 5
11118 2
11119 6
11120 0
11121 6
11122 2
11123 3
11124 1
11125 0
11126 1
11127 4
11128 3
11129 2
11130 1
11131 5
11132 4
11133 1
11134 2
11135 3
11136 2
11137 1
11138 5
11139 1
11140 2
11141 4
11142 2
11143 0
11144 0
11145 3
11146 1
11147 1
11148 1
11149 0
11150 4
11151 0
11152 4
11153 4
11154 0
11155 3
11156 1
11157 1
11158 2
11159 5
11160 2
11161 0
11162 1
11163 2
11164 3
11165 3
11166 1
11167 0
11168 0
11169 1
11170 5
11171 5
11172 1
11173 0
11174 1
11175 2
11176 3
11177 3
11178 3
11179 4
11180 1
11181 0
11182 3
11183 1
11184 4
11185 0
11186 2
11187 6
11188 4
11189 3
11190 0
11191 5
11192 1
11193 4
11194 2
11195 5
11196 1
11197 1
11198 2
11199 1
11200 5
11201 2
11202 2
11203 1
11204 0
11205 1
11206 1
11207 4
11208 0
11209 2
11210 1
11211 3
11212 4
11213 4
11214 2
11215 0
11216 3
11217 5
11218 3
11219 0
11220 2
11221 2
11222 1
11223 3
11224 4
11225 4
11226 3
11227 3
11228 1
11229 2
11230 4
11231 4
11232 2
11233 6
11234 0
11235 1
11236 0
11237 1
11238 5
11239 3
11240 1
11241 3
11242 3
11243 2
11244 3
11245 4
11246 3
11247 3
11248 0
11249 3
11250 0
11251 2
11252 1
11253 0
11254 1
11255 2
11256 3
11257 4
11258 1
11259 4
11260 2
11261 2
11262 1
11263 0
11264 1
11265 4
11266 0
11267 1
11268 0
11269 2
11270 1
11271 5
11272 0
11273 4
11274 1
11275 6
11276 3
11277 4
11278 1
11279 2
11280 3
11281 0
11282 6
11283 4
11284 4
11285 1
11286 0
11287 3
11288 3
11289 1
11290 0
11291 3
11292 5
11293 6
11294 3
11295 3
11296 0
11297 5
11298 0
11299 2
11300 1
11301 5
11302 4
11303 1
11304 4
11305 4
11306 5
11307 2
11308 4
11309 6
11310 5
11311 1
11312 3
11313 2
11314 1
11315 1
11316 4
11317 3
11318 4
11319 1
11320 0
11321 2
11322 4
11323 4
11324 3
11325 0
11326 2
11327 2
11328 2
11329 1
11330 1
11331 0
11332 4
11333 5
11334 3
11335 2
11336 2
11337 0
11338 2
11339 5
11340 5
11341 1
11342 4
11343 0
11344 1
11345 2
11346 4
11347 4
11348 0
11349 3
11350 5
11351 2
11352 0
11353 5
11354 2
11355 3
11356 2
11357 5
11358 2
11359 3
11360 2
11361 0
11362 0
11363 2
11364 4
11365 0
11366 2
11367 4
11368 2
11369 5
11370 1
11371 3
11372 0
11373 5
11374 2
11375 0
11376 4
11377 1
11378 4
11379 0
11380 4
11381 3
11382 2
11383 5
11384 5
11385 4
11386 2
11387 5
11388 3
11389 1
11390 0
11391 1
11392 3
11393 1
11394 2
11395 1
11396 4
11397 4
11398 2
11399 4
11400 1
11401 5
11402 1
11403 5
11404 4
11405 0
11406 4
11407 2
11408 2
11409 4
11410 3
11411 2
11412 2
11413 2
11414 0
11415 0
11416 0
11417 4
11418 3
11419 1
11420 2
11421 0
11422 2
11423 3
11424 2
11425 4
11426 3
11427 4
11428 2
11429 2
11430 2
11431 3
11432 0
11433 3
11434 2
11435 0
11436 4
11437 6
11438 4
11439 3
11440 3
11441 1
11442 2
11443 4
11444 2
11445 3
11446 2
11447 0
11448 4
11449 1
11450 2
11451 0
11452 4
11453 0
11454 1
11455 4
11456 4
11457 2
11458 5
11459 0
11460 4
11461 2
11462 5
11463 0
11464 2
11465 0
11466 1
11467 2
11468 3
11469 5
11470 1
11471 2
11472 3
11473 3
11474 5
11475 2
11476 0
11477 3
11478 5
11479 1
11480 0
11481 1
11482 2
11483 2
11484 0
11485 3
11486 2
11487 3
11488 0
11489 0
11490 4
11491 0
11492 1
11493 2
11494 3
11495 2
11496 3
11497 4
11498 0
11499 2
11500 2
11501 3
11502 3
11503 3
11504 5
11505 1
11506 2
11507 3
11508 2
11509 4
11510 1
11511 2
11512 2
11513 1
11514 3
11515 0
11516 1
11517 2
11518 2
11519 3
11520 4
11521 2
11522 2
11523 0
11524 2
11525 1
11526 2
11527 2
11528 2
11529 0
11530 3
11531 2
11532 3
11533 0
11534 2
11535 0
11536 0
11537 0
11538 3
11539 4
11540 5
11541 1
11542 1
11543 0
11544 4
11545 2
11546 6
11547 2
11548 3
11549 1
11550 2
11551 4
11552 1
11553 1
11554 2
11555 3
11556 1
11557 1
11558 3
11559 5
11560 5
11561 0
11562 5
11563 2
11564 1
11565 3
11566 5
11567 0
11568 5
11569 1
11570 3
11571 4
11572 2
11573 3
11574 5
11575 4
11576 4
11577 0
11578 2
11579 4
11580 4
11581 4
11582 1
11583 0
11584 6
11585 0
11586 1
11587 2
11588 0
11589 0
11590 0
11591 2
11592 2
11593 2
11594 3
11595 2
11596 4
11597 3
11598 5
11599 2
11600 0
11601 1
11602 0
11603 2
11604 6
11605 5
11606 0
11607 0
11608 2
11609 2
11610 4
11611 2
11612 2
11613 3
11614 2
11615 5
11616 4
11617 4
11618 2
11619 2
11620 3
11621 3
11622 1
11623 2
11624 2
11625 2
11626 2
11627 4
11628 3
11629 0
11630 1
11631 4
11632 1
11633 4
11634 2
11635 5
11636 1
11637 1
11638 4
11639 0
11640 3
11641 3
11642 1
11643 0
11644 4
11645 0
11646 4
11647 4
11648 5
11649 0
11650 1
11651 2
11652 3
11653 1
11654 5
11655 0
11656 3
11657 1
11658 3
11659 5
11660 1
11661 1
11662 0
11663 6
11664 7
11665 2
11666 3
11667 4
11668 4
11669 2
11670 2
11671 4
11672 2
11673 1
11674 2
11675 2
11676 3
11677 4
11678 5
11679 4
11680 0
11681 0
11682 2
11683 0
11684 2
11685 5
11686 0
11687 0
11688 1
11689 4
11690 0
11691 2
11692 3
11693 2
11694 3
11695 1
11696 0
11697 4
11698 3
11699 1
11700 1
11701 1
11702 2
11703 5
11704 2
11705 4
11706 4
11707 3
11708 3
11709 3
11710 0
11711 2
11712 0
11713 1
11714 0
11715 1
11716 3
11717 0
11718 2
11719 2
11720 3
11721 3
11722 2
11723 2
11724 0
11725 0
11726 6
11727 2
11728 3
11729 4
11730 2
11731 4
11732 5
11733 0
11734 0
11735 3
11736 1
11737 4
11738 0
11739 3
11740 0
11741 3
11742 0
11743 1
11744 5
11745 3
11746 2
11747 2
11748 1
11749 2
11750 2
11751 5
11752 6
11753 0
11754 2
11755 1
11756 4
11757 4
11758 2
11759 3
11760 1
11761 3
11762 3
11763 3
11764 3
11765 0
11766 2
11767 4
11768 2
11769 2
11770 4
11771 4
11772 1
11773 1
11774 5
11775 1
11776 1
11777 5
11778 2
11779 2
11780 4
11781 4
11782 2
11783 4
11784 6
11785 1
11786 2
11787 2
11788 0
11789 6
11790 3
11791 1
11792 3
11793 1
11794 1
11795 2
11796 3
11797 1
11798 2
11799 1
11800 2
11801 0
11802 0
11803 4
11804 4
11805 4
11806 0
11807 4
11808 0
11809 0
11810 0
11811 0
11812 0
11813 3
11814 6
11815 6
11816 4
11817 1
11818 1
11819 3
11820 2
11821 0
11822 4
11823 4
11824 3
11825 5
11826 5
11827 3
11828 2
11829 1
11830 3
11831 2
11832 0
11833 0
11834 0
11835 4
11836 3
11837 3
11838 3
11839 3
11840 5
11841 1
11842 1
11843 5
11844 0
11845 3
11846 1
11847 2
11848 1
11849 1
11850 1
11851 0
11852 0
11853 0
11854 1
11855 1
11856 0
11857 3
11858 2
11859 0
11860 5
11861 0
11862 0
11863 0
11864 5
11865 1
11866 4
11867 5
11868 4
11869 3
11870 5
11871 4
11872 0
11873 2
11874 1
11875 0
11876 0
11877 5
11878 1
11879 0
11880 4
11881 1
11882 5
11883 5
11884 5
11885 4
11886 3
11887 0
11888 2
11889 1
11890 0
11891 1
11892 3
11893 5
11894 4
11895 2
11896 1
11897 5
11898 1
11899 3
11900 2
11901 0
11902 1
11903 6
11904 5
11905 2
11906 2
11907 2
11908 5
11909 2
11910 2
11911 2
11912 1
11913 4
11914 4
11915 5
11916 0
11917 3
11918 4
11919 1
11920 0
11921 4
11922 2
11923 4
11924 5
11925 0
11926 4
11927 0
11928 3
11929 4
11930 2
11931 0
11932 2
11933 5
11934 0
11935 3
11936 1
11937 2
11938 5
11939 2
11940 0
11941 3
11942 3
11943 4
11944 3
11945 3
11946 3
11947 0
11948 2
11949 2
11950 3
11951 1
11952 1
11953 0
11954 1
11955 0
11956 0
11957 3
11958 0
11959 2
11960 2
11961 0
11962 0
11963 0
11964 1
11965 0
11966 3
11967 4
11968 0
11969 2
11970 1
11971 0
11972 4
11973 0
11974 4
11975 1
11976 0
11977 3
11978 3
11979 3
11980 3
11981 4
11982 1
11983 2
11984 3
11985 2
11986 0
11987 2
11988 1
11989 4
11990 0
11991 0
11992 2
11993 6
11994 4
11995 4
11996 2
11997 0
11998 3
11999 6
12000 3
12001 4
12002 2
12003 2
12004 2
12005 4
12006 2
12007 0
12008 2
12009 0
12010 2
12011 4
12012 0
12013 4
12014 3
12015 1
12016 0
12017 5
12018 3
12019 1
12020 2
12021 1
12022 3
12023 1
12024 3
12025 0
12026 4
12027 4
12028 3
12029 5
12030 4
12031 5
12032 3
12033 2
12034 1
12035 5
12036 4
12037 0
12038 1
12039 1
12040 0
12041 2
12042 2
12043 0
12044 3
12045 3
12046 2
12047 5
12048 4
12049 3
12050 6
12051 2
12052 0
12053 2
12054 0
12055 4
12056 0
12057 6
12058 4
12059 1
12060 0
12061 1
12062 1
12063 1
12064 4
12065 2
12066 1
12067 1
12068 4
12069 5
12070 3
12071 0
12072 5
12073 1
12074 5
12075 1
12076 1
12077 1
12078 0
12079 1
12080 4
12081 2
12082 1
12083 5
12084 1
12085 3
12086 2
12087 5
12088 2
12089 4
12090 4
12091 2
12092 3
12093 4
12094 1
12095 1
12096 5
12097 1
12098 6
12099 2
12100 1
12101 5
12102 1
12103 1
12104 1
12105 1
12106 4
12107 0
12108 3
12109 4
12110 3
12111 2
12112 2
12113 2
12114 1
12115 1
12116 1
12117 5
12118 4
12119 4
12120 3
12121 0
12122 4
12123 1
12124 5
12125 0
12126 2
12127 0
12128 2
12129 4
12130 3
12131 4
12132 0
12133 5
12134 2
12135 4
12136 3
12137 0
12138 4
12139 4
12140 3
12141 3
12142 2
12143 0
12144 0
12145 6
12146 0
12147 2
12148 4
12149 4
12150 0
12151 0
12152 3
12153 4
12154 3
12155 0
12156 0
12157 2
12158 2
12159 2
12160 2
12161 5
12162 5
12163 4
12164 6
12165 4
12166 3
12167 3
12168 0
12169 4
12170 1
12171 2
12172 0
12173 3
12174 0
12175 2
12176 4
12177 0
12178 4
12179 0
12180 4
12181 1
12182 5
12183 0
12184 0
12185 1
12186 1
12187 1
12188 3
12189 4
12190 3
12191 2
12192 0
12193 5
12194 3
12195 1
12196 2
12197 2
12198 2
12199 4
12200 3
12201 1
12202 5
12203 3
12204 2
12205 5
12206 3
12207 2
12208 5
12209 1
12210 2
12211 4
12212 2
12213 2
12214 7
12215 2
12216 0
12217 4
12218 3
12219 3
12220 6
12221 0
12222 2
12223 0
12224 4
12225 0
12226 3
12227 3
12228 2
12229 5
12230 3
12231 4
12232 2
12233 5
12234 3
12235 4
12236 1
12237 5
12238 0
12239 4
12240 4
12241 0
12242 2
12243 2
12244 1
12245 1
12246 4
12247 1
12248 4
12249 4
12250 3
12251 3
12252 2
12253 4
12254 3
12255 1
12256 0
12257 1
12258 1
12259 5
12260 2
12261 2
12262 1
12263 2
12264 0
12265 0
12266 3
12267 5
12268 1
12269 4
12270 0
12271 0
12272 4
12273 1
12274 5
12275 3
12276 0
12277 2
12278 3
12279 5
12280 3
12281 2
12282 0
12283 1
12284 3
12285 5
12286 4
12287 1
12288 2
12289 2
12290 0
12291 2
12292 1
12293 3
12294 1
12295 3
12296 2
12297 1
12298 5
12299 0
12300 1
12301 3
12302 5
12303 1
12304 0
12305 3
12306 3
12307 1
12308 3
12309 1
12310 3
12311 0
12312 1
12313 3
12314 4
12315 4
12316 4
12317 3
12318 3
12319 3
12320 1
12321 5
12322 3
12323 3
12324 2
12325 4
12326 4
12327 2
12328 5
12329 1
12330 4
12331 5
12332 3
12333 0
12334 1
12335 5
12336 4
12337 6
12338 0
12339 1
12340 1
12341 0
12342 4
12343 0
12344 4
12345 3
12346 1
12347 1
12348 2
12349 0
12350 2
12351 0
12352 3
12353 3
12354 1
12355 2
12356 1
12357 2
12358 4
12359 6
12360 1
12361 4
12362 1
12363 5
12364 1
12365 1
12366 1
12367 2
12368 1
12369 2
12370 1
12371 0
12372 4
12373 1
12374 3
12375 5
12376 1
12377 4
12378 5
12379 2
12380 4
12381 1
12382 2
12383 1
12384 5
12385 3
12386 2
12387 3
12388 0
12389 1
12390 3
12391 1
12392 3
12393 3
12394 4
12395 5
12396 4
12397 0
12398 3
12399 4
12400 4
12401 3
12402 5
12403 2
12404 1
12405 5
12406 4
12407 4
12408 0
12409 4
12410 6
12411 4
12412 3
12413 2
12414 0
12415 1
12416 3
12417 3
12418 4
12419 5
12420 0
12421 4
12422 3
12423 3
12424 3
12425 3
12426 3
12427 1
12428 3
12429 1
12430 1
12431 3
12432 2
12433 1
12434 1
12435 2
12436 3
12437 0
12438 1
12439 4
12440 0
12441 4
12442 0
12443 1
12444 3
12445 4
12446 2
12447 2
12448 3
12449 2
12450 2
12451 2
12452 4
12453 4
12454 3
12455 3
12456 4
12457 4
12458 4
12459 2
12460 3
12461 3
12462 5
12463 4
12464 2
12465 4
12466 5
12467 0
12468 4
12469 2
12470 2
12471 4
12472 1
12473 2
12474 1
12475 6
12476 0
12477 2
12478 3
12479 2
12480 1
12481 0
12482 4
12483 3
12484 0
12485 2
12486 4
12487 4
12488 0
12489 1
12490 3
12491 3
12492 3
12493 1
12494 2
12495 2
12496 1
12497 2
12498 2
12499 1
12500 2
12501 1
12502 2
12503 0
12504 1
12505 2
12506 3
12507 3
12508 4
12509 2
12510 0
12511 1
12512 1
12513 4
12514 3
12515 4
12516 2
12517 1
12518 0
12519 4
12520 1
12521 0
12522 1
12523 2
12524 0
12525 2
12526 4
12527 3
12528 0
12529 1
12530 0
12531 1
12532 0
12533 5
12534 0
12535 0
12536 1
12537 2
12538 1
12539 3
12540 5
12541 6
12542 5
12543 4
12544 2
12545 0
12546 1
12547 1
12548 5
12549 4
12550 0
12551 0
12552 1
12553 5
12554 1
12555 0
12556 0
12557 2
12558 0
12559 0
12560 0
12561 2
12562 3
12563 4
12564 0
12565 4
12566 2
12567 0
12568 1
12569 1
12570 2
12571 5
12572 4
12573 1
12574 0
12575 1
12576 3
12577 0
12578 1
12579 1
12580 0
12581 5
12582 4
12583 0
12584 5
12585 1
12586 0
12587 0
12588 2
12589 3
12590 0
12591 3
12592 0
12593 0
12594 2
12595 3
12596 4
12597 1
12598 6
12599 3
12600 0
12601 0
12602 2
12603 3
12604 2
12605 4
12606 4
12607 1
12608 5
12609 0
12610 0
12611 1
12612 2
12613 2
12614 2
12615 1
12616 1
12617 1
12618 3
12619 2
12620 2
12621 0
12622 0
12623 4
12624 1
12625 3
12626 1
12627 1
12628 1
12629 0
12630 2
12631 3
12632 4
12633 0
12634 6
12635 1
12636 3
12637 0
12638 4
12639 2
12640 5
12641 1
12642 1
12643 0
12644 0
12645 2
12646 2
12647 0
12648 3
12649 0
12650 3
12651 1
12652 4
12653 6
12654 1
12655 1
12656 4
12657 1
12658 4
12659 1
12660 0
12661 5
12662 5
12663 3
12664 1
12665 0
12666 0
12667 1
12668 0
12669 2
12670 2
12671 1
12672 0
12673 4
12674 4
12675 1
12676 3
12677 3
12678 3
12679 0
12680 5
12681 3
12682 4
12683 5
12684 4
12685 5
12686 4
12687 0
12688 0
12689 0
12690 0
12691 1
12692 0
12693 1
12694 2
12695 6
12696 5
12697 2
12698 0
12699 0
12700 3
12701 4
12702 2
12703 1
12704 0
12705 0
12706 3
12707 6
12708 1
12709 1
12710 2
12711 1
12712 3
12713 2
12714 6
12715 4
12716 1
12717 4
12718 0
12719 2
12720 1
12721 6
12722 4
12723 4
12724 1
12725 1
12726 1
12727 0
12728 3
12729 2
12730 0
12731 4
12732 3
12733 1
12734 0
12735 0
12736 2
12737 4
12738 4
12739 3
12740 1
12741 1
12742 0
12743 0
12744 1
12745 2
12746 3
12747 3
12748 2
12749 0
12750 1
12751 2
12752 3
12753 2
12754 0
12755 5
12756 0
12757 1
12758 3
12759 2
12760 4
12761 0
12762 2
12763 3
12764 1
12765 0
12766 5
12767 5
12768 0
12769 1
12770 1
12771 1
12772 2
12773 4
12774 3
12775 4
12776 3
12777 0
12778 5
12779 3
12780 1
12781 0
12782 3
12783 4
12784 5
12785 1
12786 2
12787 5
12788 5
12789 4
12790 1
12791 3
12792 5
12793 0
12794 3
12795 1
12796 0
12797 4
12798 1
12799 0
12800 2
12801 0
12802 2
12803 4
12804 2
12805 1
12806 0
12807 1
12808 2
12809 1
12810 1
12811 2
12812 1
12813 3
12814 5
12815 4
12816 4
12817 2
12818 2
12819 3
12820 5
12821 3
12822 5
12823 1
12824 2
12825 4
12826 0
12827 4
12828 1
12829 2
12830 2
12831 3
12832 4
12833 4
12834 0
12835 2
12836 3
12837 2
12838 4
12839 3
12840 4
12841 0
12842 1
12843 1
12844 2
12845 1
12846 0
12847 0
12848 2
12849 1
12850 1
12851 2
12852 1
12853 1
12854 4
12855 3
12856 3
12857 2
12858 5
12859 1
12860 2
12861 1
12862 0
12863 2
12864 2
12865 1
12866 5
12867 3
12868 2
12869 1
12870 2
12871 3
12872 3
12873 5
12874 2
12875 1
12876 2
12877 1
12878 6
12879 4
12880 5
12881 2
12882 1
12883 3
12884 0
12885 0
12886 0
12887 3
12888 0
12889 1
12890 2
12891 6
12892 2
12893 5
12894 4
12895 1
12896 1
12897 3
12898 5
12899 5
12900 1
12901 1
12902 1
12903 4
12904 0
12905 0
12906 3
12907 0
12908 2
12909 1
12910 6
12911 2
12912 0
12913 0
12914 4
12915 4
12916 4
12917 6
12918 1
12919 0
12920 2
12921 2
12922 2
12923 4
12924 2
12925 5
12926 5
12927 2
12928 4
12929 2
12930 3
12931 4
12932 1
12933 3
12934 2
12935 4
12936 5
12937 5
12938 5
12939 2
12940 0
12941 0
12942 5
12943 4
12944 1
12945 1
12946 5
12947 2
12948 3
12949 3
12950 2
12951 0
12952 5
12953 3
12954 0
12955 3
12956 2
12957 0
12958 2
12959 1
12960 6
12961 1
12962 0
12963 5
12964 4
12965 0
12966 0
12967 0
12968 0
12969 3
12970 3
12971 1
12972 1
12973 2
12974 4
12975 1
12976 2
12977 2
12978 0
12979 1
12980 0
12981 1
12982 0
12983 1
12984 4
12985 0
12986 3
12987 2
12988 0
12989 2
12990 0
12991 2
12992 0
12993 0
12994 3
12995 4
12996 4
12997 3
12998 0
12999 2
13000 3
13001 3
13002 2
13003 1
13004 3
13005 2
13006 3
13007 7
13008 2
13009 2
13010 5
13011 4
13012 2
13013 1
13014 2
13015 1
13016 2
13017 5
13018 1
13019 2
13020 0
13021 0
13022 2
13023 4
13024 2
13025 6
13026 3
13027 5
13028 2
13029 4
13030 3
13031 4
13032 1
13033 3
13034 3
13035 5
13036 4
13037 1
13038 3
13039 2
13040 0
13041 1
13042 1
13043 4
13044 4
13045 0
13046 5
13047 1
13048 4
13049 1
13050 5
13051 4
13052 3
13053 3
13054 3
13055 3
13056 5
13057 6
13058 1
13059 1
13060 3
13061 0
13062 2
13063 2
13064 3
13065 1
13066 0
13067 0
13068 0
13069 2
13070 4
13071 1
13072 2
13073 2
13074 2
13075 4
13076 3
13077 5
13078 3
13079 5
13080 0
13081 2
13082 0
13083 0
13084 0
13085 2
13086 1
13087 5
13088 2
13089 0
13090 3
13091 0
13092 1
13093 2
13094 1
13095 0
13096 2
13097 0
13098 1
13099 1
13100 5
13101 5
13102 3
13103 6
13104 3
13105 3
13106 5
13107 0
13108 1
13109 0
13110 0
13111 4
13112 1
13113 1
13114 1
13115 1
13116 2
13117 4
13118 4
13119 1
13120 5
13121 3
13122 1
13123 2
13124 5
13125 1
13126 1
13127 4
13128 6
13129 0
13130 2
13131 2
13132 1
13133 3
13134 2
13135 4
13136 3
13137 4
13138 0
13139 2
13140 0
13141 1
13142 2
13143 3
13144 3
13145 0
13146 1
13147 1
13148 1
13149 1
13150 4
13151 2
13152 4
13153 4
13154 3
13155 1
13156 4
13157 1
13158 0
13159 3
13160 6
13161 2
13162 1
13163 3
13164 3
13165 2
13166 4
13167 1
13168 0
13169 2
13170 6
13171 2
13172 0
13173 2
13174 3
13175 5
13176 4
13177 2
13178 4
13179 0
13180 0
13181 5
13182 5
13183 3
13184 3
13185 0
13186 1
13187 3
13188 3
13189 0
13190 1
13191 0
13192 4
13193 5
13194 1
13195 3
13196 0
13197 2
13198 0
13199 1
13200 0
13201 3
13202 4
13203 2
13204 1
13205 3
13206 1
13207 1
13208 1
13209 1
13210 1
13211 2
13212 5
13213 2
13214 0
13215 4
13216 3
13217 2
13218 0
13219 4
13220 1
13221 1
13222 0
13223 4
13224 0
13225 0
13226 2
13227 3
13228 6
13229 0
13230 0
13231 2
13232 2
13233 3
13234 1
13235 3
13236 4
13237 5
13238 2
13239 0
13240 4
13241 1
13242 0
13243 5
13244 2
13245 3
13246 5
13247 0
13248 3
13249 4
13250 0
13251 3
13252 0
13253 0
13254 1
13255 4
13256 0
13257 4
13258 2
13259 3
13260 3
13261 4
13262 4
13263 2
13264 1
13265 1
13266 0
13267 1
13268 6
13269 1
13270 2
13271 3
13272 3
13273 3
13274 0
13275 0
13276 4
13277 0
13278 1
13279 2
13280 1
13281 0
13282 1
13283 5
13284 1
13285 0
13286 1
13287 1
13288 1
13289 5
13290 4
13291 5
13292 5
13293 1
13294 1
13295 0
13296 3
13297 0
13298 5
13299 4
13300 3
13301 3
13302 2
13303 4
13304 2
13305 1
13306 5
13307 1
13308 0
13309 4
13310 4
13311 0
13312 2
13313 2
13314 5
13315 5
13316 3
13317 4
13318 2
13319 3
13320 2
13321 1
13322 1
13323 0
13324 2
13325 1
13326 1
13327 2
13328 0
13329 3
13330 2
13331 0
13332 3
13333 1
13334 1
13335 2
13336 0
13337 4
13338 1
13339 3
13340 1
13341 3
13342 5
13343 1
13344 4
13345 5
13346 0
13347 4
13348 0
13349 3
13350 3
13351 2
13352 0
13353 1
13354 2
13355 2
13356 2
13357 3
13358 0
13359 3
13360 3
13361 2
13362 1
13363 1
13364 3
13365 0
13366 1
13367 0
13368 6
13369 4
13370 5
13371 3
13372 4
13373 1
13374 1
13375 2
13376 5
13377 4
13378 2
13379 2
13380 1
13381 3
13382 0
13383 0
13384 2
13385 0
13386 3
13387 0
13388 0
13389 2
13390 0
13391 2
13392 2
13393 3
13394 2
13395 1
13396 4
13397 5
13398 3
13399 1
13400 1
13401 1
13402 0
13403 3
13404 4
13405 0
13406 1
13407 1
13408 2
13409 1
13410 6
13411 1
13412 7
13413 4
13414 3
13415 0
13416 3
13417 4
13418 6
13419 5
13420 1
13421 4
13422 0
13423 2
13424 5
13425 0
13426 4
13427 1
13428 2
13429 2
13430 3
13431 3
13432 3
13433 4
13434 3
13435 3
13436 2
13437 2
13438 1
13439 2
13440 5
13441 1
13442 3
13443 3
13444 1
13445 0
13446 3
13447 0
13448 4
13449 3
13450 4
13451 2
13452 3
13453 5
13454 5
13455 4
13456 5
13457 4
13458 2
13459 0
13460 1
13461 1
13462 3
13463 2
13464 0
13465 4
13466 4
13467 1
13468 3
13469 1
13470 1
13471 4
13472 4
13473 3
13474 3
13475 5
13476 5
13477 0
13478 1
13479 5
13480 5
13481 4
13482 1
13483 3
13484 5
13485 1
13486 1
13487 4
13488 4
13489 5
13490 0
13491 0
13492 3
13493 1
13494 2
13495 0
13496 2
13497 5
13498 3
13499 4
13500 4
13501 2
13502 3
13503 3
13504 4
13505 3
13506 5
13507 3
13508 3
13509 3
13510 1
13511 0
13512 0
13513 2
13514 1
13515 0
13516 5
13517 1
13518 0
13519 0
13520 5
13521 3
13522 2
13523 1
13524 6
13525 5
13526 2
13527 2
13528 3
13529 2
13530 2
13531 2
13532 2
13533 1
13534 1
13535 4
13536 2
13537 1
13538 4
13539 2
13540 1
13541 5
13542 1
13543 4
13544 5
13545 0
13546 1
13547 2
13548 2
13549 3
13550 0
13551 0
13552 0
13553 5
13554 1
13555 3
13556 0
13557 5
13558 2
13559 0
13560 0
13561 2
13562 5
13563 0
13564 5
13565 0
13566 0
13567 1
13568 2
13569 0
13570 3
13571 5
13572 0
13573 0
13574 6
13575 2
13576 5
13577 3
13578 2
13579 1
13580 5
13581 4
13582 3
13583 1
13584 5
13585 3
13586 5
13587 4
13588 3
13589 3
13590 4
13591 1
13592 3
13593 3
13594 0
13595 2
13596 2
13597 4
13598 3
13599 0
13600 1
13601 4
13602 1
13603 4
13604 4
13605 3
13606 1
13607 2
13608 6
13609 1
13610 1
13611 2
13612 3
13613 2
13614 1
13615 4
13616 5
13617 3
13618 1
13619 4
13620 4
13621 3
13622 0
13623 2
13624 2
13625 4
13626 1
13627 0
13628 4
13629 0
13630 0
13631 1
13632 0
13633 3
13634 4
13635 4
13636 5
13637 3
13638 1
13639 1
13640 3
13641 1
13642 2
13643 1
13644 1
13645 1
13646 3
13647 4
13648 2
13649 2
13650 4
13651 3
13652 3
13653 1
13654 0
13655 2
13656 2
13657 1
13658 4
13659 1
13660 3
13661 3
13662 4
13663 1
13664 2
13665 0
13666 1
13667 2
13668 5
13669 0
13670 3
13671 3
13672 4
13673 4
13674 1
13675 2
13676 5
13677 2
13678 0
13679 0
13680 4
13681 3
13682 2
13683 4
13684 1
13685 0
13686 1
13687 3
13688 4
13689 0
13690 1
13691 3
13692 1
13693 3
13694 3
13695 3
13696 1
13697 0
13698 0
13699 1
13700 0
13701 4
13702 0
13703 2
13704 1
13705 0
13706 2
13707 1
13708 2
13709 2
13710 4
13711 3
13712 3
13713 4
13714 1
13715 1
13716 4
13717 4
13718 0
13719 2
13720 0
13721 2
13722 5
13723 2
13724 3
13725 4
13726 3
13727 5
13728 5
13729 3
13730 2
13731 0
13732 4
13733 2
13734 4
13735 3
13736 4
13737 4
13738 3
13739 3
13740 0
13741 3
13742 2
13743 6
13744 2
13745 2
13746 2
13747 3
13748 3
13749 5
13750 2
13751 4
13752 1
13753 2
13754 1
13755 0
13756 3
13757 3
13758 2
13759 3
13760 3
13761 4
13762 2
13763 2
13764 1
13765 5
13766 3
13767 0
13768 4
13769 5
13770 0
13771 3
13772 2
13773 3
13774 1
13775 1
13776 2
13777 5
13778 0
13779 5
13780 1
13781 0
13782 0
13783 0
13784 0
13785 2
13786 3
13787 2
13788 0
13789 2
13790 1
13791 0
13792 1
13793 4
13794 0
13795 4
13796 0
13797 1
13798 0
13799 1
13800 1
13801 3
13802 0
13803 4
13804 2
13805 3
13806 2
13807 4
13808 1
13809 0
13810 3
13811 3
13812 3
13813 4
13814 2
13815 6
13816 5
13817 0
13818 5
13819 1
13820 0
13821 4
13822 4
13823 0
13824 1
13825 3
13826 3
13827 6
13828 4
13829 4
13830 2
13831 0
13832 2
13833 1
13834 3
13835 0
13836 1
13837 4
13838 3
13839 3
13840 5
13841 0
13842 1
13843 5
13844 6
13845 2
13846 0
13847 1
13848 1
13849 0
13850 7
13851 5
13852 0
13853 6
13854 5
13855 3
13856 2
13857 0
13858 1
13859 0
13860 1
13861 3
13862 2
13863 4
13864 2
13865 0
13866 4
13867 0
13868 2
13869 0
13870 3
13871 0
13872 3
13873 3
13874 0
13875 6
13876 0
13877 3
13878 0
13879 0
13880 2
13881 5
13882 5
13883 1
13884 2
13885 1
13886 5
13887 2
13888 2
13889 6
13890 4
13891 3
13892 3
13893 1
13894 0
13895 3
13896 4
13897 1
13898 4
13899 3
13900 3
13901 0
13902 3
13903 2
13904 2
13905 0
13906 4
13907 0
13908 0
13909 3
13910 2
13911 2
13912 1
13913 0
13914 1
13915 1
13916 4
13917 6
13918 1
13919 0
13920 3
13921 0
13922 5
13923 3
13924 2
13925 1
13926 1
13927 5
13928 5
13929 4
13930 4
13931 6
13932 0
13933 3
13934 4
13935 0
13936 6
13937 2
13938 6
13939 2
13940 0
13941 4
13942 1
13943 1
13944 2
13945 2
13946 5
13947 3
13948 2
13949 5
13950 1
13951 5
13952 0
13953 1
13954 0
13955 0
13956 1
13957 3
13958 4
13959 0
13960 2
13961 1
13962 1
13963 1
13964 3
13965 3
13966 5
13967 6
13968 0
13969 3
13970 1
13971 3
13972 4
13973 4
13974 4
13975 3
13976 2
13977 1
13978 3
13979 1
13980 2
13981 3
13982 4
13983 1
13984 1
13985 3
13986 1
13987 0
13988 0
13989 0
13990 1
13991 6
13992 0
13993 0
13994 1
13995 2
13996 2
13997 3
13998 0
13999 4
14000 0
14001 5
14002 5
14003 3
14004 1
14005 2
14006 0
14007 2
14008 4
14009 0
14010 4
14011 0
14012 5
14013 1
14014 3
14015 4
14016 5
14017 3
14018 2
14019 1
14020 0
14021 4
14022 4
14023 3
14024 6
14025 0
14026 4
14027 4
14028 3
14029 3
14030 1
14031 2
14032 4
14033 2
14034 3
14035 4
14036 2
14037 1
14038 0
14039 4
14040 3
14041 3
14042 2
14043 4
14044 0
14045 0
14046 4
14047 2
14048 0
14049 2
14050 3
14051 2
14052 5
14053 5
14054 1
14055 2
14056 1
14057 0
14058 6
14059 5
14060 5
14061 6
14062 3
14063 0
14064 5
14065 5
14066 0
14067 1
14068 5
14069 5
14070 4
14071 1
14072 4
14073 3
14074 5
14075 4
14076 3
14077 3
14078 1
14079 1
14080 2
14081 1
14082 4
14083 0
14084 0
14085 3
14086 2
14087 3
14088 2
14089 1
14090 1
14091 3
14092 4
14093 2
14094 4
14095 1
14096 4
14097 0
14098 5
14099 0
14100 4
14101 0
14102 4
14103 4
14104 3
14105 3
14106 1
14107 2
14108 0
14109 5
14110 2
14111 0
14112 4
14113 5
14114 5
14115 4
14116 3
14117 4
14118 1
14119 0
14120 4
14121 4
14122 2
14123 0
14124 0
14125 2
14126 1
14127 2
14128 0
14129 4
14130 2
14131 1
14132 1
14133 1
14134 0
14135 2
14136 1
14137 3
14138 3
14139 1
14140 0
14141 0
14142 0
14143 1
14144 1
14145 1
14146 1
14147 0
14148 3
14149 4
14150 3
14151 1
14152 0
14153 4
14154 1
14155 4
14156 1
14157 2
14158 4
14159 3
14160 3
14161 2
14162 6
14163 0
14164 2
14165 0
14166 2
14167 1
14168 5
14169 2
14170 2
14171 2
14172 3
14173 1
14174 2
14175 0
14176 6
14177 5
14178 3
14179 4
14180 3
14181 4
14182 3
14183 3
14184 1
14185 5
14186 6
14187 2
14188 1
14189 2
14190 0
14191 0
14192 3
14193 7
14194 2
14195 0
14196 4
14197 4
14198 5
14199 4
14200 1
14201 3
14202 3
14203 1
14204 3
14205 1
14206 4
14207 3
14208 3
14209 4
14210 1
14211 2
14212 5
14213 1
14214 2
14215 3
14216 2
14217 2
14218 4
14219 2
14220 2
14221 0
14222 1
14223 4
14224 1
14225 0
14226 2
14227 2
14228 2
14229 4
14230 2
14231 1
14232 2
14233 1
14234 2
14235 4
14236 4
14237 5
14238 6
14239 0
14240 1
14241 4
14242 1
14243 2
14244 4
14245 2
14246 3
14247 0
14248 5
14249 6
14250 0
14251 1
14252 0
14253 2
14254 3
14255 2
14256 3
14257 2
14258 0
14259 5
14260 4
14261 2
14262 1
14263 2
14264 4
14265 3
14266 3
14267 4
14268 3
14269 5
14270 0
14271 5
14272 1
14273 4
14274 1
14275 2
14276 0
14277 2
14278 0
14279 0
14280 3
14281 3
14282 0
14283 1
14284 4
14285 5
14286 0
14287 2
14288 3
14289 2
14290 3
14291 3
14292 4
14293 3
14294 4
14295 1
14296 3
14297 5
14298 1
14299 3
14300 2
14301 4
14302 2
14303 0
14304 3
14305 0
14306 3
14307 0
14308 1
14309 0
14310 3
14311 3
14312 3
14313 0
14314 3
14315 3
14316 3
14317 4
14318 5
14319 2
14320 2
14321 1
14322 1
14323 1
14324 0
14325 2
14326 3
14327 4
14328 2
14329 1
14330 3
14331 5
14332 4
14333 2
14334 3
14335 2
14336 0
14337 2
14338 0
14339 0
14340 2
14341 2
14342 4
14343 3
14344 1
14345 0
14346 4
14347 5
14348 6
14349 0
14350 2
14351 2
14352 1
14353 0
14354 4
14355 3
14356 2
14357 2
14358 3
14359 0
14360 2
14361 0
14362 3
14363 2
14364 0
14365 0
14366 0
14367 2
14368 1
14369 2
14370 0
14371 4
14372 1
14373 2
14374 3
14375 0
14376 4
14377 2
14378 4
14379 2
14380 1
14381 4
14382 2
14383 3
14384 0
14385 4
14386 3
14387 2
14388 0
14389 3
14390 3
14391 4
14392 4
14393 3
14394 4
14395 4
14396 0
14397 4
14398 2
14399 5
14400 3
14401 1
14402 3
14403 2
14404 2
14405 0
14406 2
14407 2
14408 1
14409 2
14410 5
14411 4
14412 2
14413 5
14414 1
14415 4
14416 1
14417 4
14418 2
14419 1
14420 3
14421 5
14422 1
14423 3
14424 3
14425 1
14426 0
14427 0
14428 3
14429 5
14430 4
14431 5
14432 4
14433 0
14434 2
14435 4
14436 5
14437 2
14438 1
14439 1
14440 2
14441 0
14442 0
14443 1
14444 2
14445 1
14446 0
14447 5
14448 0
14449 0
14450 3
14451 4
14452 0
14453 1
14454 0
14455 3
14456 2
14457 1
14458 1
14459 5
14460 1
14461 4
14462 2
14463 2
14464 1
14465 1
14466 1
14467 0
14468 4
14469 4
14470 0
14471 6
14472 2
14473 4
14474 2
14475 0
14476 0
14477 0
14478 0
14479 3
14480 4
14481 1
14482 1
14483 0
14484 5
14485 1
14486 3
14487 5
14488 1
14489 2
14490 4
14491 6
14492 5
14493 1
14494 0
14495 0
14496 3
14497 4
14498 2
14499 2
14500 1
14501 4
14502 2
14503 3
14504 2
14505 4
14506 1
14507 3
14508 4
14509 4
14510 2
14511 5
14512 4
14513 2
14514 0
14515 6
14516 1
14517 1
14518 2
14519 0
14520 3
14521 4
14522 0
14523 2
14524 4
14525 1
14526 5
14527 4
14528 2
14529 0
14530 2
14531 4
14532 2
14533 3
14534 3
14535 4
14536 4
14537 5
14538 2
14539 0
14540 0
14541 3
14542 0
14543 2
14544 2
14545 3
14546 0
14547 5
14548 2
14549 5
14550 4
14551 3
14552 5
14553 1
14554 2
14555 0
14556 2
14557 1
14558 2
14559 1
14560 1
14561 0
14562 4
14563 2
14564 0
14565 3
14566 1
14567 1
14568 1
14569 4
14570 5
14571 0
14572 1
14573 1
14574 1
14575 4
14576 6
14577 0
14578 1
14579 5
14580 1
14581 6
14582 2
14583 3
14584 3
14585 2
14586 3
14587 1
14588 0
14589 4
14590 1
14591 5
14592 0
14593 1
14594 5
14595 0
14596 3
14597 6
14598 1
14599 0
14600 0
14601 3
14602 0
14603 2
14604 0
14605 1
14606 2
14607 1
14608 2
14609 1
14610 3
14611 0
14612 2
14613 0
14614 2
14615 4
14616 4
14617 0
14618 4
14619 3
14620 2
14621 5
14622 0
14623 3
14624 3
14625 0
14626 0
14627 2
14628 0
14629 5
14630 1
14631 0
14632 3
14633 2
14634 0
14635 0
14636 0
14637 1
14638 6
14639 0
14640 4
14641 1
14642 1
14643 2
14644 2
14645 1
14646 4
14647 4
14648 3
14649 0
14650 1
14651 3
14652 3
14653 4
14654 2
14655 1
14656 4
14657 0
14658 6
14659 3
14660 5
14661 3
14662 0
14663 3
14664 3
14665 4
14666 1
14667 0
14668 4
14669 4
14670 0
14671 1
14672 1
14673 5
14674 4
14675 0
14676 6
14677 2
14678 4
14679 5
14680 2
14681 5
14682 2
14683 5
14684 0
14685 0
14686 1
14687 2
14688 3
14689 3
14690 0
14691 3
14692 3
14693 0
14694 2
14695 1
14696 0
14697 0
14698 2
14699 2
14700 2
14701 1
14702 0
14703 5
14704 3
14705 1
14706 4
14707 3
14708 3
14709 0
14710 3
14711 2
14712 4
14713 2
14714 5
14715 3
14716 2
14717 4
14718 0
14719 3
14720 4
14721 0
14722 0
14723 3
14724 5
14725 6
14726 3
14727 1
14728 4
14729 0
14730 4
14731 1
14732 0
14733 3
14734 1
14735 2
14736 4
14737 4
14738 3
14739 5
14740 5
14741 1
14742 1
14743 2
14744 1
14745 1
14746 4
14747 2
14748 3
14749 0
14750 2
14751 2
14752 4
14753 2
14754 2
14755 0
14756 6
14757 0
14758 2
14759 1
14760 5
14761 2
14762 4
14763 5
14764 2
14765 0
14766 1
14767 3
14768 6
14769 1
14770 3
14771 3
14772 0
14773 1
14774 0
14775 3
14776 0
14777 1
14778 0
14779 2
14780 0
14781 4
14782 4
14783 3
14784 3
14785 0
14786 2
14787 0
14788 6
14789 0
14790 1
14791 1
14792 1
14793 0
14794 5
14795 4
14796 4
14797 1
14798 2
14799 1
14800 4
14801 2
14802 3
14803 3
14804 5
14805 2
14806 2
14807 3
14808 3
14809 2
14810 6
14811 3
14812 4
14813 3
14814 1
14815 0
14816 1
14817 5
14818 0
14819 0
14820 2
14821 5
14822 4
14823 2
14824 1
14825 1
14826 2
14827 2
14828 3
14829 4
14830 5
14831 2
14832 3
14833 3
14834 2
14835 0
14836 3
14837 3
14838 1
14839 1
14840 1
14841 1
14842 5
14843 1
14844 1
14845 1
14846 4
14847 2
14848 3
14849 0
14850 3
14851 0
14852 2
14853 1
14854 4
14855 0
14856 5
14857 3
14858 3
14859 2
14860 2
14861 3
14862 3
14863 3
14864 4
14865 1
14866 1
14867 2
14868 5
14869 2
14870 0
14871 1
14872 1
14873 0
14874 3
14875 0
14876 3
14877 3
14878 3
14879 1
14880 1
14881 2
14882 0
14883 2
14884 5
14885 0
14886 4
14887 6
14888 1
14889 0
14890 3
14891 4
14892 0
14893 2
14894 0
14895 0
14896 1
14897 2
14898 1
14899 3
14900 4
14901 2
14902 2
14903 1
14904 2
14905 1
14906 0
14907 5
14908 1
14909 3
14910 2
14911 1
14912 1
14913 4
14914 1
14915 5
14916 1
14917 2
14918 4
14919 3
14920 1
14921 2
14922 3
14923 5
14924 1
14925 1
14926 0
14927 2
14928 2
14929 4
14930 2
14931 3
14932 0
14933 5
14934 3
14935 1
14936 6
14937 4
14938 5
14939 0
14940 0
14941 1
14942 3
14943 0
14944 0
14945 2
14946 1
14947 2
14948 2
14949 6
14950 3
14951 3
14952 2
14953 0
14954 4
14955 5
14956 0
14957 2
14958 2
14959 1
14960 4
14961 3
14962 3
14963 0
14964 2
14965 0
14966 2
14967 0
14968 2
14969 3
14970 2
14971 3
14972 0
14973 4
14974 0
14975 3
14976 2
14977 5
14978 1
14979 3
14980 3
14981 1
14982 2
14983 1
14984 0
14985 4
14986 4
14987 3
14988 0
14989 4
14990 2
14991 0
14992 2
14993 2
14994 4
14995 3
14996 2
14997 4
14998 5
14999 3
15000 2
15001 5
15002 0
15003 1
15004 3
15005 4
15006 5
15007 6
15008 2
15009 4
15010 2
15011 3
15012 0
15013 4
15014 4
15015 2
15016 2
15017 1
15018 1
15019 3
15020 2
15021 1
15022 3
15023 4
15024 1
15025 4
15026 3
15027 3
15028 1
15029 4
15030 0
15031 2
15032 0
15033 2
15034 2
15035 3
15036 5
15037 1
15038 2
15039 0
15040 0
15041 5
15042 2
15043 1
15044 2
15045 3
15046 3
15047 2
15048 3
15049 2
15050 1
15051 4
15052 2
15053 2
15054 3
15055 3
15056 2
15057 2
15058 0
15059 1
15060 1
15061 1
15062 0
15063 1
15064 0
15065 0
15066 5
15067 6
15068 0
15069 2
15070 2
15071 4
15072 0
15073 3
15074 2
15075 4
15076 2
15077 0
15078 4
15079 2
15080 1
15081 3
15082 4
15083 3
15084 6
15085 4
15086 1
15087 2
15088 4
15089 2
15090 2
15091 6
15092 2
15093 4
15094 0
15095 4
15096 3
15097 4
15098 0
15099 2
15100 3
15101 1
15102 3
15103 0
15104 2
15105 1
15106 0
15107 3
15108 3
15109 1
15110 2
15111 4
15112 4
15113 0
15114 0
15115 1
15116 2
15117 1
15118 1
15119 3
15120 3
15121 4
15122 1
15123 2
15124 1
15125 0
15126 0
15127 5
15128 0
15129 6
15130 2
15131 0
15132 0
15133 2
15134 1
15135 5
15136 2
15137 1
15138 3
15139 0
15140 0
15141 1
15142 1
15143 3
15144 2
15145 0
15146 0
15147 3
15148 3
15149 5
15150 4
15151 2
15152 2
15153 3
15154 0
15155 1
15156 0
15157 2
15158 1
15159 1
15160 2
15161 3
15162 3
15163 3
15164 2
15165 2
15166 4
15167 3
15168 4
15169 2
15170 1
15171 3
15172 0
15173 3
15174 3
15175 2
15176 5
15177 3
15178 2
15179 2
15180 0
15181 2
15182 3
15183 2
15184 2
15185 0
15186 4
15187 1
15188 3
15189 3
15190 3
15191 4
15192 1
15193 1
15194 2
15195 1
15196 1
15197 0
15198 0
15199 2
15200 4
15201 2
15202 2
15203 3
15204 1
15205 0
15206 2
15207 0
15208 2
15209 1
15210 4
15211 5
15212 1
15213 0
15214 2
15215 3
15216 4
15217 3
15218 6
15219 3
15220 4
15221 2
15222 2
15223 3
15224 1
15225 4
15226 3
15227 0
15228 4
15229 4
15230 2
15231 1
15232 4
15233 0
15234 2
15235 0
15236 1
15237 4
15238 0
15239 1
15240 4
15241 2
15242 4
15243 4
15244 2
15245 4
15246 2
15247 1
15248 2
15249 0
15250 2
15251 3
15252 4
15253 0
15254 1
15255 3
15256 3
15257 4
15258 3
15259 1
15260 2
15261 3
15262 2
15263 2
15264 5
15265 0
15266 2
15267 4
15268 4
15269 3
15270 1
15271 4
15272 0
15273 1
15274 3
15275 3
15276 2
15277 3
15278 1
15279 1
15280 4
15281 2
15282 1
15283 3
15284 4
15285 0
15286 2
15287 5
15288 1
15289 2
15290 3
15291 4
15292 5
15293 0
15294 4
15295 2
15296 1
15297 2
15298 1
15299 4
15300 1
15301 2
15302 3
15303 4
15304 0
15305 2
15306 2
15307 0
15308 0
15309 4
15310 1
15311 1
15312 0
15313 4
15314 3
15315 2
15316 1
15317 0
15318 3
15319 2
15320 0
15321 1
15322 2
15323 1
15324 4
15325 1
15326 0
15327 4
15328 3
15329 1
15330 1
15331 3
15332 1
15333 2
15334 2
15335 3
15336 1
15337 2
15338 6
15339 2
15340 0
15341 2
15342 2
15343 3
15344 5
15345 2
15346 3
15347 1
15348 2
15349 3
15350 1
15351 3
15352 3
15353 1
15354 0
15355 4
15356 3
15357 3
15358 2
15359 2
15360 2
15361 4
15362 0
15363 1
15364 0
15365 2
15366 1
15367 4
15368 1
15369 2
15370 3
15371 4
15372 2
15373 2
15374 2
15375 1
15376 2
15377 5
15378 1
15379 1
15380 1
15381 5
15382 3
15383 4
15384 3
15385 2
15386 0
15387 3
15388 4
15389 1
15390 2
15391 2
15392 0
15393 0
15394 0
15395 0
15396 1
15397 5
15398 3
15399 3
15400 5
15401 1
15402 4
15403 3
15404 4
15405 1
15406 1
15407 3
15408 2
15409 0
15410 1
15411 2
15412 1
15413 5
15414 4
15415 3
15416 5
15417 4
15418 2
15419 3
15420 1
15421 4
15422 2
15423 2
15424 0
15425 5
15426 0
15427 1
15428 2
15429 0
15430 0
15431 3
15432 3
15433 2
15434 0
15435 4
15436 3
15437 0
15438 2
15439 3
15440 5
15441 3
15442 3
15443 5
15444 0
15445 4
15446 1
15447 5
15448 1
15449 3
15450 3
15451 3
15452 4
15453 0
15454 0
15455 3
15456 0
15457 1
15458 2
15459 1
15460 2
15461 4
15462 0
15463 0
15464 1
15465 1
15466 1
15467 1
15468 2
15469 1
15470 2
15471 2
15472 0
15473 4
15474 6
15475 1
15476 2
15477 0
15478 0
15479 6
15480 3
15481 1
15482 2
15483 0
15484 0
15485 1
15486 4
15487 1
15488 1
15489 4
15490 4
15491 5
15492 5
15493 1
15494 4
15495 4
15496 0
15497 4
15498 2
15499 5
15500 4
15501 3
15502 6
15503 4
15504 1
15505 6
15506 4
15507 0
15508 1
15509 2
15510 3
15511 3
15512 2
15513 2
15514 2
15515 4
15516 1
15517 1
15518 4
15519 1
15520 0
15521 0
15522 2
15523 1
15524 2
15525 0
15526 2
15527 3
15528 0
15529 3
15530 5
15531 0
15532 0
15533 4
15534 4
15535 0
15536 3
15537 4
15538 0
15539 6
15540 2
15541 3
15542 2
15543 2
15544 0
15545 1
15546 0
15547 1
15548 3
15549 0
15550 5
15551 1
15552 4
15553 0
15554 3
15555 2
15556 4
15557 2
15558 2
15559 3
15560 0
15561 1
15562 4
15563 1
15564 0
15565 3
15566 0
15567 4
15568 2
15569 3
15570 6
15571 4
15572 1
15573 3
15574 0
15575 2
15576 3
15577 2
15578 1
15579 3
15580 4
15581 0
15582 2
15583 5
15584 1
15585 3
15586 2
15587 1
15588 3
15589 2
15590 1
15591 2
15592 4
15593 1
15594 4
15595 3
15596 6
15597 2
15598 0
15599 5
15600 1
15601 2
15602 3
15603 1
15604 6
15605 0
15606 4
15607 2
15608 2
15609 0
15610 3
15611 0
15612 4
15613 2
15614 3
15615 1
15616 2
15617 2
15618 2
15619 4
15620 1
15621 1
15622 0
15623 1
15624 0
15625 5
15626 0
15627 1
15628 0
15629 0
15630 4
15631 1
15632 2
15633 4
15634 2
15635 0
15636 4
15637 4
15638 2
15639 2
15640 4
15641 3
15642 5
15643 0
15644 4
15645 3
15646 2
15647 2
15648 2
15649 1
15650 1
15651 1
15652 0
15653 0
15654 3
15655 3
15656 0
15657 3
15658 1
15659 4
15660 2
15661 3
15662 0
15663 5
15664 4
15665 1
15666 5
15667 3
15668 0
15669 2
15670 1
15671 2
15672 3
15673 1
15674 0
15675 2
15676 2
15677 3
15678 1
15679 0
15680 0
15681 3
15682 3
15683 1
15684 4
15685 5
15686 5
15687 5
15688 6
15689 5
15690 5
15691 0
15692 1
15693 3
15694 5
15695 1
15696 0
15697 2
15698 4
15699 0
15700 3
15701 2
15702 6
15703 0
15704 4
15705 1
15706 0
15707 4
15708 5
15709 0
15710 0
15711 0
15712 5
15713 2
15714 5
15715 2
15716 3
15717 3
15718 1
15719 2
15720 0
15721 1
15722 4
15723 4
15724 0
15725 2
15726 3
15727 0
15728 3
15729 4
15730 2
15731 1
15732 3
15733 1
15734 3
15735 1
15736 0
15737 3
15738 3
15739 4
15740 4
15741 0
15742 1
15743 2
15744 3
15745 2
15746 0
15747 5
15748 1
15749 5
15750 0
15751 3
15752 4
15753 1
15754 2
15755 0
15756 0
15757 6
15758 1
15759 0
15760 1
15761 6
15762 4
15763 0
15764 4
15765 1
15766 0
15767 3
15768 1
15769 4
15770 0
15771 5
15772 0
15773 2
15774 3
15775 4
15776 0
15777 0
15778 1
15779 0
15780 4
15781 3
15782 4
15783 3
15784 2
15785 2
15786 5
15787 3
15788 0
15789 1
15790 3
15791 0
15792 0
15793 0
15794 5
15795 0
15796 3
15797 3
15798 3
15799 1
15800 3
15801 6
15802 0
15803 1
15804 2
15805 3
15806 4
15807 2
15808 1
15809 1
15810 1
15811 0
15812 4
15813 2
15814 1
15815 1
15816 1
15817 4
15818 2
15819 4
15820 4
15821 4
15822 0
15823 2
15824 5
15825 5
15826 3
15827 5
15828 0
15829 0
15830 3
15831 3
15832 4
15833 2
15834 2
15835 1
15836 1
15837 1
15838 5
15839 1
15840 1
15841 1
15842 0
15843 2
15844 2
15845 4
15846 0
15847 0
15848 1
15849 4
15850 5
15851 3
15852 2
15853 1
15854 0
15855 4
15856 3
15857 2
15858 4
15859 4
15860 5
15861 2
15862 0
15863 0
15864 2
15865 3
15866 5
15867 2
15868 5
15869 0
15870 0
15871 4
15872 2
15873 1
15874 2
15875 3
15876 5
15877 5
15878 5
15879 1
15880 3
15881 1
15882 1
15883 1
15884 4
15885 5
15886 3
15887 3
15888 5
15889 3
15890 3
15891 3
15892 0
15893 4
15894 3
15895 0
15896 3
15897 6
15898 0
15899 1
15900 0
15901 1
15902 0
15903 4
15904 3
15905 4
15906 4
15907 3
15908 3
15909 4
15910 3
15911 6
15912 4
15913 1
15914 3
15915 2
15916 5
15917 0
15918 4
15919 4
15920 0
15921 4
15922 4
15923 1
15924 2
15925 4
15926 2
15927 1
15928 3
15929 2
15930 1
15931 0
15932 0
15933 3
15934 0
15935 0
15936 3
15937 2
15938 4
15939 5
15940 5
15941 4
15942 2
15943 1
15944 3
15945 0
15946 1
15947 6
15948 3
15949 0
15950 1
15951 0
15952 2
15953 1
15954 5
15955 2
15956 4
15957 1
15958 1
15959 4
15960 2
15961 4
15962 1
15963 5
15964 2
15965 2
15966 1
15967 0
15968 0
15969 0
15970 1
15971 0
15972 4
15973 0
15974 4
15975 0
15976 2
15977 3
15978 0
15979 3
15980 4
15981 2
15982 2
15983 1
15984 3
15985 0
15986 2
15987 1
15988 2
15989 5
15990 4
15991 2
15992 1
15993 3
15994 0
15995 1
15996 3
15997 2
15998 6
15999 2
16000 1
16001 2
16002 3
16003 1
16004 2
16005 2
16006 2
16007 1
16008 2
16009 2
16010 5
16011 4
16012 3
16013 3
16014 1
16015 3
16016 0
16017 2
16018 4
16019 2
16020 1
16021 1
16022 3
16023 3
16024 5
16025 2
16026 0
16027 0
16028 3
16029 2
16030 3
16031 2
16032 5
16033 1
16034 4
16035 2
16036 4
16037 3
16038 5
16039 3
16040 2
16041 0
16042 2
16043 0
16044 0
16045 2
16046 2
16047 2
16048 0
16049 3
16050 0
16051 5
16052 0
16053 0
16054 4
16055 2
16056 5
16057 2
16058 1
16059 1
16060 5
16061 4
16062 2
16063 3
16064 5
16065 2
16066 5
16067 1
16068 1
16069 2
16070 1
16071 1
16072 4
16073 1
16074 0
16075 0
16076 1
16077 0
16078 2
16079 1
16080 3
16081 3
16082 1
16083 1
16084 3
16085 4
16086 5
16087 2
16088 1
16089 5
16090 4
16091 2
16092 2
16093 5
16094 6
16095 2
16096 3
16097 1
16098 3
16099 2
16100 4
16101 3
16102 5
16103 1
16104 1
16105 0
16106 5
16107 0
16108 0
16109 1
16110 0
16111 2
16112 1
16113 4
16114 3
16115 5
16116 3
16117 3
16118 0
16119 2
16120 2
16121 0
16122 5
16123 3
16124 4
16125 3
16126 5
16127 0
16128 5
16129 5
16130 1
16131 6
16132 0
16133 3
16134 2
16135 3
16136 0
16137 1
16138 2
16139 1
16140 3
16141 4
16142 4
16143 3
16144 0
16145 5
16146 4
16147 0
16148 2
16149 4
16150 2
16151 2
16152 4
16153 3
16154 1
16155 0
16156 1
16157 0
16158 3
16159 1
16160 3
16161 0
16162 2
16163 5
16164 3
16165 5
16166 0
16167 3
16168 1
16169 3
16170 1
16171 3
16172 2
16173 1
16174 4
16175 0
16176 2
16177 2
16178 2
16179 5
16180 3
16181 2
16182 2
16183 0
16184 1
16185 6
16186 3
16187 0
16188 5
16189 3
16190 4
16191 4
16192 2
16193 1
16194 4
16195 3
16196 0
16197 2
16198 5
16199 2
16200 4
16201 1
16202 4
16203 6
16204 2
16205 1
16206 1
16207 5
16208 1
16209 2
16210 0
16211 1
16212 2
16213 4
16214 6
16215 5
16216 5
16217 2
16218 4
16219 5
16220 5
16221 1
16222 1
16223 5
16224 4
16225 0
16226 2
16227 2
16228 0
16229 0
16230 3
16231 6
16232 3
16233 2
16234 4
16235 4
16236 0
16237 2
16238 1
16239 0
16240 4
16241 1
16242 2
16243 0
16244 4
16245 4
16246 0
16247 0
16248 1
16249 3
16250 0
16251 1
16252 5
16253 1
16254 1
16255 0
16256 2
16257 4
16258 5
16259 5
16260 0
16261 0
16262 3
16263 0
16264 1
16265 3
16266 1
16267 4
16268 1
16269 1
16270 1
16271 3
16272 1
16273 0
16274 2
16275 4
16276 0
16277 4
16278 3
16279 1
16280 2
16281 0
16282 0
16283 0
16284 0
16285 1
16286 4
16287 1
16288 2
16289 4
16290 2
16291 2
16292 0
16293 4
16294 2
16295 5
16296 1
16297 2
16298 3
16299 3
16300 2
16301 0
16302 1
16303 3
16304 1
16305 2
16306 3
16307 0
16308 1
16309 3
16310 2
16311 0
16312 1
16313 0
16314 1
16315 1
16316 4
16317 0
16318 1
16319 2
16320 0
16321 1
16322 5
16323 1
16324 2
16325 4
16326 6
16327 1
16328 1
16329 5
16330 4
16331 0
16332 3
16333 2
16334 1
16335 6
16336 3
16337 1
16338 5
16339 0
16340 0
16341 2
16342 6
16343 1
16344 4
16345 3
16346 0
16347 0
16348 2
16349 3
16350 5
16351 0
16352 3
16353 5
16354 2
16355 2
16356 3
16357 4
16358 2
16359 0
16360 3
16361 4
16362 3
16363 3
16364 1
16365 4
16366 2
16367 3
16368 1
16369 3
16370 0
16371 5
16372 1
16373 0
16374 1
16375 1
16376 0
16377 1
16378 1
16379 6
16380 3
16381 1
16382 4
16383 1
16384 0
16385 4
16386 3
16387 0
16388 1
16389 2
16390 2
16391 2
16392 0
16393 2
16394 0
16395 1
16396 5
16397 3
16398 3
16399 2
16400 4
16401 1
16402 2
16403 0
16404 4
16405 4
16406 3
16407 4
16408 3
16409 1
16410 4
16411 3
16412 2
16413 4
16414 0
16415 5
16416 2
16417 2
16418 0
16419 2
16420 2
16421 4
16422 2
16423 0
16424 4
16425 0
16426 4
16427 1
16428 1
16429 3
16430 2
16431 1
16432 2
16433 5
16434 2
16435 3
16436 3
16437 2
16438 0
16439 2
16440 1
16441 3
16442 0
16443 1
16444 0
16445 2
16446 3
16447 0
16448 0
16449 4
16450 4
16451 5
16452 1
16453 6
16454 3
16455 1
16456 3
16457 3
16458 5
16459 3
16460 3
16461 0
16462 0
16463 5
16464 5
16465 5
16466 0
16467 4
16468 3
16469 4
16470 3
16471 1
16472 1
16473 5
16474 2
16475 1
16476 2
16477 1
16478 4
16479 3
16480 0
16481 5
16482 1
16483 3
16484 4
16485 2
16486 0
16487 3
16488 1
16489 4
16490 2
16491 1
16492 5
16493 2
16494 4
16495 3
16496 5
16497 2
16498 5
16499 2
16500 3
16501 3
16502 5
16503 0
16504 3
16505 1
16506 0
16507 1
16508 3
16509 1
16510 3
16511 0
16512 1
16513 0
16514 1
16515 6
16516 2
16517 1
16518 1
16519 3
16520 4
16521 2
16522 3
16523 3
16524 3
16525 2
16526 4
16527 3
16528 2
16529 1
16530 5
16531 5
16532 1
16533 2
16534 2
16535 1
16536 0
16537 0
16538 3
16539 4
16540 1
16541 0
16542 4
16543 2
16544 1
16545 3
16546 1
16547 5
16548 1
16549 0
16550 3
16551 1
16552 1
16553 3
16554 1
16555 3
16556 3
16557 4
16558 0
16559 1
16560 3
16561 3
16562 3
16563 0
16564 3
16565 0
16566 2
16567 0
16568 0
16569 2
16570 1
16571 2
16572 0
16573 6
16574 2
16575 2
16576 5
16577 2
16578 2
16579 3
16580 0
16581 4
16582 3
16583 1
16584 3
16585 2
16586 1
16587 5
16588 1
16589 6
16590 5
16591 3
16592 2
16593 4
16594 3
16595 0
16596 0
16597 6
16598 3
16599 1
16600 5
16601 2
16602 2
16603 0
16604 1
16605 1
16606 2
16607 4
16608 0
16609 0
16610 3
16611 2
16612 1
16613 0
16614 5
16615 3
16616 2
16617 5
16618 5
16619 0
16620 2
16621 3
16622 4
16623 2
16624 2
16625 3
16626 3
16627 5
16628 0
16629 3
16630 1
16631 2
16632 0
16633 4
16634 0
16635 1
16636 2
16637 1
16638 1
16639 2
16640 2
16641 3
16642 0
16643 1
16644 0
16645 6
16646 4
16647 3
16648 2
16649 2
16650 2
16651 1
16652 1
16653 0
16654 0
16655 1
16656 1
16657 2
16658 1
16659 1
16660 5
16661 3
16662 1
16663 0
16664 5
16665 0
16666 5
16667 1
16668 3
16669 1
16670 2
16671 2
16672 3
16673 5
16674 4
16675 2
16676 0
16677 3
16678 0
16679 4
16680 1
16681 1
16682 0
16683 4
16684 3
16685 4
16686 1
16687 3
16688 0
16689 5
16690 3
16691 1
16692 3
16693 0
16694 2
16695 3
16696 3
16697 4
16698 2
16699 3
16700 3
16701 0
16702 2
16703 0
16704 4
16705 3
16706 2
16707 1
16708 4
16709 2
16710 1
16711 6
16712 1
16713 3
16714 0
16715 0
16716 4
16717 2
16718 3
16719 3
16720 0
16721 1
16722 3
16723 1
16724 0
16725 4
16726 1
16727 2
16728 4
16729 4
16730 2
16731 4
16732 1
16733 2
16734 3
16735 4
16736 1
16737 0
16738 1
16739 5
16740 4
16741 3
16742 0
16743 1
16744 3
16745 1
16746 0
16747 3
16748 3
16749 5
16750 4
16751 2
16752 6
16753 0
16754 4
16755 3
16756 1
16757 3
16758 4
16759 2
16760 4
16761 3
16762 4
16763 1
16764 1
16765 0
16766 5
16767 3
16768 0
16769 3
16770 4
16771 1
16772 1
16773 1
16774 5
16775 3
16776 1
16777 2
16778 0
16779 1
16780 3
16781 0
16782 3
16783 1
16784 3
16785 0
16786 0
16787 6
16788 3
16789 1
16790 2
16791 2
16792 1
16793 1
16794 3
16795 1
16796 1
16797 0
16798 4
16799 4
16800 0
16801 5
16802 4
16803 1
16804 5
16805 1
16806 3
16807 1
16808 1
16809 2
16810 0
16811 0
16812 1
16813 5
16814 1
16815 4
16816 3
16817 2
16818 5
16819 2
16820 3
16821 3
16822 1
16823 5
16824 1
16825 2
16826 2
16827 2
16828 1
16829 1
16830 0
16831 3
16832 4
16833 0
16834 3
16835 5
16836 3
16837 5
16838 2
16839 1
16840 0
16841 1
16842 2
16843 1
16844 0
16845 0
16846 4
16847 5
16848 1
16849 3
16850 1
16851 3
16852 0
16853 1
16854 2
16855 4
16856 4
16857 0
16858 3
16859 0
16860 3
16861 5
16862 4
16863 6
16864 0
16865 3
16866 2
16867 4
16868 5
16869 4
16870 5
16871 5
16872 4
16873 1
16874 5
16875 2
16876 4
16877 1
16878 3
16879 1
16880 4
16881 2
16882 3
16883 3
16884 1
16885 5
16886 1
16887 3
16888 1
16889 1
16890 1
16891 2
16892 0
16893 1
16894 4
16895 0
16896 1
16897 0
16898 3
16899 1
16900 2
16901 2
16902 1
16903 2
16904 3
16905 4
16906 4
16907 5
16908 2
16909 1
16910 5
16911 3
16912 3
16913 3
16914 0
16915 4
16916 3
16917 2
16918 3
16919 2
16920 1
16921 2
16922 2
16923 2
16924 5
16925 2
16926 4
16927 6
16928 6
16929 4
16930 1
16931 1
16932 3
16933 2
16934 3
16935 5
16936 4
16937 3
16938 1
16939 0
16940 2
16941 3
16942 2
16943 2
16944 3
16945 0
16946 2
16947 2
16948 1
16949 3
16950 2
16951 3
16952 1
16953 4
16954 3
16955 0
16956 3
16957 5
16958 1
16959 4
16960 1
16961 2
16962 0
16963 3
16964 3
16965 1
16966 2
16967 3
16968 0
16969 3
16970 0
16971 3
16972 0
16973 4
16974 1
16975 1
16976 4
16977 3
16978 4
16979 1
16980 5
16981 1
16982 2
16983 0
16984 4
16985 2
16986 1
16987 5
16988 1
16989 0
16990 3
16991 3
16992 4
16993 4
16994 3
16995 1
16996 2
16997 1
16998 1
16999 3
17000 4
17001 2
17002 5
17003 1
17004 2
17005 0
17006 2
17007 5
17008 4
17009 2
17010 2
17011 3
17012 1
17013 4
17014 1
17015 4
17016 1
17017 1
17018 0
17019 1
17020 1
17021 3
17022 3
17023 4
17024 0
17025 0
17026 0
17027 4
17028 3
17029 1
17030 4
17031 1
17032 3
17033 1
17034 3
17035 4
17036 2
17037 0
17038 0
17039 4
17040 3
17041 0
17042 3
17043 1
17044 2
17045 3
17046 1
17047 3
17048 6
17049 2
17050 1
17051 1
17052 4
17053 3
17054 4
17055 1
17056 2
17057 3
17058 2
17059 4
17060 2
17061 4
17062 3
17063 0
17064 2
17065 1
17066 4
17067 4
17068 5
17069 2
17070 4
17071 0
17072 5
17073 2
17074 1
17075 2
17076 0
17077 4
17078 0
17079 2
17080 2
17081 0
17082 3
17083 4
17084 2
17085 2
17086 4
17087 4
17088 4
17089 4
17090 1
17091 2
17092 2
17093 4
17094 4
17095 0
17096 4
17097 2
17098 3
17099 1
17100 2
17101 1
17102 2
17103 2
17104 0
17105 3
17106 4
17107 3
17108 2
17109 3
17110 1
17111 0
17112 3
17113 5
17114 4
17115 5
17116 1
17117 2
17118 0
17119 2
17120 0
17121 1
17122 0
17123 0
17124 1
17125 0
17126 5
17127 1
17128 2
17129 2
17130 4
17131 3
17132 1
17133 0
17134 4
17135 0
17136 3
17137 0
17138 3
17139 4
17140 2
17141 0
17142 5
17143 4
17144 4
17145 1
17146 1
17147 0
17148 0
17149 0
17150 5
17151 0
17152 1
17153 3
17154 0
17155 5
17156 4
17157 1
17158 1
17159 4
17160 1
17161 5
17162 2
17163 2
17164 2
17165 0
17166 5
17167 0
17168 2
17169 1
17170 1
17171 4
17172 4
17173 5
17174 2
17175 5
17176 0
17177 1
17178 5
17179 1
17180 2
17181 4
17182 3
17183 4
17184 3
17185 3
17186 2
17187 3
17188 4
17189 2
17190 2
17191 3
17192 0
17193 5
17194 1
17195 0
17196 2
17197 5
17198 0
17199 1
17200 5
17201 2
17202 1
17203 1
17204 3
17205 3
17206 2
17207 2
17208 3
17209 4
17210 3
17211 2
17212 4
17213 5
17214 3
17215 3
17216 4
17217 0
17218 3
17219 0
17220 0
17221 4
17222 1
17223 5
17224 0
17225 1
17226 1
17227 1
17228 2
17229 2
17230 0
17231 3
17232 0
17233 5
17234 3
17235 2
17236 0
17237 4
17238 6
17239 0
17240 2
17241 0
17242 0
17243 1
17244 0
17245 4
17246 0
17247 0
17248 1
17249 1
17250 0
17251 5
17252 0
17253 0
17254 1
17255 1
17256 0
17257 5
17258 1
17259 4
17260 1
17261 5
17262 3
17263 0
17264 2
17265 2
17266 2
17267 0
17268 3
17269 2
17270 3
17271 4
17272 1
17273 2
17274 3
17275 0
17276 6
17277 4
17278 2
17279 0
17280 2
17281 2
17282 0
17283 2
17284 2
17285 5
17286 0
17287 0
17288 3
17289 0
17290 0
17291 1
17292 1
17293 2
17294 3
17295 1
17296 4
17297 0
17298 0
17299 1
17300 3
17301 0
17302 0
17303 1
17304 0
17305 4
17306 0
17307 3
17308 1
17309 3
17310 0
17311 3
17312 4
17313 0
17314 0
17315 2
17316 0
17317 4
17318 0
17319 0
17320 0
17321 1
17322 2
17323 0
17324 6
17325 1
17326 0
17327 4
17328 3
17329 2
17330 4
17331 3
17332 2
17333 0
17334 3
17335 1
17336 0
17337 6
17338 4
17339 0
17340 2
17341 4
17342 3
17343 2
17344 5
17345 1
17346 5
17347 5
17348 1
17349 2
17350 3
17351 3
17352 4
17353 0
17354 4
17355 1
17356 1
17357 3
17358 0
17359 1
17360 2
17361 0
17362 2
17363 4
17364 1
17365 4
17366 1
17367 1
17368 0
17369 0
17370 2
17371 2
17372 3
17373 4
17374 2
17375 1
17376 4
17377 1
17378 0
17379 3
17380 4
17381 4
17382 2
17383 2
17384 4
17385 5
17386 1
17387 6
17388 4
17389 3
17390 6
17391 3
17392 0
17393 5
17394 4
17395 1
17396 3
17397 2
17398 3
17399 4
17400 1
17401 0
17402 3
17403 1
17404 2
17405 1
17406 1
17407 5
17408 4
17409 3
17410 4
17411 3
17412 5
17413 2
17414 1
17415 2
17416 1
17417 2
17418 5
17419 5
17420 0
17421 2
17422 0
17423 1
17424 1
17425 0
17426 2
17427 0
17428 0
17429 4
17430 0
17431 2
17432 1
17433 0
17434 2
17435 3
17436 1
17437 1
17438 2
17439 0
17440 0
17441 2
17442 0
17443 2
17444 3
17445 0
17446 4
17447 4
17448 1
17449 3
17450 0
17451 1
17452 0
17453 0
17454 5
17455 1
17456 5
17457 0
17458 1
17459 5
17460 3
17461 3
17462 1
17463 0
17464 1
17465 1
17466 1
17467 3
17468 4
17469 2
17470 2
17471 0
17472 2
17473 0
17474 3
17475 2
17476 2
17477 0
17478 1
17479 0
17480 0
17481 3
17482 5
17483 5
17484 2
17485 0
17486 3
17487 1
17488 0
17489 3
17490 3
17491 5
17492 2
17493 0
17494 1
17495 0
17496 3
17497 3
17498 0
17499 2
17500 1
17501 2
17502 2
17503 2
17504 1
17505 2
17506 2
17507 0
17508 3
17509 2
17510 0
17511 0
17512 5
17513 0
17514 2
17515 4
17516 4
17517 2
17518 2
17519 3
17520 4
17521 2
17522 2
17523 3
17524 3
17525 1
17526 0
17527 2
17528 1
17529 1
17530 0
17531 0
17532 2
17533 0
17534 4
17535 4
17536 2
17537 0
17538 2
17539 2
17540 1
17541 0
17542 3
17543 3
17544 4
17545 1
17546 3
17547 0
17548 5
17549 3
17550 4
17551 5
17552 2
17553 4
17554 2
17555 2
17556 3
17557 5
17558 0
17559 4
17560 2
17561 1
17562 1
17563 0
17564 0
17565 0
17566 5
17567 6
17568 0
17569 3
17570 0
17571 2
17572 0
17573 2
17574 5
17575 4
17576 2
17577 1
17578 0
17579 3
17580 0
17581 3
17582 0
17583 3
17584 4
17585 2
17586 2
17587 0
17588 2
17589 1
17590 1
17591 1
17592 4
17593 0
17594 4
17595 2
17596 3
17597 1
17598 1
17599 2
17600 5
17601 5
17602 3
17603 2
17604 3
17605 0
17606 1
17607 2
17608 2
17609 0
17610 3
17611 2
17612 3
17613 2
17614 2
17615 4
17616 0
17617 0
17618 3
17619 0
17620 4
17621 0
17622 3
17623 3
17624 1
17625 1
17626 3
17627 1
17628 1
17629 2
17630 0
17631 0
17632 1
17633 0
17634 2
17635 4
17636 5
17637 3
17638 1
17639 1
17640 2
17641 2
17642 4
17643 3
17644 2
17645 0
17646 2
17647 4
17648 0
17649 1
17650 1
17651 2
17652 0
17653 3
17654 3
17655 4
17656 0
17657 2
17658 3
17659 4
17660 4
17661 3
17662 1
17663 4
17664 3
17665 5
17666 4
17667 3
17668 2
17669 1
17670 4
17671 4
17672 2
17673 3
17674 5
17675 3
17676 1
17677 1
17678 3
17679 6
17680 5
17681 3
17682 4
17683 1
17684 4
17685 4
17686 3
17687 1
17688 1
17689 4
17690 1
17691 2
17692 1
17693 2
17694 2
17695 2
17696 4
17697 3
17698 0
17699 2
17700 4
17701 4
17702 0
17703 5
17704 1
17705 2
17706 5
17707 3
17708 4
17709 2
17710 2
17711 2
17712 3
17713 0
17714 3
17715 4
17716 1
17717 4
17718 0
17719 5
17720 2
17721 1
17722 4
17723 3
17724 1
17725 4
17726 2
17727 5
17728 4
17729 0
17730 4
17731 2
17732 5
17733 5
17734 0
17735 1
17736 4
17737 3
17738 0
17739 3
17740 3
17741 1
17742 2
17743 0
17744 6
17745 0
17746 5
17747 0
17748 3
17749 3
17750 1
17751 0
17752 0
17753 5
17754 1
17755 0
17756 2
17757 0
17758 1
17759 3
17760 2
17761 2
17762 0
17763 4
17764 1
17765 4
17766 2
17767 1
17768 1
17769 0
17770 3
17771 1
17772 3
17773 4
17774 0
17775 2
17776 2
17777 2
17778 4
17779 3
17780 0
17781 1
17782 0
17783 5
17784 2
17785 6
17786 0
17787 1
17788 1
17789 1
17790 1
17791 2
17792 1
17793 1
17794 2
17795 3
17796 2
17797 2
17798 4
17799 2
17800 2
17801 1
17802 4
17803 1
17804 4
17805 4
17806 2
17807 0
17808 2
17809 4
17810 0
17811 1
17812 4
17813 0
17814 0
17815 1
17816 0
17817 1
17818 2
17819 1
17820 5
17821 0
17822 2
17823 2
17824 3
17825 1
17826 4
17827 1
17828 3
17829 5
17830 0
17831 0
17832 0
17833 4
17834 1
17835 2
17836 2
17837 1
17838 1
17839 4
17840 1
17841 4
17842 5
17843 4
17844 0
17845 4
17846 1
17847 2
17848 2
17849 2
17850 5
17851 2
17852 3
17853 5
17854 2
17855 1
17856 2
17857 2
17858 1
17859 0
17860 1
17861 1
17862 3
17863 5
17864 3
17865 4
17866 3
17867 1
17868 3
17869 5
17870 5
17871 0
17872 5
17873 0
17874 2
17875 2
17876 3
17877 2
17878 6
17879 0
17880 0
17881 1
17882 4
17883 0
17884 4
17885 3
17886 3
17887 0
17888 3
17889 2
17890 0
17891 4
17892 2
17893 1
17894 3
17895 5
17896 0
17897 1
17898 2
17899 2
17900 2
17901 5
17902 4
17903 6
17904 1
17905 4
17906 3
17907 1
17908 0
17909 3
17910 4
17911 0
17912 0
17913 3
17914 4
17915 2
17916 1
17917 3
17918 0
17919 4
17920 4
17921 2
17922 1
17923 1
17924 3
17925 1
17926 1
17927 4
17928 0
17929 2
17930 1
17931 3
17932 3
17933 2
17934 5
17935 2
17936 2
17937 1
17938 2
17939 4
17940 3
17941 2
17942 1
17943 3
17944 0
17945 1
17946 4
17947 3
17948 3
17949 0
17950 4
17951 1
17952 2
17953 3
17954 1
17955 2
17956 2
17957 1
17958 2
17959 2
17960 3
17961 5
17962 5
17963 2
17964 2
17965 4
17966 2
17967 2
17968 4
17969 2
17970 3
17971 5
17972 3
17973 5
17974 4
17975 1
17976 0
17977 2
17978 1
17979 0
17980 4
17981 4
17982 2
17983 1
17984 4
17985 4
17986 0
17987 1
17988 4
17989 2
17990 4
17991 5
17992 5
17993 1
17994 5
17995 1
17996 3
17997 3
17998 4
17999 3
18000 0
18001 4
18002 1
18003 1
18004 0
18005 3
18006 3
18007 3
18008 2
18009 2
18010 1
18011 1
18012 0
18013 1
18014 2
18015 5
18016 3
18017 3
18018 3
18019 4
18020 2
18021 4
18022 2
18023 1
18024 1
18025 2
18026 5
18027 6
18028 4
18029 5
18030 1
18031 4
18032 1
18033 2
18034 1
18035 1
18036 0
18037 3
18038 4
18039 5
18040 3
18041 1
18042 0
18043 0
18044 1
18045 0
18046 2
18047 3
18048 1
18049 5
18050 2
18051 2
18052 3
18053 3
18054 0
18055 1
18056 0
18057 1
18058 4
18059 0
18060 5
18061 0
18062 3
18063 0
18064 1
18065 2
18066 6
18067 5
18068 0
18069 4
18070 0
18071 4
18072 4
18073 3
18074 0
18075 0
18076 0
18077 3
18078 3
18079 2
18080 5
18081 3
18082 2
18083 0
18084 1
18085 0
18086 1
18087 1
18088 4
18089 2
18090 5
18091 4
18092 5
18093 3
18094 5
18095 5
18096 0
18097 2
18098 5
18099 1
18100 4
18101 3
18102 1
18103 4
18104 1
18105 1
18106 0
18107 3
18108 4
18109 0
18110 4
18111 0
18112 0
18113 0
18114 3
18115 0
18116 1
18117 4
18118 1
18119 3
18120 3
18121 3
18122 4
18123 3
18124 0
18125 5
18126 4
18127 1
18128 1
18129 3
18130 2
18131 0
18132 2
18133 2
18134 4
18135 4
18136 3
18137 1
18138 3
18139 5
18140 1
18141 0
18142 1
18143 3
18144 2
18145 2
18146 3
18147 4
18148 3
18149 4
18150 6
18151 3
18152 1
18153 2
18154 3
18155 4
18156 2
18157 2
18158 1
18159 2
18160 1
18161 0
18162 6
18163 1
18164 2
18165 0
18166 0
18167 0
18168 0
18169 1
18170 2
18171 5
18172 2
18173 3
18174 5
18175 2
18176 0
18177 3
18178 1
18179 4
18180 1
18181 3
18182 2
18183 0
18184 4
18185 1
18186 1
18187 3
18188 2
18189 5
18190 0
18191 1
18192 4
18193 4
18194 1
18195 2
18196 3
18197 0
18198 1
18199 1
18200 4
18201 1
18202 2
18203 0
18204 3
18205 2
18206 1
18207 3
18208 0
18209 4
18210 4
18211 2
18212 4
18213 1
18214 1
18215 1
18216 5
18217 3
18218 3
18219 1
18220 2
18221 5
18222 2
18223 1
18224 2
18225 2
18226 6
18227 3
18228 1
18229 4
18230 1
18231 3
18232 4
18233 2
18234 3
18235 3
18236 2
18237 1
18238 5
18239 2
18240 4
18241 1
18242 1
18243 1
18244 0
18245 3
18246 4
18247 1
18248 1
18249 3
18250 3
18251 4
18252 3
18253 3
18254 0
18255 2
18256 2
18257 3
18258 3
18259 3
18260 1
18261 2
18262 2
18263 3
18264 5
18265 2
18266 0
18267 1
18268 5
18269 2
18270 1
18271 1
18272 0
18273 2
18274 0
18275 1
18276 0
18277 3
18278 1
18279 6
18280 3
18281 3
18282 2
18283 3
18284 4
18285 3
18286 3
18287 4
18288 4
18289 2
18290 0
18291 4
18292 4
18293 4
18294 3
18295 2
18296 1
18297 4
18298 1
18299 2
18300 1
18301 0
18302 0
18303 5
18304 3
18305 2
18306 2
18307 2
18308 5
18309 2
18310 0
18311 0
18312 0
18313 3
18314 4
18315 3
18316 1
18317 1
18318 0
18319 4
18320 0
18321 0
18322 1
18323 5
18324 4
18325 3
18326 1
18327 2
18328 4
18329 3
18330 1
18331 0
18332 2
18333 1
18334 5
18335 2
18336 2
18337 5
18338 6
18339 3
18340 3
18341 0
18342 3
18343 0
18344 1
18345 4
18346 3
18347 1
18348 3
18349 0
18350 2
18351 1
18352 0
18353 2
18354 1
18355 3
18356 1
18357 2
18358 2
18359 5
18360 3
18361 4
18362 3
18363 5
18364 2
18365 0
18366 3
18367 0
18368 1
18369 1
18370 2
18371 5
18372 0
18373 0
18374 5
18375 1
18376 5
18377 1
18378 2
18379 2
18380 2
18381 3
18382 5
18383 0
18384 3
18385 2
18386 4
18387 3
18388 1
18389 1
18390 0
18391 2
18392 4
18393 5
18394 1
18395 4
18396 3
18397 1
18398 5
18399 0
18400 0
18401 4
18402 4
18403 0
18404 0
18405 1
18406 4
18407 4
18408 0
18409 0
18410 0
18411 0
18412 1
18413 1
18414 1
18415 0
18416 4
18417 1
18418 5
18419 1
18420 4
18421 3
18422 1
18423 3
18424 3
18425 3
18426 1
18427 0
18428 2
18429 3
18430 3
18431 4
18432 2
18433 1
18434 4
18435 4
18436 5
18437 1
18438 1
18439 0
18440 5
18441 0
18442 2
18443 2
18444 5
18445 2
18446 2
18447 6
18448 3
18449 0
18450 2
18451 3
18452 1
18453 4
18454 1
18455 2
18456 1
18457 3
18458 5
18459 4
18460 4
18461 1
18462 2
18463 5
18464 5
18465 2
18466 2
18467 0
18468 0
18469 3
18470 4
18471 1
18472 6
18473 1
18474 0
18475 2
18476 1
18477 2
18478 2
18479 1
18480 5
18481 1
18482 1
18483 4
18484 3
18485 4
18486 1
18487 0
18488 0
18489 0
18490 1
18491 5
18492 0
18493 1
18494 1
18495 5
18496 3
18497 0
18498 0
18499 1
18500 3
18501 0
18502 5
18503 6
18504 3
18505 2
18506 1
18507 0
18508 2
18509 5
18510 0
18511 5
18512 5
18513 3
18514 5
18515 4
18516 0
18517 0
18518 1
18519 2
18520 2
18521 0
18522 1
18523 1
18524 2
18525 4
18526 3
18527 1
18528 0
18529 3
18530 1
18531 3
18532 2
18533 1
18534 5
18535 1
18536 5
18537 3
18538 2
18539 1
18540 2
18541 0
18542 5
18543 1
18544 1
18545 0
18546 3
18547 0
18548 4
18549 2
18550 1
18551 4
18552 0
18553 1
18554 2
18555 4
18556 3
18557 2
18558 0
18559 0
18560 1
18561 4
18562 4
18563 0
18564 5
18565 1
18566 0
18567 3
18568 3
18569 4
18570 2
18571 3
18572 2
18573 3
18574 3
18575 2
18576 1
18577 3
18578 3
18579 1
18580 1
18581 4
18582 3
18583 5
18584 4
18585 1
18586 0
18587 3
18588 3
18589 1
18590 3
18591 4
18592 3
18593 1
18594 5
18595 0
18596 6
18597 2
18598 1
18599 5
18600 3
18601 2
18602 0
18603 0
18604 3
18605 3
18606 4
18607 4
18608 2
18609 3
18610 1
18611 0
18612 6
18613 2
18614 2
18615 4
18616 2
18617 5
18618 4
18619 1
18620 6
18621 2
18622 4
18623 3
18624 5
18625 4
18626 0
18627 1
18628 2
18629 3
18630 0
18631 1
18632 2
18633 2
18634 2
18635 1
18636 0
18637 0
18638 3
18639 4
18640 5
18641 1
18642 5
18643 1
18644 4
18645 2
18646 4
18647 6
18648 1
18649 2
18650 2
18651 2
18652 2
18653 2
18654 4
18655 0
18656 5
18657 6
18658 0
18659 2
18660 1
18661 6
18662 4
18663 3
18664 3
18665 2
18666 5
18667 4
18668 3
18669 4
18670 1
18671 4
18672 3
18673 5
18674 0
18675 1
18676 4
18677 3
18678 1
18679 4
18680 0
18681 4
18682 3
18683 0
18684 2
18685 3
18686 4
18687 5
18688 1
18689 2
18690 4
18691 2
18692 0
18693 0
18694 2
18695 4
18696 4
18697 3
18698 3
18699 3
18700 3
18701 4
18702 4
18703 4
18704 0
18705 2
18706 1
18707 0
18708 0
18709 3
18710 4
18711 2
18712 0
18713 5
18714 2
18715 0
18716 3
18717 1
18718 4
18719 2
18720 0
18721 5
18722 4
18723 1
18724 0
18725 2
18726 4
18727 3
18728 5
18729 4
18730 5
18731 0
18732 5
18733 1
18734 4
18735 6
18736 2
18737 4
18738 4
18739 3
18740 2
18741 2
18742 3
18743 3
18744 3
18745 5
18746 0
18747 1
18748 1
18749 0
18750 4
18751 3
18752 4
18753 1
18754 0
18755 1
18756 3
18757 4
18758 4
18759 6
18760 0
18761 2
18762 2
18763 2
18764 0
18765 0
18766 6
18767 3
18768 4
18769 2
18770 1
18771 0
18772 4
18773 1
18774 3
18775 0
18776 1
18777 0
18778 3
18779 4
18780 3
18781 3
18782 5
18783 2
18784 0
18785 2
18786 3
18787 4
18788 1
18789 2
18790 1
18791 0
18792 1
18793 2
18794 3
18795 0
18796 2
18797 3
18798 3
18799 1
18800 2
18801 4
18802 5
18803 1
18804 3
18805 3
18806 5
18807 2
18808 1
18809 5
18810 1
18811 0
18812 2
18813 4
18814 0
18815 2
18816 0
18817 1
18818 0
18819 1
18820 0
18821 0
18822 0
18823 4
18824 3
18825 1
18826 1
18827 3
18828 2
18829 1
18830 1
18831 0
18832 0
18833 2
18834 1
18835 1
18836 1
18837 1
18838 0
18839 5
18840 0
18841 3
18842 1
18843 0
18844 0
18845 2
18846 4
18847 0
18848 2
18849 0
18850 6
18851 2
18852 1
18853 0
18854 0
18855 3
18856 5
18857 2
18858 4
18859 1
18860 1
18861 1
18862 5
18863 1
18864 2
18865 1
18866 2
18867 3
18868 0
18869 0
18870 2
18871 2
18872 4
18873 3
18874 2
18875 0
18876 4
18877 0
18878 4
18879 1
18880 3
18881 2
18882 1
18883 0
18884 4
18885 2
18886 5
18887 1
18888 4
18889 3
18890 3
18891 2
18892 1
18893 0
18894 4
18895 2
18896 0
18897 0
18898 1
18899 3
18900 0
18901 1
18902 0
18903 3
18904 0
18905 0
18906 4
18907 2
18908 1
18909 0
18910 5
18911 1
18912 1
18913 0
18914 0
18915 0
18916 5
18917 4
18918 1
18919 4
18920 1
18921 3
18922 1
18923 6
18924 1
18925 4
18926 1
18927 0
18928 0
18929 0
18930 1
18931 4
18932 3
18933 0
18934 2
18935 2
18936 4
18937 0
18938 3
18939 0
18940 3
18941 3
18942 3
18943 2
18944 4
18945 0
18946 3
18947 4
18948 2
18949 4
18950 3
18951 1
18952 1
18953 1
18954 4
18955 3
18956 2
18957 1
18958 3
18959 1
18960 3
18961 1
18962 0
18963 4
18964 6
18965 3
18966 1
18967 2
18968 0
18969 4
18970 2
18971 2
18972 0
18973 1
18974 0
18975 0
18976 0
18977 3
18978 1
18979 1
18980 4
18981 1
18982 3
18983 2
18984 3
18985 4
18986 3
18987 0
18988 4
18989 2
18990 5
18991 2
18992 1
18993 3
18994 0
18995 2
18996 2
18997 2
18998 4
18999 1
19000 2
19001 0
19002 4
19003 0
19004 4
19005 0
19006 2
19007 0
19008 2
19009 6
19010 1
19011 2
19012 2
19013 4
19014 5
19015 5
19016 2
19017 2
19018 5
19019 3
19020 0
19021 4
19022 1
19023 0
19024 4
19025 2
19026 3
19027 3
19028 1
19029 4
19030 1
19031 5
19032 4
19033 3
19034 2
19035 3
19036 4
19037 4
19038 2
19039 5
19040 1
19041 1
19042 2
19043 4
19044 3
19045 4
19046 0
19047 2
19048 2
19049 0
19050 2
19051 0
19052 2
19053 0
19054 4
19055 1
19056 1
19057 0
19058 3
19059 1
19060 4
19061 4
19062 0
19063 0
19064 0
19065 4
19066 5
19067 1
19068 1
19069 1
19070 1
19071 2
19072 1
19073 2
19074 4
19075 1
19076 0
19077 6
19078 3
19079 1
19080 3
19081 4
19082 3
19083 3
19084 4
19085 2
19086 5
19087 4
19088 1
19089 0
19090 4
19091 3
19092 0
19093 3
19094 0
19095 2
19096 5
19097 4
19098 2
19099 4
19100 0
19101 4
19102 5
19103 3
19104 1
19105 3
19106 0
19107 4
19108 1
19109 3
19110 1
19111 1
19112 2
19113 4
19114 1
19115 1
19116 1
19117 2
19118 4
19119 1
19120 4
19121 3
19122 0
19123 2
19124 5
19125 2
19126 2
19127 2
19128 2
19129 5
19130 2
19131 3
19132 2
19133 1
19134 0
19135 0
19136 3
19137 1
19138 0
19139 0
19140 0
19141 2
19142 2
19143 1
19144 3
19145 3
19146 4
19147 3
19148 2
19149 3
19150 4
19151 2
19152 3
19153 2
19154 1
19155 2
19156 4
19157 6
19158 1
19159 1
19160 3
19161 4
19162 1
19163 4
19164 2
19165 3
19166 5
19167 6
19168 0
19169 1
19170 3
19171 2
19172 3
19173 4
19174 4
19175 4
19176 3
19177 0
19178 2
19179 0
19180 4
19181 4
19182 3
19183 1
19184 0
19185 4
19186 0
19187 0
19188 1
19189 3
19190 4
19191 2
19192 4
19193 4
19194 5
19195 0
19196 0
19197 3
19198 5
19199 2
19200 1
19201 3
19202 1
19203 2
19204 2
19205 1
19206 0
19207 4
19208 2
19209 1
19210 1
19211 2
19212 5
19213 1
19214 0
19215 1
19216 3
19217 2
19218 3
19219 4
19220 5
19221 1
19222 0
19223 5
19224 1
19225 0
19226 4
19227 4
19228 4
19229 0
19230 5
19231 2
19232 5
19233 1
19234 1
19235 0
19236 4
19237 1
19238 4
19239 1
19240 1
19241 2
19242 1
19243 2
19244 2
19245 0
19246 1
19247 0
19248 1
19249 4
19250 2
19251 1
19252 0
19253 0
19254 4
19255 3
19256 1
19257 5
19258 2
19259 3
19260 0
19261 0
19262 2
19263 4
19264 3
19265 2
19266 5
19267 0
19268 1
19269 1
19270 5
19271 1
19272 5
19273 3
19274 0
19275 3
19276 4
19277 3
19278 4
19279 2
19280 0
19281 5
19282 0
19283 0
19284 0
19285 2
19286 3
19287 4
19288 5
19289 2
19290 0
19291 3
19292 3
19293 5
19294 5
19295 1
19296 3
19297 5
19298 0
19299 3
19300 5
19301 2
19302 5
19303 3
19304 0
19305 1
19306 3
19307 5
19308 3
19309 3
19310 2
19311 3
19312 1
19313 3
19314 6
19315 5
19316 3
19317 0
19318 1
19319 2
19320 4
19321 1
19322 1
19323 0
19324 4
19325 4
19326 0
19327 2
19328 2
19329 3
19330 5
19331 4
19332 1
19333 3
19334 0
19335 3
19336 0
19337 2
19338 3
19339 4
19340 4
19341 1
19342 0
19343 5
19344 4
19345 3
19346 3
19347 2
19348 2
19349 3
19350 0
19351 0
19352 5
19353 1
19354 5
19355 1
19356 0
19357 0
19358 0
19359 3
19360 6
19361 3
19362 3
19363 2
19364 1
19365 1
19366 0
19367 3
19368 2
19369 5
19370 2
19371 1
19372 5
19373 3
19374 2
19375 0
19376 5
19377 2
19378 3
19379 2
19380 0
19381 2
19382 2
19383 1
19384 0
19385 3
19386 0
19387 3
19388 1
19389 1
19390 3
19391 0
19392 1
19393 4
19394 4
19395 2
19396 0
19397 3
19398 4
19399 2
19400 1
19401 2
19402 5
19403 3
19404 2
19405 0
19406 0
19407 2
19408 1
19409 2
19410 2
19411 5
19412 6
19413 3
19414 1
19415 5
19416 2
19417 0
19418 5
19419 2
19420 1
19421 3
19422 3
19423 4
19424 0
19425 4
19426 4
19427 4
19428 0
19429 3
19430 5
19431 1
19432 0
19433 1
19434 0
19435 3
19436 0
19437 3
19438 5
19439 1
19440 1
19441 1
19442 1
19443 5
19444 3
19445 1
19446 4
19447 0
19448 0
19449 2
19450 1
19451 6
19452 4
19453 4
19454 3
19455 4
19456 0
19457 3
19458 4
19459 4
19460 3
19461 3
19462 1
19463 4
19464 5
19465 3
19466 1
19467 3
19468 1
19469 5
19470 3
19471 4
19472 2
19473 1
19474 3
19475 0
19476 1
19477 0
19478 0
19479 2
19480 1
19481 2
19482 1
19483 3
19484 5
19485 0
19486 4
19487 0
19488 1
19489 5
19490 2
19491 0
19492 2
19493 3
19494 6
19495 1
19496 3
19497 2
19498 1
19499 5
19500 4
19501 3
19502 3
19503 1
19504 6
19505 4
19506 0
19507 4
19508 3
19509 2
19510 4
19511 6
19512 0
19513 4
19514 0
19515 3
19516 1
19517 3
19518 4
19519 3
19520 2
19521 5
19522 5
19523 0
19524 2
19525 2
19526 1
19527 4
19528 0
19529 1
19530 2
19531 3
19532 2
19533 0
19534 4
19535 0
19536 3
19537 5
19538 2
19539 2
19540 4
19541 1
19542 1
19543 0
19544 1
19545 3
19546 3
19547 0
19548 5
19549 1
19550 5
19551 3
19552 4
19553 3
19554 4
19555 1
19556 4
19557 3
19558 1
19559 3
19560 1
19561 5
19562 6
19563 0
19564 5
19565 2
19566 0
19567 0
19568 0
19569 2
19570 4
19571 2
19572 4
19573 6
19574 4
19575 2
19576 2
19577 1
19578 0
19579 1
19580 5
19581 2
19582 3
19583 2
19584 2
19585 4
19586 6
19587 1
19588 4
19589 2
19590 2
19591 0
19592 1
19593 4
19594 5
19595 1
19596 2
19597 4
19598 0
19599 3
19600 4
19601 2
19602 1
19603 1
19604 1
19605 4
19606 2
19607 0
19608 2
19609 1
19610 3
19611 1
19612 1
19613 2
19614 3
19615 2
19616 6
19617 4
19618 1
19619 0
19620 0
19621 0
19622 2
19623 1
19624 4
19625 2
19626 2
19627 2
19628 5
19629 3
19630 1
19631 2
19632 0
19633 3
19634 1
19635 4
19636 0
19637 0
19638 4
19639 5
19640 6
19641 3
19642 4
19643 1
19644 3
19645 3
19646 1
19647 3
19648 0
19649 3
19650 3
19651 0
19652 1
19653 2
19654 1
19655 5
19656 1
19657 0
19658 1
19659 4
19660 0
19661 0
19662 1
19663 1
19664 1
19665 0
19666 3
19667 3
19668 5
19669 2
19670 0
19671 0
19672 0
19673 2
19674 5
19675 2
19676 1
19677 0
19678 3
19679 2
19680 2
19681 3
19682 4
19683 3
19684 2
19685 1
19686 3
19687 1
19688 0
19689 4
19690 2
19691 0
19692 3
19693 1
19694 5
19695 3
19696 5
19697 3
19698 3
19699 3
19700 4
19701 2
19702 0
19703 4
19704 2
19705 1
19706 4
19707 3
19708 1
19709 2
19710 1
19711 1
19712 2
19713 5
19714 1
19715 2
19716 1
19717 5
19718 0
19719 4
19720 3
19721 3
19722 6
19723 3
19724 4
19725 4
19726 1
19727 1
19728 5
19729 3
19730 3
19731 3
19732 2
19733 1
19734 1
19735 4
19736 1
19737 0
19738 2
19739 0
19740 3
19741 2
19742 4
19743 3
19744 4
19745 3
19746 2
19747 0
19748 4
19749 1
19750 5
19751 2
19752 4
19753 2
19754 3
19755 2
19756 3
19757 4
19758 5
19759 1
19760 1
19761 0
19762 2
19763 4
19764 3
19765 1
19766 0
19767 0
19768 2
19769 2
19770 2
19771 0
19772 0
19773 2
19774 4
19775 5
19776 1
19777 4
19778 0
19779 0
19780 4
19781 2
19782 6
19783 0
19784 2
19785 1
19786 3
19787 3
19788 0
19789 4
19790 4
19791 3
19792 3
19793 0
19794 5
19795 4
19796 5
19797 0
19798 1
19799 2
19800 4
19801 0
19802 2
19803 2
19804 1
19805 2
19806 3
19807 0
19808 0
19809 3
19810 3
19811 4
19812 1
19813 4
19814 1
19815 1
19816 1
19817 1
19818 0
19819 3
19820 0
19821 0
19822 5
19823 6
19824 6
19825 4
19826 3
19827 4
19828 1
19829 3
19830 0
19831 3
19832 2
19833 1
19834 1
19835 0
19836 2
19837 2
19838 1
19839 1
19840 4
19841 0
19842 5
19843 3
19844 1
19845 2
19846 0
19847 2
19848 2
19849 2
19850 1
19851 0
19852 5
19853 3
19854 1
19855 1
19856 2
19857 1
19858 1
19859 1
19860 2
19861 1
19862 3
19863 4
19864 0
19865 0
19866 2
19867 1
19868 4
19869 1
19870 3
19871 0
19872 1
19873 3
19874 4
19875 1
19876 5
19877 6
19878 5
19879 2
19880 3
19881 0
19882 0
19883 1
19884 1
19885 0
19886 0
19887 3
19888 2
19889 1
19890 4
19891 0
19892 5
19893 4
19894 5
19895 1
19896 0
19897 1
19898 5
19899 0
19900 2
19901 0
19902 3
19903 4
19904 6
19905 5
19906 1
19907 4
19908 2
19909 4
19910 2
19911 0
19912 0
19913 3
19914 0
19915 1
19916 2
19917 2
19918 4
19919 0
19920 4
19921 2
19922 4
19923 2
19924 2
19925 2
19926 2
19927 1
19928 1
19929 1
19930 5
19931 5
19932 4
19933 5
19934 1
19935 3
19936 5
19937 2
19938 3
19939 1
19940 0
19941 4
19942 4
19943 5
19944 1
19945 4
19946 2
19947 2
19948 1
19949 0
19950 2
19951 2
19952 2
19953 1
19954 0
19955 4
19956 0
19957 5
19958 0
19959 1
19960 0
19961 2
19962 2
19963 4
19964 4
19965 1
19966 0
19967 0
19968 3
19969 4
19970 4
19971 4
19972 0
19973 0
19974 5
19975 4
19976 1
19977 1
19978 2
19979 0
19980 0
19981 3
19982 0
19983 4
19984 0
19985 2
19986 1
19987 3
19988 1
19989 3
19990 3
19991 1
19992 2
19993 3
19994 0
19995 3
19996 0
19997 3
19998 2
19999 0
20000 3
20001 1
20002 4
20003 3
20004 4
20005 1
20006 2
20007 4
20008 4
20009 3
20010 3
20011 6
20012 1
20013 1
20014 2
20015 0
20016 1
20017 1
20018 0
20019 1
20020 2
20021 1
20022 4
20023 2
20024 3
20025 2
20026 3
20027 0
20028 5
20029 5
20030 4
20031 4
20032 4
20033 0
20034 0
20035 3
20036 4
20037 1
20038 2
20039 0
20040 5
20041 0
20042 3
20043 6
20044 1
20045 2
20046 1
20047 5
20048 5
20049 0
20050 1
20051 0
20052 0
20053 0
20054 2
20055 5
20056 3
20057 1
20058 2
20059 5
20060 0
20061 0
20062 0
20063 0
20064 0
20065 4
20066 2
20067 0
20068 5
20069 3
20070 2
20071 1
20072 0
20073 1
20074 5
20075 0
20076 2
20077 4
20078 4
20079 0
20080 5
20081 0
20082 3
20083 5
20084 1
20085 4
20086 3
20087 5
20088 1
20089 1
20090 1
20091 2
20092 4
20093 1
20094 3
20095 1
20096 0
20097 2
20098 0
20099 3
20100 2
20101 5
20102 2
20103 6
20104 1
20105 0
20106 0
20107 3
20108 1
20109 4
20110 4
20111 3
20112 3
20113 1
20114 0
20115 2
20116 2
20117 3
20118 3
20119 2
20120 0
20121 1
20122 5
20123 3
20124 1
20125 0
20126 3
20127 0
20128 5
20129 4
20130 5
20131 1
20132 7
20133 0
20134 0
20135 1
20136 0
20137 3
20138 4
20139 1
20140 2
20141 0
20142 4
20143 2
20144 4
20145 5
20146 2
20147 5
20148 1
20149 5
20150 3
20151 1
20152 3
20153 6
20154 4
20155 4
20156 0
20157 4
20158 5
20159 0
20160 3
20161 1
20162 0
20163 5
20164 0
20165 5
20166 2
20167 0
20168 3
20169 5
20170 5
20171 2
20172 0
20173 3
20174 0
20175 4
20176 0
20177 1
20178 1
20179 2
20180 1
20181 3
20182 1
20183 0
20184 2
20185 2
20186 1
20187 4
20188 3
20189 4
20190 0
20191 1
20192 4
20193 2
20194 3
20195 1
20196 4
20197 1
20198 3
20199 4
20200 4
20201 0
20202 2
20203 3
20204 1
20205 0
20206 2
20207 0
20208 2
20209 6
20210 1
20211 0
20212 3
20213 4
20214 3
20215 2
20216 0
20217 0
20218 0
20219 1
20220 4
20221 5
20222 3
20223 1
20224 0
20225 4
20226 5
20227 4
20228 0
20229 4
20230 1
20231 5
20232 2
20233 1
20234 0
20235 4
20236 4
20237 4
20238 2
20239 2
20240 4
20241 5
20242 1
20243 1
20244 3
20245 2
20246 4
20247 0
20248 0
20249 4
20250 1
20251 0
20252 2
20253 0
20254 0
20255 0
20256 4
20257 1
20258 4
20259 4
20260 4
20261 2
20262 1
20263 1
20264 3
20265 2
20266 2
20267 2
20268 4
20269 4
20270 3
20271 0
20272 4
20273 4
20274 2
20275 3
20276 0
20277 0
20278 2
20279 1
20280 0
20281 3
20282 2
20283 4
20284 2
20285 3
20286 3
20287 3
20288 1
20289 1
20290 4
20291 1
20292 4
20293 4
20294 4
20295 4
20296 2
20297 6
20298 3
20299 3
20300 0
20301 1
20302 1
20303 3
20304 1
20305 5
20306 3
20307 1
20308 1
20309 2
20310 2
20311 4
20312 4
20313 4
20314 3
20315 3
20316 0
20317 5
20318 2
20319 4
20320 1
20321 3
20322 3
20323 2
20324 0
20325 5
20326 2
20327 0
20328 6
20329 0
20330 1
20331 2
20332 1
20333 2
20334 0
20335 2
20336 1
20337 6
20338 3
20339 1
20340 1
20341 0
20342 1
20343 0
20344 5
20345 4
20346 1
20347 3
20348 3
20349 3
20350 3
20351 5
20352 1
20353 5
20354 0
20355 4
20356 4
20357 5
20358 0
20359 3
20360 2
20361 2
20362 2
20363 2
20364 1
20365 4
20366 2
20367 0
20368 0
20369 4
20370 1
20371 0
20372 2
20373 2
20374 0
20375 5
20376 6
20377 4
20378 3
20379 6
20380 0
20381 2
20382 2
20383 0
20384 2
20385 2
20386 1
20387 0
20388 6
20389 4
20390 4
20391 4
20392 1
20393 4
20394 4
20395 3
20396 0
20397 1
20398 4
20399 0
20400 3
20401 5
20402 2
20403 6
20404 4
20405 2
20406 1
20407 2
20408 2
20409 2
20410 2
20411 1
20412 2
20413 0
20414 3
20415 6
20416 2
20417 1
20418 4
20419 0
20420 4
20421 2
20422 4
20423 0
20424 2
20425 1
20426 0
20427 4
20428 3
20429 0
20430 0
20431 0
20432 4
20433 4
20434 3
20435 1
20436 2
20437 5
20438 4
20439 1
20440 3
20441 5
20442 4
20443 1
20444 2
20445 0
20446 0
20447 0
20448 3
20449 5
20450 5
20451 3
20452 2
20453 0
20454 0
20455 1
20456 2
20457 2
20458 0
20459 3
20460 1
20461 2
20462 1
20463 5
20464 1
20465 2
20466 0
20467 3
20468 1
20469 3
20470 3
20471 1
20472 6
20473 5
20474 4
20475 4
20476 4
20477 5
20478 1
20479 1
20480 6
20481 0
20482 4
20483 4
20484 2
20485 5
20486 3
20487 5
20488 0
20489 0
20490 3
20491 1
20492 4
20493 4
20494 3
20495 4
20496 5
20497 4
20498 5
20499 4
20500 2
20501 3
20502 5
20503 3
20504 3
20505 3
20506 0
20507 0
20508 4
20509 0
20510 3
20511 4
20512 3
20513 1
20514 2
20515 1
20516 2
20517 5
20518 1
20519 4
20520 4
20521 3
20522 4
20523 2
20524 1
20525 3
20526 2
20527 4
20528 0
20529 0
20530 3
20531 2
20532 2
20533 0
20534 0
20535 3
20536 3
20537 5
20538 3
20539 2
20540 3
20541 5
20542 2
20543 0
20544 4
20545 3
20546 3
20547 3
20548 0
20549 4
20550 4
20551 3
20552 0
20553 5
20554 4
20555 4
20556 4
20557 2
20558 5
20559 0
20560 3
20561 4
20562 1
20563 6
20564 0
20565 0
20566 0
20567 3
20568 2
20569 3
20570 1
20571 2
20572 2
20573 2
20574 0
20575 5
20576 1
20577 0
20578 1
20579 2
20580 0
20581 0
20582 1
20583 1
20584 3
20585 5
20586 3
20587 5
20588 1
20589 3
20590 3
20591 5
20592 2
20593 1
20594 0
20595 0
20596 1
20597 5
20598 0
20599 4
20600 3
20601 5
20602 1
20603 1
20604 1
20605 5
20606 5
20607 3
20608 1
20609 1
20610 2
20611 2
20612 0
20613 3
20614 1
20615 4
20616 3
20617 1
20618 4
20619 1
20620 1
20621 3
20622 1
20623 2
20624 0
20625 1
20626 1
20627 4
20628 2
20629 2
20630 1
20631 0
20632 4
20633 7
20634 3
20635 0
20636 0
20637 0
20638 2
20639 5
20640 0
20641 1
20642 4
20643 5
20644 2
20645 1
20646 2
20647 4
20648 1
20649 3
20650 6
20651 3
20652 5
20653 1
20654 5
20655 0
20656 0
20657 2
20658 1
20659 1
20660 4
20661 3
20662 4
20663 0
20664 5
20665 3
20666 5
20667 3
20668 3
20669 1
20670 3
20671 0
20672 4
20673 1
20674 2
20675 2
20676 4
20677 3
20678 5
20679 1
20680 0
20681 2
20682 4
20683 2
20684 3
20685 5
20686 4
20687 2
20688 4
20689 4
20690 2
20691 5
20692 1
20693 3
20694 5
20695 0
20696 4
20697 0
20698 0
20699 0
20700 4
20701 2
20702 0
20703 1
20704 4
20705 2
20706 0
20707 1
20708 0
20709 0
20710 2
20711 5
20712 1
20713 2
20714 1
20715 3
20716 5
20717 3
20718 5
20719 6
20720 3
20721 5
20722 2
20723 2
20724 1
20725 5
20726 0
20727 4
20728 6
20729 4
20730 6
20731 5
20732 4
20733 0
20734 3
20735 2
20736 1
20737 0
20738 0
20739 2
20740 3
20741 1
20742 0
20743 3
20744 3
20745 1
20746 4
20747 0
20748 3
20749 0
20750 2
20751 5
20752 3
20753 1
20754 4
20755 2
20756 4
20757 4
20758 4
20759 2
20760 3
20761 4
20762 3
20763 5
20764 6
20765 3
20766 1
20767 3
20768 1
20769 0
20770 3
20771 2
20772 0
20773 0
20774 2
20775 4
20776 2
20777 2
20778 2
20779 0
20780 0
20781 2
20782 2
20783 3
20784 4
20785 0
20786 4
20787 4
20788 5
20789 1
20790 4
20791 0
20792 2
20793 4
20794 0
20795 3
20796 1
20797 2
20798 4
20799 0
20800 2
20801 1
20802 0
20803 1
20804 1
20805 0
20806 2
20807 0
20808 3
20809 0
20810 1
20811 2
20812 2
20813 1
20814 4
20815 0
20816 0
20817 3
20818 1
20819 4
20820 0
20821 1
20822 0
20823 5
20824 0
20825 5
20826 2
20827 4
20828 0
20829 3
20830 1
20831 5
20832 1
20833 5
20834 6
20835 3
20836 2
20837 2
20838 4
20839 4
20840 0
20841 0
20842 0
20843 4
20844 4
20845 5
20846 5
20847 3
20848 0
20849 6
20850 0
20851 0
20852 0
20853 4
20854 1
20855 1
20856 5
20857 3
20858 4
20859 1
20860 2
20861 2
20862 5
20863 3
20864 4
20865 2
20866 6
20867 0
20868 2
20869 0
20870 0
20871 3
20872 3
20873 4
20874 0
20875 2
20876 5
20877 1
20878 3
20879 3
20880 1
20881 1
20882 3
20883 0
20884 1
20885 2
20886 5
20887 4
20888 0
20889 2
20890 2
20891 3
20892 2
20893 3
20894 4
20895 5
20896 0
20897 0
20898 0
20899 3
20900 2
20901 1
20902 1
20903 3
20904 0
20905 2
20906 2
20907 1
20908 6
20909 3
20910 5
20911 6
20912 3
20913 2
20914 4
20915 1
20916 2
20917 0
20918 3
20919 3
20920 3
20921 3
20922 1
20923 0
20924 4
20925 3
20926 4
20927 2
20928 3
20929 2
20930 1
20931 4
20932 2
20933 3
20934 2
20935 0
20936 3
20937 2
20938 1
20939 0
20940 2
20941 1
20942 0
20943 0
20944 2
20945 0
20946 4
20947 2
20948 2
20949 2
20950 0
20951 4
20952 1
20953 3
20954 2
20955 2
20956 0
20957 4
20958 5
20959 0
20960 3
20961 1
20962 3
20963 0
20964 1
20965 2
20966 6
20967 0
20968 2
20969 1
20970 0
20971 6
20972 4
20973 4
20974 3
20975 1
20976 1
20977 0
20978 2
20979 3
20980 0
20981 3
20982 5
20983 1
20984 3
20985 3
20986 1
20987 2
20988 2
20989 2
20990 0
20991 3
20992 2
20993 0
20994 0
20995 1
20996 0
20997 3
20998 2
20999 2
21000 3
21001 0
21002 5
21003 1
21004 4
21005 3
21006 2
21007 3
21008 4
21009 1
21010 1
21011 2
21012 0
21013 3
21014 2
21015 3
21016 3
21017 2
21018 5
21019 3
21020 4
21021 2
21022 1
21023 5
21024 3
21025 4
21026 1
21027 3
21028 1
21029 4
21030 3
21031 2
21032 1
21033 1
21034 3
21035 3
21036 4
21037 3
21038 0
21039 6
21040 2
21041 1
21042 1
21043 3
21044 6
21045 5
21046 4
21047 0
21048 5
21049 2
21050 3
21051 4
21052 1
21053 0
21054 1
21055 0
21056 3
21057 1
21058 2
21059 2
21060 3
21061 1
21062 4
21063 0
21064 1
21065 2
21066 0
21067 0
21068 1
21069 2
21070 0
21071 3
21072 3
21073 2
21074 2
21075 0
21076 3
21077 1
21078 2
21079 3
21080 1
21081 1
21082 0
21083 0
21084 2
21085 3
21086 0
21087 4
21088 3
21089 4
21090 4
21091 5
21092 2
21093 4
21094 4
21095 0
21096 3
21097 5
21098 0
21099 2
21100 3
21101 3
21102 4
21103 4
21104 5
21105 1
21106 0
21107 5
21108 3
21109 2
21110 0
21111 4
21112 4
21113 4
21114 1
21115 3
21116 3
21117 4
21118 3
21119 3
21120 0
21121 4
21122 3
21123 1
21124 0
21125 1
21126 1
21127 1
21128 3
21129 1
21130 0
21131 1
21132 4
21133 5
21134 3
21135 1
21136 0
21137 3
21138 2
21139 1
21140 4
21141 2
21142 2
21143 3
21144 0
21145 0
21146 0
21147 1
21148 1
21149 2
21150 5
21151 4
21152 3
21153 4
21154 1
21155 4
21156 3
21157 1
21158 4
21159 3
21160 2
21161 2
21162 2
21163 3
21164 0
21165 2
21166 2
21167 0
21168 0
21169 5
21170 2
21171 2
21172 0
21173 3
21174 3
21175 5
21176 0
21177 6
21178 2
21179 1
21180 3
21181 2
21182 0
21183 4
21184 0
21185 0
21186 2
21187 3
21188 0
21189 4
21190 1
21191 2
21192 3
21193 4
21194 1
21195 0
21196 2
21197 1
21198 1
21199 4
21200 0
21201 3
21202 1
21203 3
21204 0
21205 2
21206 2
21207 1
21208 0
21209 0
21210 5
21211 4
21212 1
21213 1
21214 3
21215 1
21216 4
21217 3
21218 6
21219 0
21220 2
21221 4
21222 3
21223 1
21224 3
21225 0
21226 3
21227 3
21228 5
21229 0
21230 5
21231 4
21232 3
21233 5
21234 1
21235 0
21236 0
21237 0
21238 2
21239 1
21240 3
21241 0
21242 0
21243 2
21244 0
21245 0
21246 0
21247 0
21248 1
21249 3
21250 3
21251 4
21252 0
21253 3
21254 4
21255 1
21256 5
21257 1
21258 3
21259 1
21260 2
21261 4
21262 3
21263 3
21264 3
21265 4
21266 5
21267 4
21268 1
21269 4
21270 1
21271 2
21272 0
21273 3
21274 1
21275 2
21276 1
21277 3
21278 4
21279 4
21280 1
21281 1
21282 4
21283 5
21284 2
21285 5
21286 0
21287 3
21288 2
21289 5
21290 0
21291 3
21292 1
21293 1
21294 3
21295 6
21296 1
21297 4
21298 0
21299 2
21300 1
21301 3
21302 1
21303 3
21304 4
21305 3
21306 3
21307 2
21308 0
21309 3
21310 4
21311 1
21312 6
21313 1
21314 3
21315 0
21316 1
21317 4
21318 5
21319 3
21320 3
21321 0
21322 4
21323 0
21324 1
21325 3
21326 3
21327 1
21328 1
21329 0
21330 5
21331 2
21332 0
21333 4
21334 2
21335 3
21336 3
21337 2
21338 1
21339 2
21340 3
21341 0
21342 1
21343 2
21344 1
21345 0
21346 0
21347 2
21348 2
21349 3
21350 2
21351 0
21352 4
21353 1
21354 3
21355 1
21356 1
21357 0
21358 2
21359 1
21360 3
21361 1
21362 3
21363 3
21364 2
21365 2
21366 3
21367 4
21368 1
21369 2
21370 1
21371 1
21372 3
21373 0
21374 0
21375 2
21376 0
21377 0
21378 0
21379 0
21380 3
21381 4
21382 5
21383 1
21384 1
21385 2
21386 0
21387 3
21388 1
21389 6
21390 1
21391 3
21392 5
21393 0
21394 2
21395 1
21396 2
21397 1
21398 1
21399 2
21400 3
21401 1
21402 4
21403 4
21404 3
21405 1
21406 5
21407 4
21408 0
21409 3
21410 5
21411 0
21412 0
21413 2
21414 2
21415 2
21416 5
21417 3
21418 4
21419 1
21420 1
21421 2
21422 0
21423 2
21424 5
21425 5
21426 4
21427 3
21428 0
21429 2
21430 3
21431 3
21432 0
21433 3
21434 0
21435 4
21436 0
21437 4
21438 4
21439 2
21440 4
21441 5
21442 5
21443 1
21444 4
21445 3
21446 2
21447 0
21448 3
21449 0
21450 2
21451 3
21452 0
21453 4
21454 1
21455 4
21456 4
21457 2
21458 3
21459 5
21460 4
21461 2
21462 3
21463 1
21464 1
21465 3
21466 1
21467 2
21468 6
21469 3
21470 1
21471 2
21472 2
21473 2
21474 2
21475 5
21476 4
21477 3
21478 2
21479 4
21480 1
21481 4
21482 6
21483 5
21484 4
21485 3
21486 1
21487 1
21488 0
21489 3
21490 0
21491 3
21492 1
21493 1
21494 4
21495 5
21496 3
21497 1
21498 1
21499 0
21500 3
21501 5
21502 5
21503 3
21504 6
21505 3
21506 3
21507 3
21508 3
21509 3
21510 3
21511 2
21512 1
21513 2
21514 0
21515 1
21516 5
21517 5
21518 4
21519 3
21520 0
21521 2
21522 2
21523 5
21524 3
21525 2
21526 4
21527 0
21528 3
21529 3
21530 2
21531 2
21532 4
21533 0
21534 3
21535 2
21536 4
21537 1
21538 2
21539 2
21540 2
21541 2
21542 3
21543 4
21544 3
21545 1
21546 2
21547 2
21548 3
21549 3
21550 3
21551 6
21552 0
21553 3
21554 5
21555 1
21556 4
21557 2
21558 1
21559 0
21560 3
21561 5
21562 2
21563 2
21564 1
21565 5
21566 2
21567 0
21568 4
21569 1
21570 3
21571 1
21572 4
21573 1
21574 0
21575 4
21576 3
21577 5
21578 4
21579 1
21580 3
21581 3
21582 3
21583 4
21584 1
21585 2
21586 2
21587 1
21588 2
21589 5
21590 4
21591 1
21592 1
21593 5
21594 1
21595 3
21596 1
21597 0
21598 0
21599 2
21600 3
21601 5
21602 1
21603 3
21604 2
21605 6
21606 2
21607 5
21608 2
21609 3
21610 2
21611 1
21612 0
21613 4
21614 3
21615 2
21616 0
21617 3
21618 3
21619 0
21620 0
21621 2
21622 1
21623 2
21624 2
21625 0
21626 5
21627 2
21628 3
21629 5
21630 1
21631 0
21632 4
21633 2
21634 5
21635 1
21636 4
21637 1
21638 1
21639 4
21640 3
21641 1
21642 4
21643 4
21644 3
21645 4
21646 1
21647 0
21648 1
21649 0
21650 4
21651 2
21652 1
21653 3
21654 2
21655 1
21656 5
21657 1
21658 4
21659 3
21660 1
21661 2
21662 1
21663 2
21664 4
21665 2
21666 4
21667 1
21668 3
21669 4
21670 4
21671 3
21672 1
21673 5
21674 3
21675 4
21676 1
21677 2
21678 1
21679 5
21680 5
21681 0
21682 4
21683 3
21684 2
21685 4
21686 4
21687 0
21688 3
21689 3
21690 3
21691 1
21692 3
21693 5
21694 2
21695 2
21696 1
21697 4
21698 4
21699 4
21700 2
21701 3
21702 6
21703 0
21704 2
21705 4
21706 1
21707 3
21708 3
21709 3
21710 5
21711 2
21712 3
21713 0
21714 4
21715 1
21716 0
21717 3
21718 0
21719 5
21720 1
21721 0
21722 4
21723 1
21724 4
21725 1
21726 0
21727 4
21728 4
21729 2
21730 0
21731 2
21732 4
21733 3
21734 3
21735 3
21736 0
21737 0
21738 4
21739 0
21740 4
21741 0
21742 2
21743 2
21744 3
21745 3
21746 2
21747 0
21748 5
21749 2
21750 3
21751 4
21752 3
21753 3
21754 3
21755 2
21756 0
21757 3
21758 6
21759 3
21760 5
21761 3
21762 6
21763 0
21764 1
21765 0
21766 1
21767 2
21768 2
21769 1
21770 4
21771 4
21772 1
21773 0
21774 1
21775 2
21776 5
21777 5
21778 2
21779 0
21780 3
21781 2
21782 2
21783 4
21784 5
21785 0
21786 5
21787 1
21788 1
21789 3
21790 4
21791 2
21792 5
21793 1
21794 3
21795 2
21796 6
21797 1
21798 2
21799 3
21800 3
21801 3
21802 4
21803 0
21804 1
21805 0
21806 1
21807 2
21808 0
21809 4
21810 3
21811 6
21812 4
21813 1
21814 1
21815 0
21816 1
21817 1
21818 2
21819 4
21820 2
21821 2
21822 3
21823 5
21824 2
21825 5
21826 3
21827 1
21828 3
21829 3
21830 1
21831 2
21832 4
21833 0
21834 3
21835 3
21836 4
21837 6
21838 4
21839 1
21840 0
21841 1
21842 2
21843 5
21844 2
21845 5
21846 2
21847 5
21848 1
21849 0
21850 5
21851 3
21852 0
21853 1
21854 7
21855 3
21856 1
21857 6
21858 3
21859 1
21860 0
21861 2
21862 0
21863 1
21864 5
21865 4
21866 1
21867 3
21868 6
21869 2
21870 4
21871 2
21872 2
21873 4
21874 0
21875 0
21876 0
21877 5
21878 3
21879 1
21880 4
21881 2
21882 0
21883 0
21884 1
21885 1
21886 4
21887 3
21888 1
21889 4
21890 2
21891 2
21892 3
21893 1
21894 2
21895 1
21896 3
21897 0
21898 1
21899 0
21900 0
21901 0
21902 3
21903 1
21904 1
21905 0
21906 4
21907 2
21908 3
21909 5
21910 0
21911 2
21912 2
21913 4
21914 2
21915 0
21916 2
21917 1
21918 1
21919 4
21920 3
21921 0
21922 4
21923 4
21924 2
21925 5
21926 3
21927 3
21928 2
21929 1
21930 3
21931 3
21932 2
21933 1
21934 0
21935 1
21936 2
21937 1
21938 2
21939 0
21940 1
21941 5
21942 2
21943 2
21944 3
21945 5
21946 1
21947 3
21948 1
21949 1
21950 1
21951 2
21952 0
21953 1
21954 1
21955 2
21956 4
21957 1
21958 5
21959 3
21960 3
21961 3
21962 0
21963 2
21964 3
21965 1
21966 3
21967 3
21968 3
21969 3
21970 0
21971 5
21972 2
21973 4
21974 0
21975 0
21976 3
21977 1
21978 2
21979 2
21980 2
21981 5
21982 5
21983 2
21984 6
21985 2
21986 2
21987 5
21988 2
21989 5
21990 5
21991 0
21992 4
21993 5
21994 3
21995 0
21996 4
21997 0
21998 0
21999 3
22000 4
22001 1
22002 1
22003 5
22004 4
22005 5
22006 2
22007 4
22008 1
22009 0
22010 1
22011 5
22012 0
22013 6
22014 2
22015 2
22016 0
22017 1
22018 3
22019 2
22020 3
22021 1
22022 0
22023 2
22024 4
22025 3
22026 0
22027 4
22028 3
22029 1
22030 0
22031 2
22032 2
22033 3
22034 5
22035 1
22036 2
22037 4
22038 2
22039 1
22040 1
22041 1
22042 0
22043 5
22044 2
22045 1
22046 5
22047 2
22048 1
22049 2
22050 3
22051 1
22052 1
22053 1
22054 5
22055 5
22056 1
22057 4
22058 4
22059 6
22060 0
22061 1
22062 3
22063 1
22064 5
22065 2
22066 4
22067 1
22068 0
22069 3
22070 0
22071 3
22072 5
22073 3
22074 5
22075 5
22076 3
22077 2
22078 3
22079 5
22080 2
22081 1
22082 2
22083 3
22084 2
22085 2
22086 2
22087 3
22088 3
22089 0
22090 1
22091 0
22092 4
22093 2
22094 3
22095 1
22096 2
22097 3
22098 2
22099 2
22100 0
22101 0
22102 2
22103 2
22104 5
22105 2
22106 4
22107 0
22108 0
22109 3
22110 4
22111 2
22112 4
22113 1
22114 2
22115 3
22116 4
22117 1
22118 1
22119 4
22120 3
22121 2
22122 0
22123 5
22124 5
22125 6
22126 4
22127 4
22128 4
22129 0
22130 1
22131 3
22132 0
22133 4
22134 5
22135 4
22136 0
22137 1
22138 6
22139 0
22140 3
22141 4
22142 3
22143 0
22144 4
22145 0
22146 0
22147 5
22148 0
22149 3
22150 5
22151 5
22152 1
22153 0
22154 1
22155 1
22156 0
22157 2
22158 2
22159 3
22160 1
22161 0
22162 4
22163 2
22164 1
22165 0
22166 0
22167 2
22168 4
22169 0
22170 4
22171 2
22172 0
22173 1
22174 0
22175 0
22176 2
22177 3
22178 5
22179 4
22180 1
22181 0
22182 0
22183 1
22184 3
22185 1
22186 6
22187 4
22188 5
22189 3
22190 2
22191 2
22192 3
22193 4
22194 1
22195 1
22196 1
22197 1
22198 4
22199 4
22200 0
22201 6
22202 0
22203 3
22204 5
22205 3
22206 3
22207 1
22208 1
22209 4
22210 2
22211 0
22212 0
22213 1
22214 1
22215 2
22216 1
22217 4
22218 2
22219 2
22220 0
22221 3
22222 6
22223 2
22224 0
22225 3
22226 3
22227 4
22228 4
22229 2
22230 1
22231 0
22232 2
22233 3
22234 0
22235 4
22236 2
22237 5
22238 5
22239 1
22240 4
22241 1
22242 3
22243 1
22244 3
22245 2
22246 4
22247 0
22248 3
22249 4
22250 1
22251 2
22252 5
22253 2
22254 1
22255 0
22256 4
22257 4
22258 1
22259 1
22260 2
22261 2
22262 3
22263 3
22264 6
22265 0
22266 1
22267 5
22268 2
22269 1
22270 4
22271 4
22272 0
22273 2
22274 3
22275 0
22276 4
22277 1
22278 3
22279 3
22280 3
22281 0
22282 3
22283 0
22284 2
22285 3
22286 2
22287 4
22288 2
22289 0
22290 0
22291 1
22292 0
22293 1
22294 3
22295 1
22296 3
22297 1
22298 3
22299 5
22300 4
22301 3
22302 4
22303 3
22304 5
22305 1
22306 5
22307 4
22308 0
22309 5
22310 4
22311 0
22312 4
22313 2
22314 4
22315 2
22316 4
22317 2
22318 5
22319 1
22320 2
22321 2
22322 2
22323 5
22324 5
22325 4
22326 3
22327 2
22328 4
22329 2
22330 1
22331 3
22332 2
22333 2
22334 4
22335 5
22336 2
22337 1
22338 3
22339 3
22340 0
22341 3
22342 4
22343 4
22344 0
22345 3
22346 3
22347 2
22348 7
22349 3
22350 0
22351 5
22352 1
22353 3
22354 0
22355 3
22356 3
22357 5
22358 2
22359 0
22360 3
22361 4
22362 2
22363 4
22364 4
22365 3
22366 1
22367 0
22368 0
22369 1
22370 3
22371 3
22372 1
22373 2
22374 3
22375 1
22376 5
22377 1
22378 2
22379 4
22380 3
22381 6
22382 2
22383 0
22384 0
22385 3
22386 1
22387 5
22388 4
22389 0
22390 0
22391 5
22392 6
22393 1
22394 3
22395 1
22396 1
22397 2
22398 0
22399 2
22400 4
22401 0
22402 4
22403 3
22404 4
22405 3
22406 0
22407 0
22408 1
22409 1
22410 4
22411 3
22412 4
22413 3
22414 5
22415 0
22416 2
22417 4
22418 0
22419 3
22420 3
22421 3
22422 2
22423 1
22424 3
22425 0
22426 0
22427 2
22428 6
22429 1
22430 3
22431 3
22432 0
22433 4
22434 3
22435 1
22436 5
22437 0
22438 0
22439 3
22440 1
22441 2
22442 6
22443 5
22444 2
22445 1
22446 4
22447 4
22448 5
22449 2
22450 1
22451 4
22452 2
22453 3
22454 2
22455 0
22456 2
22457 2
22458 1
22459 4
22460 2
22461 3
22462 5
22463 1
22464 4
22465 1
22466 0
22467 1
22468 5
22469 2
22470 3
22471 6
22472 6
22473 4
22474 6
22475 0
22476 3
22477 3
22478 2
22479 2
22480 2
22481 1
22482 0
22483 4
22484 2
22485 1
22486 0
22487 2
22488 3
22489 1
22490 4
22491 3
22492 0
22493 4
22494 2
22495 0
22496 3
22497 3
22498 0
22499 2
22500 5
22501 0
22502 0
22503 1
22504 2
22505 4
22506 5
22507 5
22508 0
22509 3
22510 2
22511 4
22512 3
22513 4
22514 0
22515 0
22516 2
22517 6
22518 3
22519 5
22520 1
22521 4
22522 3
22523 1
22524 4
22525 2
22526 3
22527 1
22528 2
22529 2
22530 0
22531 1
22532 0
22533 5
22534 4
22535 3
22536 0
22537 3
22538 1
22539 5
22540 1
22541 5
22542 5
22543 0
22544 0
22545 1
22546 1
22547 2
22548 2
22549 1
22550 4
22551 3
22552 0
22553 0
22554 4
22555 1
22556 5
22557 5
22558 5
22559 1
22560 0
22561 3
22562 0
22563 2
22564 4
22565 4
22566 4
22567 5
22568 0
22569 5
22570 2
22571 1
22572 5
22573 2
22574 4
22575 1
22576 2
22577 4
22578 2
22579 2
22580 4
22581 5
22582 4
22583 3
22584 3
22585 0
22586 6
22587 5
22588 1
22589 2
22590 5
22591 1
22592 3
22593 4
22594 1
22595 1
22596 0
22597 1
22598 5
22599 2
22600 4
22601 0
22602 3
22603 4
22604 3
22605 2
22606 4
22607 4
22608 3
22609 3
22610 2
22611 3
22612 2
22613 2
22614 4
22615 3
22616 5
22617 1
22618 5
22619 1
22620 5
22621 2
22622 0
22623 0
22624 4
22625 3
22626 0
22627 0
22628 1
22629 0
22630 2
22631 3
22632 1
22633 6
22634 5
22635 4
22636 4
22637 4
22638 4
22639 2
22640 0
22641 0
22642 1
22643 4
22644 0
22645 2
22646 3
22647 4
22648 1
22649 6
22650 2
22651 1
22652 3
22653 2
22654 5
22655 0
22656 2
22657 0
22658 5
22659 0
22660 0
22661 3
22662 4
22663 3
22664 3
22665 0
22666 3
22667 1
22668 1
22669 5
22670 5
22671 0
22672 1
22673 3
22674 3
22675 0
22676 4
22677 2
22678 4
22679 2
22680 2
22681 0
22682 0
22683 2
22684 0
22685 2
22686 5
22687 1
22688 5
22689 6
22690 2
22691 0
22692 1
22693 2
22694 2
22695 1
22696 5
22697 0
22698 3
22699 2
22700 4
22701 0
22702 3
22703 0
22704 3
22705 5
22706 4
22707 2
22708 3
22709 6
22710 1
22711 0
22712 5
22713 5
22714 1
22715 4
22716 1
22717 3
22718 4
22719 1
22720 3
22721 4
22722 0
22723 3
22724 5
22725 4
22726 5
22727 1
22728 0
22729 2
22730 1
22731 1
22732 3
22733 6
22734 4
22735 1
22736 5
22737 2
22738 2
22739 1
22740 0
22741 2
22742 1
22743 2
22744 3
22745 3
22746 5
22747 0
22748 0
22749 4
22750 0
22751 1
22752 4
22753 0
22754 1
22755 2
22756 0
22757 0
22758 3
22759 5
22760 2
22761 1
22762 0
22763 3
22764 3
22765 1
22766 1
22767 2
22768 2
22769 2
22770 4
22771 3
22772 5
22773 4
22774 0
22775 5
22776 4
22777 2
22778 0
22779 1
22780 0
22781 4
22782 4
22783 4
22784 3
22785 2
22786 3
22787 4
22788 3
22789 5
22790 6
22791 2
22792 0
22793 2
22794 3
22795 0
22796 1
22797 3
22798 3
22799 1
22800 4
22801 2
22802 3
22803 2
22804 3
22805 2
22806 4
22807 4
22808 2
22809 0
22810 1
22811 4
22812 3
22813 4
22814 2
22815 1
22816 3
22817 0
22818 4
22819 3
22820 1
22821 5
22822 3
22823 3
22824 3
22825 0
22826 1
22827 2
22828 3
22829 4
22830 0
22831 1
22832 0
22833 2
22834 0
22835 2
22836 3
22837 2
22838 2
22839 0
22840 2
22841 3
22842 4
22843 4
22844 2
22845 0
22846 1
22847 2
22848 1
22849 1
22850 3
22851 3
22852 1
22853 0
22854 0
22855 4
22856 4
22857 2
22858 4
22859 1
22860 1
22861 3
22862 3
22863 1
22864 0
22865 1
22866 0
22867 1
22868 2
22869 1
22870 0
22871 1
22872 2
22873 1
22874 2
22875 0
22876 2
22877 0
22878 1
22879 0
22880 1
22881 0
22882 3
22883 3
22884 3
22885 4
22886 2
22887 4
22888 1
22889 4
22890 1
22891 3
22892 3
22893 0
22894 4
22895 0
22896 3
22897 1
22898 5
22899 1
22900 5
22901 6
22902 3
22903 0
22904 1
22905 0
22906 2
22907 0
22908 4
22909 0
22910 1
22911 0
22912 4
22913 3
22914 3
22915 1
22916 3
22917 4
22918 0
22919 6
22920 1
22921 1
22922 0
22923 0
22924 3
22925 1
22926 1
22927 0
22928 4
22929 1
22930 0
22931 3
22932 4
22933 3
22934 2
22935 5
22936 4
22937 2
22938 1
22939 5
22940 3
22941 1
22942 2
22943 0
22944 4
22945 5
22946 2
22947 5
22948 2
22949 4
22950 3
22951 4
22952 3
22953 4
22954 4
22955 1
22956 2
22957 0
22958 3
22959 1
22960 3
22961 5
22962 1
22963 2
22964 2
22965 0
22966 3
22967 0
22968 2
22969 0
22970 0
22971 0
22972 2
22973 1
22974 4
22975 0
22976 3
22977 2
22978 1
22979 4
22980 0
22981 1
22982 6
22983 3
22984 1
22985 0
22986 4
22987 1
22988 4
22989 5
22990 2
22991 4
22992 3
22993 0
22994 0
22995 5
22996 3
22997 4
22998 2
22999 0
23000 3
23001 1
23002 2
23003 3
23004 0
23005 3
23006 3
23007 5
23008 3
23009 2
23010 5
23011 4
23012 4
23013 6
23014 3
23015 1
23016 1
23017 4
23018 4
23019 3
23020 2
23021 6
23022 2
23023 2
23024 2
23025 0
23026 1
23027 2
23028 3
23029 4
23030 2
23031 0
23032 4
23033 4
23034 5
23035 0
23036 3
23037 2
23038 2
23039 4
23040 2
23041 4
23042 3
23043 3
23044 1
23045 5
23046 1
23047 5
23048 5
23049 5
23050 4
23051 0
23052 0
23053 5
23054 2
23055 4
23056 1
23057 1
23058 1
23059 0
23060 3
23061 6
23062 1
23063 1
23064 2
23065 2
23066 0
23067 5
23068 3
23069 0
23070 0
23071 5
23072 0
23073 0
23074 1
23075 5
23076 3
23077 1
23078 2
23079 1
23080 0
23081 0
23082 6
23083 1
23084 1
23085 2
23086 0
23087 0
23088 1
23089 4
23090 0
23091 2
23092 4
23093 1
23094 0
23095 2
23096 1
23097 5
23098 6
23099 4
23100 2
23101 1
23102 2
23103 1
23104 2
23105 0
23106 1
23107 3
23108 5
23109 6
23110 5
23111 1
23112 4
23113 2
23114 3
23115 0
23116 1
23117 3
23118 1
23119 2
23120 3
23121 4
23122 2
23123 6
23124 3
23125 4
23126 0
23127 5
23128 3
23129 5
23130 6
23131 3
23132 1
23133 4
23134 1
23135 5
23136 0
23137 0
23138 1
23139 4
23140 3
23141 1
23142 3
23143 4
23144 2
23145 3
23146 3
23147 1
23148 2
23149 2
23150 0
23151 2
23152 2
23153 3
23154 2
23155 6
23156 1
23157 6
23158 3
23159 0
23160 2
23161 2
23162 0
23163 2
23164 0
23165 0
23166 2
23167 1
23168 2
23169 1
23170 0
23171 3
23172 2
23173 5
23174 1
23175 3
23176 2
23177 2
23178 3
23179 3
23180 4
23181 5
23182 2
23183 3
23184 3
23185 3
23186 1
23187 2
23188 0
23189 1
23190 1
23191 0
23192 2
23193 0
23194 4
23195 3
23196 2
23197 2
23198 2
23199 4
23200 1
23201 3
23202 3
23203 6
23204 3
23205 3
23206 2
23207 2
23208 1
23209 1
23210 2
23211 4
23212 1
23213 1
23214 2
23215 5
23216 6
23217 4
23218 2
23219 3
23220 5
23221 2
23222 1
23223 0
23224 5
23225 3
23226 3
23227 3
23228 3
23229 3
23230 5
23231 0
23232 3
23233 1
23234 2
23235 3
23236 5
23237 3
23238 3
23239 3
23240 0
23241 2
23242 2
23243 3
23244 2
23245 4
23246 5
23247 0
23248 2
23249 2
23250 3
23251 0
23252 4
23253 0
23254 4
23255 0
23256 5
23257 4
23258 1
23259 3
23260 0
23261 3
23262 0
23263 1
23264 4
23265 4
23266 4
23267 3
23268 4
23269 3
23270 1
23271 5
23272 1
23273 0
23274 2
23275 1
23276 3
23277 2
23278 2
23279 4
23280 4
23281 2
23282 2
23283 2
23284 0
23285 1
23286 0
23287 4
23288 4
23289 0
23290 3
23291 1
23292 0
23293 2
23294 5
23295 2
23296 1
23297 1
23298 1
23299 4
23300 3
23301 2
23302 2
23303 1
23304 2
23305 3
23306 1
23307 2
23308 4
23309 1
23310 1
23311 6
23312 3
23313 2
23314 0
23315 0
23316 1
23317 3
23318 1
23319 3
23320 2
23321 1
23322 3
23323 5
23324 0
23325 1
23326 6
23327 3
23328 4
23329 3
23330 0
23331 2
23332 4
23333 1
23334 1
23335 1
23336 0
23337 1
23338 3
23339 3
23340 4
23341 1
23342 1
23343 2
23344 3
23345 4
23346 3
23347 0
23348 0
23349 4
23350 3
23351 4
23352 1
23353 4
23354 1
23355 1
23356 4
23357 1
23358 2
23359 1
23360 0
23361 3
23362 0
23363 4
23364 3
23365 2
23366 1
23367 2
23368 1
23369 2
23370 1
23371 4
23372 0
23373 2
23374 1
23375 1
23376 3
23377 5
23378 0
23379 2
23380 1
23381 0
23382 0
23383 4
23384 2
23385 3
23386 2
23387 5
23388 0
23389 2
23390 0
23391 2
23392 3
23393 3
23394 1
23395 0
23396 0
23397 3
23398 4
23399 1
23400 4
23401 4
23402 4
23403 1
23404 2
23405 3
23406 1
23407 0
23408 3
23409 1
23410 3
23411 6
23412 3
23413 1
23414 4
23415 4
23416 0
23417 4
23418 1
23419 4
23420 3
23421 4
23422 1
23423 1
23424 0
23425 3
23426 2
23427 2
23428 0
23429 2
23430 0
23431 2
23432 0
23433 1
23434 2
23435 5
23436 5
23437 3
23438 6
23439 0
23440 1
23441 5
23442 3
23443 0
23444 6
23445 4
23446 0
23447 4
23448 0
23449 2
23450 1
23451 3
23452 1
23453 2
23454 2
23455 6
23456 0
23457 2
23458 2
23459 5
23460 3
23461 5
23462 0
23463 4
23464 1
23465 2
23466 2
23467 2
23468 1
23469 0
23470 6
23471 5
23472 2
23473 6
23474 4
23475 2
23476 2
23477 3
23478 4
23479 0
23480 1
23481 2
23482 0
23483 5
23484 4
23485 0
23486 1
23487 3
23488 4
23489 0
23490 4
23491 5
23492 4
23493 1
23494 1
23495 3
23496 5
23497 0
23498 2
23499 0
23500 1
23501 4
23502 0
23503 1
23504 2
23505 0
23506 0
23507 2
23508 1
23509 2
23510 4
23511 1
23512 5
23513 3
23514 1
23515 1
23516 4
23517 0
23518 4
23519 3
23520 1
23521 0
23522 3
23523 0
23524 1
23525 0
23526 3
23527 0
23528 4
23529 3
23530 2
23531 0
23532 0
23533 3
23534 2
23535 2
23536 1
23537 0
23538 1
23539 3
23540 0
23541 1
23542 4
23543 3
23544 2
23545 3
23546 2
23547 2
23548 1
23549 5
23550 1
23551 4
23552 2
23553 5
23554 4
23555 1
23556 2
23557 4
23558 4
23559 2
23560 1
23561 2
23562 3
23563 5
23564 5
23565 2
23566 1
23567 2
23568 2
23569 0
23570 5
23571 3
23572 1
23573 4
23574 2
23575 3
23576 1
23577 3
23578 2
23579 0
23580 1
23581 6
23582 1
23583 4
23584 0
23585 1
23586 1
23587 1
23588 2
23589 2
23590 4
23591 4
23592 0
23593 1
23594 5
23595 3
23596 2
23597 1
23598 0
23599 1
23600 4
23601 4
23602 2
23603 2
23604 3
23605 0
23606 3
23607 4
23608 1
23609 0
23610 1
23611 4
23612 2
23613 0
23614 4
23615 3
23616 3
23617 5
23618 3
23619 2
23620 2
23621 1
23622 0
23623 4
23624 5
23625 2
23626 1
23627 1
23628 2
23629 5
23630 4
23631 0
23632 3
23633 0
23634 2
23635 4
23636 5
23637 1
23638 0
23639 0
23640 5
23641 2
23642 1
23643 3
23644 6
23645 3
23646 4
23647 4
23648 3
23649 0
23650 2
23651 0
23652 2
23653 2
23654 5
23655 2
23656 0
23657 4
23658 3
23659 3
23660 3
23661 0
23662 1
23663 3
23664 3
23665 2
23666 5
23667 2
23668 0
23669 2
23670 1
23671 1
23672 3
23673 5
23674 0
23675 6
23676 1
23677 6
23678 2
23679 2
23680 2
23681 4
23682 0
23683 1
23684 2
23685 4
23686 4
23687 4
23688 1
23689 4
23690 1
23691 3
23692 5
23693 1
23694 3
23695 0
23696 2
23697 3
23698 4
23699 3
23700 4
23701 3
23702 3
23703 0
23704 3
23705 3
23706 0
23707 3
23708 4
23709 1
23710 4
23711 1
23712 4
23713 3
23714 4
23715 0
23716 0
23717 1
23718 3
23719 0
23720 1
23721 5
23722 0
23723 4
23724 3
23725 2
23726 1
23727 5
23728 0
23729 4
23730 1
23731 0
23732 0
23733 0
23734 1
23735 3
23736 2
23737 1
23738 1
23739 0
23740 2
23741 2
23742 2
23743 0
23744 1
23745 3
23746 0
23747 0
23748 0
23749 2
23750 3
23751 1
23752 0
23753 5
23754 1
23755 3
23756 0
23757 0
23758 4
23759 0
23760 0
23761 1
23762 2
23763 0
23764 3
23765 3
23766 4
23767 5
23768 2
23769 3
23770 0
23771 3
23772 0
23773 2
23774 0
23775 6
23776 3
23777 4
23778 5
23779 4
23780 0
23781 0
23782 3
23783 2
23784 2
23785 2
23786 4
23787 0
23788 3
23789 4
23790 5
23791 1
23792 3
23793 3
23794 1
23795 2
23796 2
23797 1
23798 5
23799 3
23800 5
23801 2
23802 2
23803 1
23804 6
23805 5
23806 1
23807 1
23808 2
23809 3
23810 3
23811 0
23812 5
23813 1
23814 1
23815 3
23816 1
23817 0
23818 1
23819 3
23820 4
23821 1
23822 3
23823 4
23824 1
23825 3
23826 1
23827 3
23828 3
23829 3
23830 0
23831 4
23832 0
23833 1
23834 2
23835 2
23836 0
23837 2
23838 0
23839 3
23840 3
23841 4
23842 1
23843 2
23844 1
23845 0
23846 3
23847 4
23848 3
23849 5
23850 2
23851 1
23852 5
23853 5
23854 3
23855 3
23856 4
23857 5
23858 3
23859 3
23860 4
23861 5
23862 0
23863 2
23864 2
23865 3
23866 2
23867 1
23868 4
23869 3
23870 1
23871 2
23872 1
23873 3
23874 0
23875 0
23876 1
23877 1
23878 4
23879 2
23880 1
23881 1
23882 5
23883 3
23884 4
23885 3
23886 5
23887 6
23888 2
23889 0
23890 1
23891 4
23892 2
23893 3
23894 4
23895 4
23896 0
23897 0
23898 4
23899 3
23900 5
23901 4
23902 4
23903 0
23904 3
23905 0
23906 2
23907 0
23908 2
23909 0
23910 0
23911 0
23912 0
23913 2
23914 0
23915 1
23916 2
23917 3
23918 1
23919 2
23920 5
23921 3
23922 1
23923 2
23924 3
23925 3
23926 3
23927 1
23928 1
23929 3
23930 1
23931 2
23932 2
23933 3
23934 1
23935 1
23936 1
23937 0
23938 2
23939 2
23940 0
23941 4
23942 3
23943 1
23944 2
23945 2
23946 2
23947 3
23948 2
23949 4
23950 1
23951 2
23952 4
23953 4
23954 0
23955 6
23956 2
23957 0
23958 0
23959 2
23960 1
23961 2
23962 2
23963 4
23964 0
23965 4
23966 2
23967 2
23968 0
23969 4
23970 1
23971 1
23972 7
23973 4
23974 0
23975 4
23976 2
23977 1
23978 3
23979 2
23980 0
23981 3
23982 0
23983 0
23984 0
23985 4
23986 1
23987 0
23988 5
23989 0
23990 2
23991 3
23992 0
23993 2
23994 3
23995 3
23996 4
23997 5
23998 3
23999 6
24000 2
24001 3
24002 3
24003 2
24004 2
24005 2
24006 3
24007 2
24008 1
24009 4
24010 0
24011 5
24012 0
24013 4
24014 2
24015 1
24016 4
24017 0
24018 3
24019 2
24020 2
24021 0
24022 3
24023 3
24024 1
24025 3
24026 2
24027 4
24028 1
24029 1
24030 3
24031 2
24032 0
24033 4
24034 2
24035 2
24036 0
24037 4
24038 4
24039 1
24040 0
24041 0
24042 5
24043 2
24044 0
24045 4
24046 0
24047 1
24048 4
24049 2
24050 1
24051 3
24052 3
24053 3
24054 2
24055 5
24056 0
24057 4
24058 4
24059 1
24060 4
24061 2
24062 0
24063 4
24064 2
24065 5
24066 3
24067 3
24068 3
24069 5
24070 4
24071 5
24072 2
24073 4
24074 3
24075 0
24076 4
24077 5
24078 5
24079 1
24080 3
24081 0
24082 3
24083 1
24084 0
24085 2
24086 3
24087 4
24088 2
24089 3
24090 2
24091 3
24092 5
24093 0
24094 2
24095 4
24096 1
24097 2
24098 2
24099 3
24100 3
24101 3
24102 3
24103 5
24104 0
24105 0
24106 4
24107 1
24108 0
24109 3
24110 1
24111 2
24112 3
24113 3
24114 1
24115 3
24116 0
24117 2
24118 0
24119 3
24120 4
24121 2
24122 2
24123 2
24124 2
24125 1
24126 6
24127 2
24128 0
24129 0
24130 5
24131 4
24132 6
24133 1
24134 0
24135 1
24136 4
24137 5
24138 0
24139 3
24140 4
24141 3
24142 4
24143 5
24144 0
24145 2
24146 2
24147 5
24148 0
24149 2
24150 5
24151 4
24152 2
24153 3
24154 4
24155 2
24156 2
24157 2
24158 2
24159 5
24160 3
24161 1
24162 2
24163 2
24164 4
24165 1
24166 3
24167 2
24168 2
24169 4
24170 0
24171 1
24172 4
24173 3
24174 1
24175 4
24176 1
24177 1
24178 1
24179 0
24180 5
24181 3
24182 2
24183 5
24184 1
24185 2
24186 1
24187 1
24188 3
24189 2
24190 3
24191 4
24192 4
24193 2
24194 5
24195 4
24196 3
24197 2
24198 0
24199 3
24200 2
24201 3
24202 1
24203 3
24204 5
24205 1
24206 1
24207 6
24208 3
24209 0
24210 4
24211 4
24212 4
24213 3
24214 4
24215 0
24216 4
24217 2
24218 2
24219 2
24220 1
24221 0
24222 2
24223 2
24224 2
24225 5
24226 4
24227 1
24228 0
24229 1
24230 2
24231 5
24232 2
24233 3
24234 2
24235 5
24236 4
24237 4
24238 2
24239 0
24240 1
24241 2
24242 5
24243 3
24244 3
24245 0
24246 3
24247 0
24248 3
24249 5
24250 0
24251 1
24252 3
24253 1
24254 2
24255 3
24256 0
24257 1
24258 4
24259 1
24260 0
24261 1
24262 2
24263 1
24264 2
24265 1
24266 4
24267 4
24268 3
24269 2
24270 4
24271 0
24272 2
24273 3
24274 5
24275 0
24276 0
24277 2
24278 1
24279 1
24280 1
24281 3
24282 3
24283 1
24284 5
24285 4
24286 4
24287 1
24288 4
24289 2
24290 4
24291 0
24292 0
24293 4
24294 2
24295 0
24296 3
24297 2
24298 1
24299 0
24300 4
24301 3
24302 0
24303 2
24304 3
24305 2
24306 3
24307 2
24308 1
24309 1
24310 1
24311 5
24312 0
24313 3
24314 2
24315 1
24316 1
24317 1
24318 4
24319 3
24320 4
24321 1
24322 5
24323 0
24324 1
24325 2
24326 5
24327 0
24328 2
24329 2
24330 0
24331 3
24332 3
24333 1
24334 1
24335 4
24336 4
24337 2
24338 0
24339 1
24340 0
24341 6
24342 3
24343 4
24344 1
24345 2
24346 2
24347 2
24348 2
24349 2
24350 3
24351 3
24352 0
24353 0
24354 5
24355 2
24356 4
24357 4
24358 1
24359 1
24360 1
24361 2
24362 1
24363 1
24364 2
24365 1
24366 2
24367 4
24368 3
24369 4
24370 2
24371 1
24372 0
24373 1
24374 0
24375 3
24376 6
24377 1
24378 1
24379 5
24380 5
24381 0
24382 2
24383 0
24384 2
24385 3
24386 0
24387 0
24388 2
24389 3
24390 1
24391 2
24392 2
24393 3
24394 5
24395 1
24396 2
24397 0
24398 2
24399 5
24400 4
24401 2
24402 3
24403 1
24404 3
24405 2
24406 0
24407 4
24408 4
24409 1
24410 1
24411 0
24412 3
24413 0
24414 2
24415 2
24416 1
24417 3
24418 4
24419 0
24420 2
24421 3
24422 0
24423 3
24424 2
24425 3
24426 1
24427 3
24428 3
24429 2
24430 3
24431 4
24432 0
24433 2
24434 1
24435 2
24436 5
24437 2
24438 5
24439 2
24440 1
24441 1
24442 1
24443 3
24444 0
24445 0
24446 0
24447 4
24448 2
24449 4
24450 2
24451 2
24452 1
24453 5
24454 4
24455 0
24456 2
24457 4
24458 4
24459 0
24460 3
24461 4
24462 0
24463 5
24464 1
24465 2
24466 0
24467 2
24468 3
24469 1
24470 2
24471 4
24472 3
24473 5
24474 2
24475 1
24476 1
24477 2
24478 1
24479 3
24480 2
24481 4
24482 5
24483 5
24484 5
24485 1
24486 6
24487 5
24488 4
24489 0
24490 1
24491 1
24492 5
24493 1
24494 5
24495 5
24496 5
24497 1
24498 4
24499 4
24500 0
24501 2
24502 0
24503 4
24504 2
24505 0
24506 5
24507 3
24508 1
24509 6
24510 0
24511 4
24512 2
24513 1
24514 3
24515 0
24516 0
24517 5
24518 1
24519 4
24520 2
24521 3
24522 1
24523 0
24524 2
24525 0
24526 1
24527 1
24528 0
24529 4
24530 1
24531 3
24532 3
24533 1
24534 0
24535 3
24536 1
24537 4
24538 3
24539 1
24540 1
24541 2
24542 0
24543 1
24544 4
24545 0
24546 4
24547 5
24548 3
24549 3
24550 3
24551 5
24552 2
24553 2
24554 4
24555 2
24556 0
24557 0
24558 2
24559 1
24560 4
24561 4
24562 0
24563 0
24564 5
24565 2
24566 5
24567 0
24568 3
24569 4
24570 4
24571 0
24572 4
24573 2
24574 4
24575 2
24576 4
24577 2
24578 3
24579 2
24580 1
24581 3
24582 1
24583 1
24584 3
24585 3
24586 2
24587 4
24588 1
24589 4
24590 4
24591 6
24592 5
24593 4
24594 0
24595 3
24596 2
24597 1
24598 1
24599 2
24600 1
24601 2
24602 3
24603 0
24604 0
24605 4
24606 2
24607 2
24608 5
24609 1
24610 1
24611 2
24612 1
24613 2
24614 6
24615 3
24616 4
24617 3
24618 2
24619 3
24620 1
24621 4
24622 2
24623 1
24624 3
24625 3
24626 1
24627 4
24628 4
24629 3
24630 3
24631 2
24632 2
24633 2
24634 2
24635 5
24636 2
24637 3
24638 0
24639 1
24640 2
24641 3
24642 2
24643 0
24644 6
24645 5
24646 0
24647 0
24648 0
24649 3
24650 2
24651 4
24652 2
24653 4
24654 0
24655 1
24656 3
24657 1
24658 2
24659 0
24660 3
24661 0
24662 0
24663 0
24664 4
24665 2
24666 4
24667 4
24668 3
24669 2
24670 1
24671 2
24672 1
24673 4
24674 0
24675 3
24676 5
24677 2
24678 2
24679 1
24680 3
24681 0
24682 3
24683 3
24684 2
24685 0
24686 5
24687 3
24688 2
24689 4
24690 1
24691 2
24692 4
24693 0
24694 0
24695 3
24696 3
24697 1
24698 3
24699 5
24700 0
24701 0
24702 0
24703 3
24704 1
24705 3
24706 2
24707 4
24708 5
24709 0
24710 1
24711 0
24712 3
24713 3
24714 6
24715 3
24716 0
24717 3
24718 2
24719 1
24720 2
24721 5
24722 4
24723 0
24724 3
24725 1
24726 2
24727 2
24728 2
24729 1
24730 2
24731 4
24732 3
24733 2
24734 6
24735 1
24736 4
24737 5
24738 0
24739 1
24740 2
24741 1
24742 1
24743 6
24744 2
24745 2
24746 3
24747 2
24748 1
24749 4
24750 2
24751 3
24752 1
24753 3
24754 3
24755 1
24756 2
24757 2
24758 1
24759 0
24760 3
24761 1
24762 1
24763 0
24764 4
24765 4
24766 5
24767 1
24768 5
24769 1
24770 4
24771 5
24772 2
24773 3
24774 0
24775 0
24776 4
24777 3
24778 0
24779 0
24780 0
24781 0
24782 5
24783 1
24784 0
24785 6
24786 2
24787 2
24788 1
24789 5
24790 2
24791 2
24792 0
24793 1
24794 5
24795 0
24796 5
24797 2
24798 2
24799 2
24800 4
24801 3
24802 3
24803 4
24804 1
24805 4
24806 1
24807 2
24808 0
24809 0
24810 3
24811 6
24812 4
24813 3
24814 1
24815 5
24816 5
24817 2
24818 0
24819 1
24820 0
24821 5
24822 5
24823 3
24824 5
24825 3
24826 1
24827 0
24828 5
24829 4
24830 3
24831 2
24832 1
24833 0
24834 4
24835 3
24836 0
24837 5
24838 5
24839 2
24840 3
24841 1
24842 5
24843 4
24844 3
24845 2
24846 4
24847 0
24848 0
24849 6
24850 4
24851 0
24852 3
24853 0
24854 0
24855 4
24856 5
24857 3
24858 0
24859 2
24860 3
24861 3
24862 3
24863 0
24864 3
24865 2
24866 2
24867 5
24868 2
24869 6
24870 3
24871 0
24872 6
24873 5
24874 5
24875 1
24876 4
24877 3
24878 2
24879 1
24880 5
24881 5
24882 2
24883 1
24884 5
24885 0
24886 1
24887 1
24888 3
24889 4
24890 0
24891 0
24892 2
24893 0
24894 3
24895 3
24896 3
24897 1
24898 1
24899 3
24900 2
24901 0
24902 4
24903 5
24904 4
24905 3
24906 4
24907 2
24908 6
24909 2
24910 1
24911 3
24912 2
24913 5
24914 0
24915 2
24916 4
24917 1
24918 4
24919 2
24920 3
24921 1
24922 4
24923 0
24924 0
24925 3
24926 2
24927 2
24928 4
24929 0
24930 3
24931 5
24932 3
24933 3
24934 2
24935 2
24936 6
24937 3
24938 2
24939 3
24940 0
24941 5
24942 0
24943 2
24944 0
24945 4
24946 5
24947 4
24948 1
24949 2
24950 5
24951 4
24952 4
24953 2
24954 5
24955 2
24956 0
24957 3
24958 3
24959 4
24960 1
24961 3
24962 2
24963 2
24964 4
24965 3
24966 1
24967 3
24968 3
24969 2
24970 3
24971 0
24972 0
24973 2
24974 2
24975 1
24976 1
24977 3
24978 0
24979 4
24980 0
24981 2
24982 1
24983 3
24984 0
24985 3
24986 0
24987 3
24988 4
24989 3
24990 0
24991 1
24992 3
24993 0
24994 5
24995 1
24996 5
24997 1
24998 4
24999 1
25000 2
25001 1
25002 2
25003 5
25004 4
25005 2
25006 5
25007 3
25008 0
25009 1
25010 1
25011 3
25012 3
25013 3
25014 0
25015 4
25016 2
25017 3
25018 4
25019 5
25020 5
25021 2
25022 5
25023 4
25024 3
25025 2
25026 1
25027 0
25028 1
25029 1
25030 3
25031 2
25032 0
25033 2
25034 0
25035 0
25036 3
25037 4
25038 0
25039 1
25040 0
25041 0
25042 1
25043 4
25044 2
25045 4
25046 0
25047 3
25048 1
25049 4
25050 1
25051 0
25052 1
25053 2
25054 1
25055 5
25056 4
25057 3
25058 3
25059 3
25060 3
25061 4
25062 4
25063 5
25064 1
25065 5
25066 0
25067 0
25068 5
25069 1
25070 4
25071 3
25072 3
25073 3
25074 3
25075 5
25076 3
25077 0
25078 5
25079 0
25080 6
25081 3
25082 4
25083 3
25084 3
25085 5
25086 4
25087 1
25088 1
25089 1
25090 2
25091 0
25092 2
25093 1
25094 0
25095 1
25096 4
25097 0
25098 1
25099 0
25100 0
25101 6
25102 0
25103 4
25104 4
25105 0
25106 1
25107 2
25108 1
25109 2
25110 1
25111 1
25112 3
25113 4
25114 1
25115 1
25116 4
25117 2
25118 4
25119 5
25120 1
25121 1
25122 1
25123 4
25124 5
25125 1
25126 5
25127 1
25128 1
25129 0
25130 5
25131 3
25132 2
25133 1
25134 3
25135 0
25136 5
25137 1
25138 2
25139 0
25140 0
25141 0
25142 4
25143 0
25144 1
25145 4
25146 3
25147 2
25148 1
25149 0
25150 1
25151 1
25152 2
25153 3
25154 1
25155 3
25156 4
25157 3
25158 3
25159 3
25160 1
25161 5
25162 0
25163 3
25164 0
25165 1
25166 6
25167 0
25168 2
25169 5
25170 6
25171 2
25172 4
25173 1
25174 0
25175 1
25176 4
25177 4
25178 1
25179 4
25180 1
25181 2
25182 5
25183 4
25184 1
25185 5
25186 0
25187 3
25188 5
25189 3
25190 3
25191 6
25192 1
25193 2
25194 5
25195 0
25196 2
25197 3
25198 5
25199 0
25200 3
25201 1
25202 2
25203 3
25204 1
25205 2
25206 0
25207 5
25208 3
25209 0
25210 0
25211 3
25212 5
25213 0
25214 1
25215 3
25216 3
25217 2
25218 3
25219 0
25220 3
25221 1
25222 2
25223 2
25224 0
25225 6
25226 0
25227 1
25228 0
25229 5
25230 3
25231 1
25232 1
25233 2
25234 2
25235 2
25236 2
25237 1
25238 0
25239 2
25240 4
25241 3
25242 3
25243 3
25244 2
25245 0
25246 2
25247 4
25248 5
25249 0
25250 2
25251 4
25252 2
25253 2
25254 4
25255 4
25256 3
25257 4
25258 1
25259 0
25260 4
25261 0
25262 5
25263 2
25264 1
25265 5
25266 2
25267 5
25268 0
25269 0
25270 5
25271 2
25272 4
25273 3
25274 3
25275 5
25276 2
25277 4
25278 3
25279 2
25280 4
25281 4
25282 0
25283 2
25284 1
25285 1
25286 0
25287 0
25288 2
25289 1
25290 4
25291 1
25292 2
25293 4
25294 2
25295 1
25296 1
25297 1
25298 4
25299 1
25300 3
25301 4
25302 1
25303 2
25304 4
25305 5
25306 1
25307 4
25308 2
25309 0
25310 0
25311 2
25312 0
25313 2
25314 0
25315 3
25316 0
25317 3
25318 3
25319 5
25320 2
25321 4
25322 0
25323 4
25324 3
25325 5
25326 1
25327 3
25328 2
25329 4
25330 1
25331 0
25332 4
25333 3
25334 1
25335 4
25336 3
25337 1
25338 2
25339 1
25340 4
25341 4
25342 5
25343 1
25344 0
25345 0
25346 2
25347 6
25348 3
25349 0
25350 2
25351 1
25352 3
25353 1
25354 0
25355 5
25356 2
25357 5
25358 4
25359 5
25360 3
25361 0
25362 1
25363 0
25364 3
25365 2
25366 2
25367 5
25368 3
25369 3
25370 5
25371 1
25372 0
25373 0
25374 4
25375 0
25376 1
25377 2
25378 3
25379 2
25380 4
25381 3
25382 1
25383 2
25384 0
25385 0
25386 2
25387 0
25388 2
25389 2
25390 4
25391 0
25392 2
25393 3
25394 5
25395 1
25396 5
25397 0
25398 4
25399 5
25400 3
25401 0
25402 5
25403 1
25404 3
25405 4
25406 2
25407 1
25408 0
25409 4
25410 4
25411 1
25412 5
25413 1
25414 0
25415 0
25416 1
25417 3
25418 1
25419 3
25420 4
25421 3
25422 0
25423 0
25424 1
25425 1
25426 4
25427 5
25428 1
25429 3
25430 0
25431 3
25432 0
25433 2
25434 2
25435 3
25436 2
25437 1
25438 2
25439 5
25440 0
25441 4
25442 4
25443 5
25444 3
25445 2
25446 3
25447 5
25448 4
25449 5
25450 4
25451 0
25452 0
25453 4
25454 2
25455 0
25456 5
25457 0
25458 1
25459 3
25460 1
25461 2
25462 4
25463 5
25464 4
25465 0
25466 0
25467 2
25468 0
25469 2
25470 3
25471 4
25472 4
25473 1
25474 4
25475 1
25476 4
25477 0
25478 0
25479 4
25480 3
25481 0
25482 3
25483 4
25484 0
25485 2
25486 6
25487 1
25488 5
25489 0
25490 0
25491 1
25492 0
25493 3
25494 4
25495 5
25496 4
25497 4
25498 4
25499 2
25500 3
25501 0
25502 4
25503 0
25504 2
25505 1
25506 0
25507 1
25508 4
25509 4
25510 5
25511 0
25512 1
25513 3
25514 4
25515 1
25516 3
25517 2
25518 3
25519 2
25520 1
25521 2
25522 1
25523 1
25524 1
25525 3
25526 4
25527 4
25528 5
25529 4
25530 4
25531 4
25532 0
25533 1
25534 4
25535 3
25536 2
25537 5
25538 3
25539 0
25540 3
25541 5
25542 5
25543 4
25544 2
25545 2
25546 0
25547 3
25548 1
25549 4
25550 3
25551 3
25552 0
25553 2
25554 4
25555 0
25556 1
25557 1
25558 3
25559 3
25560 4
25561 0
25562 1
25563 2
25564 1
25565 4
25566 2
25567 4
25568 1
25569 0
25570 3
25571 1
25572 4
25573 0
25574 0
25575 1
25576 3
25577 2
25578 3
25579 0
25580 2
25581 0
25582 0
25583 3
25584 2
25585 3
25586 3
25587 4
25588 5
25589 0
25590 1
25591 3
25592 4
25593 3
25594 3
25595 5
25596 2
25597 0
25598 3
25599 1
25600 0
25601 4
25602 2
25603 5
25604 2
25605 3
25606 4
25607 0
25608 4
25609 1
25610 3
25611 0
25612 1
25613 2
25614 3
25615 2
25616 4
25617 5
25618 0
25619 2
25620 4
25621 1
25622 4
25623 2
25624 3
25625 3
25626 4
25627 5
25628 0
25629 4
25630 0
25631 2
25632 3
25633 5
25634 0
25635 3
25636 6
25637 1
25638 0
25639 0
25640 4
25641 2
25642 2
25643 2
25644 3
25645 3
25646 2
25647 0
25648 5
25649 5
25650 0
25651 0
25652 4
25653 4
25654 4
25655 2
25656 1
25657 3
25658 4
25659 2
25660 3
25661 0
25662 5
25663 2
25664 2
25665 3
25666 1
25667 4
25668 6
25669 2
25670 1
25671 6
25672 2
25673 4
25674 3
25675 1
25676 1
25677 2
25678 1
25679 2
25680 5
25681 2
25682 3
25683 1
25684 0
25685 3
25686 4
25687 2
25688 5
25689 0
25690 5
25691 5
25692 3
25693 3
25694 1
25695 2
25696 3
25697 2
25698 0
25699 0
25700 1
25701 4
25702 4
25703 3
25704 1
25705 4
25706 4
25707 1
25708 0
25709 1
25710 4
25711 2
25712 0
25713 0
25714 4
25715 2
25716 4
25717 2
25718 2
25719 3
25720 0
25721 3
25722 5
25723 1
25724 0
25725 1
25726 0
25727 3
25728 2
25729 5
25730 3
25731 4
25732 1
25733 3
25734 2
25735 5
25736 0
25737 0
25738 3
25739 4
25740 3
25741 0
25742 2
25743 1
25744 3
25745 1
25746 1
25747 0
25748 1
25749 2
25750 5
25751 1
25752 3
25753 1
25754 2
25755 4
25756 1
25757 1
25758 2
25759 3
25760 2
25761 4
25762 1
25763 1
25764 0
25765 0
25766 1
25767 1
25768 2
25769 3
25770 2
25771 2
25772 3
25773 2
25774 5
25775 2
25776 3
25777 0
25778 3
25779 3
25780 2
25781 4
25782 2
25783 3
25784 0
25785 5
25786 4
25787 3
25788 4
25789 1
25790 5
25791 1
25792 2
25793 2
25794 2
25795 2
25796 5
25797 2
25798 0
25799 0
25800 0
25801 3
25802 4
25803 0
25804 2
25805 0
25806 3
25807 4
25808 2
25809 5
25810 0
25811 0
25812 4
25813 0
25814 5
25815 0
25816 3
25817 4
25818 5
25819 3
25820 2
25821 1
25822 0
25823 1
25824 1
25825 6
25826 3
25827 0
25828 0
25829 4
25830 0
25831 3
25832 2
25833 1
25834 0
25835 1
25836 4
25837 1
25838 2
25839 3
25840 3
25841 4
25842 2
25843 1
25844 3
25845 4
25846 0
25847 0
25848 0
25849 0
25850 4
25851 0
25852 4
25853 0
25854 0
25855 6
25856 4
25857 2
25858 3
25859 3
25860 2
25861 0
25862 1
25863 2
25864 1
25865 0
25866 0
25867 2
25868 2
25869 1
25870 5
25871 2
25872 4
25873 5
25874 4
25875 4
25876 0
25877 1
25878 2
25879 0
25880 2
25881 5
25882 2
25883 3
25884 3
25885 2
25886 1
25887 4
25888 3
25889 4
25890 1
25891 3
25892 1
25893 3
25894 4
25895 1
25896 1
25897 4
25898 3
25899 1
25900 4
25901 1
25902 1
25903 0
25904 3
25905 1
25906 3
25907 5
25908 3
25909 2
25910 1
25911 0
25912 1
25913 5
25914 0
25915 5
25916 2
25917 1
25918 1
25919 4
25920 2
25921 2
25922 1
25923 3
25924 2
25925 4
25926 2
25927 1
25928 5
25929 3
25930 1
25931 2
25932 2
25933 5
25934 0
25935 4
25936 0
25937 6
25938 2
25939 3
25940 0
25941 3
25942 2
25943 3
25944 1
25945 2
25946 4
25947 5
25948 3
25949 3
25950 2
25951 5
25952 0
25953 4
25954 3
25955 4
25956 4
25957 0
25958 4
25959 4
25960 4
25961 5
25962 2
25963 3
25964 3
25965 0
25966 2
25967 1
25968 3
25969 3
25970 1
25971 4
25972 1
25973 3
25974 1
25975 1
25976 1
25977 6
25978 6
25979 4
25980 5
25981 6
25982 3
25983 1
25984 0
25985 0
25986 2
25987 2
25988 4
25989 4
25990 6
25991 5
25992 4
25993 3
25994 1
25995 5
25996 3
25997 2
25998 0
25999 2
26000 2
26001 1
26002 3
26003 5
26004 5
26005 0
26006 1
26007 5
26008 2
26009 1
26010 4
26011 3
26012 2
26013 5
26014 1
26015 1
26016 4
26017 0
26018 5
26019 0
26020 2
26021 5
26022 0
26023 4
26024 1
26025 2
26026 0
26027 2
26028 4
26029 0
26030 6
26031 5
26032 4
26033 5
26034 5
26035 0
26036 2
26037 2
26038 0
26039 4
26040 0
26041 0
26042 4
26043 4
26044 3
26045 1
26046 0
26047 3
26048 2
26049 1
26050 0
26051 4
26052 1
26053 0
26054 0
26055 2
26056 5
26057 5
26058 1
26059 0
26060 4
26061 1
26062 4
26063 3
26064 2
26065 4
26066 1
26067 3
26068 2
26069 0
26070 1
26071 1
26072 0
26073 0
26074 3
26075 3
26076 3
26077 6
26078 4
26079 6
26080 5
26081 2
26082 1
26083 1
26084 3
26085 5
26086 0
26087 5
26088 4
26089 5
26090 5
26091 1
26092 0
26093 3
26094 1
26095 2
26096 1
26097 3
26098 4
26099 2
26100 1
26101 4
26102 1
26103 0
26104 4
26105 2
26106 4
26107 0
26108 2
26109 3
26110 4
26111 2
26112 3
26113 5
26114 1
26115 1
26116 0
26117 3
26118 3
26119 2
26120 3
26121 1
26122 1
26123 1
26124 3
26125 3
26126 3
26127 4
26128 0
26129 2
26130 0
26131 2
26132 5
26133 5
26134 1
26135 1
26136 1
26137 0
26138 4
26139 1
26140 0
26141 1
26142 2
26143 0
26144 1
26145 4
26146 0
26147 2
26148 0
26149 3
26150 4
26151 5
26152 2
26153 2
26154 0
26155 5
26156 5
26157 3
26158 2
26159 1
26160 4
26161 5
26162 3
26163 2
26164 2
26165 0
26166 0
26167 0
26168 5
26169 3
26170 4
26171 5
26172 2
26173 0
26174 1
26175 1
26176 4
26177 4
26178 4
26179 3
26180 0
26181 3
26182 2
26183 5
26184 0
26185 2
26186 1
26187 2
26188 4
26189 4
26190 5
26191 4
26192 2
26193 3
26194 1
26195 1
26196 1
26197 3
26198 0
26199 1
26200 1
26201 1
26202 2
26203 4
26204 0
26205 4
26206 2
26207 5
26208 0
26209 5
26210 5
26211 2
26212 2
26213 3
26214 5
26215 0
26216 1
26217 1
26218 1
26219 3
26220 3
26221 2
26222 0
26223 2
26224 1
26225 1
26226 2
26227 3
26228 5
26229 0
26230 3
26231 4
26232 2
26233 6
26234 1
26235 2
26236 2
26237 3
26238 1
26239 2
26240 6
26241 4
26242 2
26243 3
26244 5
26245 0
26246 2
26247 2
26248 4
26249 0
26250 0
26251 4
26252 1
26253 0
26254 4
26255 4
26256 0
26257 3
26258 4
26259 0
26260 0
26261 1
26262 2
26263 3
26264 4
26265 0
26266 2
26267 4
26268 2
26269 0
26270 1
26271 1
26272 2
26273 4
26274 0
26275 5
26276 1
26277 3
26278 0
26279 4
26280 2
26281 0
26282 4
26283 1
26284 4
26285 1
26286 4
26287 1
26288 4
26289 3
26290 0
26291 1
26292 0
26293 0
26294 3
26295 1
26296 1
26297 2
26298 1
26299 2
26300 2
26301 0
26302 3
26303 4
26304 2
26305 1
26306 3
26307 6
26308 2
26309 1
26310 0
26311 1
26312 2
26313 4
26314 0
26315 0
26316 2
26317 4
26318 1
26319 4
26320 3
26321 0
26322 2
26323 2
26324 2
26325 1
26326 2
26327 2
26328 1
26329 0
26330 0
26331 0
26332 1
26333 3
26334 1
26335 2
26336 3
26337 4
26338 2
26339 2
26340 4
26341 3
26342 3
26343 4
26344 5
26345 1
26346 3
26347 2
26348 4
26349 2
26350 2
26351 0
26352 3
26353 0
26354 3
26355 4
26356 3
26357 3
26358 0
26359 3
26360 4
26361 4
26362 6
26363 3
26364 5
26365 4
26366 2
26367 1
26368 3
26369 3
26370 1
26371 0
26372 1
26373 0
26374 3
26375 3
26376 4
26377 4
26378 4
26379 3
26380 6
26381 4
26382 4
26383 0
26384 5
26385 2
26386 1
26387 5
26388 1
26389 6
26390 0
26391 6
26392 0
26393 3
26394 3
26395 2
26396 5
26397 5
26398 5
26399 4
26400 3
26401 5
26402 3
26403 2
26404 3
26405 2
26406 3
26407 4
26408 3
26409 5
26410 2
26411 2
26412 3
26413 2
26414 1
26415 3
26416 3
26417 5
26418 3
26419 0
26420 2
26421 1
26422 4
26423 0
26424 0
26425 5
26426 4
26427 1
26428 3
26429 4
26430 5
26431 1
26432 3
26433 1
26434 0
26435 3
26436 0
26437 0
26438 3
26439 0
26440 1
26441 4
26442 1
26443 3
26444 4
26445 3
26446 3
26447 2
26448 1
26449 0
26450 2
26451 4
26452 4
26453 3
26454 5
26455 2
26456 0
26457 4
26458 0
26459 1
26460 1
26461 0
26462 3
26463 4
26464 5
26465 3
26466 1
26467 1
26468 4
26469 2
26470 4
26471 0
26472 0
26473 1
26474 3
26475 3
26476 3
26477 2
26478 2
26479 0
26480 0
26481 0
26482 3
26483 1
26484 6
26485 2
26486 4
26487 1
26488 1
26489 4
26490 0
26491 2
26492 1
26493 1
26494 0
26495 2
26496 0
26497 2
26498 2
26499 5
26500 2
26501 5
26502 4
26503 3
26504 2
26505 0
26506 4
26507 6
26508 1
26509 4
26510 3
26511 3
26512 3
26513 1
26514 1
26515 3
26516 4
26517 1
26518 4
26519 4
26520 2
26521 4
26522 0
26523 3
26524 4
26525 1
26526 2
26527 6
26528 0
26529 1
26530 3
26531 4
26532 0
26533 0
26534 3
26535 1
26536 3
26537 0
26538 2
26539 5
26540 2
26541 3
26542 0
26543 3
26544 3
26545 0
26546 0
26547 3
26548 3
26549 3
26550 0
26551 5
26552 6
26553 0
26554 3
26555 2
26556 4
26557 4
26558 1
26559 4
26560 4
26561 2
26562 0
26563 0
26564 0
26565 2
26566 6
26567 4
26568 4
26569 3
26570 0
26571 4
26572 5
26573 0
26574 2
26575 0
26576 6
26577 1
26578 2
26579 5
26580 3
26581 2
26582 3
26583 3
26584 4
26585 1
26586 3
26587 1
26588 0
26589 1
26590 5
26591 2
26592 5
26593 0
26594 3
26595 3
26596 4
26597 1
26598 6
26599 3
26600 4
26601 0
26602 3
26603 2
26604 3
26605 3
26606 0
26607 0
26608 6
26609 4
26610 4
26611 4
26612 1
26613 5
26614 4
26615 4
26616 4
26617 4
26618 3
26619 1
26620 3
26621 3
26622 0
26623 0
26624 0
26625 1
26626 5
26627 3
26628 2
26629 3
26630 3
26631 2
26632 3
26633 3
26634 0
26635 6
26636 2
26637 4
26638 4
26639 1
26640 4
26641 0
26642 1
26643 5
26644 2
26645 0
26646 2
26647 1
26648 0
26649 4
26650 0
26651 3
26652 1
26653 5
26654 1
26655 1
26656 0
26657 2
26658 4
26659 2
26660 5
26661 4
26662 2
26663 4
26664 1
26665 1
26666 4
26667 4
26668 5
26669 4
26670 5
26671 3
26672 1
26673 2
26674 2
26675 4
26676 4
26677 2
26678 2
26679 0
26680 4
26681 0
26682 3
26683 4
26684 4
26685 1
26686 1
26687 2
26688 5
26689 6
26690 0
26691 0
26692 1
26693 5
26694 4
26695 2
26696 2
26697 2
26698 0
26699 1
26700 3
26701 4
26702 0
26703 4
26704 2
26705 4
26706 3
26707 3
26708 2
26709 3
26710 2
26711 3
26712 5
26713 3
26714 0
26715 0
26716 5
26717 2
26718 1
26719 0
26720 1
26721 1
26722 2
26723 3
26724 3
26725 3
26726 3
26727 4
26728 0
26729 2
26730 0
26731 3
26732 5
26733 0
26734 0
26735 5
26736 1
26737 4
26738 4
26739 0
26740 1
26741 4
26742 5
26743 1
26744 5
26745 1
26746 3
26747 4
26748 5
26749 2
26750 1
26751 4
26752 1
26753 1
26754 1
26755 3
26756 0
26757 0
26758 1
26759 2
26760 3
26761 2
26762 5
26763 5
26764 0
26765 2
26766 4
26767 0
26768 3
26769 0
26770 3
26771 5
26772 2
26773 2
26774 2
26775 4
26776 1
26777 4
26778 4
26779 1
26780 1
26781 2
26782 3
26783 1
26784 0
26785 2
26786 1
26787 4
26788 2
26789 1
26790 3
26791 4
26792 4
26793 3
26794 3
26795 5
26796 0
26797 1
26798 4
26799 3
26800 2
26801 1
26802 3
26803 2
26804 3
26805 0
26806 6
26807 1
26808 4
26809 2
26810 6
26811 3
26812 0
26813 0
26814 1
26815 0
26816 0
26817 0
26818 3
26819 5
26820 3
26821 3
26822 6
26823 2
26824 3
26825 5
26826 3
26827 3
26828 1
26829 1
26830 5
26831 1
26832 1
26833 1
26834 0
26835 4
26836 1
26837 5
26838 1
26839 2
26840 4
26841 3
26842 4
26843 1
26844 5
26845 1
26846 1
26847 5
26848 2
26849 0
26850 5
26851 6
26852 0
26853 1
26854 4
26855 6
26856 2
26857 5
26858 3
26859 0
26860 5
26861 3
26862 0
26863 2
26864 3
26865 6
26866 0
26867 4
26868 4
26869 4
26870 2
26871 2
26872 5
26873 2
26874 1
26875 4
26876 3
26877 3
26878 3
26879 2
26880 0
26881 4
26882 2
26883 0
26884 1
26885 3
26886 3
26887 2
26888 6
26889 6
26890 5
26891 4
26892 1
26893 3
26894 2
26895 3
26896 5
26897 0
26898 3
26899 0
26900 4
26901 1
26902 2
26903 4
26904 3
26905 1
26906 0
26907 5
26908 1
26909 3
26910 0
26911 4
26912 3
26913 4
26914 0
26915 1
26916 2
26917 0
26918 2
26919 5
26920 2
26921 2
26922 3
26923 3
26924 4
26925 4
26926 0
26927 3
26928 1
26929 0
26930 3
26931 2
26932 1
26933 3
26934 3
26935 4
26936 1
26937 0
26938 5
26939 6
26940 0
26941 2
26942 2
26943 3
26944 0
26945 3
26946 0
26947 6
26948 6
26949 5
26950 4
26951 2
26952 0
26953 5
26954 1
26955 0
26956 5
26957 3
26958 0
26959 0
26960 0
26961 2
26962 3
26963 1
26964 4
26965 0
26966 3
26967 3
26968 5
26969 0
26970 1
26971 2
26972 6
26973 1
26974 0
26975 1
26976 0
26977 1
26978 1
26979 5
26980 1
26981 4
26982 2
26983 0
26984 3
26985 4
26986 5
26987 1
26988 4
26989 5
26990 1
26991 3
26992 3
26993 4
26994 1
26995 3
26996 0
26997 5
26998 4
26999 2
27000 5
27001 1
27002 0
27003 3
27004 3
27005 0
27006 2
27007 5
27008 0
27009 2
27010 3
27011 0
27012 0
27013 0
27014 2
27015 3
27016 1
27017 2
27018 0
27019 4
27020 3
27021 4
27022 0
27023 3
27024 3
27025 4
27026 0
27027 5
27028 2
27029 1
27030 2
27031 4
27032 3
27033 0
27034 0
27035 5
27036 1
27037 0
27038 0
27039 3
27040 3
27041 0
27042 2
27043 2
27044 5
27045 3
27046 5
27047 2
27048 2
27049 3
27050 0
27051 3
27052 2
27053 4
27054 3
27055 2
27056 1
27057 1
27058 2
27059 1
27060 0
27061 5
27062 3
27063 3
27064 5
27065 3
27066 5
27067 4
27068 3
27069 2
27070 4
27071 2
27072 3
27073 3
27074 2
27075 2
27076 4
27077 0
27078 0
27079 1
27080 0
27081 0
27082 3
27083 2
27084 0
27085 4
27086 2
27087 5
27088 2
27089 5
27090 4
27091 3
27092 3
27093 0
27094 0
27095 3
27096 5
27097 2
27098 4
27099 3
27100 1
27101 4
27102 2
27103 2
27104 5
27105 3
27106 2
27107 4
27108 5
27109 6
27110 4
27111 5
27112 0
27113 0
27114 1
27115 3
27116 1
27117 0
27118 4
27119 2
27120 5
27121 3
27122 3
27123 5
27124 2
27125 1
27126 1
27127 2
27128 2
27129 3
27130 1
27131 3
27132 3
27133 2
27134 1
27135 1
27136 3
27137 2
27138 0
27139 3
27140 4
27141 1
27142 2
27143 3
27144 3
27145 1
27146 0
27147 0
27148 1
27149 4
27150 1
27151 0
27152 5
27153 1
27154 5
27155 1
27156 1
27157 3
27158 2
27159 3
27160 3
27161 1
27162 2
27163 1
27164 3
27165 0
27166 1
27167 4
27168 4
27169 3
27170 1
27171 0
27172 3
27173 4
27174 2
27175 3
27176 0
27177 2
27178 3
27179 4
27180 6
27181 2
27182 2
27183 1
27184 2
27185 0
27186 4
27187 4
27188 1
27189 2
27190 6
27191 5
27192 4
27193 1
27194 2
27195 2
27196 5
27197 2
27198 5
27199 5
27200 0
27201 4
27202 1
27203 3
27204 0
27205 0
27206 0
27207 2
27208 3
27209 1
27210 5
27211 0
27212 1
27213 3
27214 2
27215 4
27216 1
27217 0
27218 2
27219 0
27220 5
27221 5
27222 4
27223 2
27224 0
27225 1
27226 4
27227 1
27228 4
27229 5
27230 5
27231 0
27232 1
27233 1
27234 2
27235 0
27236 5
27237 2
27238 3
27239 0
27240 5
27241 3
27242 0
27243 4
27244 4
27245 1
27246 5
27247 1
27248 2
27249 0
27250 5
27251 5
27252 5
27253 2
27254 3
27255 3
27256 0
27257 4
27258 0
27259 4
27260 2
27261 3
27262 3
27263 5
27264 5
27265 2
27266 5
27267 2
27268 0
27269 2
27270 4
27271 1
27272 2
27273 3
27274 2
27275 2
27276 0
27277 2
27278 1
27279 1
27280 4
27281 0
27282 0
27283 6
27284 3
27285 2
27286 0
27287 0
27288 4
27289 5
27290 1
27291 0
27292 1
27293 3
27294 2
27295 1
27296 0
27297 2
27298 3
27299 5
27300 6
27301 3
27302 3
27303 1
27304 0
27305 2
27306 4
27307 0
27308 4
27309 4
27310 4
27311 5
27312 2
27313 0
27314 6
27315 2
27316 0
27317 1
27318 5
27319 3
27320 4
27321 2
27322 2
27323 1
27324 0
27325 0
27326 1
27327 4
27328 1
27329 0
27330 2
27331 3
27332 1
27333 0
27334 4
27335 2
27336 3
27337 5
27338 0
27339 0
27340 3
27341 6
27342 1
27343 2
27344 2
27345 1
27346 1
27347 3
27348 2
27349 2
27350 1
27351 3
27352 1
27353 4
27354 1
27355 0
27356 1
27357 2
27358 3
27359 5
27360 1
27361 5
27362 6
27363 2
27364 2
27365 1
27366 3
27367 0
27368 1
27369 1
27370 1
27371 5
27372 3
27373 4
27374 5
27375 3
27376 5
27377 2
27378 2
27379 1
27380 1
27381 1
27382 3
27383 2
27384 5
27385 4
27386 0
27387 2
27388 1
27389 0
27390 4
27391 0
27392 4
27393 4
27394 0
27395 3
27396 5
27397 1
27398 0
27399 1
27400 3
27401 1
27402 5
27403 4
27404 2
27405 2
27406 0
27407 5
27408 2
27409 2
27410 2
27411 3
27412 5
27413 3
27414 1
27415 0
27416 4
27417 4
27418 2
27419 4
27420 4
27421 3
27422 2
27423 0
27424 2
27425 5
27426 2
27427 0
27428 4
27429 3
27430 0
27431 4
27432 4
27433 2
27434 3
27435 0
27436 0
27437 5
27438 3
27439 2
27440 0
27441 0
27442 0
27443 2
27444 6
27445 3
27446 0
27447 2
27448 0
27449 4
27450 1
27451 5
27452 0
27453 2
27454 3
27455 5
27456 0
27457 1
27458 3
27459 1
27460 3
27461 4
27462 2
27463 2
27464 1
27465 1
27466 6
27467 3
27468 2
27469 2
27470 1
27471 4
27472 2
27473 2
27474 1
27475 2
27476 2
27477 2
27478 4
27479 5
27480 2
27481 0
27482 2
27483 3
27484 1
27485 5
27486 2
27487 0
27488 2
27489 0
27490 4
27491 1
27492 5
27493 0
27494 4
27495 0
27496 2
27497 2
27498 2
27499 3
27500 3
27501 4
27502 2
27503 0
27504 0
27505 1
27506 4
27507 1
27508 3
27509 2
27510 1
27511 5
27512 0
27513 3
27514 5
27515 5
27516 4
27517 1
27518 2
27519 2
27520 5
27521 1
27522 2
27523 4
27524 5
27525 3
27526 4
27527 2
27528 0
27529 1
27530 0
27531 4
27532 0
27533 1
27534 4
27535 5
27536 1
27537 1
27538 1
27539 2
27540 3
27541 4
27542 3
27543 3
27544 3
27545 0
27546 3
27547 4
27548 5
27549 1
27550 5
27551 1
27552 4
27553 1
27554 0
27555 0
27556 1
27557 4
27558 2
27559 1
27560 1
27561 1
27562 3
27563 2
27564 5
27565 1
27566 1
27567 0
27568 0
27569 0
27570 2
27571 5
27572 3
27573 4
27574 1
27575 3
27576 1
27577 2
27578 4
27579 3
27580 4
27581 2
27582 1
27583 0
27584 3
27585 4
27586 1
27587 4
27588 4
27589 3
27590 1
27591 4
27592 0
27593 2
27594 3
27595 3
27596 2
27597 1
27598 1
27599 3
27600 2
27601 5
27602 1
27603 3
27604 0
27605 5
27606 2
27607 0
27608 1
27609 0
27610 3
27611 0
27612 5
27613 0
27614 1
27615 3
27616 0
27617 2
27618 4
27619 1
27620 1
27621 6
27622 4
27623 1
27624 4
27625 3
27626 0
27627 6
27628 1
27629 5
27630 1
27631 2
27632 3
27633 3
27634 2
27635 0
27636 3
27637 5
27638 3
27639 3
27640 3
27641 1
27642 1
27643 5
27644 2
27645 1
27646 1
27647 0
27648 4
27649 3
27650 0
27651 0
27652 2
27653 0
27654 1
27655 0
27656 4
27657 3
27658 1
27659 3
27660 5
27661 2
27662 3
27663 5
27664 3
27665 5
27666 2
27667 0
27668 4
27669 4
27670 0
27671 4
27672 0
27673 0
27674 5
27675 2
27676 0
27677 4
27678 1
27679 4
27680 0
27681 0
27682 0
27683 5
27684 2
27685 2
27686 3
27687 5
27688 1
27689 0
27690 1
27691 5
27692 6
27693 3
27694 0
27695 2
27696 4
27697 3
27698 3
27699 3
27700 1
27701 2
27702 1
27703 0
27704 2
27705 4
27706 2
27707 3
27708 1
27709 0
27710 2
27711 3
27712 2
27713 3
27714 3
27715 2
27716 3
27717 0
27718 1
27719 3
27720 0
27721 4
27722 2
27723 3
27724 4
27725 2
27726 0
27727 3
27728 2
27729 0
27730 1
27731 0
27732 0
27733 1
27734 1
27735 3
27736 0
27737 0
27738 0
27739 2
27740 4
27741 2
27742 2
27743 1
27744 0
27745 4
27746 2
27747 4
27748 1
27749 5
27750 0
27751 2
27752 2
27753 0
27754 2
27755 3
27756 1
27757 4
27758 4
27759 3
27760 3
27761 1
27762 4
27763 3
27764 0
27765 6
27766 0
27767 3
27768 4
27769 0
27770 0
27771 5
27772 1
27773 0
27774 3
27775 2
27776 5
27777 0
27778 3
27779 4
27780 1
27781 0
27782 5
27783 2
27784 0
27785 0
27786 4
27787 4
27788 1
27789 0
27790 0
27791 2
27792 4
27793 2
27794 3
27795 0
27796 4
27797 0
27798 2
27799 4
27800 5
27801 2
27802 3
27803 6
27804 6
27805 4
27806 0
27807 2
27808 3
27809 2
27810 0
27811 3
27812 3
27813 1
27814 4
27815 2
27816 1
27817 3
27818 4
27819 3
27820 2
27821 2
27822 1
27823 2
27824 4
27825 5
27826 5
27827 3
27828 4
27829 1
27830 1
27831 1
27832 0
27833 1
27834 1
27835 5
27836 1
27837 3
27838 2
27839 3
27840 3
27841 1
27842 2
27843 3
27844 1
27845 3
27846 1
27847 1
27848 2
27849 2
27850 1
27851 3
27852 2
27853 4
27854 1
27855 0
27856 2
27857 3
27858 0
27859 0
27860 2
27861 3
27862 0
27863 4
27864 4
27865 3
27866 3
27867 1
27868 4
27869 3
27870 3
27871 0
27872 2
27873 1
27874 1
27875 4
27876 2
27877 4
27878 4
27879 1
27880 2
27881 3
27882 1
27883 2
27884 3
27885 1
27886 1
27887 3
27888 4
27889 1
27890 4
27891 5
27892 1
27893 1
27894 5
27895 1
27896 3
27897 4
27898 0
27899 1
27900 0
27901 5
27902 2
27903 2
27904 1
27905 4
27906 1
27907 3
27908 5
27909 2
27910 2
27911 5
27912 5
27913 3
27914 5
27915 4
27916 1
27917 3
27918 2
27919 3
27920 3
27921 3
27922 3
27923 0
27924 2
27925 5
27926 0
27927 2
27928 2
27929 4
27930 1
27931 3
27932 2
27933 4
27934 0
27935 4
27936 1
27937 3
27938 0
27939 2
27940 1
27941 5
27942 3
27943 0
27944 3
27945 5
27946 4
27947 5
27948 4
27949 1
27950 3
27951 0
27952 4
27953 0
27954 0
27955 2
27956 0
27957 0
27958 3
27959 4
27960 3
27961 4
27962 2
27963 6
27964 1
27965 4
27966 4
27967 5
27968 4
27969 1
27970 4
27971 2
27972 4
27973 3
27974 3
27975 0
27976 2
27977 3
27978 1
27979 1
27980 2
27981 0
27982 1
27983 2
27984 3
27985 3
27986 4
27987 2
27988 3
27989 2
27990 2
27991 1
27992 3
27993 2
27994 2
27995 2
27996 2
27997 3
27998 6
27999 3
28000 0
28001 2
28002 0
28003 2
28004 0
28005 4
28006 0
28007 0
28008 2
28009 0
28010 1
28011 4
28012 3
28013 3
28014 1
28015 2
28016 2
28017 1
28018 2
28019 3
28020 5
28021 1
28022 0
28023 3
28024 0
28025 2
28026 0
28027 0
28028 3
28029 6
28030 1
28031 5
28032 1
28033 4
28034 3
28035 0
28036 3
28037 2
28038 2
28039 4
28040 2
28041 6
28042 5
28043 4
28044 1
28045 3
28046 5
28047 0
28048 5
28049 0
28050 2
28051 1
28052 4
28053 3
28054 2
28055 2
28056 3
28057 1
28058 2
28059 0
28060 2
28061 3
28062 2
28063 4
28064 0
28065 0
28066 4
28067 0
28068 4
28069 4
28070 4
28071 4
28072 3
28073 1
28074 1
28075 4
28076 1
28077 1
28078 0
28079 5
28080 3
28081 4
28082 4
28083 3
28084 0
28085 5
28086 1
28087 5
28088 1
28089 1
28090 1
28091 5
28092 3
28093 1
28094 2
28095 5
28096 2
28097 2
28098 2
28099 0
28100 4
28101 1
28102 2
28103 1
28104 3
28105 0
28106 0
28107 1
28108 5
28109 2
28110 4
28111 1
28112 5
28113 4
28114 3
28115 0
28116 0
28117 3
28118 0
28119 3
28120 0
28121 1
28122 4
28123 0
28124 1
28125 2
28126 2
28127 1
28128 0
28129 1
28130 1
28131 1
28132 4
28133 2
28134 1
28135 2
28136 3
28137 0
28138 4
28139 2
28140 3
28141 1
28142 2
28143 4
28144 0
28145 6
28146 3
28147 3
28148 1
28149 2
28150 2
28151 0
28152 4
28153 0
28154 3
28155 4
28156 0
28157 4
28158 1
28159 1
28160 0
28161 3
28162 2
28163 1
28164 2
28165 3
28166 1
28167 0
28168 4
28169 4
28170 4
28171 4
28172 4
28173 0
28174 0
28175 2
28176 3
28177 5
28178 0
28179 5
28180 3
28181 3
28182 1
28183 1
28184 2
28185 0
28186 4
28187 4
28188 2
28189 1
28190 1
28191 3
28192 6
28193 3
28194 4
28195 6
28196 2
28197 5
28198 2
28199 5
28200 0
28201 3
28202 4
28203 1
28204 3
28205 4
28206 2
28207 1
28208 1
28209 3
28210 1
28211 4
28212 3
28213 1
28214 5
28215 1
28216 0
28217 0
28218 3
28219 0
28220 2
28221 2
28222 2
28223 5
28224 2
28225 0
28226 1
28227 3
28228 1
28229 0
28230 5
28231 4
28232 2
28233 4
28234 2
28235 5
28236 2
28237 7
28238 0
28239 3
28240 2
28241 2
28242 3
28243 5
28244 4
28245 1
28246 2
28247 5
28248 1
28249 1
28250 3
28251 1
28252 1
28253 2
28254 5
28255 1
28256 2
28257 0
28258 3
28259 1
28260 2
28261 0
28262 1
28263 3
28264 1
28265 4
28266 4
28267 3
28268 4
28269 1
28270 1
28271 0
28272 4
28273 1
28274 1
28275 6
28276 3
28277 4
28278 5
28279 2
28280 3
28281 1
28282 3
28283 4
28284 3
28285 3
28286 1
28287 1
28288 2
28289 4
28290 2
28291 4
28292 2
28293 2
28294 4
28295 0
28296 3
28297 2
28298 2
28299 0
28300 3
28301 1
28302 3
28303 2
28304 6
28305 2
28306 4
28307 3
28308 2
28309 1
28310 3
28311 0
28312 4
28313 5
28314 1
28315 1
28316 0
28317 5
28318 3
28319 4
28320 4
28321 5
28322 0
28323 0
28324 1
28325 4
28326 1
28327 4
28328 0
28329 3
28330 3
28331 1
28332 3
28333 1
28334 3
28335 1
28336 5
28337 0
28338 5
28339 4
28340 2
28341 2
28342 5
28343 1
28344 1
28345 1
28346 2
28347 3
28348 5
28349 5
28350 0
28351 3
28352 1
28353 5
28354 2
28355 4
28356 3
28357 2
28358 5
28359 1
28360 0
28361 0
28362 3
28363 6
28364 0
28365 1
28366 1
28367 2
28368 5
28369 5
28370 2
28371 4
28372 1
28373 2
28374 0
28375 3
28376 2
28377 5
28378 3
28379 1
28380 0
28381 2
28382 1
28383 3
28384 1
28385 0
28386 5
28387 2
28388 1
28389 0
28390 2
28391 1
28392 0
28393 1
28394 0
28395 1
28396 1
28397 5
28398 0
28399 2
28400 1
28401 5
28402 4
28403 0
28404 2
28405 3
28406 0
28407 2
28408 2
28409 2
28410 5
28411 0
28412 3
28413 3
28414 2
28415 5
28416 3
28417 0
28418 4
28419 2
28420 0
28421 5
28422 1
28423 2
28424 6
28425 0
28426 4
28427 2
28428 0
28429 0
28430 3
28431 1
28432 0
28433 3
28434 3
28435 3
28436 5
28437 1
28438 0
28439 1
28440 2
28441 3
28442 5
28443 0
28444 0
28445 4
28446 2
28447 6
28448 3
28449 4
28450 1
28451 0
28452 3
28453 1
28454 1
28455 3
28456 1
28457 2
28458 3
28459 3
28460 0
28461 0
28462 4
28463 2
28464 1
28465 4
28466 3
28467 1
28468 3
28469 2
28470 1
28471 4
28472 6
28473 3
28474 2
28475 1
28476 3
28477 2
28478 0
28479 1
28480 1
28481 4
28482 3
28483 5
28484 2
28485 3
28486 2
28487 0
28488 2
28489 5
28490 4
28491 1
28492 3
28493 5
28494 3
28495 3
28496 3
28497 5
28498 4
28499 0
28500 2
28501 1
28502 2
28503 3
28504 4
28505 0
28506 5
28507 4
28508 5
28509 2
28510 3
28511 4
28512 4
28513 5
28514 2
28515 2
28516 1
28517 1
28518 5
28519 0
28520 3
28521 5
28522 3
28523 2
28524 5
28525 2
28526 3
28527 2
28528 2
28529 4
28530 0
28531 4
28532 1
28533 1
28534 3
28535 0
28536 4
28537 3
28538 1
28539 4
28540 6
28541 6
28542 3
28543 0
28544 1
28545 0
28546 0
28547 1
28548 0
28549 4
28550 4
28551 0
28552 1
28553 1
28554 5
28555 3
28556 3
28557 5
28558 1
28559 0
28560 3
28561 3
28562 0
28563 0
28564 4
28565 1
28566 3
28567 5
28568 1
28569 3
28570 5
28571 5
28572 3
28573 2
28574 1
28575 0
28576 1
28577 3
28578 0
28579 4
28580 5
28581 2
28582 2
28583 2
28584 1
28585 0
28586 2
28587 3
28588 4
28589 2
28590 1
28591 2
28592 0
28593 0
28594 3
28595 3
28596 0
28597 3
28598 0
28599 5
28600 2
28601 5
28602 2
28603 5
28604 1
28605 2
28606 3
28607 3
28608 5
28609 2
28610 2
28611 1
28612 2
28613 0
28614 3
28615 5
28616 0
28617 6
28618 3
28619 6
28620 6
28621 5
28622 4
28623 3
28624 1
28625 2
28626 3
28627 5
28628 3
28629 2
28630 3
28631 1
28632 1
28633 0
28634 4
28635 2
28636 3
28637 3
28638 6
28639 4
28640 3
28641 4
28642 6
28643 3
28644 5
28645 2
28646 0
28647 3
28648 2
28649 3
28650 1
28651 3
28652 1
28653 4
28654 3
28655 5
28656 3
28657 4
28658 2
28659 2
28660 1
28661 4
28662 3
28663 5
28664 0
28665 0
28666 5
28667 2
28668 2
28669 5
28670 1
28671 1
28672 0
28673 1
28674 1
28675 4
28676 2
28677 3
28678 2
28679 0
28680 1
28681 3
28682 2
28683 0
28684 2
28685 1
28686 0
28687 2
28688 1
28689 4
28690 1
28691 1
28692 3
28693 4
28694 3
28695 1
28696 4
28697 0
28698 2
28699 4
28700 5
28701 2
28702 1
28703 2
28704 2
28705 5
28706 6
28707 4
28708 4
28709 3
28710 2
28711 2
28712 1
28713 3
28714 1
28715 0
28716 0
28717 4
28718 1
28719 2
28720 0
28721 0
28722 2
28723 1
28724 4
28725 2
28726 4
28727 5
28728 3
28729 4
28730 1
28731 0
28732 2
28733 1
28734 4
28735 2
28736 3
28737 1
28738 0
28739 3
28740 1
28741 5
28742 4
28743 0
28744 3
28745 1
28746 5
28747 2
28748 3
28749 3
28750 2
28751 0
28752 4
28753 4
28754 1
28755 3
28756 3
28757 1
28758 1
28759 3
28760 5
28761 2
28762 1
28763 0
28764 1
28765 5
28766 4
28767 3
28768 4
28769 2
28770 3
28771 2
28772 5
28773 2
28774 0
28775 0
28776 2
28777 4
28778 1
28779 3
28780 2
28781 4
28782 2
28783 0
28784 0
28785 1
28786 1
28787 6
28788 1
28789 3
28790 0
28791 0
28792 0
28793 2
28794 1
28795 5
28796 4
28797 0
28798 2
28799 1
28800 0
28801 2
28802 2
28803 1
28804 0
28805 3
28806 4
28807 1
28808 1
28809 5
28810 0
28811 3
28812 2
28813 1
28814 0
28815 4
28816 0
28817 4
28818 1
28819 2
28820 3
28821 2
28822 3
28823 3
28824 3
28825 3
28826 1
28827 1
28828 1
28829 1
28830 0
28831 1
28832 4
28833 2
28834 4
28835 4
28836 1
28837 5
28838 2
28839 2
28840 5
28841 2
28842 3
28843 0
28844 0
28845 4
28846 5
28847 2
28848 1
28849 0
28850 0
28851 5
28852 0
28853 5
28854 1
28855 4
28856 3
28857 1
28858 0
28859 0
28860 1
28861 2
28862 4
28863 2
28864 4
28865 0
28866 0
28867 6
28868 3
28869 3
28870 3
28871 1
28872 4
28873 3
28874 2
28875 2
28876 6
28877 4
28878 0
28879 0
28880 4
28881 0
28882 1
28883 0
28884 6
28885 3
28886 4
28887 0
28888 3
28889 1
28890 1
28891 0
28892 2
28893 1
28894 3
28895 6
28896 1
28897 4
28898 3
28899 1
28900 1
28901 1
28902 6
28903 3
28904 4
28905 2
28906 3
28907 2
28908 3
28909 3
28910 2
28911 0
28912 4
28913 3
28914 1
28915 3
28916 2
28917 0
28918 0
28919 1
28920 3
28921 0
28922 0
28923 3
28924 1
28925 4
28926 0
28927 0
28928 1
28929 5
28930 0
28931 2
28932 0
28933 5
28934 0
28935 3
28936 4
28937 4
28938 2
28939 2
28940 0
28941 2
28942 2
28943 1
28944 3
28945 1
28946 1
28947 4
28948 3
28949 5
28950 4
28951 1
28952 0
28953 0
28954 0
28955 1
28956 2
28957 1
28958 0
28959 3
28960 6
28961 3
28962 2
28963 5
28964 5
28965 0
28966 0
28967 4
28968 2
28969 5
28970 0
28971 4
28972 3
28973 4
28974 0
28975 5
28976 3
28977 6
28978 3
28979 3
28980 5
28981 2
28982 5
28983 4
28984 2
28985 2
28986 3
28987 0
28988 4
28989 1
28990 2
28991 3
28992 3
28993 0
28994 0
28995 3
28996 4
28997 4
28998 4
28999 5
29000 1
29001 2
29002 4
29003 4
29004 1
29005 4
29006 1
29007 2
29008 2
29009 2
29010 3
29011 1
29012 0
29013 5
29014 1
29015 2
29016 2
29017 0
29018 5
29019 1
29020 1
29021 4
29022 6
29023 5
29024 1
29025 0
29026 4
29027 1
29028 0
29029 1
29030 3
29031 5
29032 5
29033 3
29034 0
29035 6
29036 1
29037 1
29038 3
29039 3
29040 2
29041 2
29042 2
29043 1
29044 3
29045 0
29046 3
29047 2
29048 5
29049 2
29050 1
29051 1
29052 3
29053 1
29054 3
29055 0
29056 2
29057 1
29058 2
29059 3
29060 3
29061 2
29062 2
29063 0
29064 0
29065 1
29066 3
29067 0
29068 3
29069 2
29070 2
29071 3
29072 2
29073 4
29074 1
29075 2
29076 0
29077 4
29078 1
29079 4
29080 1
29081 4
29082 2
29083 1
29084 0
29085 2
29086 2
29087 4
29088 2
29089 4
29090 2
29091 1
29092 3
29093 2
29094 2
29095 2
29096 0
29097 3
29098 3
29099 3
29100 0
29101 3
29102 0
29103 1
29104 3
29105 0
29106 1
29107 1
29108 5
29109 3
29110 5
29111 2
29112 3
29113 2
29114 2
29115 2
29116 3
29117 1
29118 3
29119 3
29120 1
29121 3
29122 3
29123 1
29124 4
29125 1
29126 2
29127 2
29128 5
29129 1
29130 0
29131 5
29132 3
29133 4
29134 1
29135 1
29136 3
29137 3
29138 4
29139 3
29140 2
29141 3
29142 4
29143 3
29144 0
29145 0
29146 3
29147 1
29148 3
29149 0
29150 0
29151 5
29152 4
29153 3
29154 0
29155 6
29156 0
29157 3
29158 2
29159 5
29160 4
29161 4
29162 3
29163 1
29164 4
29165 5
29166 1
29167 2
29168 1
29169 5
29170 3
29171 1
29172 3
29173 0
29174 2
29175 5
29176 0
29177 1
29178 5
29179 3
29180 4
29181 6
29182 1
29183 2
29184 1
29185 1
29186 3
29187 3
29188 2
29189 5
29190 2
29191 0
29192 0
29193 5
29194 2
29195 0
29196 0
29197 1
29198 2
29199 0
29200 3
29201 2
29202 3
29203 1
29204 0
29205 2
29206 3
29207 2
29208 0
29209 2
29210 2
29211 3
29212 4
29213 5
29214 6
29215 0
29216 4
29217 0
29218 2
29219 0
29220 4
29221 4
29222 4
29223 0
29224 2
29225 2
29226 4
29227 0
29228 6
29229 3
29230 4
29231 0
29232 2
29233 2
29234 0
29235 5
29236 5
29237 3
29238 4
29239 0
29240 0
29241 6
29242 3
29243 3
29244 2
29245 5
29246 3
29247 5
29248 1
29249 3
29250 2
29251 4
29252 2
29253 6
29254 0
29255 1
29256 4
29257 0
29258 2
29259 4
29260 1
29261 2
29262 1
29263 1
29264 2
29265 0
29266 1
29267 2
29268 3
29269 5
29270 2
29271 2
29272 2
29273 0
29274 3
29275 3
29276 4
29277 1
29278 4
29279 6
29280 2
29281 2
29282 2
29283 3
29284 3
29285 4
29286 2
29287 2
29288 4
29289 4
29290 0
29291 2
29292 4
29293 5
29294 1
29295 3
29296 2
29297 0
29298 1
29299 1
29300 1
29301 5
29302 1
29303 0
29304 4
29305 1
29306 4
29307 6
29308 2
29309 5
29310 3
29311 4
29312 0
29313 3
29314 0
29315 0
29316 0
29317 6
29318 3
29319 3
29320 3
29321 1
29322 0
29323 1
29324 0
29325 1
29326 3
29327 0
29328 2
29329 3
29330 1
29331 3
29332 2
29333 3
29334 2
29335 1
29336 0
29337 2
29338 0
29339 0
29340 1
29341 1
29342 2
29343 2
29344 7
29345 2
29346 0
29347 3
29348 3
29349 4
29350 4
29351 3
29352 3
29353 3
29354 5
29355 0
29356 4
29357 3
29358 2
29359 5
29360 0
29361 5
29362 3
29363 0
29364 1
29365 3
29366 1
29367 0
29368 3
29369 3
29370 4
29371 2
29372 3
29373 1
29374 2
29375 4
29376 3
29377 1
29378 5
29379 3
29380 1
29381 0
29382 2
29383 0
29384 0
29385 3
29386 2
29387 4
29388 5
29389 2
29390 4
29391 4
29392 5
29393 4
29394 4
29395 4
29396 0
29397 3
29398 4
29399 0
29400 1
29401 1
29402 0
29403 4
29404 3
29405 2
29406 0
29407 2
29408 5
29409 5
29410 3
29411 1
29412 3
29413 1
29414 2
29415 0
29416 3
29417 2
29418 0
29419 4
29420 2
29421 0
29422 3
29423 2
29424 5
29425 2
29426 3
29427 3
29428 0
29429 4
29430 0
29431 4
29432 0
29433 0
29434 2
29435 4
29436 3
29437 5
29438 1
29439 1
29440 2
29441 5
29442 6
29443 4
29444 2
29445 1
29446 3
29447 2
29448 2
29449 0
29450 3
29451 5
29452 3
29453 1
29454 2
29455 2
29456 5
29457 0
29458 3
29459 2
29460 2
29461 2
29462 5
29463 3
29464 4
29465 5
29466 1
29467 1
29468 5
29469 2
29470 4
29471 2
29472 0
29473 4
29474 4
29475 1
29476 1
29477 2
29478 2
29479 0
29480 4
29481 5
29482 2
29483 2
29484 1
29485 3
29486 3
29487 1
29488 5
29489 0
29490 2
29491 2
29492 3
29493 0
29494 1
29495 4
29496 3
29497 3
29498 5
29499 4
29500 4
29501 2
29502 1
29503 2
29504 0
29505 4
29506 0
29507 5
29508 0
29509 1
29510 2
29511 0
29512 4
29513 3
29514 2
29515 3
29516 4
29517 2
29518 1
29519 2
29520 4
29521 5
29522 0
29523 1
29524 4
29525 2
29526 0
29527 7
29528 4
29529 2
29530 2
29531 3
29532 0
29533 0
29534 0
29535 4
29536 5
29537 0
29538 1
29539 0
29540 5
29541 1
29542 1
29543 3
29544 2
29545 3
29546 0
29547 1
29548 0
29549 5
29550 2
29551 1
29552 2
29553 1
29554 4
29555 5
29556 0
29557 0
29558 1
29559 5
29560 5
29561 4
29562 3
29563 5
29564 1
29565 2
29566 2
29567 5
29568 3
29569 4
29570 5
29571 3
29572 1
29573 3
29574 3
29575 2
29576 4
29577 0
29578 5
29579 1
29580 0
29581 0
29582 5
29583 0
29584 4
29585 6
29586 0
29587 1
29588 4
29589 2
29590 5
29591 2
29592 4
29593 2
29594 2
29595 2
29596 6
29597 0
29598 5
29599 3
29600 1
29601 3
29602 0
29603 1
29604 3
29605 0
29606 2
29607 0
29608 2
29609 1
29610 4
29611 3
29612 1
29613 4
29614 5
29615 2
29616 3
29617 1
29618 1
29619 1
29620 1
29621 0
29622 2
29623 1
29624 1
29625 2
29626 2
29627 0
29628 5
29629 5
29630 5
29631 2
29632 4
29633 2
29634 1
29635 0
29636 4
29637 5
29638 4
29639 1
29640 1
29641 5
29642 4
29643 1
29644 5
29645 0
29646 5
29647 2
29648 3
29649 2
29650 0
29651 0
29652 1
29653 0
29654 0
29655 5
29656 5
29657 1
29658 3
29659 4
29660 4
29661 4
29662 3
29663 3
29664 2
29665 4
29666 0
29667 4
29668 2
29669 0
29670 0
29671 0
29672 5
29673 2
29674 3
29675 4
29676 1
29677 0
29678 2
29679 1
29680 3
29681 0
29682 4
29683 4
29684 0
29685 3
29686 1
29687 3
29688 0
29689 2
29690 1
29691 3
29692 0
29693 5
29694 5
29695 0
29696 3
29697 0
29698 3
29699 4
29700 4
29701 0
29702 3
29703 1
29704 3
29705 4
29706 0
29707 1
29708 0
29709 0
29710 1
29711 3
29712 1
29713 4
29714 0
29715 0
29716 5
29717 3
29718 3
29719 2
29720 3
29721 4
29722 2
29723 0
29724 5
29725 2
29726 2
29727 1
29728 1
29729 3
29730 1
29731 1
29732 2
29733 5
29734 1
29735 3
29736 5
29737 4
29738 6
29739 2
29740 5
29741 6
29742 6
29743 0
29744 0
29745 1
29746 3
29747 6
29748 5
29749 5
29750 2
29751 4
29752 3
29753 0
29754 4
29755 6
29756 3
29757 1
29758 6
29759 0
29760 3
29761 2
29762 1
29763 0
29764 3
29765 0
29766 0
29767 2
29768 1
29769 0
29770 1
29771 2
29772 4
29773 6
29774 5
29775 3
29776 3
29777 6
29778 2
29779 1
29780 2
29781 1
29782 3
29783 0
29784 5
29785 3
29786 0
29787 0
29788 5
29789 4
29790 0
29791 1
29792 4
29793 2
29794 0
29795 1
29796 0
29797 4
29798 3
29799 2
29800 3
29801 2
29802 0
29803 1
29804 4
29805 4
29806 6
29807 1
29808 1
29809 1
29810 2
29811 6
29812 1
29813 3
29814 3
29815 0
29816 4
29817 5
29818 1
29819 2
29820 2
29821 1
29822 4
29823 1
29824 2
29825 0
29826 2
29827 3
29828 1
29829 3
29830 4
29831 0
29832 5
29833 6
29834 0
29835 1
29836 2
29837 0
29838 3
29839 6
29840 1
29841 3
29842 0
29843 3
29844 1
29845 3
29846 5
29847 3
29848 3
29849 1
29850 4
29851 5
29852 0
29853 1
29854 5
29855 0
29856 2
29857 1
29858 3
29859 3
29860 2
29861 3
29862 5
29863 3
29864 3
29865 0
29866 1
29867 0
29868 1
29869 1
29870 0
29871 1
29872 4
29873 4
29874 1
29875 1
29876 2
29877 3
29878 5
29879 1
29880 2
29881 1
29882 3
29883 3
29884 1
29885 1
29886 2
29887 3
29888 1
29889 3
29890 1
29891 2
29892 1
29893 6
29894 5
29895 3
29896 0
29897 1
29898 1
29899 5
29900 0
29901 2
29902 3
29903 0
29904 0
29905 4
29906 0
29907 2
29908 0
29909 5
29910 1
29911 3
29912 3
29913 3
29914 0
29915 3
29916 3
29917 3
29918 2
29919 3
29920 5
29921 2
29922 2
29923 3
29924 0
29925 1
29926 2
29927 1
29928 2
29929 2
29930 0
29931 4
29932 2
29933 1
29934 2
29935 2
29936 0
29937 1
29938 1
29939 1
29940 2
29941 4
29942 5
29943 2
29944 1
29945 2
29946 2
29947 4
29948 2
29949 3
29950 2
29951 4
29952 1
29953 2
29954 6
29955 3
29956 4
29957 2
29958 0
29959 0
29960 4
29961 1
29962 4
29963 4
29964 4
29965 1
29966 4
29967 4
29968 0
29969 0
29970 5
29971 2
29972 2
29973 5
29974 4
29975 2
29976 5
29977 5
29978 2
29979 0
29980 5
29981 1
29982 2
29983 2
29984 3
29985 3
29986 2
29987 2
29988 2
29989 1
29990 2
29991 5
29992 2
29993 5
29994 0
29995 4
29996 4
29997 2
29998 0
29999 4
30000 0
30001 2
30002 3
30003 1
30004 5
30005 4
30006 0
30007 5
30008 0
30009 0
30010 3
30011 2
30012 4
30013 1
30014 3
30015 2
30016 3
30017 3
30018 2
30019 4
30020 0
30021 2
30022 2
30023 2
30024 5
30025 0
30026 3
30027 4
30028 0
30029 3
30030 5
30031 1
30032 0
30033 3
30034 3
30035 0
30036 3
30037 1
30038 4
30039 2
30040 1
30041 2
30042 0
30043 1
30044 4
30045 0
30046 0
30047 1
30048 3
30049 4
30050 5
30051 6
30052 0
30053 4
30054 0
30055 5
30056 4
30057 5
30058 0
30059 4
30060 5
30061 2
30062 0
30063 1
30064 3
30065 3
30066 4
30067 1
30068 0
30069 0
30070 1
30071 2
30072 4
30073 3
30074 2
30075 1
30076 2
30077 4
30078 4
30079 0
30080 0
30081 3
30082 1
30083 0
30084 0
30085 2
30086 4
30087 1
30088 2
30089 4
30090 0
30091 3
30092 1
30093 0
30094 2
30095 0
30096 2
30097 2
30098 4
30099 0
30100 4
30101 0
30102 5
30103 3
30104 2
30105 1
30106 2
30107 2
30108 2
30109 1
30110 1
30111 3
30112 0
30113 4
30114 0
30115 0
30116 3
30117 5
30118 0
30119 3
30120 3
30121 4
30122 0
30123 6
30124 0
30125 2
30126 1
30127 1
30128 1
30129 0
30130 5
30131 6
30132 1
30133 0
30134 3
30135 1
30136 2
30137 4
30138 0
30139 1
30140 3
30141 4
30142 6
30143 3
30144 3
30145 2
30146 1
30147 0
30148 3
30149 2
30150 2
30151 3
30152 5
30153 2
30154 3
30155 1
30156 0
30157 5
30158 0
30159 2
30160 1
30161 0
30162 1
30163 4
30164 3
30165 2
30166 0
30167 0
30168 1
30169 4
30170 3
30171 0
30172 5
30173 3
30174 1
30175 1
30176 0
30177 0
30178 3
30179 2
30180 2
30181 3
30182 2
30183 4
30184 5
30185 0
30186 4
30187 3
30188 3
30189 1
30190 2
30191 3
30192 4
30193 2
30194 0
30195 1
30196 5
30197 1
30198 3
30199 0
30200 2
30201 4
30202 2
30203 1
30204 5
30205 6
30206 2
30207 1
30208 0
30209 1
30210 1
30211 1
30212 5
30213 3
30214 3
30215 0
30216 6
30217 5
30218 4
30219 4
30220 1
30221 5
30222 3
30223 0
30224 5
30225 2
30226 4
30227 4
30228 0
30229 1
30230 2
30231 0
30232 1
30233 5
30234 2
30235 4
30236 3
30237 2
30238 1
30239 1
30240 1
30241 2
30242 2
30243 2
30244 1
30245 1
30246 4
30247 5
30248 5
30249 0
30250 1
30251 2
30252 1
30253 1
30254 2
30255 4
30256 2
30257 1
30258 3
30259 4
30260 3
30261 2
30262 5
30263 0
30264 0
30265 3
30266 0
30267 2
30268 4
30269 2
30270 2
30271 3
30272 4
30273 1
30274 0
30275 5
30276 2
30277 4
30278 2
30279 0
30280 3
30281 1
30282 2
30283 1
30284 2
30285 3
30286 2
30287 0
30288 3
30289 2
30290 1
30291 3
30292 1
30293 2
30294 6
30295 1
30296 4
30297 2
30298 2
30299 3
30300 0
30301 3
30302 2
30303 5
30304 2
30305 3
30306 4
30307 0
30308 1
30309 5
30310 3
30311 4
30312 3
30313 0
30314 3
30315 3
30316 1
30317 1
30318 3
30319 5
30320 3
30321 3
30322 0
30323 6
30324 1
30325 0
30326 4
30327 0
30328 2
30329 5
30330 4
30331 5
30332 1
30333 2
30334 2
30335 4
30336 4
30337 3
30338 0
30339 4
30340 4
30341 1
30342 0
30343 2
30344 2
30345 5
30346 0
30347 2
30348 3
30349 0
30350 4
30351 4
30352 1
30353 3
30354 0
30355 0
30356 5
30357 1
30358 4
30359 0
30360 1
30361 0
30362 1
30363 6
30364 0
30365 0
30366 4
30367 3
30368 3
30369 2
30370 3
30371 1
30372 2
30373 5
30374 0
30375 3
30376 1
30377 0
30378 3
30379 5
30380 4
30381 2
30382 2
30383 4
30384 0
30385 4
30386 2
30387 1
30388 1
30389 4
30390 0
30391 5
30392 6
30393 4
30394 0
30395 6
30396 1
30397 1
30398 4
30399 4
30400 5
30401 2
30402 3
30403 1
30404 3
30405 1
30406 4
30407 4
30408 4
30409 0
30410 0
30411 4
30412 0
30413 3
30414 1
30415 2
30416 0
30417 0
30418 0
30419 1
30420 3
30421 4
30422 0
30423 3
30424 3
30425 4
30426 1
30427 4
30428 3
30429 2
30430 2
30431 2
30432 6
30433 3
30434 0
30435 4
30436 4
30437 4
30438 2
30439 4
30440 2
30441 0
30442 2
30443 0
30444 1
30445 3
30446 5
30447 4
30448 0
30449 3
30450 2
30451 0
30452 3
30453 2
30454 3
30455 4
30456 4
30457 0
30458 4
30459 4
30460 2
30461 4
30462 1
30463 2
30464 5
30465 4
30466 4
30467 3
30468 0
30469 0
30470 0
30471 4
30472 3
30473 2
30474 5
30475 4
30476 3
30477 1
30478 0
30479 4
30480 5
30481 2
30482 0
30483 4
30484 0
30485 2
30486 0
30487 1
30488 3
30489 5
30490 1
30491 4
30492 2
30493 0
30494 3
30495 4
30496 1
30497 3
30498 3
30499 0
30500 5
30501 4
30502 0
30503 2
30504 1
30505 1
30506 2
30507 5
30508 1
30509 1
30510 5
30511 1
30512 1
30513 4
30514 1
30515 0
30516 2
30517 0
30518 1
30519 5
30520 1
30521 2
30522 2
30523 6
30524 3
30525 0
30526 0
30527 4
30528 4
30529 3
30530 4
30531 6
30532 2
30533 0
30534 2
30535 5
30536 1
30537 1
30538 1
30539 2
30540 0
30541 5
30542 1
30543 3
30544 1
30545 3
30546 6
30547 3
30548 4
30549 4
30550 2
30551 0
30552 3
30553 4
30554 1
30555 5
30556 2
30557 0
30558 0
30559 2
30560 1
30561 2
30562 3
30563 1
30564 2
30565 5
30566 3
30567 4
30568 2
30569 0
30570 4
30571 1
30572 0
30573 1
30574 2
30575 1
30576 5
30577 4
30578 3
30579 2
30580 3
30581 5
30582 2
30583 1
30584 3
30585 4
30586 3
30587 4
30588 1
30589 4
30590 0
30591 4
30592 2
30593 1
30594 1
30595 2
30596 2
30597 0
30598 3
30599 2
30600 4
30601 3
30602 0
30603 4
30604 3
30605 3
30606 4
30607 2
30608 4
30609 4
30610 2
30611 3
30612 4
30613 0
30614 5
30615 3
30616 3
30617 2
30618 3
30619 0
30620 0
30621 0
30622 3
30623 1
30624 1
30625 0
30626 2
30627 5
30628 3
30629 3
30630 4
30631 5
30632 5
30633 2
30634 1
30635 0
30636 2
30637 3
30638 4
30639 0
30640 1
30641 2
30642 2
30643 3
30644 1
30645 0
30646 3
30647 3
30648 3
30649 3
30650 1
30651 4
30652 4
30653 0
30654 0
30655 3
30656 2
30657 3
30658 5
30659 4
30660 3
30661 3
30662 0
30663 0
30664 5
30665 0
30666 4
30667 2
30668 1
30669 4
30670 1
30671 1
30672 2
30673 4
30674 0
30675 2
30676 5
30677 1
30678 4
30679 0
30680 5
30681 6
30682 3
30683 2
30684 2
30685 0
30686 3
30687 3
30688 0
30689 2
30690 1
30691 4
30692 2
30693 5
30694 1
30695 2
30696 0
30697 4
30698 1
30699 1
30700 0
30701 1
30702 6
30703 1
30704 3
30705 2
30706 4
30707 0
30708 5
30709 0
30710 4
30711 5
30712 3
30713 1
30714 2
30715 1
30716 2
30717 1
30718 1
30719 3
30720 0
30721 4
30722 0
30723 4
30724 1
30725 4
30726 2
30727 3
30728 1
30729 3
30730 0
30731 0
30732 1
30733 3
30734 3
30735 3
30736 3
30737 3
30738 0
30739 0
30740 0
30741 5
30742 3
30743 2
30744 2
30745 4
30746 2
30747 5
30748 4
30749 1
30750 4
30751 1
30752 2
30753 3
30754 1
30755 0
30756 3
30757 5
30758 1
30759 5
30760 5
30761 2
30762 5
30763 1
30764 0
30765 2
30766 2
30767 4
30768 1
30769 2
30770 0
30771 4
30772 5
30773 0
30774 3
30775 1
30776 3
30777 3
30778 1
30779 2
30780 3
30781 3
30782 4
30783 4
30784 5
30785 0
30786 2
30787 0
30788 1
30789 1
30790 4
30791 3
30792 1
30793 5
30794 5
30795 3
30796 0
30797 0
30798 1
30799 4
30800 2
30801 2
30802 2
30803 1
30804 2
30805 5
30806 0
30807 2
30808 2
30809 2
30810 1
30811 3
30812 0
30813 4
30814 2
30815 1
30816 2
30817 6
30818 2
30819 5
30820 1
30821 5
30822 0
30823 2
30824 1
30825 3
30826 0
30827 2
30828 0
30829 5
30830 0
30831 6
30832 0
30833 1
30834 3
30835 2
30836 4
30837 3
30838 0
30839 2
30840 2
30841 4
30842 2
30843 0
30844 0
30845 4
30846 4
30847 0
30848 3
30849 0
30850 0
30851 2
30852 3
30853 0
30854 1
30855 2
30856 4
30857 0
30858 5
30859 0
30860 3
30861 0
30862 1
30863 2
30864 2
30865 0
30866 0
30867 4
30868 5
30869 1
30870 2
30871 5
30872 4
30873 1
30874 4
30875 1
30876 5
30877 6
30878 3
30879 2
30880 1
30881 4
30882 0
30883 0
30884 0
30885 2
30886 3
30887 7
30888 0
30889 4
30890 2
30891 3
30892 1
30893 4
30894 1
30895 4
30896 3
30897 4
30898 4
30899 3
30900 2
30901 3
30902 0
30903 1
30904 2
30905 0
30906 4
30907 3
30908 0
30909 2
30910 3
30911 1
30912 5
30913 5
30914 2
30915 6
30916 1
30917 0
30918 1
30919 5
30920 6
30921 3
30922 1
30923 4
30924 3
30925 0
30926 1
30927 1
30928 0
30929 4
30930 4
30931 3
30932 2
30933 1
30934 0
30935 3
30936 1
30937 0
30938 4
30939 0
30940 2
30941 0
30942 1
30943 0
30944 1
30945 5
30946 5
30947 1
30948 0
30949 3
30950 5
30951 7
30952 2
30953 1
30954 4
30955 3
30956 2
30957 0
30958 0
30959 1
30960 3
30961 2
30962 1
30963 0
30964 1
30965 0
30966 2
30967 1
30968 2
30969 2
30970 1
30971 3
30972 3
30973 1
30974 3
30975 2
30976 1
30977 1
30978 3
30979 2
30980 5
30981 5
30982 3
30983 3
30984 2
30985 1
30986 2
30987 4
30988 0
30989 0
30990 2
30991 5
30992 1
30993 4
30994 5
30995 3
30996 4
30997 4
30998 0
30999 5
31000 0
31001 1
31002 0
31003 3
31004 7
31005 3
31006 3
31007 0
31008 2
31009 3
31010 3
31011 3
31012 2
31013 5
31014 4
31015 4
31016 2
31017 2
31018 1
31019 0
31020 4
31021 3
31022 1
31023 4
31024 2
31025 2
31026 2
31027 4
31028 2
31029 2
31030 0
31031 4
31032 5
31033 2
31034 0
31035 0
31036 0
31037 3
31038 4
31039 3
31040 0
31041 5
31042 1
31043 1
31044 5
31045 3
31046 2
31047 0
31048 2
31049 4
31050 4
31051 4
31052 3
31053 4
31054 2
31055 3
31056 3
31057 0
31058 3
31059 5
31060 4
31061 5
31062 0
31063 5
31064 0
31065 1
31066 4
31067 3
31068 4
31069 1
31070 5
31071 1
31072 4
31073 1
31074 3
31075 5
31076 3
31077 2
31078 2
31079 3
31080 3
31081 0
31082 1
31083 5
31084 4
31085 3
31086 2
31087 0
31088 2
31089 3
31090 0
31091 1
31092 0
31093 2
31094 1
31095 2
31096 0
31097 4
31098 4
31099 0
31100 1
31101 5
31102 1
31103 3
31104 0
31105 0
31106 0
31107 6
31108 4
31109 5
31110 2
31111 2
31112 3
31113 3
31114 4
31115 4
31116 0
31117 2
31118 5
31119 4
31120 3
31121 1
31122 0
31123 5
31124 3
31125 3
31126 2
31127 1
31128 2
31129 3
31130 1
31131 3
31132 2
31133 3
31134 3
31135 1
31136 5
31137 4
31138 1
31139 3
31140 3
31141 1
31142 3
31143 1
31144 4
31145 2
31146 4
31147 0
31148 2
31149 4
31150 4
31151 0
31152 6
31153 1
31154 2
31155 3
31156 1
31157 5
31158 5
31159 0
31160 2
31161 4
31162 4
31163 0
31164 4
31165 6
31166 2
31167 2
31168 1
31169 3
31170 1
31171 5
31172 3
31173 1
31174 3
31175 1
31176 2
31177 4
31178 0
31179 0
31180 4
31181 3
31182 3
31183 5
31184 4
31185 1
31186 0
31187 0
31188 4
31189 3
31190 3
31191 0
31192 4
31193 4
31194 2
31195 6
31196 0
31197 1
31198 0
31199 1
31200 3
31201 1
31202 0
31203 2
31204 1
31205 2
31206 2
31207 2
31208 3
31209 5
31210 0
31211 1
31212 3
31213 3
31214 0
31215 6
31216 3
31217 6
31218 2
31219 0
31220 0
31221 1
31222 5
31223 3
31224 5
31225 4
31226 2
31227 4
31228 2
31229 0
31230 3
31231 0
31232 3
31233 1
31234 4
31235 0
31236 5
31237 3
31238 0
31239 0
31240 6
31241 1
31242 0
31243 2
31244 1
31245 3
31246 2
31247 0
31248 2
31249 4
31250 3
31251 1
31252 3
31253 1
31254 1
31255 5
31256 3
31257 1
31258 2
31259 3
31260 4
31261 4
31262 4
31263 4
31264 5
31265 1
31266 1
31267 4
31268 2
31269 3
31270 2
31271 0
31272 5
31273 2
31274 0
31275 3
31276 5
31277 0
31278 5
31279 3
31280 3
31281 0
31282 1
31283 1
31284 3
31285 3
31286 2
31287 2
31288 3
31289 3
31290 2
31291 4
31292 5
31293 0
31294 3
31295 3
31296 6
31297 0
31298 1
31299 2
31300 5
31301 0
31302 3
31303 0
31304 3
31305 5
31306 6
31307 3
31308 1
31309 3
31310 6
31311 4
31312 3
31313 3
31314 4
31315 5
31316 5
31317 3
31318 6
31319 1
31320 5
31321 0
31322 1
31323 0
31324 2
31325 1
31326 5
31327 3
31328 4
31329 2
31330 3
31331 3
31332 4
31333 4
31334 4
31335 3
31336 5
31337 4
31338 2
31339 0
31340 0
31341 3
31342 6
31343 3
31344 5
31345 3
31346 6
31347 0
31348 2
31349 1
31350 2
31351 5
31352 4
31353 2
31354 2
31355 4
31356 3
31357 2
31358 2
31359 2
31360 2
31361 1
31362 2
31363 3
31364 0
31365 3
31366 1
31367 3
31368 0
31369 0
31370 0
31371 3
31372 3
31373 1
31374 3
31375 5
31376 3
31377 2
31378 0
31379 5
31380 4
31381 4
31382 2
31383 2
31384 3
31385 4
31386 3
31387 2
31388 0
31389 3
31390 0
31391 2
31392 1
31393 0
31394 4
31395 1
31396 3
31397 3
31398 1
31399 0
31400 2
31401 1
31402 6
31403 4
31404 3
31405 2
31406 4
31407 0
31408 3
31409 2
31410 2
31411 4
31412 5
31413 1
31414 5
31415 0
31416 4
31417 4
31418 1
31419 2
31420 1
31421 4
31422 0
31423 3
31424 4
31425 0
31426 0
31427 0
31428 4
31429 5
31430 5
31431 5
31432 3
31433 0
31434 2
31435 3
31436 0
31437 0
31438 2
31439 1
31440 4
31441 4
31442 0
31443 0
31444 3
31445 4
31446 6
31447 0
31448 0
31449 5
31450 4
31451 3
31452 3
31453 3
31454 1
31455 0
31456 0
31457 5
31458 2
31459 4
31460 0
31461 4
31462 3
31463 0
31464 4
31465 4
31466 2
31467 4
31468 1
31469 4
31470 3
31471 3
31472 4
31473 3
31474 4
31475 4
31476 1
31477 0
31478 3
31479 2
31480 3
31481 3
31482 4
31483 3
31484 3
31485 3
31486 0
31487 4
31488 2
31489 1
31490 0
31491 6
31492 5
31493 6
31494 0
31495 2
31496 5
31497 2
31498 3
31499 0
31500 3
31501 0
31502 0
31503 3
31504 3
31505 3
31506 4
31507 2
31508 5
31509 5
31510 1
31511 1
31512 2
31513 5
31514 2
31515 0
31516 5
31517 5
31518 4
31519 3
31520 5
31521 0
31522 0
31523 3
31524 2
31525 2
31526 5
31527 1
31528 0
31529 4
31530 2
31531 5
31532 3
31533 2
31534 2
31535 2
31536 2
31537 3
31538 2
31539 3
31540 6
31541 0
31542 2
31543 3
31544 4
31545 5
31546 3
31547 0
31548 2
31549 0
31550 5
31551 0
31552 1
31553 6
31554 2
31555 3
31556 4
31557 2
31558 0
31559 1
31560 4
31561 3
31562 4
31563 5
31564 0
31565 2
31566 4
31567 4
31568 5
31569 1
31570 3
31571 5
31572 5
31573 2
31574 0
31575 2
31576 2
31577 0
31578 1
31579 2
31580 0
31581 3
31582 3
31583 2
31584 3
31585 1
31586 1
31587 3
31588 1
31589 3
31590 3
31591 4
31592 6
31593 3
31594 3
31595 1
31596 3
31597 3
31598 1
31599 3
31600 0
31601 4
31602 2
31603 4
31604 4
31605 3
31606 4
31607 6
31608 3
31609 3
31610 5
31611 2
31612 0
31613 1
31614 2
31615 6
31616 1
31617 0
31618 3
31619 1
31620 1
31621 0
31622 0
31623 4
31624 2
31625 3
31626 4
31627 3
31628 5
31629 0
31630 2
31631 5
31632 1
31633 2
31634 1
31635 4
31636 0
31637 0
31638 5
31639 0
31640 0
31641 4
31642 5
31643 1
31644 2
31645 4
31646 2
31647 4
31648 4
31649 5
31650 2
31651 4
31652 1
31653 3
31654 2
31655 0
31656 1
31657 0
31658 4
31659 5
31660 5
31661 3
31662 2
31663 4
31664 2
31665 1
31666 4
31667 0
31668 1
31669 2
31670 1
31671 4
31672 3
31673 5
31674 1
31675 3
31676 2
31677 0
31678 2
31679 2
31680 0
31681 5
31682 6
31683 4
31684 3
31685 1
31686 2
31687 0
31688 1
31689 6
31690 0
31691 2
31692 1
31693 1
31694 0
31695 0
31696 3
31697 3
31698 4
31699 0
31700 1
31701 3
31702 3
31703 1
31704 3
31705 5
31706 0
31707 5
31708 3
31709 2
31710 2
31711 2
31712 0
31713 4
31714 2
31715 1
31716 2
31717 1
31718 2
31719 3
31720 0
31721 3
31722 3
31723 4
31724 2
31725 1
31726 3
31727 3
31728 2
31729 1
31730 5
31731 4
31732 3
31733 2
31734 2
31735 4
31736 0
31737 1
31738 1
31739 1
31740 3
31741 5
31742 2
31743 3
31744 4
31745 4
31746 4
31747 1
31748 3
31749 5
31750 2
31751 3
31752 2
31753 1
31754 2
31755 1
31756 2
31757 1
31758 1
31759 1
31760 1
31761 4
31762 3
31763 2
31764 4
31765 3
31766 2
31767 1
31768 6
31769 1
31770 0
31771 4
31772 5
31773 3
31774 4
31775 1
31776 3
31777 0
31778 5
31779 2
31780 4
31781 4
31782 3
31783 1
31784 4
31785 2
31786 4
31787 2
31788 5
31789 3
31790 1
31791 2
31792 3
31793 4
31794 3
31795 0
31796 0
31797 3
31798 5
31799 3
31800 4
31801 5
31802 4
31803 2
31804 2
31805 1
31806 3
31807 1
31808 1
31809 3
31810 2
31811 3
31812 1
31813 5
31814 0
31815 0
31816 1
31817 2
31818 3
31819 2
31820 5
31821 5
31822 3
31823 5
31824 2
31825 1
31826 4
31827 3
31828 3
31829 0
31830 1
31831 3
31832 0
31833 1
31834 2
31835 0
31836 1
31837 0
31838 1
31839 2
31840 2
31841 0
31842 5
31843 1
31844 5
31845 0
31846 4
31847 4
31848 2
31849 0
31850 3
31851 0
31852 0
31853 2
31854 4
31855 6
31856 2
31857 2
31858 0
31859 3
31860 0
31861 1
31862 0
31863 0
31864 2
31865 3
31866 3
31867 5
31868 2
31869 3
31870 1
31871 2
31872 4
31873 4
31874 1
31875 3
31876 5
31877 0
31878 3
31879 5
31880 1
31881 1
31882 3
31883 1
31884 3
31885 3
31886 4
31887 4
31888 3
31889 2
31890 4
31891 0
31892 0
31893 4
31894 4
31895 5
31896 2
31897 1
31898 2
31899 0
31900 3
31901 0
31902 4
31903 1
31904 4
31905 0
31906 4
31907 4
31908 1
31909 6
31910 3
31911 4
31912 0
31913 3
31914 2
31915 2
31916 1
31917 3
31918 1
31919 0
31920 3
31921 0
31922 0
31923 4
31924 4
31925 5
31926 2
31927 4
31928 1
31929 1
31930 2
31931 1
31932 5
31933 0
31934 2
31935 0
31936 4
31937 3
31938 5
31939 2
31940 5
31941 1
31942 2
31943 6
31944 0
31945 4
31946 4
31947 2
31948 1
31949 0
31950 2
31951 1
31952 4
31953 2
31954 3
31955 1
31956 3
31957 6
31958 0
31959 0
31960 4
31961 1
31962 6
31963 2
31964 2
31965 2
31966 3
31967 1
31968 6
31969 1
31970 0
31971 3
31972 6
31973 0
31974 3
31975 1
31976 3
31977 2
31978 1
31979 3
31980 0
31981 4
31982 4
31983 0
31984 4
31985 4
31986 2
31987 1
31988 2
31989 0
31990 2
31991 5
31992 1
31993 0
31994 3
31995 0
31996 1
31997 6
31998 4
31999 0
32000 3
32001 0
32002 5
32003 4
32004 0
32005 4
32006 2
32007 1
32008 0
32009 0
32010 2
32011 3
32012 4
32013 5
32014 3
32015 2
32016 3
32017 1
32018 4
32019 4
32020 1
32021 1
32022 1
32023 1
32024 6
32025 3
32026 1
32027 3
32028 1
32029 5
32030 4
32031 2
32032 2
32033 0
32034 2
32035 2
32036 2
32037 0
32038 2
32039 4
32040 0
32041 0
32042 3
32043 1
32044 2
32045 0
32046 2
32047 1
32048 1
32049 3
32050 1
32051 0
32052 1
32053 0
32054 4
32055 4
32056 1
32057 6
32058 2
32059 4
32060 2
32061 2
32062 5
32063 3
32064 2
32065 0
32066 2
32067 4
32068 0
32069 4
32070 5
32071 1
32072 5
32073 1
32074 4
32075 6
32076 3
32077 0
32078 2
32079 0
32080 1
32081 3
32082 1
32083 2
32084 1
32085 1
32086 4
32087 0
32088 4
32089 0
32090 2
32091 5
32092 6
32093 5
32094 2
32095 2
32096 4
32097 2
32098 1
32099 4
32100 1
32101 5
32102 2
32103 2
32104 0
32105 2
32106 4
32107 3
32108 2
32109 5
32110 0
32111 4
32112 2
32113 1
32114 5
32115 5
32116 3
32117 5
32118 4
32119 3
32120 4
32121 3
32122 3
32123 5
32124 1
32125 2
32126 1
32127 0
32128 5
32129 3
32130 4
32131 5
32132 2
32133 4
32134 4
32135 2
32136 2
32137 1
32138 1
32139 1
32140 0
32141 1
32142 3
32143 2
32144 6
32145 0
32146 3
32147 2
32148 3
32149 0
32150 0
32151 1
32152 1
32153 3
32154 1
32155 0
32156 3
32157 2
32158 2
32159 2
32160 4
32161 5
32162 4
32163 4
32164 2
32165 5
32166 3
32167 1
32168 1
32169 2
32170 1
32171 4
32172 0
32173 1
32174 4
32175 1
32176 0
32177 0
32178 3
32179 4
32180 2
32181 0
32182 0
32183 4
32184 3
32185 6
32186 0
32187 2
32188 5
32189 1
32190 2
32191 0
32192 0
32193 5
32194 0
32195 1
32196 5
32197 5
32198 3
32199 4
32200 0
32201 5
32202 0
32203 3
32204 4
32205 2
32206 0
32207 3
32208 4
32209 2
32210 5
32211 5
32212 5
32213 3
32214 1
32215 2
32216 5
32217 3
32218 0
32219 4
32220 2
32221 1
32222 4
32223 3
32224 0
32225 2
32226 3
32227 1
32228 2
32229 3
32230 4
32231 3
32232 3
32233 2
32234 4
32235 0
32236 3
32237 1
32238 5
32239 1
32240 3
32241 3
32242 2
32243 2
32244 1
32245 3
32246 3
32247 3
32248 2
32249 1
32250 2
32251 3
32252 5
32253 0
32254 0
32255 4
32256 1
32257 0
32258 5
32259 5
32260 6
32261 3
32262 1
32263 4
32264 2
32265 0
32266 5
32267 5
32268 3
32269 2
32270 1
32271 0
32272 4
32273 0
32274 1
32275 0
32276 6
32277 1
32278 5
32279 4
32280 1
32281 1
32282 2
32283 4
32284 0
32285 0
32286 4
32287 2
32288 1
32289 1
32290 0
32291 0
32292 0
32293 1
32294 1
32295 6
32296 1
32297 3
32298 5
32299 0
32300 0
32301 4
32302 5
32303 3
32304 1
32305 1
32306 3
32307 5
32308 4
32309 4
32310 4
32311 1
32312 0
32313 1
32314 1
32315 1
32316 4
32317 1
32318 5
32319 0
32320 5
32321 2
32322 4
32323 1
32324 0
32325 2
32326 1
32327 3
32328 6
32329 6
32330 3
32331 0
32332 2
32333 4
32334 4
32335 0
32336 0
32337 4
32338 0
32339 1
32340 2
32341 1
32342 1
32343 0
32344 0
32345 2
32346 0
32347 5
32348 4
32349 2
32350 0
32351 5
32352 2
32353 5
32354 0
32355 2
32356 0
32357 2
32358 4
32359 2
32360 4
32361 2
32362 4
32363 1
32364 3
32365 2
32366 6
32367 2
32368 2
32369 0
32370 0
32371 2
32372 1
32373 1
32374 3
32375 4
32376 4
32377 5
32378 4
32379 5
32380 2
32381 5
32382 0
32383 0
32384 2
32385 0
32386 1
32387 4
32388 1
32389 5
32390 0
32391 1
32392 1
32393 3
32394 1
32395 1
32396 0
32397 2
32398 3
32399 5
32400 5
32401 1
32402 4
32403 2
32404 2
32405 3
32406 1
32407 0
32408 5
32409 3
32410 1
32411 4
32412 2
32413 4
32414 5
32415 1
32416 0
32417 4
32418 4
32419 2
32420 2
32421 2
32422 5
32423 2
32424 4
32425 4
32426 1
32427 2
32428 1
32429 5
32430 1
32431 2
32432 0
32433 1
32434 0
32435 1
32436 2
32437 4
32438 2
32439 3
32440 4
32441 3
32442 0
32443 1
32444 2
32445 3
32446 4
32447 2
32448 3
32449 1
32450 0
32451 2
32452 1
32453 2
32454 3
32455 5
32456 2
32457 1
32458 1
32459 4
32460 6
32461 1
32462 2
32463 4
32464 1
32465 1
32466 3
32467 2
32468 5
32469 4
32470 1
32471 2
32472 1
32473 5
32474 4
32475 0
32476 3
32477 3
32478 3
32479 4
32480 3
32481 5
32482 3
32483 4
32484 2
32485 4
32486 5
32487 5
32488 4
32489 1
32490 4
32491 0
32492 0
32493 2
32494 2
32495 0
32496 5
32497 2
32498 4
32499 2
32500 5
32501 3
32502 2
32503 0
32504 0
32505 2
32506 1
32507 3
32508 5
32509 3
32510 2
32511 3
32512 3
32513 0
32514 1
32515 0
32516 1
32517 2
32518 0
32519 4
32520 2
32521 2
32522 2
32523 6
32524 3
32525 4
32526 5
32527 1
32528 5
32529 4
32530 2
32531 1
32532 3
32533 0
32534 4
32535 4
32536 4
32537 1
32538 2
32539 2
32540 1
32541 3
32542 1
32543 2
32544 5
32545 3
32546 3
32547 2
32548 0
32549 1
32550 2
32551 4
32552 5
32553 5
32554 3
32555 3
32556 1
32557 2
32558 3
32559 3
32560 3
32561 0
32562 3
32563 1
32564 2
32565 7
32566 5
32567 2
32568 2
32569 1
32570 3
32571 1
32572 0
32573 2
32574 2
32575 4
32576 3
32577 1
32578 1
32579 2
32580 1
32581 0
32582 4
32583 1
32584 3
32585 5
32586 5
32587 3
32588 4
32589 1
32590 0
32591 1
32592 0
32593 4
32594 4
32595 3
32596 2
32597 5
32598 3
32599 3
32600 2
32601 4
32602 3
32603 0
32604 4
32605 2
32606 5
32607 3
32608 2
32609 2
32610 4
32611 4
32612 2
32613 5
32614 1
32615 4
32616 3
32617 0
32618 4
32619 1
32620 0
32621 3
32622 3
32623 4
32624 0
32625 0
32626 2
32627 3
32628 1
32629 0
32630 0
32631 4
32632 2
32633 3
32634 5
32635 3
32636 5
32637 3
32638 0
32639 3
32640 1
32641 1
32642 2
32643 2
32644 4
32645 1
32646 0
32647 2
32648 3
32649 4
32650 3
32651 3
32652 3
32653 2
32654 0
32655 3
32656 1
32657 2
32658 0
32659 3
32660 4
32661 2
32662 5
32663 3
32664 4
32665 3
32666 2
32667 2
32668 5
32669 5
32670 0
32671 0
32672 3
32673 2
32674 3
32675 2
32676 4
32677 5
32678 1
32679 3
32680 1
32681 3
32682 2
32683 3
32684 0
32685 4
32686 1
32687 4
32688 0
32689 1
32690 1
32691 4
32692 0
32693 2
32694 4
32695 0
32696 4
32697 1
32698 3
32699 3
32700 0
32701 2
32702 0
32703 3
32704 5
32705 1
32706 0
32707 4
32708 3
32709 3
32710 0
32711 5
32712 3
32713 1
32714 4
32715 0
32716 1
32717 3
32718 6
32719 0
32720 5
32721 0
32722 4
32723 3
32724 1
32725 2
32726 3
32727 3
32728 6
32729 4
32730 3
32731 2
32732 2
32733 2
32734 2
32735 3
32736 3
32737 4
32738 0
32739 4
32740 1
32741 4
32742 2
32743 2
32744 4
32745 1
32746 2
32747 2
32748 3
32749 3
32750 4
32751 4
32752 1
32753 1
32754 1
32755 2
32756 2
32757 3
32758 1
32759 5
32760 0
32761 4
32762 1
32763 1
32764 5
32765 3
32766 4
32767 1
32768 1
32769 4
32770 3
32771 4
32772 4
32773 0
32774 5
32775 1
32776 3
32777 5
32778 3
32779 0
32780 5
32781 0
32782 0
32783 0
32784 0
32785 2
32786 4
32787 4
32788 1
32789 3
32790 1
32791 5
32792 1
32793 5
32794 1
32795 2
32796 0
32797 1
32798 4
32799 2
32800 1
32801 6
32802 3
32803 2
32804 1
32805 2
32806 2
32807 1
32808 2
32809 2
32810 1
32811 2
32812 5
32813 4
32814 5
32815 5
32816 1
32817 6
32818 0
32819 4
32820 0
32821 0
32822 6
32823 1
32824 2
32825 2
32826 5
32827 2
32828 0
32829 0
32830 3
32831 4
32832 3
32833 0
32834 5
32835 3
32836 6
32837 2
32838 0
32839 2
32840 1
32841 4
32842 2
32843 4
32844 3
32845 4
32846 5
32847 1
32848 5
32849 1
32850 1
32851 2
32852 3
32853 3
32854 5
32855 2
32856 6
32857 5
32858 2
32859 2
32860 5
32861 2
32862 4
32863 0
32864 1
32865 1
32866 4
32867 1
32868 2
32869 1
32870 5
32871 1
32872 5
32873 5
32874 4
32875 1
32876 4
32877 3
32878 1
32879 0
32880 3
32881 2
32882 1
32883 4
32884 1
32885 1
32886 5
32887 2
32888 4
32889 2
32890 0
32891 2
32892 0
32893 4
32894 3
32895 0
32896 4
32897 1
32898 5
32899 0
32900 3
32901 6
32902 3
32903 3
32904 2
32905 6
32906 1
32907 2
32908 5
32909 2
32910 1
32911 4
32912 1
32913 2
32914 0
32915 2
32916 6
32917 1
32918 2
32919 4
32920 4
32921 5
32922 1
32923 0
32924 4
32925 5
32926 4
32927 4
32928 3
32929 4
32930 4
32931 1
32932 2
32933 2
32934 7
32935 0
32936 5
32937 3
32938 3
32939 0
32940 0
32941 3
32942 2
32943 1
32944 1
32945 0
32946 0
32947 4
32948 2
32949 1
32950 6
32951 6
32952 5
32953 3
32954 3
32955 4
32956 4
32957 1
32958 0
32959 3
32960 4
32961 1
32962 0
32963 2
32964 3
32965 2
32966 3
32967 0
32968 0
32969 1
32970 3
32971 1
32972 4
32973 2
32974 3
32975 3
32976 1
32977 4
32978 0
32979 4
32980 3
32981 0
32982 3
32983 5
32984 6
32985 1
32986 0
32987 4
32988 2
32989 3
32990 2
32991 1
32992 2
32993 1
32994 2
32995 1
32996 1
32997 4
32998 4
32999 0
33000 4
33001 1
33002 2
33003 5
33004 1
33005 3
33006 1
33007 2
33008 0
33009 3
33010 3
33011 3
33012 2
33013 1
33014 0
33015 3
33016 0
33017 0
33018 5
33019 2
33020 5
33021 4
33022 0
33023 3
33024 0
33025 4
33026 0
33027 0
33028 5
33029 3
33030 0
33031 0
33032 0
33033 5
33034 1
33035 3
33036 3
33037 2
33038 1
33039 5
33040 2
33041 0
33042 1
33043 1
33044 4
33045 2
33046 2
33047 0
33048 3
33049 5
33050 1
33051 5
33052 1
33053 0
33054 3
33055 2
33056 2
33057 3
33058 1
33059 3
33060 1
33061 1
33062 0
33063 4
33064 3
33065 5
33066 0
33067 3
33068 1
33069 0
33070 4
33071 0
33072 3
33073 3
33074 3
33075 4
33076 3
33077 1
33078 1
33079 3
33080 3
33081 5
33082 0
33083 2
33084 5
33085 4
33086 1
33087 2
33088 0
33089 5
33090 4
33091 0
33092 0
33093 1
33094 2
33095 1
33096 6
33097 2
33098 3
33099 3
33100 5
33101 0
33102 1
33103 4
33104 2
33105 5
33106 5
33107 1
33108 4
33109 2
33110 2
33111 2
33112 3
33113 3
33114 1
33115 4
33116 4
33117 1
33118 2
33119 3
33120 5
33121 4
33122 0
33123 2
33124 4
33125 2
33126 3
33127 4
33128 1
33129 4
33130 0
33131 0
33132 4
33133 3
33134 2
33135 5
33136 2
33137 1
33138 0
33139 4
33140 4
33141 4
33142 2
33143 4
33144 6
33145 4
33146 1
33147 3
33148 6
33149 6
33150 4
33151 1
33152 4
33153 3
33154 5
33155 2
33156 0
33157 3
33158 4
33159 2
33160 2
33161 3
33162 3
33163 1
33164 0
33165 0
33166 0
33167 3
33168 6
33169 3
33170 5
33171 2
33172 2
33173 4
33174 3
33175 1
33176 1
33177 1
33178 1
33179 0
33180 5
33181 2
33182 1
33183 0
33184 6
33185 5
33186 3
33187 2
33188 5
33189 3
33190 5
33191 2
33192 3
33193 4
33194 5
33195 3
33196 3
33197 0
33198 3
33199 4
33200 1
33201 4
33202 1
33203 0
33204 4
33205 0
33206 0
33207 1
33208 0
33209 0
33210 1
33211 4
33212 3
33213 1
33214 0
33215 0
33216 2
33217 5
33218 4
33219 0
33220 1
33221 3
33222 2
33223 0
33224 4
33225 1
33226 1
33227 2
33228 3
33229 1
33230 0
33231 1
33232 5
33233 3
33234 2
33235 3
33236 1
33237 1
33238 0
33239 0
33240 3
33241 3
33242 5
33243 3
33244 3
33245 2
33246 5
33247 1
33248 4
33249 0
33250 3
33251 2
33252 4
33253 1
33254 2
33255 0
33256 3
33257 4
33258 1
33259 3
33260 2
33261 2
33262 5
33263 1
33264 3
33265 1
33266 1
33267 2
33268 2
33269 1
33270 0
33271 4
33272 0
33273 0
33274 3
33275 3
33276 5
33277 2
33278 3
33279 4
33280 0
33281 5
33282 1
33283 3
33284 2
33285 1
33286 1
33287 1
33288 5
33289 3
33290 2
33291 1
33292 3
33293 0
33294 0
33295 0
33296 4
33297 4
33298 5
33299 0
33300 2
33301 1
33302 3
33303 2
33304 5
33305 0
33306 0
33307 0
33308 4
33309 1
33310 2
33311 3
33312 3
33313 0
33314 5
33315 0
33316 3
33317 4
33318 4
33319 3
33320 5
33321 1
33322 2
33323 1
33324 4
33325 0
33326 4
33327 5
33328 1
33329 4
33330 0
33331 3
33332 2
33333 0
33334 1
33335 3
33336 0
33337 4
33338 1
33339 1
33340 4
33341 1
33342 1
33343 0
33344 2
33345 3
33346 1
33347 2
33348 3
33349 4
33350 3
33351 2
33352 5
33353 5
33354 0
33355 1
33356 4
33357 1
33358 1
33359 0
33360 0
33361 2
33362 4
33363 0
33364 5
33365 2
33366 3
33367 3
33368 1
33369 3
33370 3
33371 5
33372 1
33373 4
33374 4
33375 4
33376 5
33377 3
33378 1
33379 4
33380 3
33381 3
33382 3
33383 0
33384 4
33385 5
33386 3
33387 2
33388 3
33389 3
33390 5
33391 4
33392 3
33393 3
33394 2
33395 5
33396 0
33397 5
33398 4
33399 2
33400 4
33401 4
33402 1
33403 4
33404 1
33405 3
33406 1
33407 1
33408 3
33409 5
33410 0
33411 1
33412 2
33413 1
33414 2
33415 3
33416 4
33417 6
33418 0
33419 2
33420 4
33421 0
33422 2
33423 1
33424 3
33425 2
33426 0
33427 0
33428 2
33429 0
33430 2
33431 2
33432 5
33433 0
33434 2
33435 4
33436 2
33437 1
33438 3
33439 2
33440 5
33441 3
33442 3
33443 0
33444 2
33445 4
33446 4
33447 1
33448 2
33449 2
33450 3
33451 3
33452 4
33453 3
33454 0
33455 2
33456 2
33457 0
33458 0
33459 3
33460 2
33461 4
33462 3
33463 3
33464 4
33465 3
33466 1
33467 2
33468 5
33469 4
33470 1
33471 3
33472 1
33473 4
33474 0
33475 2
33476 3
33477 6
33478 2
33479 4
33480 5
33481 3
33482 2
33483 3
33484 3
33485 2
33486 3
33487 2
33488 5
33489 3
33490 3
33491 0
33492 3
33493 2
33494 1
33495 4
33496 0
33497 2
33498 2
33499 5
33500 0
33501 0
33502 5
33503 3
33504 3
33505 6
33506 5
33507 4
33508 2
33509 4
33510 1
33511 5
33512 1
33513 4
33514 2
33515 4
33516 2
33517 0
33518 2
33519 3
33520 1
33521 1
33522 4
33523 2
33524 4
33525 3
33526 2
33527 0
33528 3
33529 1
33530 4
33531 5
33532 5
33533 3
33534 1
33535 1
33536 4
33537 5
33538 2
33539 6
33540 1
33541 1
33542 5
33543 4
33544 4
33545 0
33546 2
33547 0
33548 3
33549 5
33550 3
33551 2
33552 5
33553 4
33554 4
33555 5
33556 0
33557 2
33558 4
33559 6
33560 5
33561 3
33562 0
33563 3
33564 2
33565 1
33566 1
33567 0
33568 1
33569 1
33570 0
33571 3
33572 2
33573 6
33574 5
33575 1
33576 4
33577 0
33578 2
33579 3
33580 2
33581 0
33582 1
33583 3
33584 3
33585 2
33586 6
33587 2
33588 2
33589 1
33590 0
33591 2
33592 3
33593 1
33594 3
33595 3
33596 1
33597 5
33598 2
33599 5
33600 2
33601 1
33602 5
33603 0
33604 0
33605 2
33606 3
33607 1
33608 3
33609 2
33610 3
33611 3
33612 5
33613 2
33614 2
33615 5
33616 4
33617 2
33618 3
33619 1
33620 2
33621 3
33622 3
33623 1
33624 4
33625 3
33626 0
33627 1
33628 2
33629 2
33630 2
33631 3
33632 5
33633 1
33634 6
33635 2
33636 2
33637 4
33638 3
33639 1
33640 1
33641 2
33642 4
33643 0
33644 3
33645 1
33646 1
33647 5
33648 2
33649 4
33650 5
33651 3
33652 4
33653 1
33654 4
33655 0
33656 4
33657 3
33658 2
33659 1
33660 6
33661 3
33662 1
33663 2
33664 1
33665 2
33666 1
33667 0
33668 3
33669 0
33670 1
33671 1
33672 1
33673 4
33674 0
33675 4
33676 5
33677 0
33678 0
33679 4
33680 4
33681 1
33682 1
33683 3
33684 2
33685 3
33686 3
33687 0
33688 4
33689 2
33690 5
33691 1
33692 1
33693 4
33694 2
33695 0
33696 1
33697 1
33698 1
33699 1
33700 1
33701 3
33702 2
33703 1
33704 0
33705 2
33706 3
33707 3
33708 3
33709 0
33710 3
33711 4
33712 2
33713 3
33714 1
33715 4
33716 3
33717 2
33718 2
33719 1
33720 3
33721 0
33722 6
33723 2
33724 7
33725 3
33726 0
33727 3
33728 6
33729 4
33730 3
33731 2
33732 2
33733 0
33734 0
33735 0
33736 2
33737 5
33738 1
33739 2
33740 3
33741 1
33742 1
33743 3
33744 4
33745 0
33746 2
33747 4
33748 2
33749 1
33750 2
33751 1
33752 1
33753 1
33754 0
33755 2
33756 0
33757 1
33758 1
33759 1
33760 3
33761 4
33762 2
33763 6
33764 3
33765 0
33766 3
33767 2
33768 0
33769 3
33770 4
33771 1
33772 5
33773 3
33774 2
33775 2
33776 2
33777 2
33778 0
33779 2
33780 6
33781 1
33782 2
33783 3
33784 1
33785 4
33786 2
33787 3
33788 3
33789 3
33790 3
33791 5
33792 3
33793 3
33794 5
33795 3
33796 0
33797 0
33798 1
33799 2
33800 1
33801 3
33802 0
33803 1
33804 4
33805 5
33806 2
33807 4
33808 3
33809 5
33810 1
33811 0
33812 1
33813 5
33814 5
33815 4
33816 3
33817 5
33818 1
33819 0
33820 1
33821 4
33822 2
33823 4
33824 2
33825 4
33826 2
33827 1
33828 0
33829 4
33830 6
33831 0
33832 4
33833 1
33834 4
33835 3
33836 3
33837 4
33838 3
33839 2
33840 5
33841 5
33842 5
33843 5
33844 2
33845 5
33846 0
33847 2
33848 0
33849 6
33850 3
33851 3
33852 5
33853 2
33854 2
33855 4
33856 2
33857 3
33858 3
33859 3
33860 3
33861 2
33862 4
33863 1
33864 2
33865 3
33866 5
33867 1
33868 4
33869 2
33870 0
33871 4
33872 4
33873 2
33874 1
33875 2
33876 4
33877 0
33878 0
33879 4
33880 5
33881 1
33882 0
33883 2
33884 4
33885 1
33886 1
33887 1
33888 4
33889 0
33890 4
33891 0
33892 1
33893 0
33894 1
33895 3
33896 0
33897 5
33898 2
33899 2
33900 0
33901 1
33902 2
33903 1
33904 3
33905 1
33906 1
33907 1
33908 2
33909 3
33910 5
33911 4
33912 2
33913 5
33914 1
33915 0
33916 3
33917 0
33918 0
33919 4
33920 3
33921 4
33922 4
33923 1
33924 5
33925 5
33926 2
33927 2
33928 2
33929 5
33930 2
33931 3
33932 2
33933 4
33934 3
33935 3
33936 0
33937 2
33938 5
33939 4
33940 2
33941 1
33942 1
33943 1
33944 3
33945 2
33946 5
33947 5
33948 1
33949 0
33950 1
33951 4
33952 1
33953 1
33954 1
33955 0
33956 6
33957 0
33958 5
33959 1
33960 1
33961 1
33962 5
33963 2
33964 3
33965 4
33966 3
33967 0
33968 3
33969 3
33970 4
33971 1
33972 4
33973 1
33974 0
33975 3
33976 2
33977 4
33978 0
33979 5
33980 2
33981 5
33982 4
33983 3
33984 3
33985 2
33986 2
33987 1
33988 4
33989 5
33990 4
33991 0
33992 1
33993 4
33994 0
33995 4
33996 2
33997 2
33998 1
33999 4
34000 0
34001 3
34002 4
34003 6
34004 1
34005 5
34006 2
34007 4
34008 4
34009 3
34010 1
34011 1
34012 5
34013 5
34014 1
34015 4
34016 1
34017 5
34018 3
34019 3
34020 4
34021 1
34022 0
34023 4
34024 3
34025 0
34026 4
34027 0
34028 3
34029 0
34030 3
34031 2
34032 0
34033 2
34034 0
34035 6
34036 3
34037 0
34038 5
34039 2
34040 3
34041 0
34042 1
34043 2
34044 0
34045 4
34046 2
34047 0
34048 3
34049 1
34050 0
34051 0
34052 3
34053 5
34054 1
34055 1
34056 4
34057 1
34058 5
34059 2
34060 3
34061 1
34062 0
34063 0
34064 2
34065 2
34066 3
34067 0
34068 0
34069 2
34070 0
34071 4
34072 1
34073 0
34074 0
34075 3
34076 0
34077 0
34078 6
34079 3
34080 6
34081 1
34082 3
34083 3
34084 5
34085 1
34086 3
34087 4
34088 1
34089 3
34090 0
34091 2
34092 5
34093 3
34094 0
34095 3
34096 3
34097 4
34098 0
34099 4
34100 1
34101 1
34102 5
34103 6
34104 0
34105 2
34106 2
34107 0
34108 3
34109 1
34110 2
34111 2
34112 0
34113 0
34114 0
34115 4
34116 1
34117 3
34118 3
34119 0
34120 3
34121 2
34122 2
34123 2
34124 1
34125 1
34126 2
34127 4
34128 3
34129 4
34130 1
34131 4
34132 3
34133 3
34134 0
34135 1
34136 3
34137 2
34138 1
34139 0
34140 3
34141 7
34142 4
34143 0
34144 0
34145 0
34146 0
34147 1
34148 6
34149 5
34150 2
34151 3
34152 3
34153 0
34154 1
34155 0
34156 4
34157 2
34158 3
34159 0
34160 3
34161 4
34162 0
34163 3
34164 5
34165 1
34166 1
34167 5
34168 3
34169 0
34170 3
34171 2
34172 3
34173 3
34174 4
34175 0
34176 4
34177 4
34178 0
34179 1
34180 5
34181 4
34182 4
34183 1
34184 0
34185 0
34186 2
34187 1
34188 5
34189 4
34190 1
34191 3
34192 1
34193 2
34194 5
34195 1
34196 0
34197 2
34198 3
34199 5
34200 1
34201 5
34202 5
34203 2
34204 5
34205 4
34206 0
34207 3
34208 2
34209 4
34210 3
34211 1
34212 5
34213 2
34214 5
34215 0
34216 1
34217 4
34218 2
34219 5
34220 3
34221 1
34222 1
34223 3
34224 5
34225 4
34226 1
34227 2
34228 4
34229 3
34230 5
34231 6
34232 4
34233 5
34234 2
34235 4
34236 4
34237 3
34238 2
34239 5
34240 0
34241 4
34242 2
34243 2
34244 2
34245 1
34246 6
34247 3
34248 3
34249 5
34250 4
34251 2
34252 3
34253 2
34254 0
34255 3
34256 3
34257 3
34258 2
34259 5
34260 3
34261 0
34262 4
34263 0
34264 3
34265 2
34266 3
34267 0
34268 1
34269 0
34270 1
34271 4
34272 4
34273 5
34274 3
34275 2
34276 4
34277 0
34278 5
34279 1
34280 1
34281 2
34282 0
34283 5
34284 3
34285 4
34286 4
34287 5
34288 3
34289 1
34290 1
34291 1
34292 3
34293 4
34294 4
34295 6
34296 7
34297 2
34298 1
34299 1
34300 4
34301 2
34302 0
34303 1
34304 0
34305 3
34306 1
34307 5
34308 0
34309 2
34310 1
34311 0
34312 0
34313 0
34314 6
34315 3
34316 6
34317 4
34318 3
34319 3
34320 3
34321 2
34322 0
34323 5
34324 5
34325 0
34326 3
34327 4
34328 0
34329 1
34330 3
34331 1
34332 3
34333 1
34334 0
34335 1
34336 5
34337 2
34338 0
34339 4
34340 1
34341 4
34342 4
34343 3
34344 5
34345 1
34346 4
34347 0
34348 0
34349 2
34350 4
34351 4
34352 2
34353 5
34354 2
34355 2
34356 4
34357 4
34358 1
34359 4
34360 3
34361 2
34362 1
34363 3
34364 5
34365 4
34366 2
34367 2
34368 1
34369 2
34370 2
34371 4
34372 3
34373 6
34374 6
34375 2
34376 2
34377 0
34378 4
34379 3
34380 3
34381 0
34382 4
34383 3
34384 4
34385 2
34386 1
34387 3
34388 4
34389 3
34390 3
34391 1
34392 5
34393 0
34394 2
34395 3
34396 4
34397 3
34398 0
34399 5
34400 5
34401 3
34402 4
34403 0
34404 3
34405 2
34406 2
34407 3
34408 0
34409 5
34410 2
34411 3
34412 1
34413 2
34414 1
34415 1
34416 3
34417 2
34418 0
34419 1
34420 0
34421 3
34422 2
34423 1
34424 4
34425 2
34426 1
34427 2
34428 1
34429 5
34430 4
34431 0
34432 5
34433 0
34434 0
34435 2
34436 1
34437 5
34438 2
34439 2
34440 0
34441 1
34442 0
34443 0
34444 3
34445 4
34446 5
34447 3
34448 6
34449 1
34450 6
34451 3
34452 5
34453 0
34454 1
34455 3
34456 1
34457 4
34458 2
34459 5
34460 2
34461 1
34462 6
34463 1
34464 0
34465 1
34466 0
34467 1
34468 5
34469 0
34470 0
34471 4
34472 3
34473 0
34474 5
34475 3
34476 0
34477 2
34478 3
34479 2
34480 2
34481 0
34482 3
34483 0
34484 4
34485 6
34486 0
34487 0
34488 1
34489 3
34490 0
34491 3
34492 3
34493 3
34494 5
34495 1
34496 1
34497 5
34498 1
34499 4
34500 3
34501 5
34502 4
34503 1
34504 1
34505 0
34506 6
34507 1
34508 2
34509 3
34510 2
34511 0
34512 0
34513 5
34514 2
34515 3
34516 1
34517 3
34518 5
34519 0
34520 0
34521 2
34522 4
34523 0
34524 1
34525 4
34526 4
34527 1
34528 1
34529 4
34530 2
34531 1
34532 4
34533 0
34534 5
34535 0
34536 4
34537 0
34538 1
34539 0
34540 3
34541 4
34542 1
34543 1
34544 1
34545 3
34546 5
34547 5
34548 0
34549 5
34550 0
34551 4
34552 4
34553 0
34554 0
34555 4
34556 1
34557 2
34558 2
34559 5
34560 3
34561 2
34562 2
34563 0
34564 3
34565 4
34566 2
34567 3
34568 5
34569 5
34570 5
34571 0
34572 1
34573 1
34574 3
34575 3
34576 0
34577 3
34578 5
34579 2
34580 3
34581 2
34582 2
34583 3
34584 0
34585 1
34586 1
34587 5
34588 4
34589 0
34590 4
34591 2
34592 2
34593 3
34594 3
34595 4
34596 4
34597 4
34598 6
34599 0
34600 2
34601 3
34602 3
34603 4
34604 2
34605 4
34606 3
34607 5
34608 5
34609 4
34610 3
34611 3
34612 0
34613 3
34614 3
34615 4
34616 1
34617 3
34618 0
34619 4
34620 2
34621 2
34622 3
34623 0
34624 2
34625 0
34626 2
34627 3
34628 1
34629 4
34630 1
34631 1
34632 5
34633 2
34634 3
34635 3
34636 4
34637 0
34638 3
34639 1
34640 5
34641 2
34642 1
34643 5
34644 4
34645 2
34646 5
34647 4
34648 4
34649 5
34650 2
34651 4
34652 3
34653 4
34654 0
34655 5
34656 4
34657 4
34658 5
34659 5
34660 5
34661 4
34662 3
34663 6
34664 4
34665 3
34666 0
34667 3
34668 4
34669 4
34670 0
34671 0
34672 4
34673 3
34674 1
34675 3
34676 4
34677 2
34678 0
34679 4
34680 5
34681 0
34682 0
34683 0
34684 0
34685 1
34686 2
34687 0
34688 5
34689 3
34690 3
34691 2
34692 4
34693 5
34694 5
34695 2
34696 1
34697 3
34698 5
34699 2
34700 4
34701 3
34702 0
34703 4
34704 0
34705 4
34706 5
34707 3
34708 3
34709 0
34710 2
34711 1
34712 0
34713 3
34714 2
34715 6
34716 6
34717 1
34718 4
34719 0
34720 1
34721 0
34722 3
34723 0
34724 3
34725 3
34726 2
34727 5
34728 1
34729 2
34730 1
34731 3
34732 4
34733 1
34734 0
34735 1
34736 3
34737 0
34738 1
34739 1
34740 2
34741 0
34742 3
34743 4
34744 1
34745 0
34746 5
34747 1
34748 2
34749 1
34750 5
34751 4
34752 0
34753 0
34754 4
34755 3
34756 3
34757 4
34758 5
34759 0
34760 0
34761 0
34762 4
34763 2
34764 4
34765 3
34766 0
34767 3
34768 4
34769 2
34770 4
34771 0
34772 3
34773 0
34774 1
34775 2
34776 5
34777 6
34778 5
34779 1
34780 3
34781 6
34782 5
34783 2
34784 0
34785 4
34786 4
34787 4
34788 3
34789 2
34790 6
34791 1
34792 2
34793 4
34794 3
34795 3
34796 4
34797 0
34798 3
34799 0
34800 2
34801 1
34802 6
34803 1
34804 0
34805 4
34806 2
34807 3
34808 4
34809 0
34810 4
34811 6
34812 5
34813 1
34814 0
34815 1
34816 4
34817 0
34818 3
34819 2
34820 3
34821 3
34822 3
34823 1
34824 4
34825 4
34826 0
34827 3
34828 2
34829 3
34830 2
34831 1
34832 2
34833 3
34834 3
34835 4
34836 1
34837 2
34838 1
34839 0
34840 4
34841 4
34842 4
34843 0
34844 0
34845 1
34846 4
34847 3
34848 3
34849 0
34850 5
34851 1
34852 5
34853 1
34854 0
34855 0
34856 1
34857 4
34858 6
34859 2
34860 1
34861 0
34862 0
34863 2
34864 4
34865 0
34866 1
34867 4
34868 2
34869 5
34870 1
34871 2
34872 4
34873 3
34874 4
34875 3
34876 0
34877 5
34878 4
34879 1
34880 3
34881 1
34882 0
34883 1
34884 5
34885 4
34886 2
34887 3
34888 0
34889 2
34890 4
34891 4
34892 1
34893 1
34894 3
34895 0
34896 5
34897 2
34898 5
34899 4
34900 4
34901 5
34902 0
34903 3
34904 1
34905 0
34906 2
34907 2
34908 2
34909 2
34910 1
34911 5
34912 0
34913 3
34914 0
34915 5
34916 2
34917 3
34918 3
34919 0
34920 3
34921 3
34922 4
34923 5
34924 2
34925 1
34926 4
34927 2
34928 1
34929 0
34930 2
34931 2
34932 0
34933 1
34934 3
34935 0
34936 5
34937 5
34938 4
34939 3
34940 2
34941 0
34942 0
34943 0
34944 4
34945 1
34946 2
34947 3
34948 0
34949 1
34950 3
34951 0
34952 2
34953 3
34954 1
34955 1
34956 5
34957 2
34958 3
34959 2
34960 2
34961 3
34962 4
34963 3
34964 5
34965 4
34966 4
34967 4
34968 2
34969 0
34970 0
34971 6
34972 4
34973 1
34974 4
34975 3
34976 2
34977 1
34978 3
34979 5
34980 1
34981 0
34982 4
34983 2
34984 2
34985 0
34986 1
34987 3
34988 0
34989 0
34990 3
34991 5
34992 3
34993 3
34994 3
34995 5
34996 2
34997 2
34998 0
34999 5
35000 3
35001 0
35002 5
35003 3
35004 4
35005 1
35006 3
35007 0
35008 2
35009 4
35010 3
35011 1
35012 2
35013 1
35014 1
35015 4
35016 2
35017 0
35018 2
35019 2
35020 4
35021 2
35022 0
35023 0
35024 2
35025 6
35026 4
35027 1
35028 0
35029 1
35030 0
35031 0
35032 2
35033 1
35034 0
35035 3
35036 1
35037 4
35038 2
35039 5
35040 3
35041 0
35042 0
35043 2
35044 4
35045 3
35046 2
35047 4
35048 0
35049 0
35050 3
35051 1
35052 2
35053 5
35054 1
35055 1
35056 3
35057 4
35058 2
35059 1
35060 1
35061 3
35062 5
35063 5
35064 1
35065 3
35066 2
35067 0
35068 2
35069 0
35070 0
35071 1
35072 4
35073 3
35074 0
35075 3
35076 3
35077 1
35078 4
35079 1
35080 0
35081 0
35082 4
35083 1
35084 1
35085 2
35086 4
35087 4
35088 3
35089 4
35090 4
35091 2
35092 2
35093 0
35094 2
35095 0
35096 1
35097 5
35098 3
35099 5
35100 0
35101 5
35102 4
35103 2
35104 2
35105 3
35106 4
35107 0
35108 2
35109 2
35110 3
35111 3
35112 0
35113 4
35114 2
35115 2
35116 3
35117 1
35118 4
35119 1
35120 0
35121 2
35122 2
35123 4
35124 6
35125 4
35126 5
35127 5
35128 0
35129 5
35130 0
35131 5
35132 4
35133 2
35134 3
35135 6
35136 5
35137 0
35138 0
35139 5
35140 4
35141 5
35142 5
35143 0
35144 1
35145 6
35146 2
35147 5
35148 0
35149 1
35150 1
35151 6
35152 4
35153 5
35154 1
35155 3
35156 0
35157 3
35158 2
35159 5
35160 0
35161 3
35162 6
35163 1
35164 4
35165 3
35166 1
35167 1
35168 0
35169 2
35170 4
35171 7
35172 4
35173 3
35174 6
35175 1
35176 1
35177 0
35178 0
35179 5
35180 4
35181 2
35182 4
35183 1
35184 0
35185 0
35186 2
35187 3
35188 3
35189 3
35190 0
35191 2
35192 3
35193 5
35194 0
35195 0
35196 5
35197 5
35198 1
35199 6
35200 3
35201 4
35202 3
35203 4
35204 0
35205 4
35206 0
35207 6
35208 2
35209 1
35210 0
35211 0
35212 4
35213 4
35214 3
35215 2
35216 3
35217 0
35218 1
35219 4
35220 4
35221 2
35222 0
35223 0
35224 3
35225 0
35226 1
35227 1
35228 0
35229 6
35230 2
35231 2
35232 3
35233 5
35234 6
35235 0
35236 5
35237 4
35238 3
35239 3
35240 2
35241 6
35242 0
35243 0
35244 2
35245 3
35246 5
35247 1
35248 4
35249 4
35250 2
35251 3
35252 4
35253 3
35254 5
35255 5
35256 2
35257 1
35258 2
35259 1
35260 1
35261 2
35262 2
35263 2
35264 5
35265 2
35266 2
35267 3
35268 2
35269 0
35270 0
35271 1
35272 0
35273 5
35274 2
35275 0
35276 3
35277 3
35278 5
35279 5
35280 0
35281 0
35282 3
35283 5
35284 5
35285 6
35286 1
35287 3
35288 5
35289 0
35290 3
35291 2
35292 3
35293 2
35294 3
35295 1
35296 3
35297 3
35298 5
35299 2
35300 4
35301 5
35302 3
35303 4
35304 4
35305 2
35306 4
35307 0
35308 0
35309 1
35310 5
35311 1
35312 0
35313 5
35314 4
35315 2
35316 2
35317 4
35318 3
35319 2
35320 6
35321 2
35322 0
35323 0
35324 3
35325 0
35326 1
35327 2
35328 2
35329 5
35330 5
35331 0
35332 4
35333 2
35334 4
35335 0
35336 0
35337 2
35338 4
35339 1
35340 5
35341 4
35342 5
35343 5
35344 3
35345 3
35346 1
35347 1
35348 2
35349 0
35350 2
35351 3
35352 5
35353 4
35354 2
35355 2
35356 2
35357 0
35358 5
35359 5
35360 2
35361 3
35362 4
35363 4
35364 3
35365 2
35366 0
35367 1
35368 5
35369 2
35370 1
35371 2
35372 0
35373 3
35374 1
35375 3
35376 0
35377 0
35378 4
35379 3
35380 2
35381 6
35382 3
35383 5
35384 5
35385 0
35386 1
35387 6
35388 2
35389 0
35390 3
35391 3
35392 3
35393 3
35394 2
35395 0
35396 5
35397 5
35398 5
35399 0
35400 2
35401 2
35402 3
35403 1
35404 2
35405 0
35406 5
35407 1
35408 3
35409 0
35410 5
35411 2
35412 6
35413 1
35414 4
35415 3
35416 3
35417 2
35418 4
35419 0
35420 3
35421 3
35422 5
35423 0
35424 0
35425 2
35426 0
35427 3
35428 4
35429 3
35430 4
35431 0
35432 1
35433 1
35434 5
35435 3
35436 2
35437 1
35438 0
35439 3
35440 3
35441 2
35442 3
35443 5
35444 3
35445 3
35446 2
35447 1
35448 2
35449 0
35450 5
35451 2
35452 0
35453 2
35454 3
35455 2
35456 5
35457 0
35458 3
35459 2
35460 0
35461 4
35462 1
35463 5
35464 4
35465 4
35466 2
35467 2
35468 0
35469 0
35470 3
35471 4
35472 4
35473 4
35474 1
35475 1
35476 0
35477 3
35478 2
35479 2
35480 4
35481 3
35482 1
35483 2
35484 4
35485 0
35486 5
35487 4
35488 4
35489 4
35490 3
35491 3
35492 3
35493 3
35494 2
35495 2
35496 2
35497 2
35498 2
35499 3
35500 4
35501 0
35502 6
35503 3
35504 5
35505 6
35506 5
35507 3
35508 2
35509 0
35510 4
35511 0
35512 4
35513 1
35514 4
35515 2
35516 1
35517 3
35518 2
35519 3
35520 2
35521 0
35522 5
35523 5
35524 1
35525 2
35526 5
35527 3
35528 4
35529 1
35530 0
35531 1
35532 1
35533 1
35534 1
35535 0
35536 1
35537 0
35538 5
35539 2
35540 1
35541 5
35542 0
35543 2
35544 1
35545 1
35546 0
35547 3
35548 3
35549 0
35550 0
35551 5
35552 4
35553 0
35554 3
35555 2
35556 4
35557 2
35558 6
35559 5
35560 0
35561 2
35562 0
35563 3
35564 0
35565 3
35566 1
35567 3
35568 2
35569 2
35570 1
35571 0
35572 6
35573 1
35574 3
35575 1
35576 0
35577 4
35578 2
35579 2
35580 3
35581 1
35582 0
35583 4
35584 1
35585 3
35586 4
35587 2
35588 0
35589 5
35590 0
35591 1
35592 2
35593 1
35594 5
35595 2
35596 0
35597 4
35598 1
35599 1
35600 0
35601 4
35602 5
35603 5
35604 0
35605 5
35606 2
35607 4
35608 0
35609 1
35610 0
35611 3
35612 3
35613 4
35614 0
35615 2
35616 3
35617 4
35618 2
35619 4
35620 5
35621 3
35622 2
35623 4
35624 5
35625 0
35626 3
35627 3
35628 5
35629 4
35630 4
35631 6
35632 3
35633 2
35634 0
35635 6
35636 0
35637 1
35638 0
35639 4
35640 2
35641 1
35642 5
35643 5
35644 3
35645 5
35646 1
35647 1
35648 2
35649 1
35650 2
35651 3
35652 4
35653 5
35654 3
35655 1
35656 0
35657 1
35658 4
35659 1
35660 2
35661 1
35662 4
35663 5
35664 3
35665 4
35666 4
35667 4
35668 0
35669 4
35670 0
35671 5
35672 4
35673 0
35674 4
35675 0
35676 4
35677 4
35678 2
35679 3
35680 1
35681 5
35682 1
35683 5
35684 2
35685 4
35686 0
35687 4
35688 6
35689 5
35690 5
35691 1
35692 2
35693 1
35694 3
35695 4
35696 0
35697 1
35698 0
35699 3
35700 4
35701 0
35702 0
35703 3
35704 0
35705 0
35706 2
35707 0
35708 5
35709 0
35710 1
35711 2
35712 1
35713 0
35714 0
35715 3
35716 3
35717 2
35718 2
35719 5
35720 0
35721 1
35722 2
35723 3
35724 0
35725 3
35726 5
35727 3
35728 5
35729 1
35730 2
35731 3
35732 3
35733 1
35734 2
35735 7
35736 1
35737 1
35738 3
35739 2
35740 2
35741 1
35742 6
35743 4
35744 3
35745 3
35746 5
35747 1
35748 2
35749 3
35750 3
35751 4
35752 2
35753 5
35754 1
35755 0
35756 3
35757 2
35758 4
35759 2
35760 2
35761 1
35762 3
35763 3
35764 2
35765 2
35766 3
35767 2
35768 0
35769 4
35770 2
35771 2
35772 1
35773 2
35774 4
35775 1
35776 2
35777 5
35778 3
35779 0
35780 1
35781 3
35782 3
35783 5
35784 3
35785 1
35786 2
35787 2
35788 3
35789 3
35790 0
35791 0
35792 4
35793 4
35794 4
35795 2
35796 2
35797 0
35798 0
35799 4
35800 2
35801 1
35802 1
35803 3
35804 3
35805 1
35806 0
35807 4
35808 5
35809 5
35810 5
35811 5
35812 3
35813 4
35814 0
35815 2
35816 3
35817 4
35818 3
35819 2
35820 0
35821 4
35822 0
35823 0
35824 4
35825 2
35826 2
35827 3
35828 2
35829 1
35830 3
35831 2
35832 3
35833 2
35834 5
35835 2
35836 1
35837 3
35838 5
35839 2
35840 2
35841 0
35842 1
35843 3
35844 3
35845 0
35846 0
35847 1
35848 4
35849 5
35850 3
35851 0
35852 3
35853 0
35854 2
35855 0
35856 3
35857 1
35858 4
35859 5
35860 2
35861 2
35862 5
35863 1
35864 4
35865 5
35866 4
35867 0
35868 3
35869 1
35870 0
35871 1
35872 3
35873 3
35874 1
35875 6
35876 2
35877 0
35878 4
35879 2
35880 4
35881 2
35882 3
35883 4
35884 2
35885 4
35886 2
35887 0
35888 2
35889 0
35890 1
35891 1
35892 2
35893 1
35894 6
35895 5
35896 1
35897 0
35898 0
35899 2
35900 3
35901 6
35902 5
35903 1
35904 1
35905 0
35906 1
35907 0
35908 2
35909 0
35910 1
35911 2
35912 2
35913 3
35914 0
35915 3
35916 0
35917 2
35918 0
35919 3
35920 1
35921 2
35922 3
35923 1
35924 2
35925 5
35926 5
35927 1
35928 3
35929 1
35930 3
35931 4
35932 2
35933 0
35934 0
35935 1
35936 0
35937 0
35938 0
35939 2
35940 0
35941 3
35942 2
35943 0
35944 2
35945 0
35946 0
35947 1
35948 1
35949 2
35950 0
35951 1
35952 3
35953 0
35954 5
35955 5
35956 5
35957 1
35958 5
35959 4
35960 3
35961 2
35962 0
35963 1
35964 4
35965 1
35966 4
35967 2
35968 5
35969 4
35970 1
35971 3
35972 2
35973 4
35974 4
35975 0
35976 1
35977 4
35978 4
35979 5
35980 3
35981 2
35982 0
35983 2
35984 1
35985 5
35986 5
35987 0
35988 1
35989 1
35990 2
35991 1
35992 3
35993 2
35994 2
35995 2
35996 1
35997 0
35998 2
35999 0
36000 1
36001 1
36002 1
36003 0
36004 0
36005 2
36006 0
36007 5
36008 3
36009 4
36010 4
36011 5
36012 3
36013 2
36014 3
36015 4
36016 0
36017 2
36018 0
36019 4
36020 6
36021 0
36022 5
36023 3
36024 6
36025 3
36026 5
36027 4
36028 4
36029 4
36030 4
36031 5
36032 4
36033 5
36034 1
36035 2
36036 4
36037 5
36038 3
36039 0
36040 4
36041 4
36042 1
36043 1
36044 2
36045 3
36046 2
36047 4
36048 2
36049 2
36050 2
36051 3
36052 2
36053 4
36054 4
36055 4
36056 4
36057 2
36058 3
36059 0
36060 0
36061 5
36062 0
36063 0
36064 3
36065 0
36066 0
36067 1
36068 1
36069 4
36070 3
36071 4
36072 4
36073 3
36074 2
36075 4
36076 0
36077 2
36078 2
36079 0
36080 4
36081 3
36082 1
36083 3
36084 0
36085 4
36086 3
36087 3
36088 4
36089 3
36090 5
36091 3
36092 0
36093 1
36094 6
36095 0
36096 5
36097 2
36098 5
36099 1
36100 4
36101 1
36102 2
36103 5
36104 2
36105 2
36106 1
36107 0
36108 1
36109 5
36110 2
36111 1
36112 2
36113 2
36114 0
36115 3
36116 3
36117 3
36118 3
36119 5
36120 3
36121 2
36122 2
36123 5
36124 1
36125 0
36126 0
36127 3
36128 2
36129 1
36130 1
36131 3
36132 0
36133 3
36134 2
36135 3
36136 3
36137 4
36138 2
36139 0
36140 3
36141 3
36142 2
36143 0
36144 0
36145 3
36146 4
36147 1
36148 3
36149 4
36150 4
36151 0
36152 2
36153 3
36154 3
36155 2
36156 1
36157 1
36158 2
36159 4
36160 4
36161 3
36162 4
36163 1
36164 5
36165 3
36166 2
36167 0
36168 6
36169 1
36170 0
36171 3
36172 3
36173 0
36174 0
36175 1
36176 7
36177 6
36178 1
36179 0
36180 1
36181 2
36182 2
36183 3
36184 4
36185 3
36186 4
36187 0
36188 0
36189 5
36190 4
36191 4
36192 0
36193 3
36194 2
36195 1
36196 4
36197 0
36198 5
36199 1
36200 5
36201 1
36202 4
36203 3
36204 1
36205 0
36206 1
36207 3
36208 1
36209 3
36210 0
36211 2
36212 3
36213 2
36214 1
36215 1
36216 2
36217 0
36218 1
36219 4
36220 1
36221 3
36222 4
36223 2
36224 1
36225 5
36226 4
36227 2
36228 2
36229 4
36230 2
36231 4
36232 4
36233 0
36234 2
36235 1
36236 4
36237 0
36238 6
36239 2
36240 4
36241 1
36242 3
36243 3
36244 2
36245 3
36246 1
36247 0
36248 2
36249 3
36250 0
36251 2
36252 4
36253 3
36254 4
36255 3
36256 0
36257 4
36258 4
36259 1
36260 1
36261 5
36262 1
36263 2
36264 1
36265 2
36266 2
36267 0
36268 3
36269 3
36270 4
36271 5
36272 1
36273 3
36274 6
36275 1
36276 1
36277 2
36278 6
36279 2
36280 3
36281 0
36282 3
36283 5
36284 6
36285 0
36286 5
36287 5
36288 1
36289 3
36290 0
36291 0
36292 1
36293 2
36294 4
36295 4
36296 4
36297 5
36298 4
36299 4
36300 5
36301 5
36302 0
36303 2
36304 1
36305 0
36306 3
36307 0
36308 4
36309 2
36310 5
36311 6
36312 5
36313 1
36314 5
36315 0
36316 0
36317 4
36318 1
36319 4
36320 1
36321 3
36322 1
36323 0
36324 1
36325 4
36326 3
36327 1
36328 4
36329 2
36330 3
36331 4
36332 3
36333 4
36334 2
36335 4
36336 4
36337 3
36338 1
36339 1
36340 5
36341 4
36342 2
36343 2
36344 0
36345 4
36346 3
36347 3
36348 0
36349 2
36350 3
36351 6
36352 5
36353 4
36354 0
36355 2
36356 1
36357 4
36358 2
36359 4
36360 4
36361 1
36362 2
36363 2
36364 3
36365 0
36366 4
36367 4
36368 5
36369 5
36370 1
36371 1
36372 4
36373 1
36374 4
36375 1
36376 4
36377 1
36378 0
36379 0
36380 0
36381 2
36382 4
36383 5
36384 3
36385 1
36386 0
36387 1
36388 4
36389 4
36390 3
36391 3
36392 3
36393 1
36394 3
36395 3
36396 2
36397 2
36398 3
36399 3
36400 5
36401 1
36402 1
36403 1
36404 2
36405 0
36406 2
36407 3
36408 5
36409 1
36410 3
36411 1
36412 3
36413 3
36414 0
36415 3
36416 4
36417 6
36418 1
36419 1
36420 1
36421 0
36422 1
36423 5
36424 6
36425 3
36426 0
36427 5
36428 1
36429 3
36430 6
36431 3
36432 0
36433 0
36434 3
36435 1
36436 3
36437 0
36438 1
36439 4
36440 3
36441 0
36442 2
36443 0
36444 1
36445 1
36446 0
36447 4
36448 0
36449 1
36450 0
36451 0
36452 3
36453 2
36454 1
36455 0
36456 2
36457 2
36458 1
36459 4
36460 1
36461 3
36462 0
36463 1
36464 2
36465 3
36466 2
36467 2
36468 0
36469 3
36470 3
36471 3
36472 0
36473 2
36474 3
36475 0
36476 4
36477 0
36478 2
36479 2
36480 4
36481 2
36482 3
36483 3
36484 3
36485 4
36486 0
36487 4
36488 4
36489 1
36490 2
36491 3
36492 4
36493 6
36494 1
36495 1
36496 1
36497 2
36498 2
36499 1
36500 7
36501 5
36502 0
36503 5
36504 5
36505 1
36506 2
36507 4
36508 3
36509 4
36510 0
36511 1
36512 1
36513 0
36514 5
36515 4
36516 0
36517 3
36518 0
36519 2
36520 2
36521 4
36522 0
36523 2
36524 4
36525 3
36526 0
36527 2
36528 3
36529 3
36530 0
36531 0
36532 3
36533 0
36534 2
36535 5
36536 0
36537 1
36538 5
36539 0
36540 3
36541 2
36542 2
36543 0
36544 0
36545 1
36546 5
36547 2
36548 1
36549 3
36550 2
36551 1
36552 0
36553 2
36554 3
36555 4
36556 3
36557 4
36558 2
36559 4
36560 1
36561 0
36562 2
36563 2
36564 2
36565 1
36566 4
36567 6
36568 4
36569 4
36570 5
36571 0
36572 0
36573 3
36574 2
36575 1
36576 5
36577 2
36578 0
36579 5
36580 0
36581 3
36582 3
36583 2
36584 1
36585 4
36586 1
36587 5
36588 3
36589 0
36590 2
36591 0
36592 3
36593 3
36594 1
36595 2
36596 1
36597 3
36598 4
36599 1
36600 6
36601 0
36602 0
36603 5
36604 4
36605 6
36606 0
36607 3
36608 4
36609 3
36610 1
36611 4
36612 1
36613 4
36614 2
36615 0
36616 5
36617 0
36618 2
36619 4
36620 2
36621 1
36622 1
36623 4
36624 0
36625 5
36626 5
36627 2
36628 0
36629 2
36630 6
36631 3
36632 5
36633 3
36634 0
36635 4
36636 1
36637 6
36638 6
36639 0
36640 4
36641 4
36642 5
36643 0
36644 1
36645 4
36646 4
36647 4
36648 1
36649 0
36650 0
36651 0
36652 0
36653 4
36654 3
36655 3
36656 6
36657 5
36658 3
36659 3
36660 2
36661 5
36662 4
36663 2
36664 2
36665 1
36666 3
36667 4
36668 0
36669 0
36670 3
36671 3
36672 2
36673 5
36674 4
36675 6
36676 5
36677 3
36678 2
36679 1
36680 0
36681 3
36682 2
36683 4
36684 5
36685 0
36686 2
36687 2
36688 5
36689 3
36690 4
36691 2
36692 6
36693 2
36694 2
36695 2
36696 1
36697 3
36698 0
36699 4
36700 3
36701 2
36702 0
36703 2
36704 0
36705 1
36706 1
36707 2
36708 0
36709 2
36710 3
36711 0
36712 1
36713 5
36714 1
36715 3
36716 2
36717 6
36718 5
36719 3
36720 2
36721 3
36722 2
36723 2
36724 4
36725 0
36726 1
36727 1
36728 3
36729 2
36730 5
36731 1
36732 1
36733 5
36734 2
36735 4
36736 2
36737 2
36738 1
36739 4
36740 3
36741 4
36742 5
36743 4
36744 5
36745 3
36746 5
36747 3
36748 2
36749 4
36750 4
36751 3
36752 4
36753 0
36754 1
36755 1
36756 1
36757 2
36758 2
36759 4
36760 3
36761 3
36762 5
36763 1
36764 3
36765 2
36766 3
36767 5
36768 5
36769 3
36770 0
36771 4
36772 0
36773 3
36774 0
36775 2
36776 0
36777 2
36778 4
36779 3
36780 3
36781 1
36782 4
36783 5
36784 1
36785 2
36786 4
36787 3
36788 0
36789 3
36790 1
36791 2
36792 3
36793 1
36794 5
36795 0
36796 3
36797 1
36798 6
36799 0
36800 2
36801 2
36802 0
36803 0
36804 6
36805 1
36806 1
36807 0
36808 3
36809 4
36810 0
36811 0
36812 4
36813 1
36814 4
36815 0
36816 5
36817 0
36818 3
36819 0
36820 0
36821 5
36822 2
36823 2
36824 2
36825 2
36826 3
36827 2
36828 1
36829 4
36830 2
36831 6
36832 5
36833 4
36834 0
36835 1
36836 5
36837 4
36838 0
36839 1
36840 1
36841 0
36842 4
36843 0
36844 1
36845 3
36846 2
36847 2
36848 4
36849 1
36850 1
36851 3
36852 1
36853 0
36854 0
36855 0
36856 4
36857 4
36858 2
36859 4
36860 5
36861 0
36862 3
36863 3
36864 2
36865 2
36866 3
36867 0
36868 2
36869 3
36870 5
36871 5
36872 2
36873 4
36874 4
36875 2
36876 4
36877 2
36878 4
36879 6
36880 5
36881 6
36882 5
36883 0
36884 2
36885 3
36886 4
36887 2
36888 1
36889 4
36890 0
36891 0
36892 3
36893 6
36894 2
36895 3
36896 1
36897 0
36898 0
36899 1
36900 1
36901 2
36902 4
36903 4
36904 1
36905 1
36906 0
36907 2
36908 4
36909 2
36910 4
36911 1
36912 1
36913 0
36914 0
36915 2
36916 1
36917 3
36918 1
36919 3
36920 0
36921 2
36922 3
36923 1
36924 2
36925 3
36926 4
36927 5
36928 5
36929 1
36930 3
36931 3
36932 3
36933 3
36934 1
36935 0
36936 2
36937 0
36938 2
36939 3
36940 2
36941 4
36942 4
36943 0
36944 5
36945 5
36946 0
36947 0
36948 3
36949 1
36950 0
36951 1
36952 5
36953 2
36954 2
36955 5
36956 1
36957 4
36958 1
36959 3
36960 1
36961 3
36962 3
36963 3
36964 4
36965 2
36966 1
36967 0
36968 2
36969 2
36970 1
36971 2
36972 0
36973 2
36974 4
36975 1
36976 0
36977 1
36978 3
36979 4
36980 1
36981 1
36982 1
36983 3
36984 3
36985 5
36986 3
36987 1
36988 1
36989 1
36990 1
36991 3
36992 2
36993 4
36994 4
36995 3
36996 0
36997 0
36998 4
36999 3
37000 5
37001 4
37002 0
37003 3
37004 1
37005 0
37006 0
37007 4
37008 1
37009 1
37010 1
37011 2
37012 4
37013 6
37014 1
37015 4
37016 3
37017 1
37018 2
37019 2
37020 6
37021 3
37022 5
37023 3
37024 0
37025 5
37026 3
37027 0
37028 4
37029 3
37030 4
37031 5
37032 0
37033 2
37034 4
37035 0
37036 0
37037 1
37038 5
37039 3
37040 3
37041 6
37042 2
37043 2
37044 2
37045 6
37046 4
37047 1
37048 1
37049 3
37050 3
37051 2
37052 2
37053 5
37054 5
37055 0
37056 2
37057 4
37058 2
37059 5
37060 0
37061 0
37062 1
37063 1
37064 5
37065 0
37066 4
37067 3
37068 6
37069 2
37070 1
37071 0
37072 4
37073 3
37074 0
37075 2
37076 5
37077 1
37078 2
37079 3
37080 3
37081 5
37082 2
37083 5
37084 4
37085 5
37086 4
37087 0
37088 2
37089 1
37090 0
37091 2
37092 1
37093 4
37094 2
37095 2
37096 0
37097 0
37098 0
37099 2
37100 0
37101 4
37102 3
37103 3
37104 0
37105 2
37106 1
37107 1
37108 0
37109 1
37110 3
37111 4
37112 3
37113 4
37114 4
37115 4
37116 0
37117 2
37118 3
37119 0
37120 7
37121 3
37122 1
37123 0
37124 2
37125 0
37126 4
37127 6
37128 4
37129 3
37130 0
37131 3
37132 3
37133 0
37134 1
37135 2
37136 5
37137 3
37138 5
37139 0
37140 3
37141 1
37142 0
37143 0
37144 2
37145 2
37146 6
37147 1
37148 3
37149 4
37150 3
37151 3
37152 3
37153 3
37154 5
37155 3
37156 2
37157 0
37158 1
37159 1
37160 3
37161 1
37162 0
37163 1
37164 3
37165 5
37166 2
37167 5
37168 5
37169 1
37170 4
37171 4
37172 0
37173 1
37174 1
37175 5
37176 5
37177 1
37178 3
37179 1
37180 2
37181 2
37182 2
37183 5
37184 4
37185 0
37186 5
37187 4
37188 1
37189 2
37190 0
37191 2
37192 1
37193 3
37194 3
37195 2
37196 3
37197 5
37198 0
37199 0
37200 4
37201 0
37202 4
37203 4
37204 2
37205 6
37206 4
37207 2
37208 2
37209 1
37210 4
37211 1
37212 3
37213 4
37214 3
37215 4
37216 2
37217 2
37218 3
37219 2
37220 0
37221 0
37222 2
37223 1
37224 0
37225 3
37226 3
37227 0
37228 2
37229 0
37230 1
37231 4
37232 6
37233 4
37234 0
37235 3
37236 6
37237 4
37238 0
37239 4
37240 1
37241 2
37242 5
37243 0
37244 6
37245 5
37246 1
37247 0
37248 3
37249 1
37250 0
37251 0
37252 3
37253 2
37254 2
37255 3
37256 3
37257 2
37258 0
37259 5
37260 1
37261 2
37262 2
37263 0
37264 2
37265 4
37266 1
37267 4
37268 5
37269 3
37270 0
37271 0
37272 0
37273 2
37274 4
37275 2
37276 2
37277 6
37278 5
37279 5
37280 1
37281 1
37282 0
37283 1
37284 0
37285 5
37286 1
37287 1
37288 2
37289 2
37290 4
37291 0
37292 4
37293 1
37294 3
37295 1
37296 4
37297 3
37298 1
37299 2
37300 1
37301 3
37302 5
37303 3
37304 0
37305 1
37306 0
37307 2
37308 3
37309 1
37310 3
37311 6
37312 4
37313 2
37314 5
37315 0
37316 2
37317 2
37318 3
37319 4
37320 0
37321 2
37322 2
37323 2
37324 2
37325 2
37326 0
37327 4
37328 0
37329 1
37330 2
37331 4
37332 1
37333 1
37334 1
37335 3
37336 0
37337 4
37338 2
37339 0
37340 5
37341 5
37342 2
37343 3
37344 2
37345 3
37346 4
37347 4
37348 2
37349 5
37350 3
37351 3
37352 2
37353 1
37354 0
37355 4
37356 1
37357 2
37358 1
37359 2
37360 2
37361 3
37362 5
37363 3
37364 2
37365 0
37366 0
37367 4
37368 2
37369 4
37370 1
37371 2
37372 3
37373 2
37374 0
37375 1
37376 0
37377 3
37378 2
37379 0
37380 3
37381 0
37382 4
37383 4
37384 1
37385 1
37386 3
37387 3
37388 0
37389 4
37390 4
37391 3
37392 2
37393 3
37394 4
37395 3
37396 1
37397 2
37398 3
37399 4
37400 1
37401 2
37402 5
37403 2
37404 3
37405 2
37406 3
37407 4
37408 1
37409 2
37410 4
37411 2
37412 2
37413 4
37414 3
37415 5
37416 5
37417 0
37418 2
37419 0
37420 3
37421 3
37422 4
37423 1
37424 2
37425 2
37426 2
37427 4
37428 2
37429 1
37430 1
37431 4
37432 0
37433 7
37434 2
37435 4
37436 3
37437 3
37438 3
37439 1
37440 0
37441 4
37442 4
37443 3
37444 1
37445 0
37446 4
37447 1
37448 5
37449 4
37450 7
37451 2
37452 4
37453 4
37454 4
37455 4
37456 4
37457 4
37458 1
37459 4
37460 3
37461 1
37462 2
37463 0
37464 5
37465 5
37466 2
37467 1
37468 1
37469 3
37470 4
37471 4
37472 5
37473 0
37474 4
37475 4
37476 1
37477 3
37478 3
37479 5
37480 0
37481 3
37482 3
37483 1
37484 2
37485 0
37486 2
37487 2
37488 2
37489 5
37490 4
37491 4
37492 0
37493 4
37494 0
37495 2
37496 1
37497 3
37498 0
37499 2
37500 0
37501 0
37502 2
37503 1
37504 3
37505 1
37506 2
37507 5
37508 4
37509 3
37510 3
37511 1
37512 2
37513 3
37514 0
37515 6
37516 1
37517 3
37518 1
37519 2
37520 3
37521 4
37522 2
37523 5
37524 4
37525 0
37526 3
37527 5
37528 3
37529 0
37530 4
37531 1
37532 1
37533 5
37534 4
37535 1
37536 2
37537 3
37538 0
37539 3
37540 3
37541 0
37542 2
37543 2
37544 4
37545 4
37546 1
37547 2
37548 5
37549 4
37550 0
37551 5
37552 1
37553 3
37554 5
37555 1
37556 0
37557 0
37558 0
37559 4
37560 3
37561 2
37562 3
37563 0
37564 1
37565 2
37566 0
37567 1
37568 1
37569 4
37570 1
37571 2
37572 4
37573 6
37574 2
37575 3
37576 5
37577 0
37578 2
37579 2
37580 5
37581 0
37582 2
37583 4
37584 5
37585 3
37586 1
37587 2
37588 1
37589 5
37590 1
37591 3
37592 0
37593 4
37594 4
37595 0
37596 3
37597 5
37598 0
37599 2
37600 4
37601 5
37602 0
37603 4
37604 1
37605 0
37606 3
37607 3
37608 5
37609 2
37610 4
37611 3
37612 2
37613 1
37614 3
37615 2
37616 2
37617 1
37618 5
37619 4
37620 4
37621 4
37622 5
37623 0
37624 2
37625 1
37626 1
37627 4
37628 4
37629 1
37630 0
37631 3
37632 4
37633 0
37634 2
37635 2
37636 2
37637 4
37638 1
37639 4
37640 4
37641 3
37642 1
37643 3
37644 1
37645 1
37646 4
37647 3
37648 4
37649 6
37650 2
37651 0
37652 1
37653 6
37654 5
37655 2
37656 0
37657 0
37658 1
37659 1
37660 4
37661 0
37662 2
37663 1
37664 1
37665 0
37666 0
37667 1
37668 4
37669 2
37670 3
37671 1
37672 4
37673 2
37674 3
37675 2
37676 4
37677 5
37678 4
37679 3
37680 1
37681 0
37682 0
37683 1
37684 0
37685 3
37686 4
37687 0
37688 0
37689 1
37690 0
37691 3
37692 3
37693 1
37694 3
37695 1
37696 0
37697 0
37698 5
37699 2
37700 3
37701 5
37702 2
37703 2
37704 1
37705 0
37706 1
37707 5
37708 3
37709 2
37710 0
37711 2
37712 0
37713 3
37714 1
37715 1
37716 2
37717 0
37718 4
37719 5
37720 2
37721 3
37722 0
37723 2
37724 2
37725 2
37726 2
37727 1
37728 4
37729 2
37730 1
37731 4
37732 0
37733 2
37734 1
37735 4
37736 2
37737 3
37738 1
37739 3
37740 1
37741 2
37742 0
37743 4
37744 2
37745 4
37746 4
37747 3
37748 2
37749 3
37750 1
37751 2
37752 2
37753 1
37754 2
37755 4
37756 3
37757 6
37758 5
37759 0
37760 5
37761 0
37762 5
37763 3
37764 2
37765 4
37766 3
37767 2
37768 1
37769 3
37770 0
37771 3
37772 2
37773 0
37774 4
37775 4
37776 0
37777 4
37778 5
37779 3
37780 4
37781 3
37782 2
37783 4
37784 5
37785 4
37786 0
37787 0
37788 2
37789 2
37790 3
37791 1
37792 3
37793 5
37794 3
37795 1
37796 2
37797 1
37798 2
37799 1
37800 1
37801 0
37802 5
37803 2
37804 3
37805 4
37806 4
37807 4
37808 4
37809 2
37810 3
37811 3
37812 0
37813 6
37814 3
37815 2
37816 4
37817 3
37818 6
37819 4
37820 3
37821 3
37822 0
37823 2
37824 0
37825 3
37826 4
37827 3
37828 0
37829 1
37830 2
37831 4
37832 2
37833 0
37834 3
37835 2
37836 2
37837 0
37838 0
37839 5
37840 6
37841 1
37842 2
37843 1
37844 2
37845 4
37846 3
37847 6
37848 5
37849 1
37850 0
37851 1
37852 4
37853 4
37854 3
37855 3
37856 0
37857 3
37858 1
37859 2
37860 0
37861 4
37862 2
37863 2
37864 2
37865 5
37866 4
37867 0
37868 2
37869 1
37870 2
37871 4
37872 1
37873 0
37874 0
37875 3
37876 1
37877 3
37878 0
37879 5
37880 2
37881 3
37882 1
37883 0
37884 2
37885 0
37886 1
37887 3
37888 3
37889 4
37890 0
37891 1
37892 1
37893 4
37894 4
37895 5
37896 3
37897 5
37898 3
37899 0
37900 2
37901 4
37902 1
37903 2
37904 1
37905 0
37906 5
37907 5
37908 4
37909 0
37910 5
37911 2
37912 4
37913 0
37914 0
37915 2
37916 3
37917 1
37918 4
37919 4
37920 3
37921 2
37922 4
37923 3
37924 1
37925 4
37926 0
37927 4
37928 3
37929 4
37930 4
37931 3
37932 3
37933 1
37934 4
37935 4
37936 3
37937 0
37938 2
37939 4
37940 1
37941 1
37942 5
37943 0
37944 4
37945 0
37946 0
37947 3
37948 3
37949 2
37950 4
37951 4
37952 2
37953 0
37954 1
37955 2
37956 0
37957 3
37958 1
37959 5
37960 0
37961 3
37962 1
37963 3
37964 3
37965 5
37966 6
37967 3
37968 2
37969 1
37970 3
37971 0
37972 4
37973 2
37974 1
37975 1
37976 3
37977 4
37978 0
37979 4
37980 3
37981 5
37982 1
37983 3
37984 4
37985 4
37986 3
37987 4
37988 0
37989 4
37990 4
37991 3
37992 5
37993 6
37994 4
37995 3
37996 3
37997 1
37998 6
37999 5
38000 1
38001 3
38002 4
38003 4
38004 0
38005 6
38006 3
38007 0
38008 2
38009 1
38010 1
38011 3
38012 3
38013 2
38014 3
38015 4
38016 3
38017 2
38018 5
38019 0
38020 0
38021 2
38022 5
38023 0
38024 0
38025 2
38026 3
38027 4
38028 4
38029 4
38030 5
38031 5
38032 0
38033 2
38034 5
38035 0
38036 0
38037 4
38038 2
38039 2
38040 4
38041 4
38042 3
38043 3
38044 4
38045 6
38046 0
38047 2
38048 3
38049 2
38050 4
38051 3
38052 4
38053 2
38054 2
38055 2
38056 0
38057 0
38058 3
38059 4
38060 4
38061 0
38062 3
38063 5
38064 3
38065 4
38066 0
38067 0
38068 0
38069 4
38070 0
38071 3
38072 3
38073 4
38074 4
38075 4
38076 3
38077 1
38078 2
38079 3
38080 3
38081 2
38082 5
38083 0
38084 4
38085 5
38086 0
38087 2
38088 1
38089 1
38090 1
38091 3
38092 3
38093 2
38094 2
38095 0
38096 4
38097 5
38098 3
38099 0
38100 1
38101 4
38102 0
38103 5
38104 6
38105 3
38106 1
38107 5
38108 0
38109 1
38110 4
38111 0
38112 1
38113 2
38114 1
38115 1
38116 1
38117 4
38118 2
38119 5
38120 3
38121 2
38122 2
38123 5
38124 0
38125 5
38126 2
38127 4
38128 4
38129 2
38130 1
38131 4
38132 1
38133 3
38134 2
38135 5
38136 5
38137 1
38138 2
38139 4
38140 3
38141 2
38142 2
38143 1
38144 1
38145 4
38146 3
38147 5
38148 3
38149 2
38150 0
38151 5
38152 3
38153 1
38154 0
38155 2
38156 0
38157 0
38158 1
38159 3
38160 3
38161 2
38162 0
38163 4
38164 1
38165 1
38166 2
38167 0
38168 5
38169 0
38170 4
38171 1
38172 2
38173 1
38174 5
38175 2
38176 1
38177 3
38178 5
38179 2
38180 5
38181 4
38182 2
38183 4
38184 2
38185 2
38186 4
38187 4
38188 0
38189 0
38190 6
38191 3
38192 5
38193 2
38194 4
38195 0
38196 5
38197 3
38198 4
38199 5
38200 5
38201 2
38202 1
38203 2
38204 3
38205 0
38206 4
38207 2
38208 5
38209 0
38210 3
38211 2
38212 3
38213 5
38214 1
38215 3
38216 1
38217 0
38218 3
38219 0
38220 1
38221 0
38222 1
38223 5
38224 5
38225 0
38226 5
38227 0
38228 0
38229 0
38230 0
38231 0
38232 0
38233 4
38234 5
38235 3
38236 3
38237 3
38238 5
38239 2
38240 5
38241 4
38242 4
38243 4
38244 3
38245 1
38246 1
38247 0
38248 1
38249 3
38250 0
38251 5
38252 3
38253 4
38254 4
38255 3
38256 4
38257 0
38258 1
38259 1
38260 1
38261 6
38262 2
38263 6
38264 2
38265 0
38266 3
38267 2
38268 4
38269 5
38270 3
38271 1
38272 6
38273 0
38274 4
38275 0
38276 4
38277 0
38278 0
38279 2
38280 0
38281 0
38282 1
38283 5
38284 4
38285 3
38286 2
38287 1
38288 4
38289 1
38290 2
38291 3
38292 0
38293 5
38294 4
38295 0
38296 6
38297 2
38298 0
38299 3
38300 3
38301 3
38302 1
38303 2
38304 0
38305 0
38306 5
38307 4
38308 3
38309 0
38310 4
38311 2
38312 4
38313 0
38314 3
38315 3
38316 1
38317 1
38318 4
38319 1
38320 0
38321 0
38322 2
38323 0
38324 2
38325 3
38326 3
38327 0
38328 3
38329 4
38330 0
38331 1
38332 3
38333 2
38334 1
38335 5
38336 2
38337 6
38338 0
38339 2
38340 4
38341 0
38342 2
38343 3
38344 4
38345 0
38346 2
38347 4
38348 1
38349 1
38350 3
38351 6
38352 0
38353 3
38354 2
38355 3
38356 4
38357 3
38358 4
38359 3
38360 5
38361 0
38362 1
38363 5
38364 5
38365 1
38366 3
38367 0
38368 0
38369 1
38370 1
38371 4
38372 4
38373 0
38374 2
38375 1
38376 5
38377 1
38378 4
38379 0
38380 4
38381 3
38382 2
38383 0
38384 1
38385 5
38386 4
38387 2
38388 4
38389 5
38390 1
38391 3
38392 2
38393 1
38394 5
38395 3
38396 5
38397 5
38398 3
38399 1
38400 4
38401 2
38402 2
38403 3
38404 2
38405 0
38406 0
38407 3
38408 0
38409 6
38410 2
38411 6
38412 3
38413 0
38414 4
38415 3
38416 0
38417 3
38418 1
38419 3
38420 2
38421 5
38422 1
38423 5
38424 2
38425 2
38426 3
38427 0
38428 1
38429 3
38430 3
38431 4
38432 0
38433 5
38434 0
38435 5
38436 1
38437 2
38438 6
38439 0
38440 0
38441 1
38442 3
38443 2
38444 1
38445 4
38446 3
38447 2
38448 2
38449 2
38450 6
38451 2
38452 5
38453 3
38454 3
38455 0
38456 4
38457 5
38458 2
38459 0
38460 6
38461 3
38462 2
38463 5
38464 2
38465 2
38466 5
38467 1
38468 2
38469 4
38470 3
38471 1
38472 1
38473 0
38474 2
38475 3
38476 4
38477 2
38478 0
38479 2
38480 0
38481 2
38482 0
38483 2
38484 3
38485 1
38486 2
38487 3
38488 5
38489 1
38490 2
38491 4
38492 4
38493 5
38494 2
38495 4
38496 5
38497 3
38498 0
38499 3
38500 4
38501 1
38502 0
38503 2
38504 3
38505 0
38506 2
38507 2
38508 0
38509 0
38510 0
38511 3
38512 0
38513 5
38514 2
38515 5
38516 0
38517 2
38518 1
38519 2
38520 1
38521 0
38522 5
38523 1
38524 5
38525 4
38526 1
38527 2
38528 1
38529 0
38530 5
38531 5
38532 5
38533 1
38534 0
38535 2
38536 1
38537 2
38538 2
38539 4
38540 0
38541 2
38542 3
38543 1
38544 2
38545 0
38546 1
38547 3
38548 2
38549 1
38550 0
38551 3
38552 0
38553 1
38554 0
38555 0
38556 0
38557 2
38558 6
38559 2
38560 4
38561 0
38562 6
38563 2
38564 5
38565 6
38566 6
38567 3
38568 4
38569 1
38570 4
38571 2
38572 2
38573 2
38574 3
38575 1
38576 0
38577 4
38578 1
38579 6
38580 6
38581 0
38582 5
38583 5
38584 1
38585 2
38586 0
38587 4
38588 5
38589 3
38590 3
38591 3
38592 3
38593 1
38594 3
38595 3
38596 2
38597 4
38598 4
38599 0
38600 0
38601 4
38602 0
38603 1
38604 4
38605 4
38606 2
38607 2
38608 2
38609 3
38610 2
38611 6
38612 4
38613 4
38614 0
38615 3
38616 4
38617 1
38618 3
38619 2
38620 5
38621 3
38622 1
38623 3
38624 2
38625 5
38626 1
38627 5
38628 4
38629 3
38630 0
38631 1
38632 4
38633 1
38634 2
38635 6
38636 4
38637 2
38638 5
38639 0
38640 4
38641 2
38642 3
38643 5
38644 4
38645 5
38646 1
38647 0
38648 2
38649 3
38650 0
38651 5
38652 3
38653 5
38654 4
38655 4
38656 3
38657 1
38658 3
38659 6
38660 3
38661 5
38662 3
38663 3
38664 1
38665 5
38666 4
38667 3
38668 5
38669 1
38670 6
38671 0
38672 5
38673 3
38674 4
38675 3
38676 4
38677 1
38678 3
38679 3
38680 3
38681 3
38682 2
38683 3
38684 0
38685 1
38686 3
38687 6
38688 0
38689 5
38690 2
38691 3
38692 3
38693 5
38694 5
38695 3
38696 1
38697 2
38698 0
38699 0
38700 3
38701 2
38702 2
38703 0
38704 3
38705 5
38706 5
38707 0
38708 5
38709 3
38710 3
38711 2
38712 3
38713 1
38714 3
38715 1
38716 3
38717 5
38718 5
38719 3
38720 1
38721 1
38722 3
38723 4
38724 5
38725 3
38726 1
38727 2
38728 4
38729 4
38730 3
38731 1
38732 0
38733 0
38734 4
38735 3
38736 0
38737 1
38738 1
38739 3
38740 3
38741 2
38742 2
38743 0
38744 4
38745 2
38746 0
38747 2
38748 3
38749 0
38750 4
38751 5
38752 1
38753 1
38754 1
38755 3
38756 3
38757 4
38758 4
38759 5
38760 4
38761 1
38762 4
38763 3
38764 1
38765 5
38766 3
38767 1
38768 3
38769 3
38770 1
38771 5
38772 2
38773 3
38774 2
38775 0
38776 1
38777 1
38778 2
38779 1
38780 4
38781 1
38782 3
38783 5
38784 0
38785 5
38786 0
38787 0
38788 2
38789 6
38790 0
38791 0
38792 3
38793 1
38794 1
38795 0
38796 3
38797 4
38798 2
38799 3
38800 3
38801 1
38802 3
38803 2
38804 0
38805 0
38806 1
38807 4
38808 0
38809 5
38810 4
38811 5
38812 4
38813 3
38814 1
38815 0
38816 0
38817 1
38818 0
38819 0
38820 3
38821 1
38822 0
38823 3
38824 5
38825 0
38826 3
38827 3
38828 1
38829 0
38830 3
38831 4
38832 1
38833 3
38834 1
38835 0
38836 3
38837 3
38838 1
38839 1
38840 0
38841 5
38842 3
38843 1
38844 2
38845 1
38846 0
38847 4
38848 2
38849 2
38850 1
38851 0
38852 3
38853 3
38854 2
38855 3
38856 3
38857 2
38858 3
38859 2
38860 5
38861 1
38862 1
38863 2
38864 1
38865 1
38866 0
38867 4
38868 5
38869 4
38870 0
38871 2
38872 2
38873 2
38874 1
38875 2
38876 0
38877 2
38878 5
38879 6
38880 2
38881 4
38882 2
38883 0
38884 5
38885 5
38886 3
38887 4
38888 4
38889 1
38890 4
38891 4
38892 1
38893 0
38894 0
38895 5
38896 0
38897 2
38898 4
38899 1
38900 1
38901 0
38902 1
38903 0
38904 0
38905 5
38906 4
38907 4
38908 2
38909 2
38910 2
38911 4
38912 4
38913 2
38914 0
38915 0
38916 5
38917 0
38918 4
38919 1
38920 3
38921 2
38922 1
38923 4
38924 1
38925 5
38926 1
38927 4
38928 5
38929 2
38930 4
38931 2
38932 1
38933 4
38934 3
38935 1
38936 1
38937 2
38938 2
38939 2
38940 4
38941 1
38942 2
38943 5
38944 0
38945 1
38946 3
38947 4
38948 5
38949 2
38950 2
38951 2
38952 5
38953 3
38954 4
38955 4
38956 0
38957 2
38958 6
38959 4
38960 3
38961 0
38962 4
38963 2
38964 6
38965 6
38966 1
38967 0
38968 3
38969 3
38970 5
38971 3
38972 2
38973 0
38974 1
38975 4
38976 0
38977 1
38978 2
38979 0
38980 2
38981 2
38982 0
38983 2
38984 5
38985 3
38986 5
38987 2
38988 3
38989 3
38990 1
38991 3
38992 5
38993 3
38994 2
38995 3
38996 1
38997 1
38998 3
38999 0
39000 1
39001 5
39002 2
39003 2
39004 2
39005 0
39006 0
39007 3
39008 4
39009 5
39010 4
39011 3
39012 1
39013 2
39014 0
39015 0
39016 5
39017 1
39018 1
39019 4
39020 2
39021 4
39022 2
39023 4
39024 2
39025 3
39026 2
39027 1
39028 3
39029 3
39030 3
39031 3
39032 6
39033 5
39034 2
39035 3
39036 3
39037 1
39038 2
39039 0
39040 0
39041 2
39042 3
39043 1
39044 0
39045 3
39046 1
39047 0
39048 5
39049 4
39050 2
39051 1
39052 1
39053 0
39054 5
39055 1
39056 3
39057 3
39058 5
39059 2
39060 3
39061 3
39062 5
39063 0
39064 6
39065 3
39066 0
39067 0
39068 2
39069 2
39070 4
39071 3
39072 3
39073 2
39074 2
39075 0
39076 1
39077 2
39078 1
39079 1
39080 3
39081 4
39082 5
39083 3
39084 1
39085 1
39086 2
39087 0
39088 5
39089 2
39090 0
39091 1
39092 3
39093 0
39094 3
39095 5
39096 2
39097 0
39098 3
39099 1
39100 0
39101 1
39102 3
39103 2
39104 0
39105 1
39106 0
39107 0
39108 0
39109 0
39110 5
39111 5
39112 1
39113 6
39114 1
39115 2
39116 2
39117 1
39118 4
39119 2
39120 2
39121 3
39122 5
39123 4
39124 5
39125 0
39126 4
39127 2
39128 3
39129 4
39130 3
39131 4
39132 3
39133 3
39134 2
39135 1
39136 0
39137 5
39138 4
39139 2
39140 5
39141 3
39142 2
39143 4
39144 4
39145 5
39146 4
39147 0
39148 4
39149 4
39150 5
39151 2
39152 5
39153 3
39154 0
39155 3
39156 5
39157 0
39158 5
39159 5
39160 3
39161 2
39162 1
39163 2
39164 0
39165 1
39166 2
39167 4
39168 0
39169 3
39170 1
39171 1
39172 0
39173 3
39174 5
39175 3
39176 3
39177 3
39178 1
39179 2
39180 4
39181 3
39182 1
39183 2
39184 3
39185 1
39186 1
39187 1
39188 0
39189 0
39190 2
39191 2
39192 1
39193 3
39194 1
39195 7
39196 2
39197 0
39198 2
39199 3
39200 4
39201 2
39202 1
39203 2
39204 4
39205 4
39206 1
39207 4
39208 3
39209 5
39210 0
39211 6
39212 5
39213 0
39214 0
39215 5
39216 0
39217 3
39218 1
39219 1
39220 2
39221 0
39222 2
39223 5
39224 4
39225 2
39226 0
39227 1
39228 3
39229 0
39230 6
39231 3
39232 0
39233 4
39234 6
39235 5
39236 5
39237 2
39238 3
39239 0
39240 2
39241 2
39242 2
39243 2
39244 3
39245 0
39246 0
39247 0
39248 3
39249 3
39250 1
39251 4
39252 2
39253 5
39254 3
39255 0
39256 2
39257 1
39258 0
39259 4
39260 2
39261 1
39262 2
39263 4
39264 0
39265 1
39266 3
39267 4
39268 0
39269 3
39270 2
39271 1
39272 4
39273 3
39274 3
39275 3
39276 0
39277 1
39278 2
39279 2
39280 4
39281 3
39282 3
39283 3
39284 0
39285 0
39286 1
39287 3
39288 3
39289 3
39290 1
39291 0
39292 5
39293 6
39294 3
39295 4
39296 5
39297 1
39298 4
39299 0
39300 0
39301 1
39302 3
39303 5
39304 2
39305 0
39306 0
39307 5
39308 0
39309 1
39310 3
39311 2
39312 4
39313 0
39314 2
39315 0
39316 1
39317 2
39318 4
39319 6
39320 4
39321 3
39322 1
39323 2
39324 4
39325 1
39326 5
39327 1
39328 2
39329 5
39330 4
39331 2
39332 4
39333 4
39334 1
39335 4
39336 4
39337 6
39338 0
39339 1
39340 3
39341 4
39342 0
39343 6
39344 5
39345 2
39346 1
39347 1
39348 2
39349 3
39350 3
39351 3
39352 1
39353 2
39354 1
39355 2
39356 4
39357 2
39358 5
39359 3
39360 4
39361 0
39362 4
39363 4
39364 5
39365 4
39366 0
39367 0
39368 2
39369 3
39370 2
39371 0
39372 3
39373 5
39374 3
39375 3
39376 4
39377 4
39378 2
39379 2
39380 2
39381 1
39382 4
39383 2
39384 3
39385 2
39386 5
39387 3
39388 2
39389 1
39390 2
39391 5
39392 2
39393 0
39394 4
39395 0
39396 5
39397 4
39398 1
39399 0
39400 3
39401 1
39402 3
39403 5
39404 3
39405 3
39406 5
39407 2
39408 2
39409 3
39410 2
39411 0
39412 2
39413 0
39414 3
39415 2
39416 6
39417 0
39418 0
39419 0
39420 1
39421 2
39422 5
39423 2
39424 5
39425 1
39426 1
39427 0
39428 4
39429 2
39430 0
39431 2
39432 5
39433 1
39434 4
39435 1
39436 3
39437 3
39438 5
39439 0
39440 5
39441 1
39442 5
39443 1
39444 1
39445 2
39446 4
39447 2
39448 4
39449 1
39450 2
39451 1
39452 0
39453 4
39454 5
39455 4
39456 1
39457 2
39458 1
39459 5
39460 1
39461 4
39462 2
39463 4
39464 0
39465 0
39466 1
39467 5
39468 3
39469 1
39470 0
39471 4
39472 6
39473 2
39474 0
39475 2
39476 4
39477 1
39478 3
39479 0
39480 4
39481 1
39482 5
39483 1
39484 1
39485 0
39486 5
39487 1
39488 5
39489 3
39490 1
39491 0
39492 4
39493 3
39494 1
39495 3
39496 4
39497 4
39498 4
39499 2
39500 6
39501 5
39502 0
39503 4
39504 3
39505 1
39506 1
39507 5
39508 5
39509 0
39510 5
39511 6
39512 4
39513 5
39514 2
39515 2
39516 0
39517 1
39518 5
39519 3
39520 4
39521 2
39522 2
39523 3
39524 1
39525 0
39526 2
39527 5
39528 1
39529 0
39530 1
39531 3
39532 4
39533 3
39534 5
39535 4
39536 3
39537 3
39538 1
39539 5
39540 2
39541 3
39542 1
39543 3
39544 3
39545 2
39546 2
39547 1
39548 4
39549 5
39550 0
39551 4
39552 0
39553 1
39554 2
39555 3
39556 1
39557 4
39558 4
39559 2
39560 4
39561 1
39562 3
39563 4
39564 3
39565 5
39566 3
39567 4
39568 4
39569 2
39570 4
39571 2
39572 3
39573 2
39574 0
39575 1
39576 5
39577 1
39578 5
39579 4
39580 0
39581 2
39582 1
39583 1
39584 1
39585 1
39586 4
39587 0
39588 1
39589 6
39590 0
39591 2
39592 1
39593 3
39594 5
39595 2
39596 0
39597 3
39598 5
39599 2
39600 3
39601 4
39602 5
39603 4
39604 2
39605 1
39606 5
39607 3
39608 4
39609 2
39610 0
39611 3
39612 4
39613 1
39614 0
39615 2
39616 3
39617 4
39618 5
39619 2
39620 5
39621 3
39622 1
39623 4
39624 2
39625 2
39626 0
39627 4
39628 6
39629 2
39630 0
39631 5
39632 3
39633 0
39634 4
39635 5
39636 5
39637 2
39638 3
39639 0
39640 5
39641 2
39642 1
39643 0
39644 2
39645 0
39646 3
39647 5
39648 4
39649 2
39650 3
39651 4
39652 1
39653 3
39654 2
39655 1
39656 5
39657 2
39658 5
39659 0
39660 2
39661 6
39662 2
39663 0
39664 5
39665 6
39666 2
39667 3
39668 1
39669 2
39670 2
39671 4
39672 2
39673 2
39674 2
39675 3
39676 3
39677 0
39678 0
39679 4
39680 4
39681 4
39682 5
39683 4
39684 3
39685 5
39686 0
39687 2
39688 2
39689 3
39690 2
39691 1
39692 5
39693 2
39694 2
39695 2
39696 2
39697 3
39698 0
39699 5
39700 5
39701 5
39702 1
39703 3
39704 6
39705 2
39706 5
39707 5
39708 5
39709 4
39710 0
39711 1
39712 1
39713 5
39714 4
39715 0
39716 2
39717 5
39718 1
39719 5
39720 5
39721 0
39722 0
39723 2
39724 5
39725 5
39726 5
39727 2
39728 4
39729 3
39730 3
39731 4
39732 2
39733 4
39734 4
39735 5
39736 2
39737 3
39738 5
39739 3
39740 0
39741 1
39742 4
39743 3
39744 0
39745 4
39746 0
39747 3
39748 1
39749 3
39750 4
39751 4
39752 1
39753 4
39754 3
39755 5
39756 3
39757 4
39758 3
39759 2
39760 5
39761 2
39762 2
39763 2
39764 2
39765 2
39766 4
39767 3
39768 2
39769 4
39770 2
39771 3
39772 5
39773 2
39774 2
39775 4
39776 4
39777 2
39778 4
39779 3
39780 4
39781 2
39782 4
39783 5
39784 0
39785 3
39786 0
39787 1
39788 1
39789 0
39790 1
39791 5
39792 1
39793 4
39794 3
39795 2
39796 0
39797 1
39798 1
39799 5
39800 2
39801 1
39802 0
39803 1
39804 1
39805 3
39806 3
39807 0
39808 1
39809 4
39810 4
39811 0
39812 4
39813 5
39814 3
39815 3
39816 0
39817 2
39818 3
39819 3
39820 0
39821 2
39822 2
39823 4
39824 0
39825 2
39826 2
39827 2
39828 0
39829 4
39830 3
39831 2
39832 3
39833 1
39834 5
39835 4
39836 4
39837 4
39838 1
39839 4
39840 2
39841 2
39842 2
39843 1
39844 1
39845 0
39846 1
39847 2
39848 2
39849 0
39850 3
39851 1
39852 5
39853 0
39854 0
39855 0
39856 1
39857 3
39858 3
39859 4
39860 1
39861 3
39862 4
39863 3
39864 0
39865 5
39866 0
39867 2
39868 1
39869 0
39870 4
39871 1
39872 5
39873 1
39874 1
39875 5
39876 0
39877 0
39878 0
39879 3
39880 2
39881 0
39882 1
39883 5
39884 5
39885 1
39886 5
39887 1
39888 3
39889 2
39890 5
39891 0
39892 3
39893 5
39894 1
39895 4
39896 4
39897 3
39898 0
39899 0
39900 3
39901 2
39902 5
39903 3
39904 4
39905 1
39906 5
39907 1
39908 1
39909 2
39910 0
39911 2
39912 1
39913 3
39914 1
39915 0
39916 1
39917 1
39918 1
39919 6
39920 1
39921 2
39922 0
39923 3
39924 4
39925 5
39926 4
39927 1
39928 3
39929 0
39930 0
39931 2
39932 0
39933 1
39934 2
39935 2
39936 0
39937 2
39938 6
39939 0
39940 0
39941 4
39942 3
39943 0
39944 5
39945 4
39946 0
39947 4
39948 2
39949 1
39950 4
39951 3
39952 0
39953 2
39954 1
39955 6
39956 4
39957 5
39958 0
39959 0
39960 1
39961 0
39962 3
39963 1
39964 0
39965 1
39966 3
39967 2
39968 3
39969 4
39970 4
39971 2
39972 5
39973 4
39974 5
39975 5
39976 0
39977 0
39978 1
39979 1
39980 3
39981 2
39982 2
39983 2
39984 2
39985 3
39986 1
39987 4
39988 2
39989 5
39990 1
39991 0
39992 4
39993 0
39994 1
39995 2
39996 0
39997 5
39998 2
39999 1
40000 6
40001 5
40002 1
40003 4
40004 4
40005 5
40006 4
40007 0
40008 1
40009 4
40010 0
40011 0
40012 2
40013 1
40014 1
40015 5
40016 1
40017 2
40018 4
40019 1
40020 0
40021 1
40022 0
40023 3
40024 1
40025 4
40026 3
40027 1
40028 1
40029 4
40030 0
40031 0
40032 1
40033 0
40034 1
40035 3
40036 5
40037 5
40038 3
40039 4
40040 3
40041 1
40042 3
40043 3
40044 2
40045 2
40046 1
40047 2
40048 4
40049 2
40050 1
40051 2
40052 0
40053 4
40054 0
40055 0
40056 2
40057 4
40058 3
40059 5
40060 3
40061 3
40062 4
40063 2
40064 2
40065 0
40066 2
40067 2
40068 2
40069 0
40070 3
40071 1
40072 4
40073 0
40074 0
40075 5
40076 0
40077 1
40078 4
40079 3
40080 4
40081 0
40082 1
40083 4
40084 2
40085 0
40086 5
40087 0
40088 1
40089 1
40090 0
40091 0
40092 3
40093 1
40094 0
40095 0
40096 2
40097 1
40098 0
40099 3
40100 1
40101 0
40102 2
40103 4
40104 1
40105 5
40106 5
40107 2
40108 3
40109 3
40110 4
40111 4
40112 0
40113 4
40114 3
40115 5
40116 3
40117 5
40118 5
40119 0
40120 2
40121 1
40122 0
40123 4
40124 3
40125 0
40126 0
40127 2
40128 1
40129 5
40130 2
40131 5
40132 0
40133 0
40134 3
40135 0
40136 2
40137 1
40138 1
40139 3
40140 0
40141 1
40142 1
40143 5
40144 6
40145 1
40146 3
40147 4
40148 3
40149 5
40150 5
40151 3
40152 3
40153 5
40154 3
40155 4
40156 5
40157 1
40158 1
40159 1
40160 3
40161 4
40162 5
40163 6
40164 1
40165 4
40166 2
40167 1
40168 3
40169 1
40170 0
40171 2
40172 1
40173 4
40174 4
40175 1
40176 0
40177 0
40178 5
40179 3
40180 1
40181 4
40182 5
40183 2
40184 3
40185 1
40186 2
40187 1
40188 6
40189 4
40190 2
40191 3
40192 2
40193 2
40194 2
40195 3
40196 2
40197 3
40198 5
40199 1
40200 3
40201 3
40202 1
40203 4
40204 2
40205 4
40206 5
40207 3
40208 1
40209 4
40210 3
40211 1
40212 3
40213 1
40214 6
40215 3
40216 3
40217 2
40218 1
40219 1
40220 2
40221 0
40222 2
40223 2
40224 3
40225 3
40226 2
40227 4
40228 4
40229 4
40230 4
40231 6
40232 1
40233 0
40234 4
40235 2
40236 3
40237 2
40238 4
40239 1
40240 4
40241 4
40242 2
40243 5
40244 6
40245 2
40246 1
40247 1
40248 4
40249 0
40250 4
40251 1
40252 4
40253 4
40254 2
40255 1
40256 1
40257 3
40258 1
40259 1
40260 4
40261 6
40262 5
40263 5
40264 4
40265 3
40266 1
40267 5
40268 3
40269 2
40270 0
40271 3
40272 0
40273 0
40274 5
40275 2
40276 1
40277 0
40278 4
40279 1
40280 5
40281 3
40282 1
40283 1
40284 0
40285 2
40286 1
40287 4
40288 3
40289 1
40290 2
40291 3
40292 4
40293 0
40294 3
40295 3
40296 1
40297 4
40298 4
40299 5
40300 0
40301 0
40302 0
40303 4
40304 3
40305 4
40306 3
40307 6
40308 0
40309 3
40310 0
40311 0
40312 0
40313 2
40314 0
40315 3
40316 4
40317 5
40318 2
40319 4
40320 5
40321 5
40322 0
40323 1
40324 0
40325 4
40326 0
40327 4
40328 2
40329 4
40330 2
40331 6
40332 5
40333 3
40334 5
40335 3
40336 1
40337 0
40338 3
40339 4
40340 4
40341 1
40342 1
40343 3
40344 5
40345 4
40346 1
40347 2
40348 3
40349 5
40350 0
40351 1
40352 2
40353 2
40354 3
40355 2
40356 4
40357 1
40358 4
40359 5
40360 1
40361 5
40362 5
40363 4
40364 2
40365 3
40366 4
40367 4
40368 4
40369 4
40370 0
40371 0
40372 2
40373 0
40374 3
40375 0
40376 0
40377 1
40378 1
40379 4
40380 4
40381 1
40382 5
40383 0
40384 3
40385 3
40386 2
40387 0
40388 0
40389 0
40390 0
40391 2
40392 1
40393 5
40394 0
40395 3
40396 6
40397 2
40398 1
40399 0
40400 4
40401 0
40402 0
40403 3
40404 2
40405 1
40406 4
40407 6
40408 4
40409 5
40410 4
40411 3
40412 2
40413 4
40414 3
40415 2
40416 3
40417 5
40418 1
40419 2
40420 3
40421 5
40422 2
40423 4
40424 3
40425 3
40426 6
40427 3
40428 4
40429 2
40430 1
40431 1
40432 0
40433 4
40434 4
40435 6
40436 4
40437 2
40438 5
40439 3
40440 0
40441 2
40442 0
40443 1
40444 0
40445 2
40446 4
40447 1
40448 5
40449 1
40450 4
40451 0
40452 4
40453 3
40454 5
40455 3
40456 5
40457 4
40458 3
40459 1
40460 1
40461 4
40462 4
40463 5
40464 0
40465 4
40466 2
40467 4
40468 6
40469 1
40470 4
40471 1
40472 3
40473 3
40474 3
40475 3
40476 5
40477 6
40478 2
40479 0
40480 3
40481 4
40482 0
40483 1
40484 2
40485 5
40486 3
40487 5
40488 0
40489 3
40490 0
40491 2
40492 3
40493 2
40494 4
40495 4
40496 0
40497 6
40498 0
40499 2
40500 5
40501 3
40502 0
40503 3
40504 0
40505 2
40506 0
40507 0
40508 1
40509 4
40510 4
40511 2
40512 3
40513 1
40514 0
40515 3
40516 4
40517 4
40518 6
40519 1
40520 1
40521 1
40522 6
40523 3
40524 4
40525 5
40526 1
40527 1
40528 2
40529 2
40530 5
40531 3
40532 3
40533 1
40534 5
40535 0
40536 3
40537 2
40538 1
40539 3
40540 3
40541 3
40542 0
40543 5
40544 2
40545 1
40546 3
40547 0
40548 0
40549 2
40550 4
40551 1
40552 4
40553 0
40554 4
40555 0
40556 2
40557 1
40558 1
40559 4
40560 2
40561 4
40562 2
40563 2
40564 4
40565 5
40566 0
40567 3
40568 0
40569 0
40570 5
40571 5
40572 4
40573 1
40574 3
40575 3
40576 6
40577 3
40578 4
40579 0
40580 4
40581 3
40582 0
40583 3
40584 1
40585 2
40586 3
40587 2
40588 4
40589 2
40590 0
40591 4
40592 1
40593 5
40594 3
40595 2
40596 3
40597 4
40598 4
40599 0
40600 2
40601 0
40602 2
40603 5
40604 2
40605 2
40606 2
40607 2
40608 4
40609 3
40610 5
40611 5
40612 5
40613 0
40614 4
40615 3
40616 5
40617 2
40618 3
40619 1
40620 2
40621 4
40622 3
40623 2
40624 5
40625 2
40626 3
40627 2
40628 5
40629 4
40630 3
40631 5
40632 5
40633 1
40634 0
40635 3
40636 4
40637 3
40638 1
40639 0
40640 5
40641 2
40642 4
40643 4
40644 1
40645 4
40646 4
40647 0
40648 4
40649 3
40650 5
40651 2
40652 3
40653 1
40654 1
40655 3
40656 0
40657 0
40658 0
40659 0
40660 3
40661 2
40662 2
40663 1
40664 0
40665 1
40666 4
40667 3
40668 5
40669 0
40670 1
40671 3
40672 1
40673 3
40674 1
40675 6
40676 1
40677 3
40678 5
40679 0
40680 4
40681 4
40682 3
40683 5
40684 1
40685 3
40686 1
40687 2
40688 3
40689 1
40690 0
40691 5
40692 2
40693 0
40694 1
40695 3
40696 5
40697 0
40698 0
40699 3
40700 1
40701 0
40702 3
40703 4
40704 5
40705 3
40706 0
40707 2
40708 4
40709 1
40710 6
40711 0
40712 5
40713 5
40714 3
40715 2
40716 5
40717 0
40718 2
40719 1
40720 4
40721 3
40722 1
40723 1
40724 5
40725 0
40726 0
40727 2
40728 3
40729 0
40730 3
40731 4
40732 3
40733 2
40734 1
40735 5
40736 1
40737 5
40738 0
40739 4
40740 2
40741 5
40742 3
40743 0
40744 0
40745 0
40746 4
40747 1
40748 5
40749 1
40750 2
40751 0
40752 2
40753 3
40754 3
40755 0
40756 5
40757 4
40758 2
40759 1
40760 0
40761 5
40762 2
40763 4
40764 2
40765 7
40766 1
40767 1
40768 4
40769 5
40770 5
40771 6
40772 0
40773 1
40774 4
40775 1
40776 5
40777 2
40778 3
40779 2
40780 1
40781 4
40782 0
40783 3
40784 0
40785 1
40786 6
40787 0
40788 1
40789 4
40790 2
40791 5
40792 3
40793 4
40794 5
40795 5
40796 5
40797 5
40798 3
40799 4
40800 2
40801 5
40802 0
40803 1
40804 0
40805 0
40806 3
40807 0
40808 1
40809 4
40810 2
40811 5
40812 0
40813 4
40814 4
40815 4
40816 4
40817 0
40818 0
40819 3
40820 3
40821 4
40822 0
40823 1
40824 3
40825 1
40826 1
40827 4
40828 2
40829 2
40830 0
40831 1
40832 4
40833 2
40834 3
40835 2
40836 1
40837 4
40838 5
40839 3
40840 5
40841 0
40842 2
40843 3
40844 5
40845 4
40846 1
40847 4
40848 1
40849 0
40850 4
40851 1
40852 3
40853 2
40854 0
40855 4
40856 2
40857 3
40858 2
40859 5
40860 0
40861 1
40862 1
40863 1
40864 2
40865 3
40866 5
40867 4
40868 3
40869 0
40870 3
40871 0
40872 5
40873 2
40874 2
40875 0
40876 3
40877 4
40878 2
40879 3
40880 3
40881 3
40882 2
40883 2
40884 4
40885 2
40886 0
40887 4
40888 1
40889 2
40890 3
40891 4
40892 3
40893 4
40894 4
40895 1
40896 5
40897 4
40898 5
40899 5
40900 4
40901 2
40902 1
40903 0
40904 4
40905 0
40906 4
40907 4
40908 3
40909 2
40910 0
40911 5
40912 0
40913 0
40914 1
40915 1
40916 0
40917 3
40918 5
40919 4
40920 1
40921 2
40922 3
40923 4
40924 2
40925 3
40926 4
40927 0
40928 2
40929 4
40930 0
40931 2
40932 1
40933 4
40934 1
40935 3
40936 2
40937 1
40938 2
40939 3
40940 3
40941 1
40942 4
40943 5
40944 2
40945 5
40946 6
40947 4
40948 3
40949 2
40950 2
40951 4
40952 3
40953 2
40954 5
40955 1
40956 4
40957 2
40958 1
40959 1
40960 2
40961 3
40962 4
40963 3
40964 4
40965 3
40966 2
40967 2
40968 4
40969 3
40970 2
40971 0
40972 2
40973 3
40974 1
40975 4
40976 3
40977 1
40978 2
40979 0
40980 3
40981 2
40982 2
40983 2
40984 1
40985 2
40986 1
40987 4
40988 4
40989 3
40990 3
40991 1
40992 6
40993 3
40994 1
40995 2
40996 5
40997 1
40998 3
40999 1
41000 0
41001 3
41002 4
41003 1
41004 0
41005 5
41006 2
41007 3
41008 2
41009 3
41010 5
41011 0
41012 5
41013 0
41014 4
41015 5
41016 2
41017 1
41018 4
41019 2
41020 0
41021 1
41022 3
41023 1
41024 3
41025 3
41026 1
41027 0
41028 0
41029 2
41030 3
41031 5
41032 4
41033 3
41034 4
41035 2
41036 2
41037 5
41038 0
41039 0
41040 3
41041 3
41042 3
41043 4
41044 1
41045 4
41046 4
41047 1
41048 3
41049 3
41050 0
41051 1
41052 0
41053 4
41054 6
41055 1
41056 2
41057 3
41058 2
41059 2
41060 5
41061 3
41062 2
41063 0
41064 4
41065 4
41066 1
41067 0
41068 3
41069 2
41070 1
41071 5
41072 2
41073 3
41074 5
41075 2
41076 2
41077 6
41078 4
41079 2
41080 4
41081 2
41082 3
41083 3
41084 3
41085 1
41086 0
41087 2
41088 1
41089 4
41090 0
41091 3
41092 4
41093 1
41094 4
41095 0
41096 2
41097 3
41098 1
41099 5
41100 2
41101 2
41102 0
41103 4
41104 1
41105 5
41106 1
41107 0
41108 1
41109 5
41110 1
41111 0
41112 3
41113 3
41114 3
41115 0
41116 0
41117 1
41118 2
41119 0
41120 1
41121 2
41122 3
41123 4
41124 2
41125 3
41126 2
41127 5
41128 6
41129 3
41130 1
41131 1
41132 3
41133 2
41134 4
41135 4
41136 3
41137 5
41138 2
41139 3
41140 3
41141 4
41142 4
41143 5
41144 3
41145 0
41146 4
41147 0
41148 0
41149 4
41150 3
41151 1
41152 1
41153 3
41154 0
41155 5
41156 4
41157 3
41158 4
41159 3
41160 4
41161 2
41162 0
41163 3
41164 4
41165 2
41166 2
41167 1
41168 2
41169 2
41170 2
41171 3
41172 1
41173 3
41174 4
41175 0
41176 6
41177 0
41178 5
41179 0
41180 1
41181 5
41182 3
41183 4
41184 4
41185 0
41186 0
41187 6
41188 2
41189 3
41190 2
41191 3
41192 5
41193 3
41194 3
41195 3
41196 4
41197 3
41198 1
41199 4
41200 0
41201 5
41202 0
41203 3
41204 3
41205 1
41206 1
41207 3
41208 4
41209 1
41210 5
41211 6
41212 1
41213 7
41214 4
41215 0
41216 0
41217 3
41218 3
41219 4
41220 2
41221 2
41222 3
41223 2
41224 1
41225 1
41226 0
41227 3
41228 3
41229 5
41230 2
41231 2
41232 0
41233 4
41234 3
41235 1
41236 3
41237 2
41238 3
41239 4
41240 1
41241 0
41242 4
41243 1
41244 2
41245 1
41246 0
41247 3
41248 5
41249 1
41250 0
41251 4
41252 1
41253 0
41254 0
41255 0
41256 4
41257 3
41258 2
41259 5
41260 1
41261 3
41262 1
41263 5
41264 3
41265 0
41266 4
41267 5
41268 2
41269 4
41270 2
41271 3
41272 4
41273 5
41274 2
41275 0
41276 1
41277 2
41278 3
41279 1
41280 1
41281 5
41282 2
41283 0
41284 3
41285 3
41286 3
41287 1
41288 3
41289 4
41290 3
41291 4
41292 2
41293 6
41294 0
41295 3
41296 4
41297 1
41298 5
41299 3
41300 5
41301 4
41302 2
41303 3
41304 5
41305 2
41306 3
41307 0
41308 3
41309 2
41310 2
41311 0
41312 4
41313 5
41314 1
41315 3
41316 3
41317 0
41318 0
41319 1
41320 6
41321 4
41322 2
41323 1
41324 5
41325 2
41326 3
41327 0
41328 5
41329 1
41330 3
41331 1
41332 4
41333 5
41334 5
41335 2
41336 1
41337 1
41338 2
41339 3
41340 0
41341 0
41342 2
41343 4
41344 2
41345 4
41346 2
41347 0
41348 4
41349 0
41350 2
41351 2
41352 4
41353 0
41354 4
41355 4
41356 5
41357 2
41358 0
41359 2
41360 3
41361 1
41362 2
41363 4
41364 1
41365 0
41366 0
41367 3
41368 3
41369 1
41370 5
41371 3
41372 2
41373 0
41374 4
41375 3
41376 1
41377 4
41378 3
41379 1
41380 0
41381 5
41382 1
41383 3
41384 0
41385 1
41386 4
41387 2
41388 3
41389 4
41390 0
41391 3
41392 1
41393 4
41394 0
41395 3
41396 2
41397 0
41398 2
41399 5
41400 0
41401 0
41402 5
41403 1
41404 2
41405 1
41406 2
41407 4
41408 2
41409 2
41410 4
41411 5
41412 0
41413 0
41414 0
41415 5
41416 4
41417 1
41418 3
41419 1
41420 4
41421 6
41422 0
41423 0
41424 0
41425 2
41426 1
41427 4
41428 2
41429 4
41430 2
41431 1
41432 2
41433 1
41434 5
41435 2
41436 0
41437 3
41438 2
41439 3
41440 4
41441 5
41442 6
41443 6
41444 5
41445 1
41446 3
41447 1
41448 0
41449 1
41450 1
41451 2
41452 1
41453 0
41454 0
41455 4
41456 0
41457 2
41458 2
41459 2
41460 2
41461 1
41462 0
41463 4
41464 2
41465 2
41466 0
41467 4
41468 2
41469 4
41470 0
41471 2
41472 3
41473 1
41474 3
41475 4
41476 6
41477 6
41478 3
41479 1
41480 4
41481 4
41482 3
41483 0
41484 3
41485 2
41486 1
41487 2
41488 3
41489 5
41490 0
41491 4
41492 1
41493 4
41494 4
41495 2
41496 1
41497 2
41498 2
41499 4
41500 5
41501 3
41502 4
41503 1
41504 4
41505 1
41506 4
41507 0
41508 3
41509 2
41510 2
41511 4
41512 5
41513 1
41514 0
41515 4
41516 4
41517 0
41518 1
41519 2
41520 0
41521 3
41522 1
41523 2
41524 1
41525 4
41526 4
41527 2
41528 6
41529 3
41530 0
41531 5
41532 1
41533 0
41534 5
41535 1
41536 4
41537 5
41538 1
41539 0
41540 1
41541 4
41542 3
41543 2
41544 2
41545 1
41546 5
41547 1
41548 5
41549 1
41550 2
41551 1
41552 3
41553 3
41554 0
41555 6
41556 3
41557 0
41558 6
41559 4
41560 2
41561 2
41562 5
41563 3
41564 2
41565 4
41566 1
41567 2
41568 0
41569 1
41570 5
41571 1
41572 0
41573 0
41574 4
41575 0
41576 0
41577 3
41578 2
41579 3
41580 4
41581 3
41582 6
41583 5
41584 1
41585 1
41586 4
41587 3
41588 0
41589 0
41590 5
41591 2
41592 3
41593 4
41594 1
41595 4
41596 5
41597 1
41598 2
41599 0
41600 1
41601 2
41602 5
41603 1
41604 2
41605 2
41606 3
41607 3
41608 4
41609 4
41610 1
41611 2
41612 5
41613 3
41614 1
41615 3
41616 0
41617 5
41618 3
41619 3
41620 1
41621 5
41622 3
41623 0
41624 1
41625 5
41626 0
41627 1
41628 5
41629 4
41630 5
41631 2
41632 2
41633 3
41634 2
41635 2
41636 1
41637 0
41638 3
41639 2
41640 5
41641 1
41642 1
41643 2
41644 0
41645 5
41646 3
41647 1
41648 4
41649 1
41650 5
41651 1
41652 3
41653 3
41654 2
41655 3
41656 5
41657 3
41658 2
41659 1
41660 1
41661 4
41662 4
41663 1
41664 1
41665 1
41666 3
41667 3
41668 2
41669 0
41670 2
41671 1
41672 4
41673 4
41674 4
41675 0
41676 5
41677 0
41678 2
41679 4
41680 0
41681 3
41682 4
41683 0
41684 1
41685 1
41686 0
41687 0
41688 5
41689 4
41690 0
41691 5
41692 5
41693 1
41694 1
41695 0
41696 5
41697 2
41698 3
41699 4
41700 5
41701 2
41702 5
41703 4
41704 1
41705 2
41706 5
41707 3
41708 0
41709 5
41710 7
41711 0
41712 2
41713 1
41714 3
41715 5
41716 0
41717 4
41718 0
41719 4
41720 0
41721 0
41722 0
41723 2
41724 6
41725 2
41726 3
41727 1
41728 5
41729 4
41730 6
41731 1
41732 0
41733 2
41734 4
41735 3
41736 3
41737 1
41738 0
41739 5
41740 3
41741 1
41742 3
41743 5
41744 5
41745 2
41746 1
41747 1
41748 0
41749 1
41750 2
41751 2
41752 2
41753 3
41754 1
41755 1
41756 3
41757 1
41758 1
41759 2
41760 6
41761 4
41762 2
41763 3
41764 4
41765 0
41766 4
41767 0
41768 0
41769 4
41770 5
41771 0
41772 2
41773 5
41774 4
41775 1
41776 4
41777 2
41778 6
41779 2
41780 5
41781 6
41782 3
41783 4
41784 2
41785 0
41786 3
41787 3
41788 1
41789 3
41790 4
41791 3
41792 3
41793 1
41794 3
41795 4
41796 2
41797 3
41798 0
41799 5
41800 3
41801 1
41802 3
41803 1
41804 3
41805 3
41806 2
41807 1
41808 1
41809 3
41810 4
41811 0
41812 0
41813 0
41814 1
41815 3
41816 3
41817 3
41818 1
41819 0
41820 0
41821 0
41822 4
41823 2
41824 4
41825 2
41826 5
41827 0
41828 2
41829 1
41830 4
41831 0
41832 5
41833 0
41834 6
41835 2
41836 1
41837 0
41838 4
41839 2
41840 5
41841 6
41842 0
41843 4
41844 2
41845 4
41846 1
41847 1
41848 4
41849 3
41850 1
41851 5
41852 2
41853 3
41854 1
41855 0
41856 0
41857 3
41858 4
41859 1
41860 1
41861 2
41862 3
41863 1
41864 3
41865 1
41866 3
41867 4
41868 1
41869 4
41870 5
41871 0
41872 3
41873 2
41874 1
41875 2
41876 2
41877 3
41878 3
41879 0
41880 0
41881 3
41882 0
41883 1
41884 4
41885 1
41886 1
41887 2
41888 4
41889 1
41890 4
41891 1
41892 5
41893 1
41894 6
41895 1
41896 1
41897 1
41898 1
41899 4
41900 5
41901 4
41902 1
41903 0
41904 5
41905 1
41906 2
41907 2
41908 2
41909 6
41910 1
41911 2
41912 4
41913 0
41914 3
41915 3
41916 6
41917 1
41918 4
41919 0
41920 1
41921 0
41922 1
41923 2
41924 1
41925 0
41926 4
41927 1
41928 4
41929 2
41930 2
41931 2
41932 1
41933 6
41934 3
41935 4
41936 1
41937 3
41938 3
41939 2
41940 3
41941 2
41942 1
41943 2
41944 4
41945 2
41946 2
41947 4
41948 1
41949 5
41950 1
41951 5
41952 0
41953 3
41954 5
41955 2
41956 3
41957 1
41958 4
41959 4
41960 1
41961 3
41962 0
41963 5
41964 2
41965 2
41966 4
41967 3
41968 4
41969 6
41970 5
41971 0
41972 5
41973 2
41974 2
41975 2
41976 5
41977 4
41978 3
41979 4
41980 2
41981 5
41982 1
41983 2
41984 3
41985 2
41986 2
41987 3
41988 3
41989 0
41990 2
41991 3
41992 4
41993 1
41994 0
41995 1
41996 3
41997 3
41998 2
41999 0
42000 5
42001 2
42002 0
42003 1
42004 0
42005 0
42006 5
42007 1
42008 0
42009 4
42010 1
42011 3
42012 1
42013 2
42014 4
42015 4
42016 2
42017 4
42018 2
42019 4
42020 0
42021 2
42022 3
42023 3
42024 0
42025 2
42026 2
42027 4
42028 3
42029 1
42030 3
42031 2
42032 1
42033 2
42034 5
42035 0
42036 1
42037 5
42038 6
42039 2
42040 2
42041 1
42042 7
42043 6
42044 3
42045 0
42046 1
42047 3
42048 3
42049 2
42050 5
42051 3
42052 5
42053 3
42054 3
42055 3
42056 1
42057 2
42058 5
42059 0
42060 3
42061 3
42062 2
42063 5
42064 4
42065 2
42066 3
42067 2
42068 1
42069 2
42070 6
42071 2
42072 5
42073 2
42074 5
42075 1
42076 2
42077 3
42078 5
42079 3
42080 4
42081 1
42082 5
42083 3
42084 3
42085 3
42086 2
42087 3
42088 2
42089 5
42090 5
42091 2
42092 2
42093 4
42094 2
42095 2
42096 6
42097 2
42098 4
42099 3
42100 5
42101 5
42102 2
42103 1
42104 2
42105 3
42106 3
42107 0
42108 2
42109 2
42110 3
42111 1
42112 4
42113 1
42114 1
42115 1
42116 2
42117 4
42118 0
42119 0
42120 1
42121 1
42122 3
42123 2
42124 2
42125 0
42126 5
42127 4
42128 2
42129 4
42130 2
42131 2
42132 0
42133 1
42134 2
42135 2
42136 3
42137 0
42138 6
42139 0
42140 5
42141 4
42142 2
42143 2
42144 0
42145 3
42146 4
42147 1
42148 5
42149 2
42150 0
42151 1
42152 5
42153 4
42154 3
42155 4
42156 0
42157 0
42158 3
42159 3
42160 4
42161 6
42162 1
42163 2
42164 2
42165 0
42166 5
42167 0
42168 1
42169 0
42170 2
42171 4
42172 0
42173 3
42174 0
42175 0
42176 4
42177 2
42178 3
42179 1
42180 0
42181 4
42182 6
42183 5
42184 0
42185 3
42186 3
42187 5
42188 2
42189 4
42190 4
42191 1
42192 1
42193 2
42194 4
42195 1
42196 2
42197 0
42198 1
42199 3
42200 1
42201 4
42202 0
42203 0
42204 4
42205 3
42206 5
42207 1
42208 4
42209 5
42210 1
42211 3
42212 2
42213 3
42214 1
42215 1
42216 3
42217 0
42218 3
42219 2
42220 0
42221 1
42222 3
42223 4
42224 2
42225 1
42226 0
42227 3
42228 0
42229 5
42230 0
42231 1
42232 2
42233 2
42234 3
42235 3
42236 2
42237 1
42238 1
42239 3
42240 3
42241 0
42242 2
42243 0
42244 2
42245 1
42246 2
42247 0
42248 1
42249 1
42250 3
42251 4
42252 3
42253 0
42254 1
42255 5
42256 2
42257 4
42258 4
42259 1
42260 4
42261 2
42262 1
42263 3
42264 1
42265 3
42266 3
42267 4
42268 2
42269 4
42270 4
42271 3
42272 0
42273 2
42274 0
42275 3
42276 6
42277 3
42278 4
42279 0
42280 4
42281 0
42282 2
42283 1
42284 4
42285 2
42286 1
42287 4
42288 3
42289 1
42290 2
42291 3
42292 5
42293 1
42294 5
42295 3
42296 4
42297 3
42298 4
42299 2
42300 0
42301 3
42302 1
42303 1
42304 3
42305 1
42306 0
42307 2
42308 3
42309 3
42310 5
42311 2
42312 1
42313 5
42314 2
42315 2
42316 0
42317 2
42318 1
42319 1
42320 2
42321 1
42322 2
42323 4
42324 0
42325 0
42326 2
42327 1
42328 0
42329 5
42330 4
42331 2
42332 0
42333 3
42334 5
42335 0
42336 4
42337 0
42338 6
42339 4
42340 0
42341 4
42342 3
42343 4
42344 0
42345 3
42346 3
42347 3
42348 4
42349 0
42350 6
42351 4
42352 2
42353 1
42354 0
42355 3
42356 1
42357 4
42358 0
42359 0
42360 4
42361 4
42362 4
42363 3
42364 0
42365 2
42366 2
42367 0
42368 1
42369 0
42370 4
42371 2
42372 3
42373 2
42374 3
42375 1
42376 1
42377 2
42378 4
42379 1
42380 5
42381 1
42382 0
42383 3
42384 3
42385 1
42386 1
42387 3
42388 4
42389 6
42390 1
42391 2
42392 2
42393 1
42394 3
42395 3
42396 0
42397 5
42398 5
42399 3
42400 2
42401 5
42402 0
42403 2
42404 0
42405 0
42406 3
42407 5
42408 3
42409 0
42410 2
42411 4
42412 0
42413 6
42414 5
42415 0
42416 3
42417 2
42418 2
42419 1
42420 5
42421 3
42422 2
42423 4
42424 2
42425 0
42426 1
42427 1
42428 0
42429 1
42430 4
42431 3
42432 1
42433 3
42434 2
42435 2
42436 5
42437 3
42438 4
42439 1
42440 5
42441 1
42442 3
42443 0
42444 5
42445 3
42446 3
42447 4
42448 4
42449 4
42450 3
42451 2
42452 5
42453 3
42454 1
42455 1
42456 2
42457 1
42458 2
42459 2
42460 2
42461 0
42462 2
42463 2
42464 0
42465 5
42466 2
42467 3
42468 3
42469 4
42470 3
42471 3
42472 0
42473 3
42474 2
42475 5
42476 2
42477 3
42478 1
42479 4
42480 3
42481 3
42482 2
42483 5
42484 3
42485 5
42486 3
42487 2
42488 3
42489 4
42490 3
42491 3
42492 2
42493 3
42494 4
42495 0
42496 4
42497 3
42498 3
42499 2
42500 2
42501 4
42502 4
42503 1
42504 5
42505 1
42506 4
42507 0
42508 0
42509 3
42510 2
42511 0
42512 1
42513 2
42514 1
42515 1
42516 2
42517 1
42518 1
42519 3
42520 0
42521 4
42522 4
42523 4
42524 3
42525 5
42526 2
42527 3
42528 2
42529 2
42530 3
42531 2
42532 3
42533 3
42534 0
42535 2
42536 0
42537 5
42538 0
42539 3
42540 5
42541 1
42542 2
42543 3
42544 1
42545 1
42546 1
42547 0
42548 2
42549 3
42550 0
42551 5
42552 1
42553 3
42554 6
42555 1
42556 2
42557 0
42558 3
42559 0
42560 0
42561 5
42562 3
42563 4
42564 4
42565 3
42566 4
42567 2
42568 2
42569 0
42570 0
42571 5
42572 1
42573 4
42574 1
42575 2
42576 2
42577 4
42578 4
42579 1
42580 4
42581 2
42582 0
42583 2
42584 3
42585 4
42586 1
42587 3
42588 4
42589 2
42590 4
42591 4
42592 0
42593 1
42594 3
42595 6
42596 6
42597 2
42598 1
42599 0
42600 0
42601 3
42602 1
42603 4
42604 5
42605 3
42606 2
42607 1
42608 0
42609 4
42610 3
42611 3
42612 5
42613 5
42614 5
42615 3
42616 1
42617 1
42618 2
42619 0
42620 2
42621 0
42622 2
42623 0
42624 1
42625 1
42626 4
42627 2
42628 7
42629 2
42630 3
42631 0
42632 0
42633 1
42634 0
42635 0
42636 4
42637 3
42638 0
42639 2
42640 0
42641 4
42642 1
42643 0
42644 0
42645 1
42646 5
42647 6
42648 3
42649 0
42650 0
42651 5
42652 0
42653 3
42654 2
42655 3
42656 0
42657 4
42658 0
42659 1
42660 5
42661 3
42662 1
42663 3
42664 0
42665 4
42666 2
42667 2
42668 1
42669 1
42670 1
42671 3
42672 1
42673 5
42674 4
42675 2
42676 5
42677 4
42678 4
42679 1
42680 3
42681 3
42682 5
42683 0
42684 2
42685 0
42686 4
42687 5
42688 4
42689 1
42690 6
42691 3
42692 1
42693 5
42694 3
42695 6
42696 4
42697 3
42698 2
42699 2
42700 2
42701 3
42702 2
42703 3
42704 0
42705 4
42706 2
42707 3
42708 4
42709 0
42710 5
42711 3
42712 4
42713 1
42714 1
42715 4
42716 4
42717 0
42718 0
42719 4
42720 4
42721 4
42722 5
42723 2
42724 2
42725 3
42726 4
42727 0
42728 1
42729 2
42730 2
42731 3
42732 4
42733 0
42734 1
42735 0
42736 1
42737 2
42738 1
42739 6
42740 4
42741 1
42742 2
42743 5
42744 3
42745 5
42746 0
42747 5
42748 2
42749 2
42750 0
42751 1
42752 1
42753 2
42754 3
42755 4
42756 2
42757 4
42758 5
42759 4
42760 4
42761 4
42762 5
42763 1
42764 5
42765 4
42766 0
42767 3
42768 6
42769 1
42770 4
42771 5
42772 4
42773 2
42774 0
42775 1
42776 6
42777 5
42778 2
42779 1
42780 2
42781 1
42782 2
42783 1
42784 3
42785 3
42786 2
42787 5
42788 2
42789 2
42790 4
42791 6
42792 2
42793 6
42794 3
42795 2
42796 4
42797 0
42798 1
42799 4
42800 4
42801 5
42802 1
42803 0
42804 3
42805 4
42806 3
42807 5
42808 2
42809 0
42810 0
42811 3
42812 2
42813 4
42814 2
42815 3
42816 4
42817 4
42818 4
42819 2
42820 2
42821 1
42822 0
42823 3
42824 2
42825 0
42826 2
42827 5
42828 1
42829 4
42830 5
42831 0
42832 6
42833 2
42834 3
42835 3
42836 6
42837 4
42838 3
42839 2
42840 5
42841 3
42842 3
42843 4
42844 0
42845 0
42846 0
42847 0
42848 3
42849 2
42850 4
42851 1
42852 3
42853 1
42854 2
42855 2
42856 3
42857 0
42858 4
42859 0
42860 3
42861 3
42862 4
42863 0
42864 0
42865 3
42866 0
42867 1
42868 5
42869 0
42870 3
42871 5
42872 5
42873 5
42874 5
42875 0
42876 5
42877 4
42878 0
42879 5
42880 5
42881 3
42882 2
42883 3
42884 0
42885 2
42886 6
42887 3
42888 1
42889 4
42890 4
42891 1
42892 5
42893 3
42894 5
42895 0
42896 2
42897 4
42898 6
42899 5
42900 0
42901 3
42902 3
42903 4
42904 2
42905 4
42906 1
42907 3
42908 3
42909 0
42910 3
42911 1
42912 4
42913 1
42914 5
42915 0
42916 0
42917 0
42918 4
42919 6
42920 1
42921 5
42922 2
42923 1
42924 2
42925 3
42926 0
42927 4
42928 2
42929 5
42930 2
42931 4
42932 0
42933 2
42934 1
42935 0
42936 0
42937 6
42938 2
42939 3
42940 5
42941 3
42942 3
42943 1
42944 1
42945 3
42946 4
42947 3
42948 2
42949 4
42950 1
42951 2
42952 2
42953 2
42954 0
42955 3
42956 6
42957 2
42958 2
42959 2
42960 2
42961 6
42962 2
42963 3
42964 5
42965 2
42966 4
42967 4
42968 0
42969 2
42970 2
42971 1
42972 0
42973 5
42974 5
42975 2
42976 3
42977 1
42978 2
42979 5
42980 1
42981 3
42982 6
42983 3
42984 5
42985 3
42986 1
42987 1
42988 0
42989 1
42990 0
42991 0
42992 4
42993 5
42994 0
42995 1
42996 4
42997 3
42998 1
42999 6
43000 4
43001 2
43002 5
43003 1
43004 2
43005 1
43006 1
43007 3
43008 1
43009 1
43010 2
43011 1
43012 1
43013 1
43014 1
43015 2
43016 1
43017 1
43018 0
43019 2
43020 2
43021 5
43022 2
43023 0
43024 1
43025 1
43026 3
43027 1
43028 4
43029 0
43030 1
43031 2
43032 3
43033 5
43034 5
43035 1
43036 2
43037 2
43038 4
43039 5
43040 0
43041 1
43042 1
43043 4
43044 4
43045 4
43046 0
43047 0
43048 0
43049 4
43050 5
43051 2
43052 2
43053 2
43054 0
43055 5
43056 5
43057 3
43058 3
43059 6
43060 5
43061 1
43062 3
43063 3
43064 4
43065 4
43066 3
43067 3
43068 4
43069 6
43070 3
43071 6
43072 5
43073 4
43074 2
43075 4
43076 5
43077 0
43078 3
43079 2
43080 0
43081 1
43082 3
43083 1
43084 2
43085 3
43086 3
43087 0
43088 1
43089 3
43090 4
43091 0
43092 0
43093 3
43094 1
43095 4
43096 4
43097 4
43098 6
43099 0
43100 4
43101 2
43102 2
43103 0
43104 0
43105 0
43106 0
43107 5
43108 4
43109 3
43110 2
43111 0
43112 3
43113 3
43114 1
43115 3
43116 2
43117 3
43118 1
43119 4
43120 1
43121 6
43122 5
43123 3
43124 2
43125 2
43126 3
43127 2
43128 1
43129 1
43130 2
43131 0
43132 1
43133 3
43134 3
43135 2
43136 2
43137 2
43138 5
43139 4
43140 2
43141 6
43142 1
43143 3
43144 1
43145 2
43146 5
43147 1
43148 0
43149 4
43150 0
43151 1
43152 3
43153 3
43154 0
43155 3
43156 0
43157 1
43158 3
43159 1
43160 3
43161 3
43162 3
43163 1
43164 6
43165 0
43166 5
43167 2
43168 4
43169 5
43170 5
43171 3
43172 1
43173 2
43174 4
43175 4
43176 0
43177 0
43178 1
43179 3
43180 3
43181 2
43182 1
43183 3
43184 1
43185 1
43186 4
43187 1
43188 0
43189 1
43190 0
43191 2
43192 1
43193 1
43194 3
43195 0
43196 0
43197 3
43198 2
43199 0
43200 3
43201 2
43202 0
43203 0
43204 2
43205 2
43206 0
43207 1
43208 4
43209 1
43210 5
43211 1
43212 2
43213 0
43214 4
43215 1
43216 3
43217 2
43218 3
43219 1
43220 5
43221 6
43222 4
43223 4
43224 1
43225 3
43226 3
43227 3
43228 3
43229 6
43230 3
43231 0
43232 1
43233 0
43234 0
43235 4
43236 0
43237 1
43238 5
43239 4
43240 1
43241 5
43242 5
43243 6
43244 5
43245 5
43246 4
43247 5
43248 1
43249 5
43250 3
43251 4
43252 3
43253 4
43254 3
43255 1
43256 0
43257 1
43258 2
43259 1
43260 0
43261 0
43262 4
43263 2
43264 5
43265 1
43266 0
43267 0
43268 3
43269 2
43270 3
43271 1
43272 2
43273 5
43274 2
43275 0
43276 1
43277 0
43278 3
43279 1
43280 1
43281 4
43282 0
43283 0
43284 1
43285 0
43286 3
43287 1
43288 3
43289 2
43290 0
43291 3
43292 3
43293 4
43294 4
43295 2
43296 2
43297 1
43298 4
43299 5
43300 5
43301 1
43302 0
43303 1
43304 3
43305 5
43306 2
43307 2
43308 0
43309 3
43310 2
43311 5
43312 2
43313 3
43314 0
43315 3
43316 3
43317 2
43318 0
43319 0
43320 1
43321 3
43322 5
43323 0
43324 3
43325 2
43326 5
43327 0
43328 3
43329 3
43330 3
43331 0
43332 2
43333 3
43334 4
43335 0
43336 5
43337 2
43338 2
43339 1
43340 0
43341 3
43342 2
43343 0
43344 0
43345 3
43346 3
43347 2
43348 3
43349 2
43350 3
43351 4
43352 0
43353 0
43354 1
43355 0
43356 4
43357 4
43358 0
43359 2
43360 2
43361 1
43362 2
43363 4
43364 4
43365 3
43366 0
43367 5
43368 0
43369 4
43370 3
43371 4
43372 0
43373 0
43374 0
43375 3
43376 1
43377 2
43378 2
43379 0
43380 3
43381 5
43382 5
43383 4
43384 0
43385 0
43386 2
43387 3
43388 4
43389 0
43390 0
43391 4
43392 3
43393 1
43394 5
43395 1
43396 6
43397 1
43398 0
43399 4
43400 2
43401 5
43402 6
43403 2
43404 2
43405 5
43406 2
43407 2
43408 3
43409 0
43410 2
43411 7
43412 0
43413 0
43414 5
43415 4
43416 3
43417 6
43418 4
43419 3
43420 5
43421 2
43422 5
43423 2
43424 0
43425 5
43426 5
43427 4
43428 0
43429 1
43430 1
43431 2
43432 3
43433 4
43434 4
43435 3
43436 0
43437 5
43438 0
43439 2
43440 5
43441 2
43442 2
43443 2
43444 0
43445 5
43446 2
43447 2
43448 3
43449 2
43450 4
43451 5
43452 0
43453 2
43454 2
43455 0
43456 3
43457 0
43458 1
43459 4
43460 4
43461 1
43462 0
43463 4
43464 2
43465 3
43466 0
43467 0
43468 0
43469 1
43470 0
43471 4
43472 1
43473 0
43474 0
43475 6
43476 0
43477 1
43478 3
43479 4
43480 2
43481 0
43482 2
43483 1
43484 5
43485 5
43486 3
43487 0
43488 2
43489 1
43490 2
43491 4
43492 0
43493 0
43494 0
43495 1
43496 4
43497 4
43498 6
43499 5
43500 5
43501 5
43502 3
43503 1
43504 1
43505 1
43506 1
43507 5
43508 0
43509 2
43510 3
43511 1
43512 2
43513 2
43514 3
43515 1
43516 0
43517 0
43518 4
43519 1
43520 6
43521 2
43522 3
43523 0
43524 4
43525 2
43526 1
43527 0
43528 4
43529 1
43530 0
43531 3
43532 4
43533 2
43534 2
43535 0
43536 2
43537 1
43538 1
43539 1
43540 1
43541 0
43542 3
43543 0
43544 1
43545 0
43546 4
43547 3
43548 6
43549 0
43550 0
43551 4
43552 0
43553 1
43554 5
43555 4
43556 0
43557 1
43558 4
43559 0
43560 2
43561 6
43562 6
43563 5
43564 2
43565 1
43566 5
43567 3
43568 2
43569 5
43570 5
43571 4
43572 5
43573 1
43574 3
43575 2
43576 0
43577 1
43578 2
43579 1
43580 0
43581 0
43582 1
43583 1
43584 3
43585 2
43586 5
43587 3
43588 4
43589 0
43590 5
43591 4
43592 0
43593 1
43594 5
43595 4
43596 1
43597 6
43598 5
43599 2
43600 4
43601 5
43602 1
43603 0
43604 1
43605 5
43606 3
43607 5
43608 4
43609 3
43610 0
43611 2
43612 0
43613 0
43614 5
43615 0
43616 1
43617 3
43618 1
43619 0
43620 2
43621 0
43622 4
43623 1
43624 0
43625 6
43626 1
43627 0
43628 0
43629 1
43630 3
43631 0
43632 2
43633 3
43634 3
43635 1
43636 3
43637 4
43638 4
43639 0
43640 2
43641 4
43642 1
43643 6
43644 3
43645 1
43646 5
43647 4
43648 4
43649 4
43650 3
43651 4
43652 3
43653 1
43654 3
43655 3
43656 1
43657 4
43658 5
43659 4
43660 3
43661 4
43662 1
43663 2
43664 4
43665 0
43666 0
43667 3
43668 5
43669 1
43670 4
43671 5
43672 0
43673 5
43674 0
43675 0
43676 3
43677 4
43678 3
43679 2
43680 0
43681 4
43682 3
43683 3
43684 0
43685 2
43686 3
43687 4
43688 4
43689 6
43690 2
43691 1
43692 2
43693 4
43694 4
43695 5
43696 3
43697 3
43698 1
43699 0
43700 2
43701 5
43702 3
43703 5
43704 3
43705 6
43706 1
43707 2
43708 0
43709 1
43710 5
43711 5
43712 1
43713 1
43714 0
43715 2
43716 4
43717 1
43718 0
43719 4
43720 3
43721 5
43722 1
43723 1
43724 1
43725 1
43726 2
43727 5
43728 3
43729 2
43730 3
43731 0
43732 5
43733 4
43734 5
43735 4
43736 2
43737 3
43738 3
43739 1
43740 0
43741 2
43742 0
43743 2
43744 1
43745 0
43746 0
43747 5
43748 0
43749 5
43750 3
43751 1
43752 5
43753 0
43754 2
43755 1
43756 4
43757 2
43758 5
43759 3
43760 4
43761 3
43762 0
43763 0
43764 0
43765 2
43766 0
43767 3
43768 0
43769 1
43770 5
43771 2
43772 1
43773 2
43774 1
43775 2
43776 6
43777 1
43778 1
43779 2
43780 4
43781 2
43782 0
43783 1
43784 3
43785 0
43786 2
43787 3
43788 0
43789 3
43790 4
43791 0
43792 0
43793 3
43794 2
43795 2
43796 3
43797 2
43798 0
43799 3
43800 3
43801 4
43802 3
43803 2
43804 1
43805 4
43806 0
43807 3
43808 4
43809 3
43810 1
43811 1
43812 2
43813 2
43814 5
43815 0
43816 0
43817 3
43818 1
43819 2
43820 5
43821 1
43822 5
43823 4
43824 1
43825 6
43826 3
43827 2
43828 0
43829 5
43830 2
43831 4
43832 4
43833 1
43834 2
43835 3
43836 5
43837 3
43838 3
43839 5
43840 0
43841 4
43842 4
43843 3
43844 0
43845 0
43846 4
43847 1
43848 2
43849 4
43850 0
43851 5
43852 3
43853 4
43854 5
43855 4
43856 3
43857 4
43858 3
43859 2
43860 4
43861 4
43862 4
43863 2
43864 3
43865 6
43866 4
43867 2
43868 6
43869 4
43870 0
43871 4
43872 2
43873 0
43874 0
43875 3
43876 1
43877 3
43878 2
43879 1
43880 0
43881 2
43882 3
43883 4
43884 0
43885 4
43886 1
43887 2
43888 0
43889 0
43890 3
43891 3
43892 1
43893 1
43894 0
43895 2
43896 6
43897 3
43898 1
43899 0
43900 2
43901 2
43902 5
43903 2
43904 0
43905 1
43906 0
43907 3
43908 6
43909 1
43910 0
43911 0
43912 1
43913 0
43914 3
43915 5
43916 2
43917 1
43918 4
43919 3
43920 2
43921 4
43922 1
43923 2
43924 1
43925 3
43926 3
43927 2
43928 4
43929 0
43930 1
43931 0
43932 1
43933 4
43934 2
43935 0
43936 4
43937 1
43938 0
43939 3
43940 0
43941 0
43942 1
43943 2
43944 1
43945 3
43946 0
43947 6
43948 4
43949 0
43950 4
43951 5
43952 5
43953 2
43954 1
43955 2
43956 1
43957 0
43958 3
43959 4
43960 1
43961 4
43962 4
43963 3
43964 4
43965 3
43966 2
43967 3
43968 3
43969 2
43970 3
43971 0
43972 2
43973 2
43974 2
43975 1
43976 2
43977 0
43978 1
43979 0
43980 2
43981 0
43982 2
43983 3
43984 4
43985 2
43986 2
43987 2
43988 3
43989 1
43990 4
43991 2
43992 3
43993 0
43994 3
43995 4
43996 1
43997 4
43998 4
43999 3
44000 1
44001 0
44002 3
44003 0
44004 4
44005 4
44006 1
44007 3
44008 6
44009 1
44010 2
44011 5
44012 3
44013 0
44014 1
44015 4
44016 3
44017 2
44018 2
44019 4
44020 0
44021 3
44022 1
44023 5
44024 0
44025 3
44026 1
44027 2
44028 4
44029 2
44030 1
44031 0
44032 5
44033 6
44034 3
44035 5
44036 3
44037 4
44038 4
44039 0
44040 1
44041 4
44042 5
44043 5
44044 4
44045 2
44046 3
44047 2
44048 5
44049 1
44050 1
44051 3
44052 6
44053 2
44054 5
44055 4
44056 2
44057 1
44058 3
44059 6
44060 5
44061 1
44062 6
44063 0
44064 4
44065 3
44066 2
44067 1
44068 2
44069 4
44070 0
44071 1
44072 1
44073 0
44074 0
44075 0
44076 0
44077 3
44078 3
44079 5
44080 2
44081 6
44082 0
44083 5
44084 5
44085 2
44086 4
44087 0
44088 3
44089 1
44090 0
44091 2
44092 0
44093 2
44094 3
44095 3
44096 2
44097 0
44098 4
44099 0
44100 2
44101 1
44102 0
44103 2
44104 1
44105 4
44106 2
44107 1
44108 1
44109 2
44110 2
44111 4
44112 7
44113 0
44114 5
44115 2
44116 3
44117 1
44118 3
44119 4
44120 5
44121 3
44122 3
44123 0
44124 3
44125 0
44126 2
44127 5
44128 3
44129 5
44130 3
44131 4
44132 2
44133 5
44134 0
44135 2
44136 2
44137 2
44138 0
44139 3
44140 0
44141 1
44142 3
44143 4
44144 1
44145 7
44146 0
44147 0
44148 0
44149 3
44150 2
44151 3
44152 6
44153 2
44154 4
44155 5
44156 4
44157 4
44158 1
44159 0
44160 0
44161 3
44162 1
44163 2
44164 1
44165 0
44166 4
44167 4
44168 3
44169 1
44170 3
44171 0
44172 4
44173 3
44174 2
44175 1
44176 3
44177 2
44178 0
44179 4
44180 5
44181 3
44182 2
44183 0
44184 1
44185 1
44186 4
44187 2
44188 4
44189 2
44190 1
44191 1
44192 1
44193 0
44194 4
44195 4
44196 1
44197 4
44198 2
44199 1
44200 1
44201 0
44202 1
44203 5
44204 5
44205 2
44206 2
44207 3
44208 2
44209 3
44210 4
44211 4
44212 5
44213 0
44214 0
44215 1
44216 1
44217 2
44218 3
44219 3
44220 2
44221 4
44222 1
44223 5
44224 4
44225 3
44226 1
44227 3
44228 0
44229 5
44230 3
44231 0
44232 6
44233 5
44234 5
44235 5
44236 2
44237 3
44238 4
44239 1
44240 1
44241 0
44242 4
44243 0
44244 2
44245 2
44246 3
44247 4
44248 3
44249 2
44250 2
44251 5
44252 5
44253 0
44254 4
44255 5
44256 6
44257 0
44258 4
44259 3
44260 0
44261 5
44262 0
44263 2
44264 6
44265 5
44266 6
44267 3
44268 1
44269 2
44270 0
44271 3
44272 4
44273 3
44274 4
44275 3
44276 1
44277 4
44278 0
44279 0
44280 5
44281 4
44282 2
44283 0
44284 6
44285 2
44286 4
44287 1
44288 1
44289 0
44290 0
44291 5
44292 0
44293 4
44294 3
44295 0
44296 3
44297 5
44298 3
44299 4
44300 4
44301 4
44302 2
44303 3
44304 3
44305 2
44306 3
44307 5
44308 2
44309 2
44310 3
44311 3
44312 3
44313 2
44314 5
44315 1
44316 0
44317 0
44318 3
44319 3
44320 4
44321 1
44322 2
44323 3
44324 3
44325 2
44326 2
44327 6
44328 3
44329 2
44330 3
44331 1
44332 0
44333 0
44334 1
44335 1
44336 4
44337 1
44338 1
44339 5
44340 4
44341 5
44342 2
44343 2
44344 4
44345 1
44346 3
44347 5
44348 2
44349 2
44350 1
44351 3
44352 3
44353 1
44354 3
44355 2
44356 3
44357 4
44358 0
44359 5
44360 1
44361 5
44362 3
44363 1
44364 0
44365 0
44366 6
44367 1
44368 4
44369 1
44370 6
44371 5
44372 3
44373 4
44374 3
44375 4
44376 3
44377 3
44378 2
44379 5
44380 3
44381 3
44382 3
44383 2
44384 1
44385 3
44386 1
44387 2
44388 3
44389 5
44390 5
44391 3
44392 3
44393 0
44394 4
44395 1
44396 1
44397 0
44398 1
44399 1
44400 0
44401 3
44402 0
44403 3
44404 0
44405 4
44406 2
44407 1
44408 5
44409 5
44410 4
44411 0
44412 2
44413 3
44414 4
44415 4
44416 0
44417 2
44418 3
44419 5
44420 1
44421 5
44422 2
44423 5
44424 2
44425 1
44426 2
44427 5
44428 1
44429 3
44430 0
44431 4
44432 3
44433 2
44434 2
44435 6
44436 3
44437 3
44438 1
44439 4
44440 3
44441 4
44442 0
44443 0
44444 3
44445 3
44446 5
44447 2
44448 0
44449 5
44450 2
44451 2
44452 5
44453 4
44454 1
44455 5
44456 1
44457 3
44458 4
44459 5
44460 6
44461 0
44462 5
44463 0
44464 6
44465 3
44466 3
44467 0
44468 5
44469 1
44470 4
44471 4
44472 0
44473 1
44474 3
44475 4
44476 0
44477 0
44478 2
44479 4
44480 2
44481 2
44482 1
44483 5
44484 3
44485 1
44486 0
44487 5
44488 4
44489 5
44490 3
44491 4
44492 0
44493 1
44494 2
44495 2
44496 2
44497 0
44498 3
44499 4
44500 1
44501 1
44502 2
44503 0
44504 4
44505 3
44506 4
44507 0
44508 4
44509 2
44510 4
44511 2
44512 3
44513 1
44514 5
44515 0
44516 3
44517 4
44518 3
44519 1
44520 3
44521 0
44522 3
44523 4
44524 0
44525 4
44526 3
44527 4
44528 6
44529 5
44530 4
44531 4
44532 0
44533 3
44534 5
44535 3
44536 1
44537 4
44538 1
44539 3
44540 0
44541 2
44542 1
44543 1
44544 4
44545 2
44546 1
44547 1
44548 1
44549 3
44550 4
44551 3
44552 4
44553 3
44554 5
44555 3
44556 2
44557 1
44558 2
44559 1
44560 4
44561 5
44562 5
44563 2
44564 2
44565 4
44566 3
44567 2
44568 2
44569 0
44570 2
44571 4
44572 3
44573 2
44574 5
44575 1
44576 1
44577 4
44578 0
44579 3
44580 1
44581 3
44582 4
44583 3
44584 0
44585 1
44586 2
44587 0
44588 0
44589 0
44590 4
44591 3
44592 4
44593 2
44594 0
44595 2
44596 5
44597 1
44598 4
44599 1
44600 4
44601 0
44602 5
44603 4
44604 6
44605 2
44606 3
44607 3
44608 4
44609 5
44610 1
44611 2
44612 0
44613 5
44614 3
44615 4
44616 5
44617 5
44618 3
44619 3
44620 4
44621 5
44622 3
44623 0
44624 3
44625 1
44626 0
44627 5
44628 5
44629 4
44630 3
44631 0
44632 5
44633 1
44634 5
44635 3
44636 3
44637 3
44638 0
44639 0
44640 0
44641 2
44642 4
44643 4
44644 2
44645 3
44646 4
44647 4
44648 5
44649 0
44650 2
44651 2
44652 4
44653 0
44654 2
44655 0
44656 0
44657 1
44658 4
44659 0
44660 4
44661 1
44662 3
44663 4
44664 6
44665 3
44666 5
44667 1
44668 2
44669 1
44670 6
44671 2
44672 0
44673 4
44674 2
44675 4
44676 1
44677 4
44678 1
44679 4
44680 2
44681 2
44682 2
44683 4
44684 4
44685 3
44686 5
44687 3
44688 5
44689 5
44690 4
44691 0
44692 4
44693 0
44694 2
44695 2
44696 1
44697 3
44698 0
44699 0
44700 3
44701 5
44702 2
44703 3
44704 4
44705 0
44706 1
44707 4
44708 1
44709 5
44710 5
44711 3
44712 4
44713 5
44714 0
44715 4
44716 2
44717 4
44718 1
44719 4
44720 5
44721 4
44722 4
44723 4
44724 0
44725 3
44726 2
44727 5
44728 0
44729 1
44730 1
44731 4
44732 0
44733 0
44734 2
44735 4
44736 6
44737 0
44738 4
44739 1
44740 5
44741 3
44742 4
44743 1
44744 5
44745 1
44746 1
44747 1
44748 6
44749 2
44750 1
44751 1
44752 2
44753 3
44754 4
44755 2
44756 1
44757 3
44758 1
44759 1
44760 1
44761 2
44762 1
44763 5
44764 4
44765 1
44766 3
44767 2
44768 1
44769 4
44770 5
44771 3
44772 2
44773 0
44774 1
44775 3
44776 1
44777 5
44778 1
44779 2
44780 0
44781 5
44782 1
44783 2
44784 2
44785 2
44786 4
44787 2
44788 1
44789 4
44790 0
44791 2
44792 1
44793 4
44794 4
44795 6
44796 0
44797 1
44798 5
44799 2
44800 4
44801 2
44802 4
44803 1
44804 4
44805 2
44806 1
44807 6
44808 4
44809 0
44810 0
44811 3
44812 0
44813 1
44814 3
44815 5
44816 6
44817 5
44818 2
44819 2
44820 4
44821 5
44822 2
44823 1
44824 0
44825 1
44826 0
44827 0
44828 4
44829 1
44830 2
44831 4
44832 2
44833 3
44834 3
44835 3
44836 1
44837 5
44838 2
44839 0
44840 3
44841 2
44842 2
44843 1
44844 3
44845 0
44846 4
44847 3
44848 5
44849 0
44850 0
44851 0
44852 0
44853 0
44854 2
44855 5
44856 3
44857 1
44858 0
44859 0
44860 2
44861 5
44862 1
44863 3
44864 1
44865 1
44866 3
44867 1
44868 2
44869 3
44870 1
44871 0
44872 1
44873 3
44874 0
44875 4
44876 5
44877 1
44878 3
44879 0
44880 1
44881 3
44882 4
44883 3
44884 2
44885 4
44886 0
44887 4
44888 1
44889 2
44890 0
44891 0
44892 5
44893 5
44894 4
44895 3
44896 4
44897 1
44898 1
44899 1
44900 0
44901 1
44902 1
44903 3
44904 2
44905 4
44906 1
44907 1
44908 0
44909 6
44910 3
44911 3
44912 5
44913 1
44914 5
44915 4
44916 1
44917 3
44918 4
44919 0
44920 0
44921 2
44922 1
44923 2
44924 3
44925 0
44926 5
44927 3
44928 2
44929 5
44930 3
44931 2
44932 3
44933 2
44934 4
44935 2
44936 2
44937 6
44938 3
44939 2
44940 0
44941 1
44942 2
44943 3
44944 7
44945 5
44946 0
44947 4
44948 4
44949 1
44950 5
44951 4
44952 2
44953 1
44954 2
44955 3
44956 2
44957 5
44958 1
44959 3
44960 1
44961 2
44962 0
44963 0
44964 0
44965 6
44966 0
44967 2
44968 1
44969 4
44970 3
44971 1
44972 1
44973 5
44974 0
44975 0
44976 1
44977 4
44978 2
44979 4
44980 2
44981 2
44982 4
44983 0
44984 0
44985 4
44986 2
44987 2
44988 0
44989 0
44990 6
44991 2
44992 2
44993 4
44994 0
44995 0
44996 3
44997 1
44998 5
44999 5
45000 1
45001 2
45002 2
45003 3
45004 4
45005 4
45006 4
45007 5
45008 4
45009 3
45010 0
45011 0
45012 2
45013 0
45014 3
45015 3
45016 0
45017 2
45018 1
45019 0
45020 5
45021 0
45022 1
45023 2
45024 1
45025 1
45026 1
45027 4
45028 5
45029 4
45030 1
45031 4
45032 3
45033 0
45034 3
45035 3
45036 5
45037 2
45038 0
45039 6
45040 2
45041 4
45042 3
45043 3
45044 0
45045 1
45046 2
45047 1
45048 6
45049 2
45050 0
45051 5
45052 1
45053 4
45054 4
45055 1
45056 4
45057 3
45058 2
45059 4
45060 2
45061 3
45062 0
45063 0
45064 1
45065 2
45066 0
45067 0
45068 2
45069 2
45070 3
45071 1
45072 4
45073 3
45074 4
45075 3
45076 0
45077 5
45078 3
45079 4
45080 2
45081 2
45082 2
45083 3
45084 4
45085 1
45086 1
45087 4
45088 0
45089 0
45090 3
45091 3
45092 2
45093 1
45094 0
45095 3
45096 0
45097 1
45098 0
45099 3
45100 1
45101 0
45102 0
45103 0
45104 3
45105 5
45106 5
45107 3
45108 2
45109 1
45110 0
45111 0
45112 2
45113 2
45114 3
45115 5
45116 4
45117 6
45118 0
45119 0
45120 3
45121 1
45122 3
45123 2
45124 1
45125 1
45126 4
45127 0
45128 0
45129 4
45130 2
45131 2
45132 1
45133 5
45134 4
45135 4
45136 3
45137 0
45138 3
45139 2
45140 1
45141 1
45142 1
45143 2
45144 3
45145 1
45146 0
45147 2
45148 2
45149 0
45150 1
45151 2
45152 4
45153 5
45154 4
45155 3
45156 4
45157 1
45158 1
45159 2
45160 5
45161 4
45162 3
45163 0
45164 0
45165 0
45166 4
45167 5
45168 2
45169 0
45170 2
45171 4
45172 4
45173 1
45174 5
45175 1
45176 0
45177 0
45178 3
45179 2
45180 0
45181 6
45182 3
45183 2
45184 2
45185 0
45186 5
45187 4
45188 4
45189 5
45190 1
45191 2
45192 3
45193 3
45194 4
45195 1
45196 0
45197 4
45198 3
45199 4
45200 2
45201 0
45202 0
45203 1
45204 4
45205 0
45206 3
45207 6
45208 4
45209 0
45210 4
45211 0
45212 4
45213 1
45214 5
45215 3
45216 2
45217 5
45218 3
45219 2
45220 0
45221 4
45222 1
45223 0
45224 4
45225 4
45226 0
45227 4
45228 1
45229 2
45230 2
45231 4
45232 5
45233 3
45234 4
45235 2
45236 4
45237 4
45238 4
45239 4
45240 2
45241 5
45242 3
45243 0
45244 3
45245 1
45246 1
45247 0
45248 4
45249 3
45250 3
45251 2
45252 3
45253 2
45254 2
45255 3
45256 3
45257 1
45258 1
45259 1
45260 4
45261 1
45262 1
45263 1
45264 2
45265 1
45266 3
45267 0
45268 3
45269 3
45270 2
45271 2
45272 4
45273 4
45274 0
45275 2
45276 4
45277 0
45278 1
45279 2
45280 4
45281 2
45282 0
45283 1
45284 5
45285 2
45286 1
45287 2
45288 4
45289 1
45290 1
45291 2
45292 2
45293 0
45294 2
45295 4
45296 3
45297 0
45298 3
45299 3
45300 3
45301 5
45302 3
45303 1
45304 3
45305 3
45306 4
45307 4
45308 2
45309 0
45310 1
45311 3
45312 3
45313 2
45314 0
45315 5
45316 2
45317 5
45318 0
45319 3
45320 2
45321 5
45322 5
45323 5
45324 1
45325 2
45326 2
45327 3
45328 5
45329 2
45330 0
45331 0
45332 5
45333 4
45334 1
45335 2
45336 1
45337 1
45338 3
45339 1
45340 1
45341 2
45342 6
45343 1
45344 2
45345 6
45346 1
45347 0
45348 0
45349 4
45350 2
45351 3
45352 5
45353 3
45354 5
45355 0
45356 2
45357 4
45358 5
45359 3
45360 1
45361 2
45362 2
45363 1
45364 3
45365 1
45366 1
45367 5
45368 2
45369 1
45370 3
45371 4
45372 4
45373 1
45374 0
45375 0
45376 3
45377 0
45378 4
45379 3
45380 4
45381 5
45382 1
45383 3
45384 5
45385 2
45386 1
45387 1
45388 2
45389 4
45390 0
45391 1
45392 3
45393 1
45394 4
45395 4
45396 0
45397 3
45398 0
45399 6
45400 0
45401 5
45402 3
45403 0
45404 0
45405 3
45406 0
45407 1
45408 0
45409 3
45410 0
45411 1
45412 0
45413 4
45414 3
45415 3
45416 2
45417 0
45418 1
45419 1
45420 1
45421 3
45422 2
45423 3
45424 4
45425 4
45426 5
45427 0
45428 4
45429 3
45430 4
45431 2
45432 0
45433 2
45434 3
45435 4
45436 2
45437 2
45438 0
45439 1
45440 0
45441 4
45442 4
45443 0
45444 5
45445 0
45446 5
45447 5
45448 5
45449 4
45450 5
45451 6
45452 5
45453 2
45454 4
45455 5
45456 3
45457 5
45458 3
45459 3
45460 1
45461 1
45462 2
45463 5
45464 3
45465 5
45466 3
45467 5
45468 1
45469 3
45470 1
45471 3
45472 5
45473 4
45474 3
45475 2
45476 1
45477 0
45478 5
45479 0
45480 1
45481 2
45482 0
45483 2
45484 4
45485 1
45486 5
45487 0
45488 0
45489 0
45490 2
45491 5
45492 0
45493 2
45494 2
45495 2
45496 0
45497 3
45498 4
45499 3
45500 1
45501 5
45502 6
45503 0
45504 5
45505 0
45506 2
45507 0
45508 3
45509 2
45510 5
45511 5
45512 4
45513 2
45514 5
45515 4
45516 0
45517 4
45518 1
45519 1
45520 1
45521 0
45522 4
45523 3
45524 3
45525 2
45526 2
45527 0
45528 5
45529 4
45530 0
45531 4
45532 0
45533 1
45534 2
45535 0
45536 0
45537 2
45538 2
45539 5
45540 0
45541 1
45542 0
45543 5
45544 1
45545 4
45546 1
45547 3
45548 4
45549 2
45550 2
45551 4
45552 0
45553 0
45554 2
45555 4
45556 2
45557 3
45558 3
45559 1
45560 3
45561 0
45562 1
45563 5
45564 1
45565 2
45566 6
45567 2
45568 6
45569 2
45570 5
45571 4
45572 4
45573 0
45574 6
45575 1
45576 0
45577 0
45578 4
45579 3
45580 0
45581 3
45582 2
45583 1
45584 2
45585 3
45586 6
45587 4
45588 2
45589 4
45590 1
45591 0
45592 0
45593 4
45594 3
45595 1
45596 4
45597 2
45598 2
45599 2
45600 0
45601 1
45602 2
45603 4
45604 1
45605 2
45606 2
45607 0
45608 5
45609 1
45610 4
45611 0
45612 1
45613 3
45614 4
45615 5
45616 4
45617 1
45618 6
45619 3
45620 1
45621 1
45622 5
45623 5
45624 0
45625 1
45626 4
45627 1
45628 0
45629 3
45630 2
45631 2
45632 1
45633 1
45634 3
45635 4
45636 1
45637 1
45638 3
45639 4
45640 2
45641 0
45642 2
45643 2
45644 1
45645 2
45646 2
45647 6
45648 4
45649 2
45650 2
45651 0
45652 2
45653 2
45654 5
45655 0
45656 2
45657 0
45658 3
45659 4
45660 0
45661 3
45662 4
45663 2
45664 1
45665 4
45666 4
45667 0
45668 3
45669 4
45670 3
45671 2
45672 4
45673 1
45674 1
45675 0
45676 4
45677 2
45678 2
45679 1
45680 3
45681 3
45682 5
45683 0
45684 2
45685 3
45686 0
45687 1
45688 2
45689 3
45690 1
45691 1
45692 2
45693 0
45694 3
45695 4
45696 2
45697 4
45698 1
45699 5
45700 4
45701 4
45702 1
45703 6
45704 1
45705 1
45706 2
45707 5
45708 1
45709 1
45710 1
45711 1
45712 3
45713 4
45714 0
45715 0
45716 4
45717 4
45718 4
45719 0
45720 0
45721 0
45722 2
45723 5
45724 0
45725 4
45726 5
45727 4
45728 6
45729 1
45730 3
45731 3
45732 1
45733 3
45734 3
45735 1
45736 3
45737 5
45738 2
45739 1
45740 2
45741 5
45742 2
45743 2
45744 1
45745 5
45746 0
45747 5
45748 3
45749 0
45750 1
45751 2
45752 1
45753 6
45754 0
45755 2
45756 2
45757 0
45758 2
45759 4
45760 3
45761 4
45762 4
45763 0
45764 2
45765 2
45766 3
45767 3
45768 0
45769 3
45770 3
45771 3
45772 4
45773 0
45774 2
45775 3
45776 1
45777 0
45778 4
45779 3
45780 2
45781 0
45782 1
45783 1
45784 1
45785 6
45786 2
45787 1
45788 3
45789 1
45790 3
45791 0
45792 0
45793 5
45794 4
45795 1
45796 1
45797 4
45798 4
45799 2
45800 2
45801 3
45802 1
45803 0
45804 2
45805 4
45806 5
45807 1
45808 6
45809 3
45810 1
45811 1
45812 6
45813 1
45814 4
45815 4
45816 4
45817 0
45818 4
45819 1
45820 2
45821 6
45822 3
45823 0
45824 4
45825 1
45826 4
45827 3
45828 0
45829 1
45830 3
45831 5
45832 3
45833 1
45834 0
45835 6
45836 3
45837 3
45838 0
45839 4
45840 4
45841 6
45842 3
45843 3
45844 5
45845 6
45846 0
45847 5
45848 1
45849 3
45850 4
45851 0
45852 3
45853 2
45854 3
45855 4
45856 3
45857 3
45858 5
45859 4
45860 3
45861 4
45862 3
45863 1
45864 1
45865 4
45866 0
45867 4
45868 0
45869 2
45870 1
45871 2
45872 6
45873 2
45874 0
45875 2
45876 0
45877 0
45878 3
45879 4
45880 0
45881 1
45882 5
45883 1
45884 3
45885 4
45886 0
45887 4
45888 1
45889 0
45890 3
45891 2
45892 3
45893 2
45894 5
45895 6
45896 1
45897 0
45898 0
45899 3
45900 1
45901 4
45902 3
45903 6
45904 4
45905 2
45906 0
45907 2
45908 1
45909 2
45910 3
45911 1
45912 3
45913 0
45914 3
45915 2
45916 4
45917 2
45918 3
45919 0
45920 2
45921 0
45922 3
45923 0
45924 6
45925 2
45926 0
45927 1
45928 2
45929 1
45930 2
45931 6
45932 5
45933 3
45934 0
45935 5
45936 3
45937 2
45938 6
45939 1
45940 4
45941 0
45942 4
45943 1
45944 4
45945 2
45946 4
45947 2
45948 0
45949 3
45950 3
45951 1
45952 4
45953 0
45954 3
45955 2
45956 4
45957 2
45958 5
45959 0
45960 1
45961 3
45962 1
45963 5
45964 4
45965 5
45966 5
45967 4
45968 4
45969 0
45970 1
45971 3
45972 2
45973 3
45974 1
45975 5
45976 2
45977 2
45978 2
45979 3
45980 2
45981 2
45982 1
45983 3
45984 0
45985 1
45986 2
45987 1
45988 1
45989 1
45990 5
45991 1
45992 4
45993 2
45994 1
45995 0
45996 5
45997 3
45998 5
45999 6
46000 5
46001 1
46002 3
46003 2
46004 4
46005 2
46006 3
46007 3
46008 0
46009 2
46010 1
46011 3
46012 0
46013 2
46014 0
46015 4
46016 1
46017 0
46018 5
46019 1
46020 3
46021 2
46022 3
46023 2
46024 1
46025 2
46026 1
46027 1
46028 1
46029 1
46030 6
46031 2
46032 5
46033 0
46034 4
46035 2
46036 2
46037 3
46038 4
46039 6
46040 2
46041 5
46042 3
46043 2
46044 3
46045 5
46046 2
46047 5
46048 3
46049 0
46050 2
46051 4
46052 1
46053 3
46054 4
46055 4
46056 3
46057 3
46058 3
46059 2
46060 5
46061 0
46062 3
46063 5
46064 3
46065 3
46066 5
46067 2
46068 4
46069 0
46070 1
46071 0
46072 3
46073 4
46074 0
46075 2
46076 2
46077 2
46078 0
46079 2
46080 1
46081 0
46082 0
46083 4
46084 1
46085 0
46086 0
46087 4
46088 3
46089 4
46090 3
46091 4
46092 2
46093 5
46094 2
46095 4
46096 4
46097 6
46098 3
46099 2
46100 1
46101 6
46102 0
46103 1
46104 2
46105 4
46106 1
46107 2
46108 0
46109 0
46110 0
46111 5
46112 1
46113 3
46114 4
46115 4
46116 4
46117 2
46118 0
46119 0
46120 3
46121 0
46122 3
46123 5
46124 1
46125 4
46126 1
46127 4
46128 0
46129 3
46130 2
46131 2
46132 0
46133 4
46134 3
46135 0
46136 2
46137 2
46138 2
46139 1
46140 2
46141 5
46142 0
46143 3
46144 5
46145 0
46146 1
46147 0
46148 3
46149 1
46150 3
46151 4
46152 5
46153 2
46154 5
46155 3
46156 4
46157 0
46158 3
46159 0
46160 0
46161 2
46162 1
46163 4
46164 5
46165 2
46166 3
46167 4
46168 3
46169 4
46170 1
46171 3
46172 1
46173 2
46174 2
46175 0
46176 1
46177 3
46178 3
46179 1
46180 4
46181 5
46182 3
46183 4
46184 0
46185 2
46186 1
46187 0
46188 3
46189 1
46190 2
46191 2
46192 0
46193 3
46194 3
46195 5
46196 1
46197 5
46198 5
46199 3
46200 2
46201 3
46202 3
46203 4
46204 5
46205 6
46206 2
46207 4
46208 4
46209 2
46210 0
46211 4
46212 3
46213 0
46214 0
46215 1
46216 4
46217 1
46218 1
46219 1
46220 2
46221 1
46222 1
46223 5
46224 3
46225 0
46226 6
46227 2
46228 6
46229 2
46230 3
46231 4
46232 2
46233 5
46234 0
46235 5
46236 0
46237 1
46238 0
46239 4
46240 0
46241 1
46242 1
46243 4
46244 1
46245 1
46246 2
46247 3
46248 0
46249 0
46250 5
46251 2
46252 6
46253 1
46254 1
46255 3
46256 4
46257 3
46258 1
46259 0
46260 3
46261 1
46262 5
46263 2
46264 3
46265 1
46266 2
46267 2
46268 1
46269 3
46270 0
46271 5
46272 1
46273 2
46274 4
46275 5
46276 5
46277 1
46278 1
46279 2
46280 0
46281 2
46282 2
46283 4
46284 5
46285 1
46286 0
46287 4
46288 5
46289 3
46290 0
46291 3
46292 0
46293 3
46294 0
46295 5
46296 1
46297 1
46298 4
46299 4
46300 1
46301 5
46302 4
46303 5
46304 3
46305 2
46306 4
46307 2
46308 0
46309 4
46310 1
46311 1
46312 5
46313 0
46314 4
46315 3
46316 2
46317 6
46318 2
46319 0
46320 4
46321 3
46322 4
46323 4
46324 4
46325 3
46326 3
46327 2
46328 6
46329 2
46330 4
46331 5
46332 1
46333 3
46334 1
46335 2
46336 4
46337 4
46338 3
46339 3
46340 1
46341 2
46342 4
46343 0
46344 2
46345 3
46346 4
46347 1
46348 3
46349 1
46350 4
46351 2
46352 3
46353 3
46354 0
46355 4
46356 4
46357 1
46358 1
46359 4
46360 1
46361 5
46362 1
46363 4
46364 3
46365 0
46366 1
46367 4
46368 2
46369 0
46370 1
46371 1
46372 0
46373 1
46374 2
46375 1
46376 0
46377 0
46378 6
46379 4
46380 2
46381 4
46382 4
46383 1
46384 1
46385 1
46386 3
46387 4
46388 5
46389 3
46390 4
46391 4
46392 4
46393 3
46394 2
46395 2
46396 2
46397 4
46398 6
46399 6
46400 4
46401 1
46402 4
46403 2
46404 1
46405 0
46406 0
46407 0
46408 2
46409 3
46410 2
46411 0
46412 3
46413 5
46414 2
46415 6
46416 5
46417 5
46418 3
46419 0
46420 4
46421 2
46422 1
46423 0
46424 1
46425 0
46426 4
46427 1
46428 0
46429 3
46430 1
46431 1
46432 4
46433 3
46434 0
46435 3
46436 2
46437 4
46438 0
46439 0
46440 1
46441 5
46442 2
46443 5
46444 2
46445 1
46446 5
46447 0
46448 5
46449 2
46450 1
46451 2
46452 0
46453 1
46454 3
46455 2
46456 5
46457 2
46458 5
46459 4
46460 4
46461 2
46462 1
46463 4
46464 0
46465 1
46466 5
46467 4
46468 1
46469 5
46470 2
46471 0
46472 3
46473 0
46474 3
46475 3
46476 1
46477 2
46478 3
46479 3
46480 1
46481 4
46482 1
46483 3
46484 3
46485 2
46486 3
46487 1
46488 2
46489 2
46490 0
46491 1
46492 1
46493 5
46494 1
46495 3
46496 0
46497 1
46498 2
46499 6
46500 3
46501 2
46502 0
46503 3
46504 2
46505 5
46506 0
46507 4
46508 3
46509 1
46510 2
46511 4
46512 1
46513 1
46514 0
46515 1
46516 4
46517 0
46518 2
46519 4
46520 3
46521 5
46522 2
46523 1
46524 4
46525 3
46526 6
46527 1
46528 3
46529 2
46530 4
46531 3
46532 0
46533 3
46534 0
46535 5
46536 6
46537 3
46538 0
46539 3
46540 1
46541 4
46542 1
46543 0
46544 1
46545 4
46546 5
46547 3
46548 3
46549 3
46550 2
46551 1
46552 4
46553 0
46554 0
46555 2
46556 5
46557 4
46558 0
46559 4
46560 2
46561 1
46562 0
46563 5
46564 3
46565 5
46566 0
46567 4
46568 2
46569 3
46570 0
46571 3
46572 3
46573 0
46574 1
46575 1
46576 4
46577 4
46578 3
46579 3
46580 2
46581 3
46582 5
46583 5
46584 1
46585 5
46586 2
46587 2
46588 0
46589 2
46590 0
46591 0
46592 1
46593 1
46594 2
46595 2
46596 2
46597 1
46598 3
46599 3
46600 3
46601 2
46602 0
46603 0
46604 3
46605 5
46606 0
46607 0
46608 1
46609 6
46610 3
46611 0
46612 3
46613 2
46614 2
46615 3
46616 3
46617 0
46618 2
46619 0
46620 3
46621 3
46622 2
46623 3
46624 3
46625 4
46626 4
46627 5
46628 0
46629 2
46630 3
46631 1
46632 4
46633 2
46634 2
46635 2
46636 4
46637 3
46638 3
46639 3
46640 5
46641 1
46642 0
46643 5
46644 3
46645 1
46646 1
46647 3
46648 1
46649 1
46650 2
46651 2
46652 5
46653 3
46654 2
46655 2
46656 5
46657 6
46658 4
46659 3
46660 2
46661 3
46662 2
46663 4
46664 3
46665 1
46666 3
46667 1
46668 4
46669 0
46670 3
46671 4
46672 0
46673 4
46674 3
46675 5
46676 3
46677 3
46678 0
46679 0
46680 0
46681 6
46682 1
46683 1
46684 4
46685 5
46686 2
46687 4
46688 3
46689 1
46690 1
46691 4
46692 4
46693 3
46694 2
46695 4
46696 1
46697 4
46698 3
46699 4
46700 0
46701 3
46702 4
46703 3
46704 0
46705 0
46706 2
46707 2
46708 0
46709 1
46710 4
46711 0
46712 4
46713 3
46714 4
46715 3
46716 0
46717 2
46718 4
46719 2
46720 2
46721 3
46722 2
46723 0
46724 4
46725 0
46726 4
46727 3
46728 0
46729 2
46730 5
46731 5
46732 1
46733 4
46734 1
46735 2
46736 5
46737 1
46738 1
46739 5
46740 2
46741 4
46742 1
46743 1
46744 0
46745 4
46746 1
46747 1
46748 0
46749 5
46750 0
46751 4
46752 2
46753 4
46754 2
46755 0
46756 4
46757 0
46758 4
46759 4
46760 3
46761 4
46762 3
46763 1
46764 6
46765 1
46766 5
46767 1
46768 4
46769 1
46770 0
46771 3
46772 1
46773 2
46774 1
46775 2
46776 3
46777 0
46778 0
46779 1
46780 3
46781 2
46782 4
46783 3
46784 3
46785 3
46786 4
46787 1
46788 2
46789 2
46790 1
46791 1
46792 0
46793 5
46794 1
46795 3
46796 1
46797 1
46798 3
46799 3
46800 3
46801 3
46802 1
46803 3
46804 5
46805 4
46806 1
46807 6
46808 1
46809 6
46810 2
46811 0
46812 6
46813 0
46814 6
46815 1
46816 1
46817 5
46818 1
46819 4
46820 0
46821 4
46822 2
46823 3
46824 1
46825 1
46826 5
46827 0
46828 3
46829 2
46830 5
46831 2
46832 1
46833 3
46834 3
46835 5
46836 4
46837 1
46838 2
46839 3
46840 2
46841 5
46842 1
46843 0
46844 5
46845 2
46846 1
46847 2
46848 1
46849 5
46850 0
46851 1
46852 2
46853 0
46854 4
46855 0
46856 4
46857 5
46858 4
46859 2
46860 4
46861 2
46862 5
46863 5
46864 1
46865 1
46866 1
46867 3
46868 5
46869 4
46870 4
46871 4
46872 3
46873 5
46874 2
46875 6
46876 1
46877 1
46878 2
46879 0
46880 3
46881 1
46882 0
46883 4
46884 4
46885 5
46886 3
46887 4
46888 4
46889 3
46890 2
46891 1
46892 1
46893 0
46894 4
46895 1
46896 4
46897 0
46898 1
46899 0
46900 0
46901 2
46902 2
46903 1
46904 5
46905 3
46906 0
46907 2
46908 4
46909 0
46910 6
46911 1
46912 3
46913 2
46914 4
46915 1
46916 4
46917 2
46918 2
46919 5
46920 1
46921 3
46922 1
46923 2
46924 0
46925 1
46926 6
46927 5
46928 5
46929 5
46930 4
46931 2
46932 0
46933 5
46934 4
46935 0
46936 3
46937 4
46938 0
46939 4
46940 1
46941 1
46942 4
46943 5
46944 1
46945 2
46946 3
46947 0
46948 5
46949 3
46950 2
46951 2
46952 0
46953 4
46954 4
46955 4
46956 4
46957 4
46958 4
46959 1
46960 1
46961 3
46962 2
46963 0
46964 1
46965 5
46966 2
46967 2
46968 0
46969 5
46970 3
46971 0
46972 0
46973 5
46974 0
46975 3
46976 2
46977 4
46978 0
46979 3
46980 1
46981 3
46982 5
46983 1
46984 3
46985 1
46986 2
46987 5
46988 1
46989 3
46990 3
46991 4
46992 4
46993 4
46994 0
46995 2
46996 0
46997 5
46998 4
46999 3
47000 2
47001 1
47002 2
47003 4
47004 2
47005 4
47006 2
47007 1
47008 1
47009 3
47010 2
47011 2
47012 4
47013 0
47014 4
47015 1
47016 3
47017 1
47018 3
47019 3
47020 3
47021 3
47022 4
47023 4
47024 4
47025 0
47026 6
47027 2
47028 1
47029 4
47030 2
47031 1
47032 3
47033 0
47034 1
47035 0
47036 4
47037 4
47038 4
47039 2
47040 1
47041 0
47042 4
47043 6
47044 0
47045 4
47046 4
47047 4
47048 2
47049 5
47050 6
47051 3
47052 4
47053 6
47054 0
47055 4
47056 1
47057 5
47058 5
47059 5
47060 0
47061 3
47062 2
47063 2
47064 3
47065 1
47066 0
47067 0
47068 2
47069 1
47070 2
47071 1
47072 5
47073 3
47074 1
47075 4
47076 0
47077 0
47078 0
47079 4
47080 5
47081 1
47082 4
47083 5
47084 4
47085 2
47086 3
47087 0
47088 4
47089 0
47090 3
47091 3
47092 1
47093 0
47094 1
47095 4
47096 3
47097 0
47098 3
47099 6
47100 4
47101 4
47102 4
47103 2
47104 6
47105 3
47106 1
47107 0
47108 2
47109 5
47110 0
47111 5
47112 0
47113 3
47114 3
47115 5
47116 4
47117 0
47118 4
47119 0
47120 3
47121 2
47122 2
47123 5
47124 3
47125 2
47126 1
47127 2
47128 4
47129 5
47130 1
47131 3
47132 5
47133 0
47134 5
47135 4
47136 3
47137 0
47138 3
47139 4
47140 3
47141 1
47142 3
47143 0
47144 1
47145 1
47146 3
47147 3
47148 3
47149 5
47150 4
47151 6
47152 1
47153 1
47154 0
47155 5
47156 1
47157 1
47158 3
47159 0
47160 2
47161 3
47162 2
47163 0
47164 6
47165 0
47166 4
47167 1
47168 4
47169 2
47170 3
47171 3
47172 4
47173 0
47174 0
47175 5
47176 1
47177 6
47178 4
47179 2
47180 6
47181 2
47182 5
47183 2
47184 4
47185 5
47186 3
47187 2
47188 6
47189 2
47190 0
47191 4
47192 2
47193 0
47194 1
47195 3
47196 5
47197 2
47198 0
47199 5
47200 3
47201 2
47202 4
47203 2
47204 4
47205 4
47206 3
47207 0
47208 4
47209 4
47210 2
47211 4
47212 0
47213 2
47214 3
47215 1
47216 4
47217 1
47218 2
47219 3
47220 4
47221 3
47222 4
47223 0
47224 5
47225 2
47226 4
47227 2
47228 5
47229 5
47230 4
47231 1
47232 0
47233 4
47234 1
47235 5
47236 2
47237 5
47238 3
47239 2
47240 1
47241 3
47242 0
47243 5
47244 1
47245 2
47246 5
47247 2
47248 4
47249 1
47250 1
47251 4
47252 5
47253 0
47254 5
47255 5
47256 4
47257 0
47258 4
47259 1
47260 4
47261 3
47262 2
47263 1
47264 4
47265 5
47266 3
47267 1
47268 1
47269 5
47270 2
47271 1
47272 6
47273 4
47274 5
47275 3
47276 3
47277 3
47278 2
47279 5
47280 0
47281 2
47282 5
47283 1
47284 1
47285 3
47286 1
47287 2
47288 4
47289 0
47290 0
47291 1
47292 0
47293 2
47294 4
47295 1
47296 4
47297 1
47298 5
47299 3
47300 5
47301 2
47302 0
47303 2
47304 4
47305 3
47306 2
47307 5
47308 5
47309 4
47310 5
47311 2
47312 3
47313 3
47314 5
47315 2
47316 0
47317 5
47318 0
47319 2
47320 2
47321 6
47322 3
47323 2
47324 1
47325 0
47326 2
47327 1
47328 4
47329 3
47330 5
47331 0
47332 2
47333 0
47334 0
47335 0
47336 3
47337 7
47338 3
47339 3
47340 1
47341 4
47342 1
47343 1
47344 4
47345 2
47346 2
47347 4
47348 0
47349 1
47350 0
47351 0
47352 2
47353 2
47354 2
47355 3
47356 2
47357 2
47358 0
47359 1
47360 1
47361 0
47362 5
47363 5
47364 2
47365 2
47366 3
47367 2
47368 1
47369 4
47370 2
47371 1
47372 5
47373 1
47374 4
47375 1
47376 4
47377 4
47378 4
47379 0
47380 4
47381 2
47382 4
47383 1
47384 6
47385 2
47386 3
47387 0
47388 1
47389 1
47390 0
47391 1
47392 4
47393 4
47394 0
47395 0
47396 1
47397 1
47398 5
47399 0
47400 0
47401 1
47402 3
47403 5
47404 2
47405 5
47406 2
47407 0
47408 2
47409 4
47410 0
47411 2
47412 5
47413 0
47414 2
47415 0
47416 2
47417 1
47418 1
47419 4
47420 2
47421 0
47422 2
47423 3
47424 4
47425 6
47426 5
47427 1
47428 1
47429 1
47430 4
47431 3
47432 0
47433 0
47434 3
47435 3
47436 1
47437 3
47438 1
47439 2
47440 2
47441 3
47442 5
47443 5
47444 4
47445 4
47446 4
47447 2
47448 0
47449 4
47450 4
47451 4
47452 2
47453 5
47454 2
47455 1
47456 4
47457 3
47458 3
47459 1
47460 1
47461 1
47462 3
47463 4
47464 6
47465 0
47466 1
47467 3
47468 2
47469 4
47470 3
47471 4
47472 2
47473 2
47474 1
47475 3
47476 5
47477 3
47478 2
47479 4
47480 3
47481 0
47482 3
47483 1
47484 4
47485 3
47486 4
47487 3
47488 1
47489 2
47490 4
47491 1
47492 6
47493 3
47494 6
47495 1
47496 2
47497 1
47498 0
47499 3
47500 5
47501 2
47502 5
47503 5
47504 4
47505 0
47506 4
47507 1
47508 5
47509 1
47510 1
47511 4
47512 5
47513 1
47514 1
47515 0
47516 5
47517 6
47518 0
47519 3
47520 1
47521 5
47522 0
47523 2
47524 4
47525 0
47526 4
47527 2
47528 4
47529 2
47530 2
47531 1
47532 3
47533 4
47534 2
47535 4
47536 1
47537 2
47538 2
47539 5
47540 0
47541 1
47542 4
47543 2
47544 1
47545 6
47546 1
47547 1
47548 0
47549 2
47550 2
47551 0
47552 1
47553 3
47554 4
47555 5
47556 2
47557 3
47558 2
47559 1
47560 0
47561 1
47562 4
47563 3
47564 2
47565 3
47566 0
47567 5
47568 0
47569 0
47570 3
47571 1
47572 2
47573 2
47574 5
47575 5
47576 0
47577 5
47578 4
47579 5
47580 1
47581 0
47582 0
47583 2
47584 2
47585 3
47586 5
47587 4
47588 3
47589 4
47590 1
47591 4
47592 1
47593 4
47594 3
47595 0
47596 2
47597 3
47598 0
47599 4
47600 6
47601 1
47602 0
47603 4
47604 2
47605 1
47606 4
47607 4
47608 4
47609 0
47610 0
47611 3
47612 4
47613 1
47614 1
47615 0
47616 1
47617 2
47618 1
47619 2
47620 3
47621 1
47622 2
47623 6
47624 3
47625 2
47626 1
47627 0
47628 3
47629 1
47630 4
47631 1
47632 4
47633 5
47634 3
47635 3
47636 4
47637 5
47638 5
47639 2
47640 3
47641 2
47642 5
47643 0
47644 5
47645 3
47646 2
47647 1
47648 3
47649 3
47650 3
47651 0
47652 3
47653 2
47654 2
47655 0
47656 2
47657 1
47658 4
47659 3
47660 4
47661 5
47662 4
47663 0
47664 2
47665 3
47666 3
47667 2
47668 4
47669 5
47670 1
47671 5
47672 3
47673 5
47674 3
47675 0
47676 3
47677 0
47678 0
47679 0
47680 5
47681 3
47682 1
47683 3
47684 5
47685 3
47686 1
47687 3
47688 1
47689 6
47690 1
47691 5
47692 1
47693 4
47694 1
47695 0
47696 3
47697 0
47698 6
47699 3
47700 2
47701 3
47702 5
47703 2
47704 1
47705 0
47706 3
47707 0
47708 2
47709 2
47710 3
47711 2
47712 1
47713 1
47714 2
47715 2
47716 1
47717 0
47718 0
47719 1
47720 3
47721 6
47722 6
47723 1
47724 0
47725 1
47726 1
47727 5
47728 1
47729 5
47730 3
47731 4
47732 3
47733 0
47734 2
47735 0
47736 0
47737 1
47738 2
47739 3
47740 5
47741 4
47742 2
47743 1
47744 0
47745 2
47746 4
47747 0
47748 1
47749 5
47750 3
47751 2
47752 2
47753 4
47754 2
47755 4
47756 5
47757 3
47758 0
47759 1
47760 2
47761 1
47762 1
47763 0
47764 4
47765 4
47766 4
47767 3
47768 1
47769 2
47770 3
47771 1
47772 3
47773 4
47774 4
47775 1
47776 1
47777 3
47778 1
47779 1
47780 1
47781 4
47782 4
47783 2
47784 0
47785 3
47786 2
47787 4
47788 4
47789 3
47790 4
47791 0
47792 1
47793 0
47794 1
47795 6
47796 5
47797 1
47798 2
47799 5
47800 1
47801 0
47802 2
47803 0
47804 5
47805 2
47806 0
47807 2
47808 0
47809 1
47810 2
47811 5
47812 3
47813 0
47814 0
47815 3
47816 0
47817 0
47818 3
47819 3
47820 0
47821 2
47822 2
47823 0
47824 1
47825 5
47826 2
47827 3
47828 1
47829 4
47830 3
47831 5
47832 3
47833 1
47834 3
47835 0
47836 3
47837 1
47838 0
47839 1
47840 1
47841 2
47842 4
47843 0
47844 2
47845 1
47846 5
47847 5
47848 1
47849 5
47850 0
47851 3
47852 6
47853 4
47854 2
47855 5
47856 2
47857 5
47858 3
47859 2
47860 2
47861 4
47862 3
47863 0
47864 5
47865 5
47866 3
47867 5
47868 5
47869 4
47870 1
47871 5
47872 4
47873 5
47874 2
47875 2
47876 0
47877 4
47878 2
47879 1
47880 1
47881 2
47882 1
47883 2
47884 2
47885 5
47886 1
47887 4
47888 5
47889 5
47890 2
47891 2
47892 3
47893 4
47894 2
47895 5
47896 5
47897 2
47898 1
47899 3
47900 4
47901 1
47902 0
47903 2
47904 0
47905 2
47906 2
47907 1
47908 1
47909 0
47910 2
47911 2
47912 4
47913 5
47914 4
47915 5
47916 2
47917 4
47918 1
47919 2
47920 2
47921 0
47922 0
47923 2
47924 0
47925 2
47926 0
47927 2
47928 1
47929 3
47930 2
47931 1
47932 3
47933 4
47934 4
47935 2
47936 4
47937 5
47938 4
47939 2
47940 0
47941 1
47942 2
47943 0
47944 3
47945 2
47946 1
47947 5
47948 0
47949 0
47950 1
47951 1
47952 3
47953 3
47954 1
47955 0
47956 3
47957 4
47958 4
47959 2
47960 1
47961 5
47962 5
47963 2
47964 1
47965 0
47966 4
47967 0
47968 0
47969 2
47970 1
47971 3
47972 4
47973 4
47974 2
47975 3
47976 2
47977 3
47978 5
47979 1
47980 0
47981 0
47982 4
47983 3
47984 2
47985 0
47986 2
47987 1
47988 5
47989 2
47990 4
47991 2
47992 1
47993 3
47994 0
47995 0
47996 3
47997 2
47998 3
47999 0
48000 2
48001 3
48002 3
48003 1
48004 5
48005 5
48006 3
48007 2
48008 3
48009 0
48010 2
48011 0
48012 2
48013 0
48014 2
48015 2
48016 4
48017 5
48018 0
48019 1
48020 2
48021 0
48022 2
48023 0
48024 0
48025 0
48026 1
48027 1
48028 2
48029 4
48030 2
48031 5
48032 5
48033 3
48034 3
48035 1
48036 3
48037 5
48038 2
48039 4
48040 0
48041 0
48042 3
48043 5
48044 5
48045 0
48046 4
48047 4
48048 1
48049 3
48050 3
48051 3
48052 1
48053 2
48054 0
48055 1
48056 2
48057 2
48058 4
48059 5
48060 4
48061 1
48062 5
48063 1
48064 4
48065 6
48066 6
48067 4
48068 3
48069 5
48070 3
48071 4
48072 0
48073 3
48074 3
48075 2
48076 2
48077 4
48078 3
48079 0
48080 6
48081 0
48082 6
48083 3
48084 4
48085 3
48086 5
48087 0
48088 4
48089 0
48090 0
48091 4
48092 4
48093 4
48094 2
48095 0
48096 6
48097 3
48098 4
48099 0
48100 4
48101 0
48102 1
48103 0
48104 2
48105 1
48106 4
48107 2
48108 1
48109 0
48110 3
48111 1
48112 1
48113 2
48114 1
48115 3
48116 2
48117 0
48118 1
48119 3
48120 2
48121 1
48122 2
48123 5
48124 3
48125 1
48126 2
48127 4
48128 2
48129 1
48130 1
48131 0
48132 5
48133 1
48134 6
48135 4
48136 3
48137 5
48138 5
48139 5
48140 5
48141 2
48142 3
48143 3
48144 1
48145 0
48146 4
48147 2
48148 5
48149 1
48150 0
48151 1
48152 2
48153 6
48154 0
48155 1
48156 4
48157 2
48158 0
48159 3
48160 5
48161 2
48162 2
48163 0
48164 1
48165 2
48166 6
48167 1
48168 5
48169 3
48170 1
48171 0
48172 0
48173 3
48174 1
48175 5
48176 0
48177 1
48178 0
48179 2
48180 0
48181 1
48182 3
48183 2
48184 3
48185 5
48186 4
48187 1
48188 5
48189 4
48190 0
48191 0
48192 4
48193 1
48194 3
48195 1
48196 4
48197 4
48198 3
48199 2
48200 4
48201 5
48202 1
48203 1
48204 3
48205 2
48206 3
48207 6
48208 2
48209 3
48210 3
48211 1
48212 6
48213 4
48214 1
48215 2
48216 2
48217 3
48218 4
48219 0
48220 2
48221 5
48222 2
48223 2
48224 1
48225 2
48226 3
48227 6
48228 4
48229 1
48230 3
48231 1
48232 1
48233 5
48234 1
48235 2
48236 1
48237 2
48238 4
48239 0
48240 2
48241 3
48242 4
48243 1
48244 4
48245 3
48246 5
48247 2
48248 1
48249 2
48250 5
48251 1
48252 1
48253 6
48254 0
48255 1
48256 3
48257 2
48258 2
48259 3
48260 5
48261 4
48262 0
48263 3
48264 0
48265 3
48266 0
48267 1
48268 3
48269 5
48270 1
48271 1
48272 1
48273 1
48274 2
48275 4
48276 3
48277 3
48278 3
48279 1
48280 2
48281 5
48282 0
48283 1
48284 2
48285 4
48286 1
48287 1
48288 1
48289 1
48290 0
48291 0
48292 1
48293 1
48294 4
48295 1
48296 0
48297 1
48298 5
48299 4
48300 4
48301 1
48302 4
48303 4
48304 3
48305 1
48306 4
48307 4
48308 1
48309 3
48310 0
48311 0
48312 2
48313 3
48314 4
48315 2
48316 4
48317 1
48318 1
48319 0
48320 2
48321 2
48322 1
48323 1
48324 2
48325 1
48326 1
48327 0
48328 4
48329 1
48330 1
48331 5
48332 4
48333 0
48334 0
48335 5
48336 2
48337 2
48338 1
48339 1
48340 4
48341 4
48342 3
48343 2
48344 1
48345 5
48346 0
48347 0
48348 6
48349 3
48350 1
48351 0
48352 1
48353 2
48354 2
48355 2
48356 2
48357 1
48358 1
48359 3
48360 4
48361 5
48362 1
48363 0
48364 2
48365 4
48366 0
48367 5
48368 0
48369 1
48370 0
48371 5
48372 4
48373 4
48374 2
48375 4
48376 6
48377 2
48378 1
48379 4
48380 5
48381 0
48382 1
48383 4
48384 4
48385 1
48386 0
48387 6
48388 1
48389 5
48390 1
48391 3
48392 4
48393 2
48394 4
48395 4
48396 4
48397 1
48398 1
48399 2
48400 3
48401 1
48402 3
48403 5
48404 3
48405 2
48406 5
48407 1
48408 2
48409 3
48410 2
48411 3
48412 5
48413 3
48414 0
48415 4
48416 3
48417 4
48418 2
48419 3
48420 1
48421 2
48422 4
48423 4
48424 3
48425 1
48426 0
48427 4
48428 2
48429 3
48430 1
48431 5
48432 5
48433 3
48434 2
48435 1
48436 0
48437 4
48438 3
48439 1
48440 3
48441 1
48442 2
48443 3
48444 6
48445 4
48446 4
48447 5
48448 0
48449 2
48450 2
48451 2
48452 4
48453 6
48454 1
48455 0
48456 5
48457 1
48458 0
48459 4
48460 3
48461 3
48462 3
48463 1
48464 4
48465 2
48466 0
48467 0
48468 4
48469 2
48470 4
48471 4
48472 1
48473 4
48474 2
48475 1
48476 4
48477 3
48478 3
48479 3
48480 4
48481 2
48482 1
48483 5
48484 4
48485 0
48486 4
48487 2
48488 6
48489 2
48490 2
48491 0
48492 4
48493 2
48494 0
48495 2
48496 4
48497 4
48498 0
48499 3
48500 5
48501 3
48502 4
48503 2
48504 4
48505 4
48506 2
48507 2
48508 3
48509 0
48510 3
48511 5
48512 5
48513 4
48514 1
48515 0
48516 1
48517 4
48518 4
48519 3
48520 2
48521 4
48522 3
48523 4
48524 0
48525 0
48526 5
48527 4
48528 3
48529 1
48530 4
48531 3
48532 1
48533 4
48534 5
48535 3
48536 4
48537 0
48538 2
48539 5
48540 0
48541 6
48542 0
48543 4
48544 5
48545 1
48546 2
48547 4
48548 0
48549 4
48550 0
48551 3
48552 3
48553 1
48554 4
48555 5
48556 4
48557 3
48558 6
48559 5
48560 2
48561 5
48562 1
48563 3
48564 2
48565 0
48566 5
48567 4
48568 5
48569 4
48570 5
48571 2
48572 1
48573 3
48574 5
48575 0
48576 1
48577 1
48578 0
48579 2
48580 0
48581 0
48582 1
48583 3
48584 0
48585 1
48586 5
48587 4
48588 2
48589 6
48590 1
48591 3
48592 0
48593 3
48594 6
48595 2
48596 3
48597 2
48598 3
48599 4
48600 0
48601 0
48602 2
48603 2
48604 4
48605 4
48606 1
48607 0
48608 1
48609 2
48610 2
48611 1
48612 2
48613 5
48614 4
48615 0
48616 2
48617 3
48618 5
48619 4
48620 1
48621 2
48622 0
48623 5
48624 4
48625 0
48626 0
48627 3
48628 3
48629 4
48630 4
48631 2
48632 6
48633 4
48634 0
48635 4
48636 3
48637 2
48638 2
48639 5
48640 0
48641 1
48642 2
48643 0
48644 3
48645 2
48646 0
48647 5
48648 2
48649 4
48650 3
48651 1
48652 1
48653 3
48654 3
48655 5
48656 2
48657 5
48658 5
48659 1
48660 1
48661 3
48662 3
48663 3
48664 3
48665 3
48666 5
48667 1
48668 0
48669 4
48670 0
48671 2
48672 3
48673 1
48674 6
48675 1
48676 2
48677 1
48678 3
48679 0
48680 3
48681 4
48682 4
48683 2
48684 2
48685 1
48686 1
48687 4
48688 4
48689 2
48690 0
48691 5
48692 5
48693 5
48694 2
48695 4
48696 3
48697 1
48698 1
48699 0
48700 3
48701 4
48702 2
48703 0
48704 4
48705 1
48706 5
48707 1
48708 4
48709 4
48710 3
48711 2
48712 4
48713 2
48714 3
48715 0
48716 1
48717 3
48718 2
48719 6
48720 4
48721 1
48722 5
48723 1
48724 3
48725 4
48726 0
48727 4
48728 4
48729 4
48730 1
48731 1
48732 3
48733 2
48734 5
48735 2
48736 0
48737 2
48738 2
48739 5
48740 1
48741 3
48742 1
48743 0
48744 2
48745 4
48746 0
48747 3
48748 1
48749 4
48750 0
48751 1
48752 1
48753 2
48754 2
48755 3
48756 2
48757 3
48758 3
48759 1
48760 3
48761 0
48762 1
48763 1
48764 1
48765 5
48766 2
48767 4
48768 0
48769 3
48770 0
48771 2
48772 1
48773 6
48774 6
48775 2
48776 4
48777 4
48778 0
48779 0
48780 1
48781 2
48782 1
48783 4
48784 6
48785 3
48786 6
48787 1
48788 0
48789 2
48790 2
48791 4
48792 5
48793 1
48794 1
48795 2
48796 0
48797 0
48798 1
48799 2
48800 1
48801 0
48802 0
48803 0
48804 1
48805 3
48806 2
48807 3
48808 5
48809 4
48810 3
48811 1
48812 5
48813 3
48814 4
48815 0
48816 6
48817 2
48818 4
48819 5
48820 3
48821 5
48822 1
48823 0
48824 0
48825 0
48826 4
48827 4
48828 6
48829 1
48830 4
48831 3
48832 0
48833 0
48834 4
48835 5
48836 5
48837 1
48838 5
48839 1
48840 4
48841 1
48842 4
48843 2
48844 2
48845 3
48846 0
48847 2
48848 3
48849 1
48850 2
48851 3
48852 4
48853 2
48854 0
48855 1
48856 6
48857 2
48858 3
48859 2
48860 3
48861 5
48862 0
48863 5
48864 0
48865 3
48866 1
48867 6
48868 4
48869 2
48870 0
48871 4
48872 6
48873 3
48874 2
48875 3
48876 5
48877 5
48878 7
48879 0
48880 1
48881 2
48882 1
48883 1
48884 0
48885 2
48886 4
48887 4
48888 6
48889 2
48890 2
48891 1
48892 0
48893 4
48894 1
48895 2
48896 6
48897 5
48898 2
48899 1
48900 3
48901 4
48902 1
48903 2
48904 2
48905 2
48906 2
48907 1
48908 2
48909 4
48910 0
48911 2
48912 4
48913 0
48914 5
48915 2
48916 0
48917 3
48918 0
48919 5
48920 5
48921 3
48922 1
48923 1
48924 4
48925 4
48926 1
48927 0
48928 2
48929 2
48930 4
48931 3
48932 4
48933 0
48934 4
48935 1
48936 2
48937 5
48938 5
48939 3
48940 2
48941 1
48942 5
48943 3
48944 4
48945 4
48946 2
48947 3
48948 1
48949 5
48950 0
48951 2
48952 1
48953 3
48954 0
48955 0
48956 0
48957 3
48958 4
48959 2
48960 5
48961 5
48962 4
48963 1
48964 1
48965 1
48966 3
48967 1
48968 4
48969 0
48970 4
48971 2
48972 3
48973 3
48974 4
48975 0
48976 3
48977 2
48978 4
48979 3
48980 3
48981 1
48982 2
48983 4
48984 1
48985 0
48986 5
48987 6
48988 4
48989 0
48990 3
48991 4
48992 4
48993 3
48994 3
48995 2
48996 0
48997 0
48998 3
48999 5
49000 0
49001 4
49002 0
49003 0
49004 5
49005 5
49006 3
49007 1
49008 1
49009 0
49010 5
49011 3
49012 2
49013 3
49014 6
49015 3
49016 3
49017 3
49018 5
49019 2
49020 4
49021 3
49022 5
49023 5
49024 2
49025 5
49026 1
49027 1
49028 0
49029 0
49030 6
49031 2
49032 5
49033 3
49034 0
49035 4
49036 4
49037 2
49038 2
49039 2
49040 4
49041 2
49042 4
49043 5
49044 1
49045 4
49046 1
49047 5
49048 1
49049 2
49050 2
49051 2
49052 5
49053 6
49054 4
49055 5
49056 1
49057 3
49058 5
49059 1
49060 3
49061 0
49062 6
49063 6
49064 2
49065 1
49066 0
49067 2
49068 4
49069 2
49070 0
49071 4
49072 2
49073 2
49074 0
49075 1
49076 5
49077 1
49078 2
49079 3
49080 4
49081 2
49082 4
49083 3
49084 2
49085 5
49086 3
49087 0
49088 0
49089 6
49090 1
49091 6
49092 2
49093 3
49094 0
49095 4
49096 0
49097 2
49098 4
49099 1
49100 4
49101 0
49102 0
49103 5
49104 1
49105 2
49106 1
49107 5
49108 4
49109 5
49110 3
49111 3
49112 4
49113 1
49114 2
49115 1
49116 5
49117 1
49118 6
49119 3
49120 4
49121 5
49122 3
49123 5
49124 2
49125 4
49126 5
49127 5
49128 5
49129 4
49130 5
49131 3
49132 5
49133 5
49134 1
49135 3
49136 1
49137 2
49138 4
49139 4
49140 4
49141 4
49142 3
49143 2
49144 2
49145 3
49146 2
49147 0
49148 1
49149 4
49150 1
49151 0
49152 1
49153 1
49154 0
49155 3
49156 1
49157 5
49158 2
49159 2
49160 1
49161 1
49162 1
49163 2
49164 3
49165 5
49166 4
49167 3
49168 5
49169 0
49170 2
49171 4
49172 2
49173 0
49174 1
49175 1
49176 0
49177 0
49178 5
49179 2
49180 1
49181 2
49182 4
49183 0
49184 2
49185 2
49186 5
49187 3
49188 1
49189 1
49190 0
49191 4
49192 5
49193 6
49194 3
49195 3
49196 2
49197 4
49198 4
49199 1
49200 1
49201 1
49202 3
49203 4
49204 4
49205 0
49206 0
49207 4
49208 3
49209 3
49210 3
49211 5
49212 3
49213 0
49214 4
49215 1
49216 2
49217 0
49218 2
49219 0
49220 0
49221 2
49222 5
49223 1
49224 3
49225 4
49226 3
49227 0
49228 1
49229 0
49230 4
49231 1
49232 0
49233 0
49234 4
49235 1
49236 0
49237 2
49238 5
49239 1
49240 3
49241 3
49242 4
49243 1
49244 5
49245 0
49246 1
49247 1
49248 4
49249 0
49250 2
49251 1
49252 4
49253 2
49254 3
49255 3
49256 2
49257 4
49258 2
49259 3
49260 2
49261 3
49262 0
49263 1
49264 1
49265 5
49266 2
49267 3
49268 0
49269 2
49270 1
49271 3
49272 1
49273 1
49274 0
49275 2
49276 1
49277 0
49278 1
49279 3
49280 4
49281 3
49282 2
49283 5
49284 6
49285 5
49286 5
49287 1
49288 3
49289 6
49290 1
49291 2
49292 1
49293 0
49294 3
49295 1
49296 4
49297 2
49298 0
49299 3
49300 4
49301 0
49302 3
49303 5
49304 4
49305 5
49306 0
49307 5
49308 3
49309 3
49310 0
49311 4
49312 4
49313 4
49314 1
49315 2
49316 2
49317 0
49318 6
49319 5
49320 3
49321 2
49322 5
49323 0
49324 3
49325 0
49326 4
49327 0
49328 3
49329 2
49330 3
49331 3
49332 2
49333 5
49334 4
49335 2
49336 3
49337 4
49338 2
49339 2
49340 4
49341 4
49342 3
49343 2
49344 2
49345 2
49346 4
49347 2
49348 5
49349 3
49350 1
49351 0
49352 0
49353 4
49354 4
49355 1
49356 3
49357 3
49358 0
49359 3
49360 1
49361 0
49362 1
49363 4
49364 0
49365 4
49366 2
49367 1
49368 6
49369 3
49370 1
49371 2
49372 4
49373 3
49374 6
49375 1
49376 0
49377 1
49378 1
49379 0
49380 1
49381 4
49382 1
49383 5
49384 2
49385 4
49386 1
49387 2
49388 5
49389 3
49390 5
49391 3
49392 3
49393 1
49394 1
49395 3
49396 5
49397 2
49398 4
49399 0
49400 4
49401 6
49402 4
49403 1
49404 0
49405 4
49406 3
49407 0
49408 1
49409 3
49410 3
49411 1
49412 0
49413 3
49414 0
49415 4
49416 0
49417 3
49418 3
49419 2
49420 5
49421 0
49422 0
49423 4
49424 6
49425 6
49426 0
49427 0
49428 2
49429 6
49430 6
49431 1
49432 0
49433 5
49434 0
49435 1
49436 2
49437 2
49438 0
49439 4
49440 3
49441 1
49442 4
49443 3
49444 0
49445 0
49446 3
49447 2
49448 2
49449 3
49450 2
49451 0
49452 2
49453 0
49454 5
49455 3
49456 4
49457 1
49458 1
49459 1
49460 1
49461 2
49462 0
49463 1
49464 0
49465 4
49466 5
49467 2
49468 3
49469 1
49470 5
49471 2
49472 3
49473 1
49474 2
49475 2
49476 4
49477 1
49478 5
49479 3
49480 1
49481 3
49482 0
49483 4
49484 0
49485 1
49486 4
49487 4
49488 1
49489 1
49490 1
49491 0
49492 2
49493 0
49494 3
49495 4
49496 1
49497 1
49498 3
49499 2
49500 0
49501 3
49502 2
49503 0
49504 2
49505 2
49506 3
49507 4
49508 4
49509 4
49510 4
49511 2
49512 1
49513 1
49514 2
49515 4
49516 0
49517 3
49518 1
49519 0
49520 2
49521 2
49522 3
49523 4
49524 4
49525 1
49526 3
49527 0
49528 0
49529 4
49530 5
49531 0
49532 5
49533 1
49534 1
49535 6
49536 3
49537 5
49538 4
49539 1
49540 4
49541 3
49542 5
49543 5
49544 3
49545 2
49546 3
49547 4
49548 6
49549 3
49550 4
49551 3
49552 1
49553 4
49554 4
49555 0
49556 0
49557 3
49558 5
49559 3
49560 3
49561 0
49562 5
49563 3
49564 6
49565 3
49566 2
49567 5
49568 4
49569 0
49570 4
49571 0
49572 4
49573 2
49574 5
49575 4
49576 0
49577 5
49578 4
49579 3
49580 2
49581 0
49582 0
49583 2
49584 3
49585 3
49586 4
49587 5
49588 4
49589 4
49590 5
49591 6
49592 2
49593 2
49594 5
49595 1
49596 2
49597 0
49598 5
49599 5
49600 4
49601 4
49602 5
49603 4
49604 3
49605 1
49606 5
49607 1
49608 4
49609 5
49610 2
49611 2
49612 3
49613 5
49614 2
49615 0
49616 3
49617 1
49618 1
49619 4
49620 5
49621 5
49622 3
49623 1
49624 1
49625 3
49626 6
49627 4
49628 3
49629 0
49630 0
49631 2
49632 4
49633 4
49634 3
49635 0
49636 6
49637 0
49638 2
49639 2
49640 1
49641 1
49642 2
49643 2
49644 5
49645 3
49646 2
49647 1
49648 5
49649 0
49650 2
49651 4
49652 0
49653 2
49654 0
49655 6
49656 2
49657 0
49658 3
49659 2
49660 3
49661 3
49662 1
49663 2
49664 3
49665 1
49666 0
49667 2
49668 3
49669 4
49670 0
49671 2
49672 2
49673 0
49674 1
49675 4
49676 0
49677 0
49678 1
49679 3
49680 4
49681 0
49682 6
49683 7
49684 2
49685 3
49686 2
49687 0
49688 0
49689 2
49690 3
49691 3
49692 0
49693 4
49694 0
49695 5
49696 1
49697 2
49698 3
49699 5
49700 5
49701 4
49702 3
49703 3
49704 5
49705 0
49706 0
49707 0
49708 3
49709 3
49710 0
49711 2
49712 4
49713 2
49714 1
49715 3
49716 3
49717 0
49718 2
49719 4
49720 1
49721 2
49722 3
49723 5
49724 4
49725 0
49726 1
49727 3
49728 1
49729 3
49730 3
49731 0
49732 2
49733 5
49734 2
49735 3
49736 5
49737 4
49738 4
49739 4
49740 3
49741 1
49742 3
49743 4
49744 2
49745 0
49746 3
49747 2
49748 1
49749 4
49750 4
49751 4
49752 3
49753 2
49754 1
49755 3
49756 2
49757 3
49758 6
49759 2
49760 0
49761 2
49762 1
49763 0
49764 3
49765 1
49766 2
49767 3
49768 0
49769 5
49770 4
49771 3
49772 2
49773 0
49774 3
49775 4
49776 2
49777 3
49778 5
49779 5
49780 0
49781 5
49782 0
49783 1
49784 1
49785 5
49786 0
49787 2
49788 3
49789 4
49790 4
49791 0
49792 2
49793 2
49794 2
49795 1
49796 2
49797 0
49798 2
49799 1
49800 5
49801 2
49802 2
49803 2
49804 0
49805 0
49806 5
49807 0
49808 2
49809 1
49810 3
49811 3
49812 1
49813 4
49814 0
49815 0
49816 0
49817 1
49818 5
49819 3
49820 2
49821 2
49822 5
49823 5
49824 0
49825 0
49826 4
49827 2
49828 4
49829 2
49830 1
49831 3
49832 6
49833 2
49834 4
49835 4
49836 2
49837 2
49838 3
49839 1
49840 3
49841 4
49842 1
49843 1
49844 2
49845 3
49846 4
49847 3
49848 1
49849 1
49850 1
49851 2
49852 0
49853 6
49854 3
49855 2
49856 3
49857 2
49858 5
49859 4
49860 2
49861 1
49862 5
49863 2
49864 2
49865 3
49866 1
49867 1
49868 2
49869 3
49870 5
49871 2
49872 3
49873 5
49874 2
49875 2
49876 1
49877 3
49878 3
49879 4
49880 4
49881 4
49882 2
49883 6
49884 4
49885 2
49886 0
49887 1
49888 5
49889 3
49890 6
49891 0
49892 0
49893 3
49894 5
49895 0
49896 3
49897 4
49898 4
49899 7
49900 3
49901 1
49902 1
49903 5
49904 1
49905 3
49906 6
49907 5
49908 4
49909 2
49910 5
49911 0
49912 0
49913 0
49914 4
49915 0
49916 5
49917 0
49918 0
49919 2
49920 4
49921 0
49922 4
49923 1
49924 5
49925 1
49926 2
49927 4
49928 1
49929 5
49930 0
49931 4
49932 4
49933 4
49934 3
49935 5
49936 4
49937 0
49938 1
49939 2
49940 2
49941 6
49942 5
49943 5
49944 3
49945 4
49946 3
49947 0
49948 3
49949 4
49950 2
49951 1
49952 1
49953 5
49954 5
49955 3
49956 3
49957 5
49958 3
49959 0
49960 2
49961 1
49962 0
49963 2
49964 1
49965 1
49966 4
49967 1
49968 1
49969 4
49970 0
49971 3
49972 3
49973 5
49974 5
49975 1
49976 3
49977 1
49978 7
49979 5
49980 6
49981 4
49982 4
49983 2
49984 3
49985 2
49986 3
49987 3
49988 0
49989 2
49990 5
49991 0
49992 4
49993 0
49994 2
49995 4
49996 2
49997 5
49998 1
49999 3
Colors used: 8
Correctness: Valid
Execution time: 106 ms