Algorithm: PageRank
Damping: 0.85
Vertex ranks:
0 0.0789848
1 0.0765106
2 0.0782597
3 0.0777514
4 0.0784028
5 0.077908
6 0.0780473
7 0.0775358
8 0.0776051
9 0.0046373
10 0.00323635
11 0.00370292
12 0.00134925
13 0.00240769
14 0.00125837
15 0.000409601
16 0.00168713
17 0.000689123
18 0.00222235
19 0.00261978
20 0.00171
21 0.000535108
22 0.00188434
23 0.000866616
24 1.98708e-005
25 0.00216757
26 0.00147018
27 0.00137411
28 0.000231148
29 0.00232146
30 0.000158336
31 0.000237446
32 0.000571272
33 0.000471845
34 1.09329e-005
35 0.000488988
36 0.000234745
37 0.000116438
38 0.000210729
39 0.00130879
40 0.000578208
41 0.00118311
42 0.00065283
43 0.00102875
44 0.000189149
45 0.000413933
46 0.000592634
47 0.00169071
48 0.000241932
49 9.19091e-005
50 5.5625e-005
51 3.8443e-006
52 3.4982e-005
53 0.000914714
54 0.000499735
55 0.000180626
56 0.000626896
57 0.000114578
58 0.000485611
59 0.000815494
60 0.000960044
61 0.000330181
62 0.000397616
63 3.86444e-005
64 5.9226e-005
65 0.000232177
66 0.000145861
67 3.5128e-005
68 0.000171519
69 0.000119542
70 0.000514964
71 2.0176e-005
72 6.67918e-006
73 0.000423616
74 0.000422234
75 0.000153953
76 0.000323849
77 0.00133459
78 0.000530956
79 0.000195564
80 8.31254e-006
81 5.17198e-005
82 0.000476021
83 0.000453807
84 0.000418183
85 0.000150376
86 0.00074258
87 0.000404544
88 5.41858e-006
89 0.000288245
90 0.00127265
91 1.6295e-005
92 0.000291497
93 1.11489e-005
94 0.000525163
95 0.000138289
96 4.30769e-005
97 0.000290633
98 4.34346e-005
99 0.000184715
100 0.000929621
101 7.88823e-005
102 0.000240306
103 3.0921e-005
104 6.04826e-005
105 0.000665979
106 3.6375e-006
107 0.000117137
108 6.38544e-005
109 0.0002946
110 0.000136337
111 0.000117044
112 0.00012453
113 0.000243291
114 0.000106303
115 0.000202625
116 3.30022e-005
117 6.22369e-006
118 5.34014e-006
119 0.000121405
120 0.000210147
121 2.67371e-005
122 2.83183e-005
123 2.24805e-005
124 0.000853336
125 2.02e-005
126 6.29961e-005
127 4.34266e-005
128 6.62113e-005
129 0.000481181
130 4.65535e-005
131 7.37084e-005
132 2.90019e-005
133 4.64673e-005
134 0.000184019
135 4.53486e-005
136 2.7983e-005
137 5.53097e-006
138 6.59941e-005
139 0.000270665
140 5.39165e-005
141 2.41847e-005
142 2.39941e-005
143 4.33118e-005
144 7.47359e-005
145 2.64733e-005
146 8.28599e-005
147 0.000269096
148 0.000342235
149 7.50035e-006
150 0.000106383
151 0.000271327
152 0.000181811
153 0.000102288
154 0.000187051
155 0.000227774
156 0.000205972
157 2.70963e-005
158 0.000130027
159 7.87736e-005
160 0.000223169
161 0.000416803
162 2.10832e-005
163 0.000190872
164 0.000623619
165 6.08641e-005
166 0.000222387
167 3.58616e-005
168 0.00010969
169 0.000112296
170 0.0001331
171 3.51568e-005
172 0.000102738
173 5.55033e-005
174 1.95305e-005
175 0.000159086
176 0.000243096
177 2.93087e-005
178 0.000174072
179 3.86052e-005
180 2.21527e-005
181 0.000127265
182 0.000159523
183 4.36989e-005
184 0.000129521
185 0.000156172
186 0.000196144
187 3.06797e-005
188 0.000222983
189 5.49855e-005
190 1.66403e-005
191 8.46521e-005
192 4.26867e-005
193 0.000127383
194 0.000561281
195 1.45548e-005
196 1.57147e-005
197 1.67632e-005
198 0.000149838
199 0.000103738
200 5.26502e-005
201 3.97381e-005
202 7.97996e-005
203 0.000168914
204 1.47899e-005
205 5.32583e-005
206 0.000141978
207 8.69655e-005
208 9.44714e-005
209 4.26658e-005
210 1.39003e-005
211 2.26719e-005
212 5.73268e-005
213 0.000238269
214 1.39399e-005
215 0.000141099
216 2.64992e-005
217 4.51689e-005
218 0.000105017
219 4.46745e-006
220 9.5301e-005
221 9.30751e-005
222 0.000297338
223 3.30338e-005
224 9.06932e-005
225 0.000122565
226 2.02431e-005
227 1.9174e-005
228 4.275e-006
229 0.000140883
230 0.000101419
231 0.000114979
232 5.14546e-005
233 7.08905e-006
234 7.25387e-006
235 8.47555e-006
236 2.64038e-005
237 8.41158e-005
238 1.34144e-005
239 3.94717e-005
240 0.000182741
241 7.64685e-005
242 0.00011178
243 7.1714e-005
244 2.74501e-005
245 0.000257146
246 1.65448e-005
247 6.1098e-006
248 8.32539e-005
249 4.61557e-005
250 1.30667e-005
251 7.08883e-006
252 6.32695e-006
253 9.94404e-006
254 1.13639e-005
255 0.00031993
256 8.32702e-005
257 3.95625e-006
258 5.40418e-006
259 8.32599e-005
260 3.93928e-005
261 8.63933e-006
262 8.91437e-005
263 3.3144e-005
264 8.78356e-005
265 3.81526e-005
266 0.000122534
267 8.28094e-005
268 4.35793e-006
269 1.11966e-005
270 3.81473e-005
271 5.32281e-005
272 5.7603e-005
273 5.75751e-006
274 0.000161705
275 1.07103e-005
276 0.000231699
277 0.000105848
278 3.25605e-005
279 0.00012511
280 1.67702e-005
281 1.55641e-005
282 3.78392e-005
283 7.8677e-005
284 7.35497e-005
285 5.69266e-006
286 0.000130754
287 2.19657e-005
288 0.00014908
289 0.000108063
290 2.15927e-005
291 5.42313e-005
292 8.47113e-005
293 0.00014421
294 9.29862e-006
295 1.80405e-005
296 1.37786e-005
297 0.000175575
298 1.20404e-005
299 4.58297e-005
300 0.00010812
301 0.000245949
302 5.49874e-005
303 3e-006
304 9.99187e-005
305 4.70331e-006
306 4.1338e-005
307 0.000139815
308 0.000111998
309 2.44255e-005
310 9.57498e-005
311 0.000212541
312 3.01251e-005
313 1.72474e-005
314 1.41246e-005
315 4.43249e-005
316 2.89424e-005
317 4.98075e-005
318 6.62389e-005
319 0.00019082
320 3.46501e-006
321 7.7485e-005
322 0.000304985
323 2.9116e-005
324 1.46789e-005
325 8.25822e-005
326 6.77371e-005
327 5.77179e-005
328 7.05319e-005
329 6.71796e-005
330 8.79615e-006
331 8.49037e-005
332 0.000110375
333 2.76839e-005
334 6.16351e-005
335 2.05633e-005
336 0.000195387
337 5.16515e-006
338 4.39371e-005
339 7.90826e-005
340 4.275e-006
341 5.56528e-005
342 7.76577e-005
343 0.000115641
344 7.75939e-005
345 1.9036e-005
346 5.58967e-005
347 4.52812e-005
348 4.87946e-006
349 4.34768e-005
350 9.26201e-006
351 1.97343e-005
352 9.31419e-005
353 1.62023e-005
354 2.0858e-005
355 4.68199e-005
356 3.01379e-005
357 4.91158e-005
358 0.000137427
359 4.18448e-005
360 3.22312e-005
361 1.41356e-005
362 1.93347e-005
363 0.000173902
364 7.60605e-005
365 9.59522e-006
366 2.67591e-005
367 3.75372e-005
368 3.6701e-005
369 2.13748e-005
370 3.54198e-005
371 5.06216e-005
372 1.79653e-005
373 9.05283e-005
374 1.90629e-005
375 0.000143542
376 2.03151e-005
377 5.22968e-006
378 0.000235871
379 1.91783e-005
380 7.91271e-005
381 3.47876e-005
382 0.000195546
383 8.60556e-005
384 9.45645e-005
385 3.1218e-005
386 2.33811e-005
387 0.000119305
388 2.06078e-005
389 3.82238e-006
390 5.58957e-005
391 2.79782e-005
392 6.22947e-005
393 5.50289e-005
394 1.29873e-005
395 0.000120564
396 0.00011954
397 5.11364e-005
398 2.05366e-005
399 3.6375e-006
400 4.59941e-006
401 3.22876e-005
402 3.96387e-005
403 2.32606e-005
404 2.57679e-005
405 0.000106253
406 9.5928e-005
407 1.85158e-005
408 8.2916e-005
409 7.36507e-005
410 5.21572e-005
411 7.39095e-006
412 3.99012e-006
413 7.73683e-005
414 4.73171e-006
415 4.62762e-006
416 0.000117365
417 9.09978e-005
418 3.28704e-005
419 2.8479e-005
420 3.53047e-005
421 2.47303e-005
422 3.51196e-005
423 1.16015e-005
424 6.06687e-005
425 1.18508e-005
426 2.93263e-005
427 6.1158e-005
428 3.39592e-005
429 1.89123e-005
430 0.00014495
431 4.27966e-005
432 4.19114e-005
433 7.46273e-005
434 0.000124239
435 1.77016e-005
436 2.40855e-005
437 4.81858e-005
438 2.88936e-005
439 7.59921e-006
440 1.0492e-005
441 2.19594e-005
442 7.50819e-005
443 8.33106e-005
444 2.54368e-005
445 5.77078e-006
446 2.72745e-005
447 7.41828e-006
448 1.80173e-005
449 4.08296e-005
450 2.01376e-005
451 8.72466e-006
452 8.01963e-005
453 2.6212e-005
454 9.60035e-005
455 4.81583e-006
456 5.17613e-005
457 9.66085e-005
458 1.87425e-005
459 3.94869e-005
460 7.03225e-005
461 2.63933e-005
462 7.58783e-005
463 8.79504e-006
464 4.30542e-005
465 4.18879e-005
466 4.22446e-005
467 1.70013e-005
468 3.92285e-005
469 8.52801e-005
470 5.29898e-006
471 1.55681e-005
472 3.61385e-005
473 5.21306e-005
474 3.69625e-005
475 2.09832e-005
476 3.57876e-005
477 4.02398e-006
478 2.20939e-005
479 4.06145e-006
480 9.90155e-006
481 4.65614e-005
482 2.13466e-005
483 1.22071e-005
484 3.99012e-006
485 7.87078e-006
486 5.74661e-005
487 4.46526e-005
488 2.70479e-005
489 3.6587e-005
490 4.36206e-006
491 4.94606e-005
492 3.51239e-005
493 5.96735e-005
494 7.66349e-005
495 6.16211e-005
496 0.000123302
497 0.000137068
498 1.1235e-005
499 1.88601e-005
500 0.000105703
501 3.82253e-005
502 4.27386e-005
503 9.4778e-006
504 6.03374e-005
505 7.19931e-005
506 3.63714e-005
507 3.95625e-006
508 6.19281e-006
509 2.0316e-005
510 1.27565e-005
511 3.27201e-005
512 1.67104e-005
513 7.44028e-006
514 1.74908e-005
515 3.42991e-005
516 2.25829e-005
517 4.4926e-006
518 2.55639e-005
519 2.09696e-005
520 1.17678e-005
521 9.71962e-006
522 7.31206e-005
523 1.89254e-005
524 2.81933e-005
525 2.12478e-005
526 4.5706e-005
527 3.4582e-006
528 4.94792e-005
529 4.1622e-005
530 2.18429e-005
531 4.49538e-006
532 5.96883e-005
533 5.41903e-005
534 7.64993e-006
535 0.000104457
536 7.89369e-005
537 8.47297e-006
538 2.45901e-005
539 8.88935e-006
540 4.09707e-005
541 1.59588e-005
542 1.26481e-005
543 3.34482e-005
544 1.22288e-005
545 2.53102e-005
546 1.63445e-005
547 3.01601e-005
548 1.97551e-005
549 0.000100051
550 1.71062e-005
551 7.40135e-006
552 4.02398e-006
553 1.60886e-005
554 6.4652e-005
555 1.21879e-005
556 4.44017e-005
557 7.24928e-005
558 1.5005e-005
559 2.6839e-005
560 3.00234e-005
561 8.37575e-006
562 1.6709e-005
563 1.13323e-005
564 2.23897e-005
565 1.99102e-005
566 2.13989e-005
567 1.34131e-005
568 1.49879e-005
569 2.1376e-005
570 3.57288e-005
571 3.31875e-006
572 1.78147e-005
573 3.52138e-005
574 3e-006
575 2.46622e-005
576 1.26167e-005
577 5.12659e-005
578 1.13972e-005
579 5.49986e-005
580 6.60852e-005
581 4.39185e-005
582 5.67891e-005
583 1.49934e-005
584 4.71709e-005
585 2.69886e-005
586 2.45261e-005
587 1.22558e-005
588 1.3776e-005
589 2.99232e-005
590 9.99837e-005
591 4.03516e-005
592 1.37841e-005
593 2.6905e-005
594 2.25473e-005
595 4.34936e-005
596 2.79127e-005
597 1.23574e-005
598 0.00014487
599 7.84439e-005
600 3.37759e-005
601 8.99584e-006
602 5.22659e-005
603 3.33092e-005
604 4.59375e-006
605 1.91383e-005
606 5.53252e-005
607 4.51604e-005
608 2.84608e-005
609 1.81433e-005
610 7.97744e-005
611 1.24036e-005
612 2.06737e-005
613 6.67985e-006
614 4.59375e-006
615 2.32157e-005
616 6.80654e-005
617 2.2458e-005
618 1.04271e-005
619 1.2075e-005
620 4.01618e-005
621 0.000110124
622 4.52168e-005
623 3.42035e-006
624 1.03476e-005
625 4.67871e-006
626 1.77351e-005
627 4.275e-006
628 2.06383e-005
629 2.55389e-005
630 7.33236e-006
631 3.95009e-005
632 3.6273e-005
633 1.56007e-005
634 4.34273e-006
635 1.08079e-005
636 6.90108e-005
637 5.75598e-006
638 9.26541e-005
639 2.25766e-005
640 1.52688e-005
641 1.28752e-005
642 4.21027e-006
643 4.00611e-006
644 8.04153e-006
645 9.87498e-006
646 2.96805e-005
647 2.78905e-005
648 1.41658e-005
649 2.74008e-005
650 4.81444e-005
651 3.54001e-005
652 2.35284e-005
653 7.56015e-006
654 2.03633e-005
655 4.68708e-006
656 4.90187e-006
657 2.93176e-005
658 8.22349e-005
659 1.92383e-005
660 3.15484e-005
661 3.35262e-006
662 3.31875e-006
663 1.8124e-005
664 1.45207e-005
665 4.09576e-006
666 3.13475e-005
667 3.27004e-005
668 1.45647e-005
669 5.78439e-006
670 1.57372e-005
671 2.30533e-005
672 3.0586e-005
673 7.96697e-006
674 4.67067e-005
675 5.83931e-006
676 5.9747e-006
677 2.02366e-005
678 4.9847e-006
679 4.92235e-005
680 5.94705e-006
681 2.84637e-005
682 7.07671e-005
683 5.16883e-005
684 7.40993e-006
685 7.91787e-006
686 9.82389e-006
687 6.96618e-006
688 1.3805e-005
689 2.20672e-005
690 2.36862e-005
691 1.44971e-005
692 1.21355e-005
693 5.1551e-005
694 3.30275e-005
695 2.58802e-005
696 3.7427e-006
697 3.61672e-005
698 1.78896e-005
699 4.23582e-005
700 4.05686e-005
701 7.56109e-005
702 1.50675e-005
703 4.50398e-005
704 6.95691e-006
705 9.95161e-006
706 3.01626e-005
707 4.71886e-005
708 1.5733e-005
709 2.93997e-005
710 4.73056e-005
711 7.27922e-006
712 8.78824e-006
713 1.68052e-005
714 3.23433e-005
715 1.21001e-005
716 2.5996e-005
717 1.45964e-005
718 1.13326e-005
719 5.99666e-006
720 6.65846e-006
721 1.88479e-005
722 1.63954e-005
723 5.83086e-005
724 1.66885e-005
725 4.46599e-006
726 9.20948e-006
727 5.38485e-005
728 3.87834e-005
729 2.6871e-005
730 2.3552e-005
731 7.44312e-006
732 9.32436e-005
733 2.3116e-005
734 4.69895e-006
735 8.28612e-006
736 1.15359e-005
737 1.2572e-005
738 3.17358e-005
739 2.44182e-005
740 2.44576e-005
741 3.1224e-005
742 2.82896e-005
743 7.55835e-006
744 2.49687e-005
745 5.13178e-005
746 4.80775e-006
747 1.61989e-005
748 1.40275e-005
749 3.4721e-005
750 1.97393e-005
751 6.89318e-006
752 3.99076e-005
753 9.98308e-006
754 6.82987e-005
755 4.24353e-006
756 6.42102e-005
757 0.00013755
758 1.96148e-005
759 4.41644e-006
760 3.31875e-006
761 4.19958e-005
762 1.48125e-005
763 3.31628e-005
764 3.70921e-006
765 2.55828e-005
766 4.30887e-006
767 1.86713e-005
768 8.41224e-006
769 5.40578e-006
770 6.73888e-005
771 4.80851e-006
772 5.76e-005
773 3e-006
774 9.25026e-006
775 6.75125e-006
776 1.22369e-005
777 8.29187e-006
778 4.6437e-005
779 6.81124e-006
780 2.80591e-005
781 3.81031e-005
782 1.88171e-005
783 1.83957e-005
784 3.6375e-006
785 1.79392e-005
786 7.80394e-005
787 8.21602e-005
788 7.94845e-006
789 1.65239e-005
790 5.45954e-005
791 3.29736e-005
792 1.22105e-005
793 1.00317e-005
794 2.86509e-005
795 0.000103959
796 1.34696e-005
797 8.06299e-005
798 6.21674e-006
799 1.1098e-005
800 4.83973e-005
801 2.03926e-005
802 3e-006
803 7.27537e-005
804 1.14251e-005
805 2.83313e-005
806 2.3624e-005
807 5.08543e-006
808 8.30794e-006
809 7.75995e-006
810 1.93392e-005
811 3.97644e-005
812 9.23885e-006
813 1.28278e-005
814 5.88513e-005
815 1.47775e-005
816 2.1442e-005
817 1.56098e-005
818 2.7402e-005
819 2.10548e-005
820 1.331e-005
821 6.36808e-005
822 2.38684e-005
823 9.35925e-006
824 1.18287e-005
825 1.92853e-005
826 1.00028e-005
827 1.61171e-005
828 1.50571e-005
829 3.23314e-005
830 3.39983e-005
831 2.0231e-005
832 9.40135e-006
833 6.65195e-005
834 4.02398e-006
835 5.46928e-006
836 2.52549e-005
837 3.42367e-005
838 9.35561e-006
839 4.2346e-005
840 2.05279e-005
841 3.14107e-005
842 2.01939e-005
843 4.76957e-005
844 1.12755e-005
845 1.74322e-005
846 1.4375e-005
847 2.87127e-005
848 9.05209e-006
849 3.67856e-006
850 7.08227e-006
851 1.04467e-005
852 3.49334e-005
853 3e-006
854 9.17825e-005
855 2.21699e-005
856 1.83968e-005
857 1.48698e-005
858 7.28398e-006
859 1.0553e-005
860 5.93648e-006
861 3.21894e-005
862 5.96781e-006
863 7.8929e-006
864 3e-006
865 1.70468e-005
866 1.28611e-005
867 6.12538e-006
868 1.47701e-005
869 2.98246e-005
870 4.85374e-005
871 4.03838e-006
872 4.65454e-005
873 7.21797e-005
874 1.01123e-005
875 1.04836e-005
876 1.67853e-005
877 3.6375e-006
878 6.26385e-006
879 2.25549e-005
880 4.12918e-006
881 6.29046e-006
882 2.13516e-005
883 1.08534e-005
884 8.92368e-006
885 9.17307e-006
886 4.02658e-005
887 7.34926e-005
888 4.79751e-006
889 5.01891e-006
890 9.36009e-006
891 1.39462e-005
892 5.4813e-005
893 6.3135e-005
894 7.45007e-006
895 3.28833e-005
896 1.81395e-005
897 2.45293e-005
898 3.67137e-006
899 2.08109e-005
900 7.82157e-005
901 2.20507e-005
902 5.5994e-005
903 3e-006
904 1.04692e-005
905 2.45992e-005
906 1.46238e-005
907 1.82364e-005
908 1.41031e-005
909 3e-006
910 2.2049e-005
911 1.85418e-005
912 7.9312e-005
913 4.80022e-005
914 4.31364e-005
915 6.56629e-005
916 3.49434e-005
917 8.00943e-006
918 4.35216e-005
919 5.63645e-005
920 4.54482e-005
921 6.83386e-006
922 1.60595e-005
923 6.63737e-005
924 9.95746e-006
925 2.13324e-005
926 6.96588e-006
927 3.70523e-006
928 3.50026e-005
929 1.01063e-005
930 2.95253e-005
931 8.52196e-006
932 2.1677e-005
933 1.82126e-005
934 9.46535e-006
935 2.57932e-005
936 8.20052e-005
937 3.88918e-005
938 3.95625e-006
939 1.67411e-005
940 6.2891e-006
941 1.09214e-005
942 1.14175e-005
943 3.18855e-005
944 6.66905e-006
945 1.2406e-005
946 3e-006
947 2.72718e-005
948 1.77762e-005
949 2.02237e-005
950 6.41956e-006
951 1.00519e-005
952 7.9032e-006
953 7.04505e-006
954 6.24576e-006
955 6.44895e-006
956 9.26007e-006
957 3.35262e-006
958 9.82928e-006
959 3e-006
960 5.67523e-006
961 4.26677e-006
962 1.08629e-005
963 3.13212e-005
964 7.89894e-006
965 9.79103e-006
966 6.57447e-006
967 1.21754e-005
968 7.61403e-006
969 4.01941e-005
970 1.20585e-005
971 5.18781e-005
972 2.72156e-005
973 4.30394e-005
974 1.3161e-005
975 4.6275e-005
976 1.45375e-005
977 1.79081e-005
978 3.69672e-005
979 3.43484e-005
980 1.375e-005
981 3.23326e-005
982 8.31199e-006
983 5.85742e-005
984 1.95784e-005
985 4.38933e-005
986 5.03022e-005
987 1.12016e-005
988 1.21064e-005
989 1.24817e-005
990 2.51536e-005
991 1.13281e-005
992 3.95625e-006
993 2.13125e-005
994 1.57356e-005
995 1.23993e-005
996 1.36306e-005
997 1.31211e-005
998 6.84748e-006
999 8.08748e-006
1000 2.88231e-005
1001 6.52122e-006
1002 1.11075e-005
1003 7.10113e-006
1004 3.03875e-005
1005 2.73042e-005
1006 2.09419e-005
1007 1.35452e-005
1008 1.99341e-005
1009 1.09646e-005
1010 1.98185e-005
1011 5.64956e-005
1012 2.48739e-005
1013 2.85169e-005
1014 2.49495e-005
1015 2.91074e-005
1016 2.91762e-005
1017 5.27556e-005
1018 7.18364e-006
1019 3.13211e-005
1020 6.74053e-006
1021 2.12354e-005
1022 8.40863e-005
1023 2.47453e-005
1024 1.04804e-005
1025 2.56306e-005
1026 1.99269e-005
1027 2.60157e-005
1028 6.69978e-006
1029 5.01355e-005
1030 3.74111e-005
1031 8.64613e-006
1032 6.60642e-006
1033 6.96379e-006
1034 1.69936e-005
1035 6.3529e-006
1036 5.22455e-006
1037 3.17529e-005
1038 5.25775e-005
1039 1.65192e-005
1040 1.60795e-005
1041 8.23398e-006
1042 1.80109e-005
1043 3.77422e-005
1044 5.63892e-006
1045 1.82997e-005
1046 7.22475e-006
1047 8.10067e-006
1048 5.11386e-006
1049 1.07168e-005
1050 1.14431e-005
1051 3.99371e-006
1052 7.2868e-006
1053 1.26117e-005
1054 1.4792e-005
1055 4.95356e-006
1056 2.77904e-005
1057 2.11655e-005
1058 1.36505e-005
1059 1.40119e-005
1060 3.27455e-005
1061 1.31036e-005
1062 1.30987e-005
1063 5.69109e-005
1064 3.21718e-005
1065 4.09327e-005
1066 4.24196e-006
1067 3.6375e-006
1068 1.81657e-005
1069 1.66644e-005
1070 5.47717e-006
1071 4.00267e-005
1072 1.94808e-005
1073 6.55643e-006
1074 3e-006
1075 4.51965e-006
1076 1.73362e-005
1077 3.67137e-006
1078 4.89763e-005
1079 5.32171e-006
1080 2.9558e-005
1081 1.06196e-005
1082 1.65448e-005
1083 6.18806e-006
1084 3.30198e-005
1085 2.30888e-005
1086 1.10065e-005
1087 1.25735e-005
1088 1.70234e-005
1089 2.49503e-005
1090 3.64434e-005
1091 9.15987e-006
1092 3.24511e-005
1093 2.5897e-005
1094 1.73033e-005
1095 1.46859e-005
1096 2.63272e-005
1097 4.77543e-005
1098 5.09303e-005
1099 8.45023e-006
1100 8.28773e-006
1101 2.51676e-005
1102 1.38975e-005
1103 3e-006
1104 3.66615e-005
1105 1.56759e-005
1106 9.19443e-006
1107 1.01704e-005
1108 1.34336e-005
1109 6.17995e-006
1110 2.07756e-005
1111 1.33686e-005
1112 1.05383e-005
1113 1.91704e-005
1114 3.6375e-006
1115 2.7507e-005
1116 0.000103774
1117 6.01828e-006
1118 9.82551e-006
1119 1.19284e-005
1120 3.08069e-005
1121 9.30376e-006
1122 8.10501e-006
1123 5.498e-006
1124 1.26462e-005
1125 5.40418e-006
1126 4.04556e-005
1127 3.46899e-006
1128 4.86678e-005
1129 1.01412e-005
1130 1.0043e-005
1131 7.23657e-006
1132 4.60237e-005
1133 1.11374e-005
1134 2.68959e-005
1135 3.96489e-005
1136 2.87548e-005
1137 1.25872e-005
1138 3.6375e-006
1139 7.21319e-006
1140 3.45876e-005
1141 4.59375e-006
1142 8.52147e-005
1143 4.76392e-006
1144 1.41107e-005
1145 3.62673e-005
1146 4.65579e-005
1147 2.74824e-005
1148 2.61988e-005
1149 9.18694e-006
1150 8.60694e-006
1151 9.76205e-006
1152 2.42195e-005
1153 3.45488e-005
1154 1.60043e-005
1155 9.75642e-006
1156 9.70455e-006
1157 5.72757e-006
1158 8.52615e-006
1159 8.07434e-006
1160 9.54651e-006
1161 5.83173e-006
1162 3.6375e-006
1163 6.08525e-005
1164 4.62762e-006
1165 1.54583e-005
1166 2.40258e-005
1167 7.46976e-006
1168 1.91277e-005
1169 1.16212e-005
1170 1.23132e-005
1171 1.81234e-005
1172 1.22611e-005
1173 1.47547e-005
1174 2.81902e-005
1175 6.29031e-006
1176 1.49102e-005
1177 3.31875e-006
1178 8.382e-006
1179 2.12888e-005
1180 3.65978e-005
1181 3.36603e-005
1182 2.27697e-005
1183 3.24624e-005
1184 5.21033e-005
1185 3.96177e-005
1186 6.58978e-005
1187 3.58606e-005
1188 2.83648e-005
1189 6.33972e-006
1190 3.45957e-005
1191 6.03808e-006
1192 1.18824e-005
1193 5.89801e-006
1194 3e-006
1195 5.09144e-006
1196 1.2521e-005
1197 3.35262e-006
1198 1.45399e-005
1199 1.01848e-005
1200 1.84315e-005
1201 3.31875e-006
1202 6.79961e-006
1203 4.66148e-006
1204 3.35077e-005
1205 1.07874e-005
1206 5.71547e-006
1207 1.48136e-005
1208 6.1704e-006
1209 7.50053e-005
1210 6.4511e-006
1211 1.37667e-005
1212 7.55163e-005
1213 3.5245e-006
1214 8.28298e-006
1215 3e-006
1216 8.86903e-006
1217 1.47555e-005
1218 7.42589e-006
1219 8.3276e-006
1220 6.89754e-006
1221 2.44547e-005
1222 6.2505e-006
1223 6.3386e-005
1224 6.01348e-005
1225 2.48702e-005
1226 1.24773e-005
1227 1.13038e-005
1228 1.98802e-005
1229 1.09693e-005
1230 1.67283e-005
1231 3.29179e-005
1232 2.97328e-005
1233 4.84533e-006
1234 3.77297e-006
1235 3e-006
1236 1.17107e-005
1237 2.26836e-005
1238 1.99701e-005
1239 1.91536e-005
1240 5.86875e-006
1241 8.61012e-006
1242 3.70883e-006
1243 2.00863e-005
1244 8.0701e-006
1245 1.5319e-005
1246 5.7532e-006
1247 1.14287e-005
1248 3.2943e-005
1249 8.49576e-006
1250 4.38776e-005
1251 2.53561e-005
1252 9.0835e-006
1253 4.84505e-005
1254 2.10732e-005
1255 5.29898e-006
1256 2.65622e-005
1257 1.54076e-005
1258 2.23452e-005
1259 1.42535e-005
1260 5.17142e-006
1261 1.42275e-005
1262 2.77635e-005
1263 5.40816e-006
1264 1.89941e-005
1265 7.65627e-006
1266 9.19837e-006
1267 3.69813e-005
1268 2.11696e-005
1269 3.77297e-006
1270 1.92206e-005
1271 3.7391e-006
1272 1.173e-005
1273 1.95062e-005
1274 6.07953e-006
1275 5.11596e-006
1276 2.73821e-005
1277 3.67137e-006
1278 1.14257e-005
1279 2.93023e-005
1280 1.58949e-005
1281 4.41047e-006
1282 3.31875e-006
1283 3.38247e-005
1284 2.8924e-005
1285 1.00816e-005
1286 5.59039e-005
1287 1.26866e-005
1288 5.81548e-006
1289 2.26367e-005
1290 2.3895e-005
1291 9.01201e-006
1292 5.0601e-005
1293 4.02398e-006
1294 7.71779e-006
1295 1.74614e-005
1296 7.05758e-006
1297 3e-006
1298 1.38292e-005
1299 2.46947e-005
1300 8.73075e-006
1301 3e-006
1302 5.68699e-005
1303 6.64847e-006
1304 1.89959e-005
1305 1.53162e-005
1306 2.0116e-005
1307 3e-006
1308 8.96962e-006
1309 7.49217e-006
1310 1.10382e-005
1311 4.54512e-005
1312 1.42286e-005
1313 1.25598e-005
1314 6.12021e-006
1315 3e-006
1316 1.02197e-005
1317 3.31875e-006
1318 3.95625e-006
1319 1.00555e-005
1320 9.53146e-006
1321 8.83316e-006
1322 6.44524e-006
1323 2.28296e-005
1324 2.63265e-005
1325 1.05575e-005
1326 7.55469e-006
1327 1.05078e-005
1328 1.35675e-005
1329 3.01608e-005
1330 3.35262e-006
1331 1.91232e-005
1332 8.73207e-006
1333 7.02157e-006
1334 1.36163e-005
1335 8.04013e-006
1336 2.38725e-005
1337 1.06118e-005
1338 3.95625e-006
1339 1.85439e-005
1340 8.81129e-006
1341 1.42453e-005
1342 1.93567e-005
1343 6.03808e-006
1344 3.42755e-006
1345 2.08955e-005
1346 2.2046e-005
1347 3.95625e-006
1348 1.11037e-005
1349 8.36929e-006
1350 2.02898e-005
1351 1.33338e-005
1352 1.84986e-005
1353 1.7952e-005
1354 1.34869e-005
1355 3.95625e-006
1356 2.64804e-005
1357 4.66148e-006
1358 3.2573e-005
1359 1.06578e-005
1360 4.30887e-006
1361 6.79598e-006
1362 1.25544e-005
1363 4.13638e-006
1364 5.05157e-006
1365 4.05785e-006
1366 1.79572e-005
1367 6.27222e-006
1368 2.74302e-005
1369 4.44918e-006
1370 8.98964e-006
1371 3e-006
1372 3e-006
1373 6.14921e-006
1374 3.14682e-005
1375 3.12085e-005
1376 1.20797e-005
1377 3.31875e-006
1378 2.86333e-005
1379 3e-006
1380 1.95415e-005
1381 4.12343e-005
1382 7.60208e-006
1383 8.89556e-006
1384 3.99371e-006
1385 3.35262e-006
1386 2.21776e-005
1387 7.49255e-006
1388 7.07412e-006
1389 4.7866e-006
1390 1.51086e-005
1391 2.21851e-005
1392 4.41407e-006
1393 1.42104e-005
1394 1.25424e-005
1395 3.21951e-005
1396 1.50727e-005
1397 1.03103e-005
1398 4.42165e-006
1399 1.88849e-005
1400 8.44933e-006
1401 4.275e-006
1402 9.93388e-006
1403 1.22375e-005
1404 3e-006
1405 9.91686e-006
1406 2.80994e-005
1407 2.87029e-005
1408 5.18578e-006
1409 2.99695e-005
1410 6.01186e-006
1411 1.84717e-005
1412 8.23179e-006
1413 7.45472e-006
1414 2.11253e-005
1415 5.84616e-006
1416 6.44269e-006
1417 3e-006
1418 7.14469e-005
1419 1.25623e-005
1420 2.92494e-005
1421 8.65753e-006
1422 1.58163e-005
1423 3e-006
1424 3.6375e-006
1425 5.12312e-006
1426 3.76158e-005
1427 8.93423e-006
1428 1.16822e-005
1429 7.50241e-006
1430 1.94864e-005
1431 3.91287e-005
1432 3.99012e-006
1433 6.83188e-006
1434 2.1312e-005
1435 1.10559e-005
1436 1.88676e-005
1437 5.0141e-006
1438 3.39728e-006
1439 2.63612e-005
1440 3e-006
1441 1.33502e-005
1442 1.0192e-005
1443 1.17701e-005
1444 1.99173e-005
1445 1.8277e-005
1446 2.14302e-005
1447 4.53606e-006
1448 3.64455e-005
1449 4.4047e-005
1450 2.89251e-005
1451 9.35729e-006
1452 1.57527e-005
1453 1.25148e-005
1454 1.07436e-005
1455 5.97395e-006
1456 9.29726e-006
1457 3.70523e-006
1458 3.97307e-005
1459 1.07351e-005
1460 3.6375e-006
1461 4.59375e-006
1462 1.66173e-005
1463 6.1101e-006
1464 3.35709e-005
1465 3.31875e-006
1466 3.08282e-005
1467 3.75388e-006
1468 5.59909e-006
1469 3e-006
1470 7.81263e-006
1471 8.3176e-006
1472 3.31875e-006
1473 1.34819e-005
1474 2.63841e-005
1475 4.02398e-006
1476 6.75051e-006
1477 6.91501e-006
1478 3.31994e-005
1479 3.68747e-005
1480 2.3087e-005
1481 3.67137e-006
1482 1.75268e-005
1483 1.3649e-005
1484 9.37037e-006
1485 1.72599e-005
1486 3e-006
1487 1.24699e-005
1488 4.94637e-006
1489 7.97977e-006
1490 2.43045e-005
1491 1.36687e-005
1492 1.36779e-005
1493 1.79279e-005
1494 3.31875e-006
1495 1.32475e-005
1496 3e-006
1497 3.63018e-005
1498 4.14718e-006
1499 7.34782e-006
1500 3.95514e-006
1501 1.17378e-005
1502 1.08796e-005
1503 9.62434e-006
1504 7.67378e-006
1505 2.80918e-005
1506 2.8237e-005
1507 3e-006
1508 1.26516e-005
1509 4.76668e-006
1510 8.54089e-006
1511 1.5208e-005
1512 6.55335e-005
1513 5.71933e-006
1514 4.25001e-006
1515 2.98221e-005
1516 5.40103e-006
1517 1.03948e-005
1518 3.99012e-006
1519 1.53079e-005
1520 5.00848e-005
1521 4.43289e-006
1522 3.31875e-006
1523 2.27187e-005
1524 8.6307e-006
1525 8.68959e-006
1526 4.66148e-006
1527 9.96235e-006
1528 3e-006
1529 2.04473e-005
1530 1.23424e-005
1531 5.87856e-006
1532 8.48416e-006
1533 8.11965e-006
1534 8.32149e-006
1535 3.95625e-006
1536 2.10229e-005
1537 6.05439e-006
1538 4.48856e-005
1539 5.90633e-006
1540 7.22995e-006
1541 3.74668e-006
1542 3.67137e-006
1543 7.63005e-006
1544 1.86253e-005
1545 5.48119e-006
1546 3.19488e-005
1547 2.57807e-005
1548 6.34649e-006
1549 1.18707e-005
1550 1.13949e-005
1551 1.20026e-005
1552 1.63637e-005
1553 1.21872e-005
1554 6.44204e-005
1555 2.0895e-005
1556 7.81675e-006
1557 5.24292e-006
1558 9.60824e-006
1559 3e-006
1560 3e-006
1561 5.30418e-006
1562 2.28635e-005
1563 6.34466e-006
1564 3.37457e-005
1565 1.11181e-005
1566 1.69213e-005
1567 3.31875e-006
1568 2.79777e-005
1569 1.83767e-005
1570 3e-006
1571 8.1903e-006
1572 6.04168e-006
1573 3.31875e-006
1574 6.59404e-006
1575 6.95262e-006
1576 4.66148e-006
1577 8.23212e-006
1578 1.58176e-005
1579 1.5779e-005
1580 4.31246e-006
1581 2.54988e-005
1582 1.38563e-005
1583 8.67955e-006
1584 3.6375e-006
1585 2.31918e-005
1586 3.24431e-005
1587 8.56737e-006
1588 7.41041e-006
1589 3.5571e-005
1590 5.65947e-005
1591 7.54735e-006
1592 3.61308e-005
1593 4.17294e-005
1594 1.55269e-005
1595 4.03853e-006
1596 3.95625e-006
1597 1.06059e-005
1598 2.26458e-005
1599 2.04452e-005
1600 4.02398e-006
1601 5.19063e-006
1602 1.84541e-005
1603 6.00858e-006
1604 2.28138e-005
1605 7.50045e-006
1606 2.28535e-005
1607 5.60143e-006
1608 1.67334e-005
1609 1.58485e-005
1610 2.23398e-005
1611 1.12548e-005
1612 1.06848e-005
1613 1.08009e-005
1614 4.38885e-006
1615 5.03607e-006
1616 9.56864e-006
1617 1.33822e-005
1618 9.04033e-006
1619 4.51401e-006
1620 4.69895e-006
1621 2.57581e-005
1622 1.85739e-005
1623 1.54245e-005
1624 7.64548e-006
1625 3.70523e-006
1626 2.25642e-005
1627 3.57822e-006
1628 6.49921e-006
1629 5.82161e-006
1630 3e-006
1631 1.75309e-005
1632 1.25049e-005
1633 1.8039e-005
1634 1.24567e-005
1635 8.03626e-006
1636 1.49189e-005
1637 5.81614e-006
1638 7.75143e-006
1639 5.90077e-006
1640 1.53568e-005
1641 1.13148e-005
1642 6.2999e-006
1643 2.98263e-005
1644 7.98644e-006
1645 7.08924e-006
1646 3e-006
1647 3.35262e-006
1648 2.84525e-005
1649 3.6375e-006
1650 2.34605e-005
1651 1.52388e-005
1652 3.33852e-005
1653 8.03799e-006
1654 1.94284e-005
1655 3.60277e-006
1656 4.20096e-005
1657 3.55189e-006
1658 3.6375e-006
1659 3.31875e-006
1660 7.51206e-006
1661 3.70523e-006
1662 2.76757e-005
1663 1.12453e-005
1664 1.04607e-005
1665 4.73282e-006
1666 3.35262e-006
1667 1.32227e-005
1668 1.3088e-005
1669 3.31875e-006
1670 2.84378e-005
1671 4.17982e-006
1672 7.45266e-006
1673 5.00182e-006
1674 9.25837e-006
1675 1.03564e-005
1676 5.24499e-006
1677 6.81825e-006
1678 4.81931e-006
1679 1.37757e-005
1680 1.23652e-005
1681 5.32661e-006
1682 4.25446e-005
1683 9.86957e-006
1684 3.62004e-005
1685 1.85438e-005
1686 3e-006
1687 1.55835e-005
1688 1.14008e-005
1689 3.49738e-005
1690 1.42098e-005
1691 1.38707e-005
1692 6.76612e-006
1693 1.15353e-005
1694 1.7107e-005
1695 1.74124e-005
1696 3e-006
1697 3.07745e-005
1698 1.6757e-005
1699 3.31875e-006
1700 9.15366e-006
1701 4.48729e-005
1702 5.88561e-006
1703 3.83142e-005
1704 6.32342e-006
1705 1.84627e-005
1706 1.29954e-005
1707 8.35272e-006
1708 1.06841e-005
1709 1.27454e-005
1710 1.711e-005
1711 8.36161e-006
1712 1.59176e-005
1713 3.6375e-006
1714 3.71971e-005
1715 3.38648e-006
1716 2.83271e-005
1717 1.91685e-005
1718 5.92144e-006
1719 1.42656e-005
1720 5.19063e-006
1721 8.1543e-006
1722 1.65002e-005
1723 4.69238e-005
1724 6.28189e-006
1725 9.33843e-006
1726 7.75131e-006
1727 4.41407e-006
1728 1.97038e-005
1729 1.19003e-005
1730 8.66498e-006
1731 4.24884e-006
1732 4.72922e-006
1733 4.02758e-006
1734 1.62502e-005
1735 1.79276e-005
1736 3.70523e-006
1737 8.26354e-006
1738 4.99666e-005
1739 6.03703e-006
1740 5.2072e-006
1741 1.59407e-005
1742 3.09995e-005
1743 5.48116e-006
1744 1.24344e-005
1745 1.682e-005
1746 1.59939e-005
1747 3.7391e-006
1748 4.14832e-006
1749 9.82226e-006
1750 4.39335e-006
1751 6.69446e-006
1752 1.14038e-005
1753 4.60178e-006
1754 6.08925e-006
1755 7.46988e-006
1756 5.63138e-006
1757 4.57823e-005
1758 7.01942e-006
1759 1.61453e-005
1760 1.05263e-005
1761 1.7777e-005
1762 1.74426e-005
1763 5.00194e-006
1764 5.33214e-006
1765 5.54685e-006
1766 2.45539e-005
1767 1.11589e-005
1768 1.07221e-005
1769 9.20591e-006
1770 6.72468e-006
1771 2.70283e-005
1772 3e-006
1773 6.00422e-006
1774 1.91885e-005
1775 3.35621e-006
1776 6.34423e-006
1777 8.49225e-006
1778 5.97363e-006
1779 3.99012e-006
1780 4.45513e-006
1781 1.37688e-005
1782 1.63509e-005
1783 5.8584e-006
1784 3.31875e-006
1785 8.85214e-006
1786 1.17161e-005
1787 5.71634e-005
1788 5.63119e-006
1789 2.85021e-005
1790 1.51441e-005
1791 8.79848e-006
1792 7.22834e-006
1793 4.5798e-006
1794 2.1245e-005
1795 1.05579e-005
1796 1.31143e-005
1797 9.67687e-006
1798 1.15765e-005
1799 1.29246e-005
1800 3e-006
1801 3.31875e-006
1802 1.91102e-005
1803 7.72213e-006
1804 3.31875e-006
1805 3e-006
1806 1.10493e-005
1807 3.91563e-006
1808 3.31875e-006
1809 3.87872e-006
1810 1.6586e-005
1811 3.67137e-006
1812 9.59219e-006
1813 6.71028e-006
1814 5.59503e-006
1815 1.48332e-005
1816 4.24009e-006
1817 2.40467e-005
1818 1.74323e-005
1819 1.34126e-005
1820 3.21981e-005
1821 7.84943e-006
1822 3.99012e-006
1823 3e-006
1824 3.14971e-005
1825 3e-006
1826 1.05865e-005
1827 4.82329e-006
1828 1.5344e-005
1829 5.4187e-006
1830 1.5431e-005
1831 8.55925e-006
1832 9.96291e-006
1833 6.61029e-006
1834 1.79463e-005
1835 1.91293e-005
1836 1.58235e-005
1837 1.36943e-005
1838 5.10971e-006
1839 1.08189e-005
1840 2.76307e-005
1841 1.9103e-005
1842 3.31875e-006
1843 3.6723e-005
1844 9.6122e-006
1845 3.6375e-006
1846 6.49398e-006
1847 1.02715e-005
1848 2.41982e-005
1849 1.43739e-005
1850 5.1576e-006
1851 3.39368e-006
1852 1.31389e-005
1853 7.7978e-006
1854 9.56497e-006
1855 2.21345e-005
1856 6.20476e-006
1857 1.095e-005
1858 3e-006
1859 4.74361e-006
1860 3e-006
1861 8.29446e-006
1862 4.50458e-006
1863 1.1522e-005
1864 1.20557e-005
1865 9.26111e-006
1866 1.44645e-005
1867 3e-006
1868 1.07028e-005
1869 1.16765e-005
1870 1.08076e-005
1871 1.11085e-005
1872 5.49341e-006
1873 7.66294e-006
1874 8.55307e-006
1875 9.52396e-006
1876 3.6375e-006
1877 6.35683e-006
1878 5.89613e-006
1879 1.12012e-005
1880 3.8479e-006
1881 3.77297e-006
1882 3.77656e-006
1883 7.54272e-006
1884 1.843e-005
1885 1.34576e-005
1886 5.41188e-006
1887 8.9888e-006
1888 1.54241e-005
1889 1.21316e-005
1890 1.03028e-005
1891 3.42035e-006
1892 1.06424e-005
1893 7.87415e-006
1894 6.77689e-006
1895 4.13316e-006
1896 6.99913e-006
1897 6.07377e-006
1898 5.34612e-006
1899 7.17693e-006
1900 5.7604e-006
1901 1.78654e-005
1902 3.78055e-006
1903 5.74921e-006
1904 3.95625e-006
1905 9.83526e-006
1906 1.38994e-005
1907 5.19063e-006
1908 1.48223e-005
1909 1.26448e-005
1910 4.30887e-006
1911 8.87157e-006
1912 6.22783e-006
1913 1.44774e-005
1914 1.86027e-005
1915 3.31875e-006
1916 3.84157e-005
1917 7.24778e-006
1918 6.67335e-006
1919 2.56957e-005
1920 2.02043e-005
1921 5.30258e-006
1922 1.91809e-005
1923 4.55313e-006
1924 1.39097e-005
1925 7.73254e-006
1926 3.30085e-005
1927 9.77043e-006
1928 1.55145e-005
1929 8.91992e-006
1930 3e-006
1931 8.78957e-006
1932 5.71122e-006
1933 3.67137e-006
1934 1.18239e-005
1935 1.23249e-005
1936 5.6123e-006
1937 1.36118e-005
1938 7.53392e-006
1939 6.67138e-006
1940 8.32181e-006
1941 7.14496e-006
1942 1.23787e-005
1943 9.76749e-006
1944 1.10044e-005
1945 3.77657e-006
1946 2.49749e-005
1947 1.70029e-005
1948 5.71911e-006
1949 1.4694e-005
1950 1.64527e-005
1951 7.45743e-006
1952 8.41411e-006
1953 3.95625e-006
1954 5.26512e-006
1955 2.96954e-005
1956 1.98464e-005
1957 5.21843e-006
1958 8.82784e-006
1959 2.74148e-005
1960 2.61146e-005
1961 3.31875e-006
1962 7.33209e-006
1963 5.05705e-006
1964 2.51026e-005
1965 7.16346e-006
1966 5.29583e-006
1967 1.77011e-005
1968 3.32965e-005
1969 8.85638e-006
1970 6.69161e-006
1971 5.09668e-006
1972 4.275e-006
1973 1.82282e-005
1974 9.05854e-006
1975 8.26058e-006
1976 9.00668e-006
1977 1.52349e-005
1978 1.52903e-005
1979 1.08125e-005
1980 3.6375e-006
1981 2.53099e-005
1982 3e-006
1983 3.99731e-006
1984 3e-006
1985 1.05495e-005
1986 1.0443e-005
1987 1.66075e-005
1988 7.78787e-006
1989 1.21565e-005
1990 1.05987e-005
1991 9.36677e-006
1992 9.68881e-006
1993 3e-006
1994 1.33171e-005
1995 3.67137e-006
1996 1.95195e-005
1997 4.86075e-006
1998 8.64312e-006
1999 2.46286e-005
2000 4.3838e-006
2001 1.80999e-005
2002 1.10395e-005
2003 6.26648e-006
2004 3.588e-005
2005 4.08003e-005
2006 1.4918e-005
2007 7.52558e-006
2008 7.21003e-006
2009 5.66324e-006
2010 1.69798e-005
2011 4.3766e-006
2012 3.31875e-006
2013 1.73627e-005
2014 5.1157e-006
2015 4.67715e-006
2016 5.25837e-006
2017 4.12918e-006
2018 3.7391e-006
2019 5.65957e-006
2020 1.12399e-005
2021 8.08524e-006
2022 1.83817e-005
2023 7.22356e-006
2024 6.06525e-006
2025 3e-006
2026 1.09751e-005
2027 2.17594e-005
2028 6.26801e-006
2029 6.37165e-006
2030 3.99371e-006
2031 3.98223e-006
2032 8.73205e-006
2033 3e-006
2034 3.31875e-006
2035 6.7838e-006
2036 1.04838e-005
2037 8.6598e-006
2038 1.89287e-005
2039 1.64234e-005
2040 1.07535e-005
2041 8.88073e-006
2042 1.04141e-005
2043 4.21437e-005
2044 3.67137e-006
2045 3.31875e-006
2046 6.46968e-006
2047 1.70634e-005
2048 9.73057e-006
2049 8.06246e-006
2050 5.35508e-006
2051 8.97201e-006
2052 4.99258e-006
2053 4.38058e-006
2054 3.31875e-006
2055 8.62998e-006
2056 4.52286e-006
2057 4.38233e-006
2058 7.07777e-006
2059 3.31875e-006
2060 8.67832e-006
2061 1.39816e-005
2062 3.31875e-006
2063 4.66148e-006
2064 2.90853e-005
2065 1.23207e-005
2066 3e-006
2067 1.09356e-005
2068 1.26404e-005
2069 1.39913e-005
2070 4.59375e-006
2071 6.08351e-006
2072 7.6905e-006
2073 1.46302e-005
2074 6.86696e-006
2075 2.07776e-005
2076 4.52985e-006
2077 1.0765e-005
2078 1.32816e-005
2079 3e-006
2080 1.72631e-005
2081 3.95625e-006
2082 3e-006
2083 7.44117e-006
2084 4.9508e-006
2085 4.27583e-006
2086 8.25138e-006
2087 1.88837e-005
2088 8.05735e-006
2089 6.66724e-006
2090 3e-006
2091 1.6988e-005
2092 2.61637e-005
2093 3.39406e-006
2094 4.47749e-006
2095 4.30887e-006
2096 1.47664e-005
2097 7.06927e-006
2098 7.35593e-006
2099 4.09891e-006
2100 8.06392e-006
2101 6.1645e-006
2102 3.31875e-006
2103 8.4841e-006
2104 3e-006
2105 5.81548e-006
2106 1.38987e-005
2107 1.33043e-005
2108 4.34465e-006
2109 6.69992e-006
2110 4.69984e-006
2111 5.51481e-006
2112 1.60132e-005
2113 4.05785e-006
2114 2.35245e-005
2115 7.6693e-006
2116 1.12787e-005
2117 6.85802e-006
2118 3.70523e-006
2119 7.85618e-006
2120 1.18144e-005
2121 1.08105e-005
2122 1.96351e-005
2123 1.27125e-005
2124 4.06145e-006
2125 9.87793e-006
2126 5.83533e-006
2127 3.6375e-006
2128 3.99012e-006
2129 1.30826e-005
2130 1.6152e-005
2131 5.08184e-006
2132 2.89704e-005
2133 9.63209e-006
2134 5.0803e-006
2135 7.2868e-006
2136 4.45153e-006
2137 3.29464e-005
2138 7.81039e-006
2139 1.52412e-005
2140 5.87691e-006
2141 1.66316e-005
2142 7.55384e-006
2143 3.31875e-006
2144 8.59462e-006
2145 5.79427e-006
2146 7.27607e-006
2147 1.09922e-005
2148 6.04462e-006
2149 1.17967e-005
2150 7.71779e-006
2151 9.45056e-006
2152 3e-006
2153 9.75061e-006
2154 8.41928e-006
2155 1.58888e-005
2156 9.70842e-006
2157 1.05498e-005
2158 2.56663e-005
2159 1.48604e-005
2160 2.0643e-005
2161 1.61433e-005
2162 3.51738e-005
2163 3e-006
2164 4.9125e-006
2165 6.86504e-006
2166 4.81664e-006
2167 7.4342e-006
2168 2.04159e-005
2169 9.33867e-006
2170 5.18065e-006
2171 4.92742e-006
2172 6.91625e-006
2173 1.23114e-005
2174 9.70897e-006
2175 3.31875e-006
2176 8.91514e-006
2177 1.3028e-005
2178 5.47931e-006
2179 9.37809e-006
2180 5.08903e-006
2181 5.4915e-006
2182 5.69133e-006
2183 1.3239e-005
2184 4.66148e-006
2185 6.06533e-006
2186 7.07348e-006
2187 6.36024e-006
2188 1.88406e-005
2189 1.92242e-005
2190 7.13962e-006
2191 3.37555e-005
2192 4.93492e-006
2193 8.95377e-006
2194 3e-006
2195 9.85462e-006
2196 7.63745e-006
2197 5.66199e-006
2198 6.15806e-006
2199 7.14514e-006
2200 1.47533e-005
2201 4.44832e-006
2202 1.41243e-005
2203 3.99012e-006
2204 6.73185e-006
2205 3.67137e-006
2206 2.79695e-005
2207 6.79196e-006
2208 4.27217e-006
2209 3.99012e-006
2210 2.40631e-005
2211 2.2688e-005
2212 9.65236e-006
2213 1.80208e-005
2214 3e-006
2215 3.31875e-006
2216 3.67137e-006
2217 5.83238e-006
2218 2.28506e-005
2219 6.68133e-006
2220 1.76932e-005
2221 7.88246e-006
2222 4.275e-006
2223 1.85659e-005
2224 1.75602e-005
2225 7.9149e-006
2226 7.14821e-006
2227 5.97755e-006
2228 3.35621e-006
2229 2.76502e-005
2230 1.04039e-005
2231 1.21347e-005
2232 1.12054e-005
2233 1.09151e-005
2234 7.79344e-006
2235 9.97642e-006
2236 6.40188e-006
2237 5.34365e-006
2238 8.66254e-006
2239 7.1478e-006
2240 6.84105e-006
2241 7.66255e-006
2242 4.17423e-006
2243 3e-006
2244 3.02349e-005
2245 3.38648e-006
2246 8.55372e-006
2247 1.82298e-005
2248 5.92973e-006
2249 5.65925e-006
2250 7.68426e-006
2251 5.23125e-006
2252 1.38425e-005
2253 9.07747e-006
2254 1.03456e-005
2255 5.71494e-006
2256 1.07703e-005
2257 1.27476e-005
2258 7.6125e-006
2259 1.62364e-005
2260 3e-006
2261 6.05608e-006
2262 4.81173e-006
2263 7.5317e-006
2264 4.34993e-006
2265 1.03289e-005
2266 1.30216e-005
2267 5.37506e-006
2268 7.38082e-006
2269 1.34714e-005
2270 2.3177e-005
2271 1.82931e-005
2272 5.70721e-006
2273 3.35262e-006
2274 4.48616e-006
2275 3e-006
2276 6.8203e-006
2277 1.0108e-005
2278 3.38648e-006
2279 1.53578e-005
2280 5.27314e-006
2281 2.12064e-005
2282 3e-006
2283 6.80339e-006
2284 8.88799e-006
2285 3e-006
2286 6.40593e-006
2287 4.63481e-006
2288 3e-006
2289 3.67496e-006
2290 6.68721e-006
2291 8.955e-006
2292 3.8479e-006
2293 3.84599e-006
2294 1.76348e-005
2295 5.2245e-006
2296 1.08698e-005
2297 4.25157e-006
2298 7.08582e-006
2299 5.34717e-006
2300 3.6375e-006
2301 5.09339e-006
2302 9.85357e-006
2303 4.30887e-006
2304 4.69895e-006
2305 5.49029e-006
2306 6.45978e-006
2307 3.6375e-006
2308 4.73282e-006
2309 1.62991e-005
2310 4.30887e-006
2311 4.53879e-006
2312 2.62735e-005
2313 6.65293e-006
2314 3.67137e-006
2315 6.85572e-006
2316 3.95625e-006
2317 2.01294e-005
2318 5.04842e-006
2319 8.35177e-006
2320 4.15945e-006
2321 3.94575e-006
2322 3.99012e-006
2323 5.93648e-006
2324 4.91413e-006
2325 5.85208e-006
2326 4.54288e-006
2327 1.08722e-005
2328 3.89799e-006
2329 3.40924e-005
2330 7.43633e-006
2331 5.04797e-006
2332 3.31875e-006
2333 9.01646e-006
2334 4.59375e-006
2335 3.7463e-006
2336 8.42079e-006
2337 5.9744e-006
2338 4.73005e-006
2339 3.31875e-006
2340 5.7604e-006
2341 3e-006
2342 1.60375e-005
2343 3.12887e-005
2344 5.7715e-006
2345 2.17353e-005
2346 8.93313e-006
2347 1.14665e-005
2348 8.36516e-006
2349 9.16564e-006
2350 8.49966e-006
2351 1.09703e-005
2352 5.62614e-006
2353 4.93132e-006
2354 4.30887e-006
2355 7.91959e-006
2356 3.95625e-006
2357 6.15823e-006
2358 1.30775e-005
2359 5.79786e-006
2360 1.21328e-005
2361 1.35795e-005
2362 6.19557e-006
2363 1.09287e-005
2364 1.71854e-005
2365 3.42755e-006
2366 1.21482e-005
2367 4.45911e-006
2368 1.0912e-005
2369 3e-006
2370 3.31875e-006
2371 8.99872e-006
2372 5.80467e-006
2373 5.44046e-006
2374 4.07714e-006
2375 1.29705e-005
2376 1.65675e-005
2377 2.29922e-005
2378 9.09335e-006
2379 1.40343e-005
2380 1.25895e-005
2381 3e-006
2382 7.94024e-006
2383 2.56819e-005
2384 1.17987e-005
2385 1.38196e-005
2386 3.35262e-006
2387 5.68592e-006
2388 5.0177e-006
2389 4.28341e-006
2390 1.60812e-005
2391 1.81241e-005
2392 1.33474e-005
2393 1.39284e-005
2394 3.31875e-006
2395 3.03234e-005
2396 7.11064e-006
2397 6.32297e-006
2398 8.87039e-006
2399 8.2682e-006
2400 9.50868e-006
2401 2.68437e-005
2402 5.72293e-006
2403 4.70255e-006
2404 6.60843e-006
2405 9.02836e-006
2406 3.94917e-006
2407 3.14149e-005
2408 7.32869e-006
2409 4.54098e-006
2410 1.00617e-005
2411 6.18356e-006
2412 6.95187e-006
2413 1.10424e-005
2414 5.36826e-006
2415 2.19409e-005
2416 1.28594e-005
2417 1.64033e-005
2418 1.76462e-005
2419 3.00536e-005
2420 3.3566e-006
2421 5.96009e-006
2422 5.41176e-006
2423 1.8208e-005
2424 2.62343e-005
2425 1.50316e-005
2426 3e-006
2427 7.66975e-006
2428 1.80924e-005
2429 4.23975e-006
2430 3.35262e-006
2431 3.67496e-006
2432 1.21691e-005
2433 1.09806e-005
2434 1.26248e-005
2435 6.69521e-006
2436 1.26568e-005
2437 6.9338e-006
2438 1.27196e-005
2439 6.68603e-006
2440 1.22828e-005
2441 6.51292e-006
2442 7.19409e-006
2443 4.275e-006
2444 3.6375e-006
2445 1.52564e-005
2446 7.4343e-006
2447 8.11603e-006
2448 4.02398e-006
2449 4.69535e-006
2450 8.07225e-006
2451 3.75066e-006
2452 7.0318e-006
2453 1.21947e-005
2454 2.08818e-005
2455 9.58706e-006
2456 5.08543e-006
2457 5.87012e-006
2458 3e-006
2459 6.16688e-006
2460 7.27661e-006
2461 8.43656e-006
2462 3.35981e-006
2463 4.64322e-006
2464 8.26618e-006
2465 1.50163e-005
2466 1.63645e-005
2467 4.28026e-006
2468 3e-006
2469 4.31246e-006
2470 6.39403e-006
2471 1.93249e-005
2472 5.78707e-005
2473 5.58868e-006
2474 3e-006
2475 4.0965e-006
2476 7.11775e-006
2477 3e-006
2478 2.37031e-005
2479 1.15817e-005
2480 1.85122e-005
2481 1.17525e-005
2482 9.17072e-006
2483 1.3475e-005
2484 1.74787e-005
2485 6.35063e-006
2486 1.1626e-005
2487 5.4508e-006
2488 5.05516e-006
2489 8.06536e-006
2490 1.27491e-005
2491 5.94368e-006
2492 1.59834e-005
2493 3.31875e-006
2494 4.07263e-006
2495 6.249e-006
2496 1.48843e-005
2497 8.14652e-006
2498 6.31734e-006
2499 8.16848e-006
2500 5.97788e-006
2501 3e-006
2502 5.0177e-006
2503 7.70956e-006
2504 1.79158e-005
2505 4.89025e-006
2506 2.00081e-005
2507 5.8253e-006
2508 6.43536e-006
2509 5.00422e-006
2510 5.75626e-006
2511 1.29923e-005
2512 3e-006
2513 5.27654e-006
2514 5.38243e-006
2515 1.12845e-005
2516 1.66531e-005
2517 3.31875e-006
2518 1.31643e-005
2519 1.02368e-005
2520 3e-006
2521 6.28633e-006
2522 5.69464e-006
2523 9.1547e-006
2524 3e-006
2525 6.11661e-006
2526 4.15945e-006
2527 4.03118e-006
2528 3.7391e-006
2529 1.28443e-005
2530 3.00835e-005
2531 7.21702e-006
2532 1.20391e-005
2533 5.80947e-006
2534 7.0743e-006
2535 4.98023e-006
2536 3e-006
2537 5.78076e-006
2538 2.22563e-005
2539 7.91413e-006
2540 5.40964e-006
2541 3.56454e-006
2542 4.25754e-006
2543 8.89501e-006
2544 6.26998e-006
2545 6.32524e-006
2546 1.57569e-005
2547 7.53752e-006
2548 3.31875e-006
2549 7.24022e-006
2550 5.83609e-006
2551 1.13822e-005
2552 4.84204e-006
2553 4.77028e-006
2554 3.6375e-006
2555 2.23786e-005
2556 7.73651e-006
2557 7.94237e-006
2558 3.31875e-006
2559 9.19621e-006
2560 2.62675e-005
2561 1.0548e-005
2562 6.69643e-006
2563 1.38695e-005
2564 1.35098e-005
2565 4.4818e-006
2566 1.38084e-005
2567 8.0048e-006
2568 1.13936e-005
2569 5.94576e-006
2570 3e-006
2571 6.51697e-006
2572 5.25322e-006
2573 3.42035e-006
2574 3e-006
2575 4.07062e-006
2576 1.68144e-005
2577 5.16036e-006
2578 3e-006
2579 5.26014e-006
2580 3.88973e-006
2581 3.6375e-006
2582 6.10514e-006
2583 4.30887e-006
2584 9.75327e-006
2585 8.49521e-006
2586 5.34005e-006
2587 2.54121e-005
2588 4.13638e-006
2589 7.86588e-006
2590 4.80185e-006
2591 3.67496e-006
2592 4.34273e-006
2593 9.80475e-006
2594 1.24766e-005
2595 3.35621e-006
2596 9.03377e-006
2597 8.38254e-006
2598 3.70883e-006
2599 1.22e-005
2600 1.70634e-005
2601 3.6375e-006
2602 6.78836e-006
2603 3e-006
2604 1.14514e-005
2605 5.93824e-006
2606 4.02398e-006
2607 7.84642e-006
2608 3.99012e-006
2609 8.56875e-006
2610 5.14602e-006
2611 3.35262e-006
2612 7.59092e-006
2613 4.8456e-006
2614 7.93927e-006
2615 3.6375e-006
2616 5.47552e-006
2617 8.69708e-006
2618 8.12639e-006
2619 7.81748e-006
2620 6.22377e-006
2621 3.71641e-006
2622 3.80684e-006
2623 1.15981e-005
2624 1.65139e-005
2625 8.44885e-006
2626 4.80415e-006
2627 3.71169e-005
2628 1.27539e-005
2629 5.93648e-006
2630 8.22313e-006
2631 7.14002e-006
2632 1.67413e-005
2633 6.44616e-006
2634 4.627e-006
2635 4.80775e-006
2636 1.68213e-005
2637 1.96191e-005
2638 4.59375e-006
2639 4.41047e-006
2640 3.49926e-006
2641 8.23258e-006
2642 6.97607e-006
2643 3.6375e-006
2644 9.54233e-006
2645 4.4818e-006
2646 8.00602e-006
2647 1.35163e-005
2648 3.6375e-006
2649 6.17108e-006
2650 5.30258e-006
2651 2.16751e-005
2652 1.02347e-005
2653 1.06873e-005
2654 1.23463e-005
2655 4.02398e-006
2656 4.03642e-006
2657 1.81659e-005
2658 7.2074e-006
2659 3.73042e-006
2660 1.35243e-005
2661 5.18465e-006
2662 1.05402e-005
2663 1.26525e-005
2664 4.73205e-006
2665 7.2488e-006
2666 3.31875e-006
2667 2.13257e-005
2668 4.37785e-006
2669 3.31875e-006
2670 3.30268e-005
2671 4.22685e-006
2672 8.62998e-006
2673 2.24229e-005
2674 1.08026e-005
2675 5.53534e-006
2676 6.09059e-006
2677 1.31511e-005
2678 8.90943e-006
2679 1.12459e-005
2680 3.31875e-006
2681 3.57381e-006
2682 6.72108e-006
2683 5.71933e-006
2684 1.27968e-005
2685 5.05024e-006
2686 8.79192e-006
2687 1.61633e-005
2688 3.67137e-006
2689 3.6375e-006
2690 6.81939e-006
2691 1.15813e-005
2692 4.04247e-006
2693 4.69535e-006
2694 8.21001e-006
2695 4.46034e-006
2696 1.16665e-005
2697 3.6375e-006
2698 9.70471e-006
2699 3.9941e-006
2700 9.59954e-006
2701 1.10401e-005
2702 1.01217e-005
2703 4.41407e-006
2704 8.24156e-006
2705 1.33334e-005
2706 4.49336e-006
2707 1.42294e-005
2708 6.33488e-006
2709 2.52992e-005
2710 3.6375e-006
2711 1.47019e-005
2712 6.17513e-006
2713 1.11624e-005
2714 6.20943e-006
2715 6.55518e-006
2716 3.35262e-006
2717 8.04708e-006
2718 3e-006
2719 3e-006
2720 3.6375e-006
2721 3.91119e-006
2722 1.64929e-005
2723 6.3354e-006
2724 9.26028e-006
2725 4.32402e-006
2726 4.31246e-006
2727 6.1121e-006
2728 3.31875e-006
2729 7.89578e-006
2730 1.77902e-005
2731 1.30919e-005
2732 5.85617e-006
2733 3e-006
2734 6.2891e-006
2735 5.71633e-006
2736 5.67056e-006
2737 1.20434e-005
2738 3.31875e-006
2739 3e-006
2740 1.48559e-005
2741 1.22929e-005
2742 3.99012e-006
2743 9.14354e-006
2744 1.60432e-005
2745 3.45422e-006
2746 8.87285e-006
2747 3.42035e-006
2748 7.0761e-006
2749 3.7391e-006
2750 4.16827e-005
2751 3.48809e-006
2752 8.87085e-006
2753 5.3055e-006
2754 7.84695e-006
2755 1.78233e-005
2756 4.06543e-006
2757 4.98023e-006
2758 1.39827e-005
2759 3.49168e-006
2760 1.54965e-005
2761 1.00365e-005
2762 3.31875e-006
2763 1.06968e-005
2764 2.35527e-005
2765 5.52056e-006
2766 1.96312e-005
2767 1.49543e-005
2768 4.7326e-006
2769 1.05001e-005
2770 5.66052e-006
2771 7.27658e-006
2772 1.01359e-005
2773 1.24195e-005
2774 5.31452e-006
2775 6.91869e-006
2776 1.85421e-005
2777 4.92091e-006
2778 4.30887e-006
2779 5.61773e-006
2780 9.06069e-006
2781 3.49888e-006
2782 1.16884e-005
2783 3.6375e-006
2784 6.8561e-006
2785 1.06093e-005
2786 3.31875e-006
2787 9.58111e-006
2788 5.54613e-006
2789 2.0019e-005
2790 9.2808e-006
2791 8.80084e-006
2792 3e-006
2793 3.31875e-006
2794 8.38509e-006
2795 1.68581e-005
2796 2.2621e-005
2797 6.47321e-006
2798 7.35775e-006
2799 5.53965e-006
2800 3.31875e-006
2801 4.83442e-006
2802 5.30854e-006
2803 5.49061e-006
2804 3e-006
2805 6.45672e-006
2806 3.77657e-006
2807 6.06654e-006
2808 1.92745e-005
2809 5.93633e-006
2810 1.93424e-005
2811 1.2051e-005
2812 2.23591e-005
2813 7.59918e-006
2814 1.02652e-005
2815 6.67918e-006
2816 1.2313e-005
2817 5.86598e-006
2818 2.09309e-005
2819 5.09263e-006
2820 1.01212e-005
2821 7.50837e-006
2822 3e-006
2823 1.30173e-005
2824 3.95625e-006
2825 1.51435e-005
2826 1.15527e-005
2827 8.62933e-006
2828 6.34579e-006
2829 3.71603e-006
2830 4.51292e-006
2831 5.6552e-006
2832 1.95028e-005
2833 4.56079e-006
2834 3.95625e-006
2835 1.25342e-005
2836 4.62762e-006
2837 4.30887e-006
2838 6.00681e-006
2839 3e-006
2840 3.99012e-006
2841 3e-006
2842 3e-006
2843 9.26321e-006
2844 6.60965e-006
2845 4.97289e-006
2846 4.70699e-006
2847 3.39008e-006
2848 4.33599e-006
2849 9.08375e-006
2850 7.88461e-006
2851 9.75074e-006
2852 3e-006
2853 9.88781e-006
2854 3.35262e-006
2855 9.92263e-006
2856 3.67496e-006
2857 5.50638e-006
2858 3.6375e-006
2859 5.0141e-006
2860 3e-006
2861 3.35262e-006
2862 5.15317e-006
2863 1.21795e-005
2864 5.64549e-006
2865 6.1098e-006
2866 8.79931e-006
2867 7.32579e-006
2868 3.95625e-006
2869 1.09512e-005
2870 4.30887e-006
2871 1.20124e-005
2872 1.28241e-005
2873 1.32596e-005
2874 5.34043e-006
2875 7.46416e-006
2876 3e-006
2877 9.6461e-006
2878 9.99981e-006
2879 2.6432e-005
2880 1.15443e-005
2881 1.34214e-005
2882 2.21807e-005
2883 6.42457e-006
2884 7.85341e-006
2885 7.88461e-006
2886 5.03047e-006
2887 7.30203e-006
2888 3e-006
2889 5.81434e-006
2890 1.28798e-005
2891 1.00123e-005
2892 3.67137e-006
2893 6.01711e-006
2894 1.40582e-005
2895 3.6375e-006
2896 6.87845e-006
2897 3e-006
2898 4.45551e-006
2899 8.55505e-006
2900 3e-006
2901 1.4115e-005
2902 1.51568e-005
2903 3.35262e-006
2904 6.61266e-006
2905 2.1895e-005
2906 3.39563e-006
2907 1.02193e-005
2908 1.3517e-005
2909 6.31229e-006
2910 6.66857e-006
2911 7.17339e-006
2912 6.00317e-006
2913 8.88656e-006
2914 3.99012e-006
2915 9.26748e-006
2916 1.28303e-005
2917 8.09839e-006
2918 1.07768e-005
2919 1.1167e-005
2920 6.03369e-006
2921 1.61429e-005
2922 8.22077e-006
2923 3e-006
2924 1.33223e-005
2925 3e-006
2926 5.72653e-006
2927 1.29264e-005
2928 6.18075e-006
2929 3e-006
2930 3.31875e-006
2931 3e-006
2932 4.05785e-006
2933 3e-006
2934 3e-006
2935 7.76538e-006
2936 5.99634e-006
2937 9.37999e-006
2938 4.08146e-006
2939 3.67137e-006
2940 8.21835e-006
2941 1.00331e-005
2942 5.9672e-006
2943 8.17124e-006
2944 4.83802e-006
2945 4.19692e-006
2946 4.73641e-006
2947 8.43719e-006
2948 3e-006
2949 1.30128e-005
2950 6.85609e-006
2951 6.2183e-006
2952 8.33656e-006
2953 3e-006
2954 7.30882e-006
2955 4.05785e-006
2956 3.99371e-006
2957 3.99012e-006
2958 6.40343e-006
2959 6.44564e-006
2960 3.31875e-006
2961 3.42395e-006
2962 4.75799e-006
2963 7.65585e-006
2964 6.661e-006
2965 4.7368e-006
2966 7.46129e-006
2967 3.96513e-006
2968 3.31875e-006
2969 4.91295e-006
2970 9.31746e-006
2971 6.25606e-006
2972 1.08773e-005
2973 4.7368e-006
2974 3e-006
2975 6.82768e-006
2976 4.06505e-006
2977 5.28356e-006
2978 2.22574e-005
2979 7.87864e-006
2980 3.6375e-006
2981 1.04006e-005
2982 9.75538e-006
2983 6.0154e-006
2984 2.92683e-005
2985 8.85995e-006
2986 9.28857e-006
2987 1.28702e-005
2988 8.39082e-006
2989 4.91295e-006
2990 6.27639e-006
2991 9.54219e-006
2992 3e-006
2993 1.08544e-005
2994 3.85908e-006
2995 6.18885e-006
2996 7.80959e-006
2997 3.31875e-006
2998 3e-006
2999 8.65627e-006
3000 4.31246e-006
3001 3e-006
3002 3e-006
3003 5.3751e-006
3004 6.82185e-006
3005 1.81905e-005
3006 4.72176e-006
3007 3.52195e-006
3008 6.04776e-006
3009 5.02119e-006
3010 3.6375e-006
3011 4.57973e-006
3012 6.83169e-006
3013 3.99012e-006
3014 6.6362e-006
3015 3.6375e-006
3016 4.09532e-006
3017 6.5631e-006
3018 4.9022e-006
3019 3.35262e-006
3020 5.06281e-006
3021 5.42379e-006
3022 6.18871e-006
3023 9.78981e-006
3024 1.03229e-005
3025 7.31704e-006
3026 9.97762e-006
3027 2.4175e-005
3028 4.12918e-006
3029 3.42035e-006
3030 8.51765e-006
3031 3.31875e-006
3032 6.46912e-006
3033 5.09426e-006
3034 5.68547e-006
3035 6.90157e-006
3036 3.42755e-006
3037 1.02373e-005
3038 3.6375e-006
3039 1.02344e-005
3040 3e-006
3041 5.92921e-006
3042 3e-006
3043 3.6375e-006
3044 9.13567e-006
3045 7.36135e-006
3046 1.16598e-005
3047 5.98557e-006
3048 7.72275e-006
3049 4.09532e-006
3050 3e-006
3051 3.6375e-006
3052 7.22087e-006
3053 7.49753e-006
3054 3e-006
3055 3.31875e-006
3056 1.50051e-005
3057 3.6375e-006
3058 7.69143e-006
3059 6.94969e-006
3060 3e-006
3061 1.87317e-005
3062 5.1344e-006
3063 3.6375e-006
3064 9.408e-006
3065 3e-006
3066 7.98826e-006
3067 4.73718e-006
3068 3e-006
3069 1.21268e-005
3070 4.10649e-006
3071 3.31875e-006
3072 4.30887e-006
3073 6.99176e-006
3074 7.89708e-006
3075 2.23633e-005
3076 4.08063e-006
3077 5.80544e-006
3078 3e-006
3079 6.54296e-006
3080 5.06066e-006
3081 6.35454e-006
3082 4.17135e-006
3083 7.50486e-006
3084 9.75285e-006
3085 2.31802e-005
3086 7.27967e-006
3087 6.41422e-006
3088 6.49518e-006
3089 3e-006
3090 2.36384e-005
3091 7.08481e-006
3092 8.52064e-006
3093 3.31875e-006
3094 1.35748e-005
3095 1.45715e-005
3096 4.44793e-006
3097 3.6375e-006
3098 3e-006
3099 4.71261e-006
3100 9.02274e-006
3101 6.76173e-006
3102 7.71877e-006
3103 4.30887e-006
3104 5.65243e-006
3105 4.71896e-006
3106 5.86875e-006
3107 4.27986e-006
3108 3e-006
3109 4.23798e-006
3110 1.04565e-005
3111 4.54522e-006
3112 7.85197e-006
3113 1.06682e-005
3114 6.61145e-006
3115 1.03594e-005
3116 4.54706e-006
3117 6.78816e-006
3118 5.87878e-006
3119 4.4782e-006
3120 4.62477e-006
3121 6.94014e-006
3122 8.09341e-006
3123 3.31875e-006
3124 5.10381e-006
3125 3.35262e-006
3126 7.86478e-006
3127 1.9217e-005
3128 7.5216e-006
3129 5.84291e-006
3130 1.56496e-005
3131 4.16703e-006
3132 7.80084e-006
3133 9.04358e-006
3134 1.76349e-005
3135 1.19732e-005
3136 3e-006
3137 3.95625e-006
3138 6.18709e-006
3139 7.22412e-006
3140 4.51567e-006
3141 5.40939e-006
3142 3.35262e-006
3143 3.31875e-006
3144 1.08452e-005
3145 3.6375e-006
3146 3.35262e-006
3147 3e-006
3148 3.31875e-006
3149 3.6375e-006
3150 5.43445e-006
3151 1.34896e-005
3152 3.6375e-006
3153 1.07323e-005
3154 1.24898e-005
3155 6.9374e-006
3156 5.99638e-006
3157 1.24235e-005
3158 1.3197e-005
3159 1.37421e-005
3160 6.60011e-006
3161 3.70883e-006
3162 5.71426e-006
3163 8.74476e-006
3164 7.47986e-006
3165 8.09532e-006
3166 3.67137e-006
3167 1.37564e-005
3168 3e-006
3169 5.39682e-006
3170 3.6375e-006
3171 1.05674e-005
3172 3.31875e-006
3173 4.76668e-006
3174 3.67496e-006
3175 6.68278e-006
3176 1.4024e-005
3177 5.5106e-006
3178 1.27144e-005
3179 6.68963e-006
3180 9.84592e-006
3181 6.12894e-006
3182 1.1287e-005
3183 6.86062e-006
3184 8.02298e-006
3185 1.71977e-005
3186 8.31726e-006
3187 1.55805e-005
3188 1.2929e-005
3189 1.01121e-005
3190 3.31875e-006
3191 5.77199e-006
3192 4.03478e-006
3193 1.34639e-005
3194 4.16295e-006
3195 1.66325e-005
3196 4.03118e-006
3197 1.64649e-005
3198 9.30969e-006
3199 8.96252e-006
3200 4.30887e-006
3201 5.81264e-006
3202 6.82261e-006
3203 3e-006
3204 1.07804e-005
3205 3.77297e-006
3206 5.97838e-006
3207 3.70523e-006
3208 2.49988e-005
3209 1.32872e-005
3210 7.09255e-006
3211 1.04476e-005
3212 3.44749e-006
3213 3e-006
3214 2.2634e-005
3215 3.40524e-006
3216 1.27536e-005
3217 6.09077e-006
3218 4.34273e-006
3219 9.80885e-006
3220 9.93931e-006
3221 8.03996e-006
3222 1.3474e-005
3223 4.62762e-006
3224 3e-006
3225 1.12185e-005
3226 6.27406e-006
3227 8.20995e-006
3228 1.13428e-005
3229 1.13762e-005
3230 5.29898e-006
3231 4.87576e-006
3232 3.42035e-006
3233 3e-006
3234 4.73282e-006
3235 4.79695e-006
3236 7.10428e-006
3237 4.7404e-006
3238 9.04596e-006
3239 6.60949e-006
3240 3e-006
3241 7.67941e-006
3242 2.45533e-005
3243 5.58348e-006
3244 7.66747e-006
3245 3e-006
3246 9.90535e-006
3247 9.58367e-006
3248 8.0994e-006
3249 7.1575e-006
3250 6.57155e-006
3251 4.0957e-006
3252 3e-006
3253 3e-006
3254 5.61458e-006
3255 3.67137e-006
3256 6.26817e-006
3257 4.36649e-006
3258 5.63143e-006
3259 1.00024e-005
3260 1.12965e-005
3261 8.14626e-006
3262 3e-006
3263 9.25315e-006
3264 3e-006
3265 1.21074e-005
3266 5.41858e-006
3267 4.28345e-006
3268 7.54857e-006
3269 3.31875e-006
3270 1.28828e-005
3271 4.06865e-006
3272 1.23679e-005
3273 1.22971e-005
3274 1.2786e-005
3275 2.13063e-005
3276 5.81852e-006
3277 3e-006
3278 5.0213e-006
3279 8.6085e-006
3280 8.5424e-006
3281 6.07195e-006
3282 5.54241e-006
3283 4.79695e-006
3284 5.88324e-006
3285 3e-006
3286 5.58072e-006
3287 5.82747e-006
3288 3.7391e-006
3289 3.35262e-006
3290 5.04797e-006
3291 9.83365e-006
3292 8.97351e-006
3293 1.30613e-005
3294 1.9164e-005
3295 4.78404e-006
3296 8.38449e-006
3297 3.36024e-006
3298 7.94147e-006
3299 3e-006
3300 4.09532e-006
3301 1.07421e-005
3302 9.83355e-006
3303 6.58516e-006
3304 5.05516e-006
3305 4.91414e-006
3306 4.09172e-006
3307 4.66508e-006
3308 3.6375e-006
3309 1.49449e-005
3310 6.8597e-006
3311 3e-006
3312 4.3766e-006
3313 6.99832e-006
3314 6.54101e-006
3315 7.82353e-006
3316 6.81395e-006
3317 4.10649e-006
3318 4.28662e-006
3319 6.4959e-006
3320 8.63913e-006
3321 6.22137e-006
3322 7.89967e-006
3323 4.45551e-006
3324 6.3155e-006
3325 9.06387e-006
3326 8.86094e-006
3327 3.6375e-006
3328 3e-006
3329 3e-006
3330 4.13278e-006
3331 9.63296e-006
3332 6.32657e-006
3333 1.07491e-005
3334 5.64076e-006
3335 1.06258e-005
3336 7.00417e-006
3337 1.37286e-005
3338 5.39316e-006
3339 4.62762e-006
3340 1.87192e-005
3341 3.31875e-006
3342 4.22402e-006
3343 2.21646e-005
3344 2.21007e-005
3345 5.13408e-006
3346 4.94637e-006
3347 3e-006
3348 1.15773e-005
3349 9.89468e-006
3350 3.31875e-006
3351 4.89855e-006
3352 4.80858e-006
3353 3e-006
3354 1.06035e-005
3355 1.53343e-005
3356 3e-006
3357 5.90262e-006
3358 4.73282e-006
3359 1.47161e-005
3360 8.04955e-006
3361 3e-006
3362 6.64555e-006
3363 5.5121e-006
3364 1.26064e-005
3365 7.52398e-006
3366 4.66148e-006
3367 5.76165e-006
3368 9.66857e-006
3369 1.70566e-005
3370 3.8443e-006
3371 6.94479e-006
3372 8.79068e-006
3373 7.70443e-006
3374 3.77297e-006
3375 4.00129e-006
3376 6.223e-006
3377 4.59375e-006
3378 5.35757e-006
3379 1.31607e-005
3380 6.42457e-006
3381 8.4803e-006
3382 1.14987e-005
3383 3e-006
3384 5.70024e-006
3385 3e-006
3386 1.03477e-005
3387 6.54341e-006
3388 5.08903e-006
3389 4.98023e-006
3390 6.96047e-006
3391 7.03938e-006
3392 3e-006
3393 1.66619e-005
3394 5.44867e-006
3395 1.11808e-005
3396 6.01749e-006
3397 4.98383e-006
3398 5.08543e-006
3399 6.82829e-006
3400 5.18905e-006
3401 4.7404e-006
3402 6.3907e-006
3403 4.62762e-006
3404 4.38862e-006
3405 5.08543e-006
3406 8.4583e-006
3407 4.47722e-006
3408 1.01779e-005
3409 4.73282e-006
3410 3e-006
3411 3.99012e-006
3412 7.79054e-006
3413 3e-006
3414 6.04392e-006
3415 4.30887e-006
3416 3e-006
3417 1.11138e-005
3418 3.35262e-006
3419 4.69263e-006
3420 3.50248e-006
3421 5.16207e-006
3422 4.32326e-006
3423 3e-006
3424 3.95625e-006
3425 1.42775e-005
3426 6.96766e-006
3427 1.12136e-005
3428 1.06451e-005
3429 6.04528e-006
3430 4.02398e-006
3431 1.11844e-005
3432 5.24953e-006
3433 4.14832e-006
3434 5.69266e-006
3435 1.03825e-005
3436 6.72937e-006
3437 6.69732e-006
3438 7.60914e-006
3439 6.12936e-006
3440 6.32075e-006
3441 3.95625e-006
3442 5.79831e-006
3443 5.90666e-006
3444 1.21914e-005
3445 3e-006
3446 3e-006
3447 6.57133e-006
3448 7.62452e-006
3449 8.25748e-006
3450 1.24802e-005
3451 3.6375e-006
3452 7.16781e-006
3453 5.46832e-006
3454 4.50377e-006
3455 8.10764e-006
3456 5.96472e-006
3457 1.1232e-005
3458 6.04222e-006
3459 3.68254e-006
3460 7.05586e-006
3461 6.16166e-006
3462 6.00071e-006
3463 3.31875e-006
3464 3.6375e-006
3465 9.25427e-006
3466 3.70523e-006
3467 7.75747e-006
3468 3e-006
3469 3e-006
3470 4.72788e-006
3471 3.45782e-006
3472 1.96497e-005
3473 6.20483e-006
3474 5.9744e-006
3475 3e-006
3476 3e-006
3477 8.4256e-006
3478 1.15464e-005
3479 4.69535e-006
3480 5.82813e-006
3481 4.69535e-006
3482 3.42035e-006
3483 1.9198e-005
3484 1.13179e-005
3485 4.02758e-006
3486 4.10701e-006
3487 3e-006
3488 9.12413e-006
3489 4.69535e-006
3490 3.6375e-006
3491 1.18141e-005
3492 3e-006
3493 6.11661e-006
3494 6.47643e-006
3495 5.54685e-006
3496 1.0131e-005
3497 6.36612e-006
3498 6.17207e-006
3499 6.88675e-006
3500 4.02398e-006
3501 1.87537e-005
3502 4.24518e-006
3503 4.49619e-006
3504 3e-006
3505 9.58072e-006
3506 4.71334e-006
3507 9.72772e-006
3508 6.10424e-006
3509 5.90262e-006
3510 4.62762e-006
3511 3.38648e-006
3512 1.0042e-005
3513 1.0227e-005
3514 3.31875e-006
3515 3.35621e-006
3516 1.27037e-005
3517 7.38454e-006
3518 3.95625e-006
3519 4.489e-006
3520 8.32143e-006
3521 3.31875e-006
3522 1.05301e-005
3523 9.66091e-006
3524 8.91585e-006
3525 5.56332e-006
3526 3.31875e-006
3527 4.30887e-006
3528 1.09222e-005
3529 3.67137e-006
3530 9.88197e-006
3531 1.98917e-005
3532 6.68721e-006
3533 1.14879e-005
3534 3.31875e-006
3535 2.07756e-005
3536 5.14704e-006
3537 3.75502e-006
3538 1.29809e-005
3539 1.38862e-005
3540 3.31875e-006
3541 3.31875e-006
3542 1.76212e-005
3543 1.30006e-005
3544 5.21134e-006
3545 4.69535e-006
3546 8.85374e-006
3547 1.21852e-005
3548 9.26091e-006
3549 7.65949e-006
3550 5.08184e-006
3551 3e-006
3552 3e-006
3553 4.41766e-006
3554 1.06481e-005
3555 3e-006
3556 5.20863e-006
3557 3e-006
3558 1.03425e-005
3559 4.31246e-006
3560 9.41555e-006
3561 5.71933e-006
3562 3.67137e-006
3563 7.96387e-006
3564 1.71314e-005
3565 5.34763e-006
3566 3e-006
3567 6.94979e-006
3568 7.35263e-006
3569 1.1225e-005
3570 9.34751e-006
3571 3.31875e-006
3572 4.14523e-006
3573 4.75733e-006
3574 4.62762e-006
3575 3e-006
3576 6.6011e-006
3577 7.27971e-006
3578 7.59667e-006
3579 3.70883e-006
3580 3e-006
3581 2.21376e-005
3582 7.55004e-006
3583 1.99663e-005
3584 4.09657e-006
3585 5.56302e-006
3586 3e-006
3587 7.01153e-006
3588 6.37723e-006
3589 4.29832e-006
3590 4.72922e-006
3591 7.34846e-006
3592 8.41274e-006
3593 3e-006
3594 4.98023e-006
3595 5.59878e-006
3596 6.02533e-006
3597 1.00778e-005
3598 5.13023e-006
3599 3.85038e-006
3600 3.6375e-006
3601 3.31875e-006
3602 6.47681e-006
3603 3.31875e-006
3604 7.8714e-006
3605 1.09447e-005
3606 7.74108e-006
3607 4.69535e-006
3608 5.4795e-006
3609 3e-006
3610 1.40229e-005
3611 3.41244e-006
3612 4.30887e-006
3613 8.02726e-006
3614 8.94879e-006
3615 7.42188e-006
3616 7.23547e-006
3617 4.66148e-006
3618 6.03261e-006
3619 1.40613e-005
3620 4.90973e-006
3621 5.1229e-006
3622 9.49999e-006
3623 5.37877e-006
3624 9.3009e-006
3625 4.77028e-006
3626 3e-006
3627 1.23149e-005
3628 5.33645e-006
3629 4.98023e-006
3630 3.35262e-006
3631 3e-006
3632 3.35262e-006
3633 1.46622e-005
3634 4.06903e-006
3635 3.31875e-006
3636 4.3874e-006
3637 8.81724e-006
3638 4.98023e-006
3639 3e-006
3640 4.06304e-006
3641 1.24759e-005
3642 9.07474e-006
3643 7.00274e-006
3644 5.04797e-006
3645 7.98458e-006
3646 1.59482e-005
3647 5.32465e-006
3648 3.31875e-006
3649 5.83575e-006
3650 8.19125e-006
3651 9.54118e-006
3652 5.13611e-006
3653 7.76444e-006
3654 1.77164e-005
3655 3.31875e-006
3656 1.12427e-005
3657 1.24058e-005
3658 5.41619e-006
3659 3.31875e-006
3660 1.59044e-005
3661 1.45036e-005
3662 3.95625e-006
3663 4.275e-006
3664 7.88209e-006
3665 5.5811e-006
3666 4.9312e-006
3667 1.19679e-005
3668 3.67137e-006
3669 7.10628e-006
3670 3e-006
3671 1.21494e-005
3672 1.16957e-005
3673 4.3766e-006
3674 7.18331e-006
3675 3e-006
3676 7.43245e-006
3677 1.6839e-005
3678 3e-006
3679 3.6375e-006
3680 3.7579e-006
3681 4.9125e-006
3682 7.71488e-006
3683 7.57449e-006
3684 5.69305e-006
3685 7.137e-006
3686 7.87217e-006
3687 5.26871e-006
3688 5.82094e-006
3689 5.09067e-006
3690 5.54025e-006
3691 7.05377e-006
3692 3.31875e-006
3693 5.04327e-006
3694 3.38648e-006
3695 7.37702e-006
3696 1.22255e-005
3697 5.24287e-006
3698 2.37437e-005
3699 6.4682e-006
3700 3e-006
3701 3.67137e-006
3702 5.70184e-006
3703 5.50362e-006
3704 5.38111e-006
3705 3.95625e-006
3706 3.31875e-006
3707 3.31875e-006
3708 1.10527e-005
3709 4.2194e-006
3710 1.8384e-005
3711 7.56994e-006
3712 3e-006
3713 9.26395e-006
3714 4.84604e-006
3715 8.60407e-006
3716 6.06959e-006
3717 5.86847e-006
3718 3e-006
3719 9.66964e-006
3720 4.30887e-006
3721 5.69626e-006
3722 6.64924e-006
3723 3.67137e-006
3724 7.40584e-006
3725 4.12918e-006
3726 1.61269e-005
3727 1.18985e-005
3728 1.20992e-005
3729 3e-006
3730 5.18258e-006
3731 5.69032e-006
3732 5.98326e-006
3733 3.6375e-006
3734 4.66553e-006
3735 3.61564e-006
3736 5.52492e-006
3737 5.89269e-006
3738 1.29067e-005
3739 5.99823e-006
3740 5.43445e-006
3741 4.59375e-006
3742 3.81916e-006
3743 1.57688e-005
3744 4.6994e-006
3745 4.43767e-006
3746 3.49528e-006
3747 3e-006
3748 6.22978e-006
3749 5.7532e-006
3750 3e-006
3751 3.31875e-006
3752 3.31875e-006
3753 8.21253e-006
3754 3e-006
3755 5.61773e-006
3756 5.26871e-006
3757 3.31875e-006
3758 3e-006
3759 5.26512e-006
3760 4.3838e-006
3761 6.4808e-006
3762 7.76662e-006
3763 6.33589e-006
3764 3.38648e-006
3765 5.0177e-006
3766 6.25523e-006
3767 2.95979e-005
3768 3.31875e-006
3769 4.98817e-006
3770 1.00552e-005
3771 1.07459e-005
3772 4.83499e-006
3773 1.12868e-005
3774 4.275e-006
3775 5.0036e-006
3776 3.67137e-006
3777 4.13715e-006
3778 4.02758e-006
3779 7.92319e-006
3780 1.45258e-005
3781 4.42165e-006
3782 8.25632e-006
3783 3e-006
3784 3.82483e-006
3785 5.36792e-006
3786 4.275e-006
3787 9.76913e-006
3788 3e-006
3789 7.15624e-006
3790 4.50385e-006
3791 3.67496e-006
3792 3e-006
3793 3.67137e-006
3794 4.275e-006
3795 4.26301e-006
3796 8.77946e-006
3797 4.15945e-006
3798 8.3495e-006
3799 1.09461e-005
3800 8.87051e-006
3801 3.31875e-006
3802 4.77066e-006
3803 3.67137e-006
3804 4.98383e-006
3805 5.63977e-006
3806 7.73344e-006
3807 5.29898e-006
3808 3.78774e-006
3809 3.93401e-006
3810 1.09937e-005
3811 3.67137e-006
3812 3e-006
3813 3.6375e-006
3814 1.24226e-005
3815 4.275e-006
3816 3.78055e-006
3817 3e-006
3818 4.80415e-006
3819 1.33552e-005
3820 6.25649e-006
3821 6.39236e-006
3822 7.27922e-006
3823 3.71243e-006
3824 5.33285e-006
3825 4.30887e-006
3826 1.84418e-005
3827 1.94388e-005
3828 3e-006
3829 5.92224e-006
3830 4.66148e-006
3831 5.16396e-006
3832 2.40627e-005
3833 1.17315e-005
3834 2.4348e-005
3835 3.39368e-006
3836 7.26696e-006
3837 1.05936e-005
3838 3e-006
3839 3.40245e-006
3840 1.17577e-005
3841 4.69699e-006
3842 3e-006
3843 3.67137e-006
3844 4.22647e-006
3845 5.38952e-006
3846 3.95625e-006
3847 1.46743e-005
3848 6.14982e-006
3849 3.99012e-006
3850 8.94671e-006
3851 3.67137e-006
3852 7.98778e-006
3853 7.77946e-006
3854 9.20493e-006
3855 7.57301e-006
3856 3.77297e-006
3857 1.04026e-005
3858 4.275e-006
3859 5.42877e-006
3860 3e-006
3861 5.43445e-006
3862 8.70453e-006
3863 4.79695e-006
3864 6.93042e-006
3865 4.51686e-006
3866 3.6375e-006
3867 7.20833e-006
3868 5.40558e-006
3869 1.91176e-005
3870 4.22851e-006
3871 3.31875e-006
3872 5.58746e-006
3873 5.44601e-006
3874 3.35621e-006
3875 3.31875e-006
3876 2.08417e-005
3877 6.00422e-006
3878 6.60785e-006
3879 6.03808e-006
3880 7.37298e-006
3881 3.67137e-006
3882 6.32657e-006
3883 4.30887e-006
3884 5.36516e-006
3885 3.67496e-006
3886 4.95439e-006
3887 9.33728e-006
3888 2.09084e-005
3889 9.77798e-006
3890 3.31875e-006
3891 1.02523e-005
3892 5.37032e-006
3893 1.04176e-005
3894 4.72415e-006
3895 3e-006
3896 5.08236e-006
3897 4.98023e-006
3898 3e-006
3899 4.02977e-006
3900 7.20833e-006
3901 7.22159e-006
3902 7.78826e-006
3903 5.04797e-006
3904 6.2114e-006
3905 7.54805e-006
3906 5.30067e-006
3907 3.6375e-006
3908 7.65659e-006
3909 6.54264e-006
3910 6.17168e-006
3911 5.25837e-006
3912 6.97531e-006
3913 4.72922e-006
3914 8.19357e-006
3915 3.97313e-006
3916 8.76867e-006
3917 1.45876e-005
3918 3.31875e-006
3919 3e-006
3920 3.6375e-006
3921 2.15509e-005
3922 1.03809e-005
3923 7.10075e-006
3924 8.4117e-006
3925 4.40419e-006
3926 6.79158e-006
3927 3.31875e-006
3928 5.22135e-006
3929 3.72589e-006
3930 5.95011e-006
3931 4.44955e-006
3932 3e-006
3933 3.6375e-006
3934 3.46582e-006
3935 4.3838e-006
3936 4.87586e-006
3937 3e-006
3938 1.09473e-005
3939 3e-006
3940 6.75039e-006
3941 1.2327e-005
3942 5.72662e-006
3943 4.14036e-006
3944 5.74491e-006
3945 4.66546e-006
3946 4.98743e-006
3947 1.06597e-005
3948 3e-006
3949 4.48218e-006
3950 4.275e-006
3951 5.56136e-006
3952 1.23673e-005
3953 7.72435e-006
3954 6.44337e-006
3955 3e-006
3956 3.31875e-006
3957 3e-006
3958 6.73802e-006
3959 5.75325e-006
3960 4.02758e-006
3961 7.73703e-006
3962 9.68261e-006
3963 5.53873e-006
3964 5.73764e-006
3965 4.41843e-006
3966 4.4926e-006
3967 1.14691e-005
3968 4.9125e-006
3969 5.15317e-006
3970 1.37681e-005
3971 5.947e-006
3972 5.72266e-006
3973 1.22408e-005
3974 3e-006
3975 5.05597e-006
3976 7.40164e-006
3977 1.22806e-005
3978 6.37613e-006
3979 3.5029e-006
3980 1.0281e-005
3981 6.23143e-006
3982 4.88268e-006
3983 6.42457e-006
3984 1.12414e-005
3985 7.19007e-006
3986 1.77919e-005
3987 4.28264e-006
3988 8.5244e-006
3989 3.6375e-006
3990 7.86497e-006
3991 4.98743e-006
3992 1.32595e-005
3993 3.7427e-006
3994 3.6375e-006
3995 3e-006
3996 9.6602e-006
3997 8.57034e-006
3998 4.63121e-006
3999 6.28163e-006
4000 3e-006
4001 4.62762e-006
4002 4.64282e-006
4003 3e-006
4004 3.31875e-006
4005 1.05014e-005
4006 4.40132e-006
4007 1.29187e-005
4008 4.83518e-006
4009 5.17619e-006
4010 3.99012e-006
4011 1.05357e-005
4012 7.75599e-006
4013 8.32651e-006
4014 9.09868e-006
4015 4.7368e-006
4016 3.31875e-006
4017 3e-006
4018 4.275e-006
4019 1.12764e-005
4020 3.35621e-006
4021 4.3802e-006
4022 3.70883e-006
4023 1.04079e-005
4024 4.17385e-006
4025 4.51207e-006
4026 3.6375e-006
4027 4.81609e-006
4028 8.73477e-006
4029 5.91577e-006
4030 3.35262e-006
4031 4.29061e-006
4032 9.98076e-006
4033 3e-006
4034 7.7487e-006
4035 3.35262e-006
4036 1.39351e-005
4037 1.04409e-005
4038 1.41932e-005
4039 8.10285e-006
4040 6.19553e-006
4041 5.86598e-006
4042 4.3766e-006
4043 3.31875e-006
4044 3e-006
4045 3e-006
4046 5.59947e-006
4047 5.29223e-006
4048 4.69895e-006
4049 5.23757e-006
4050 4.275e-006
4051 4.73282e-006
4052 3e-006
4053 3e-006
4054 5.71933e-006
4055 1.65016e-005
4056 1.4194e-005
4057 3.73444e-006
4058 5.09263e-006
4059 6.45374e-006
4060 7.48602e-006
4061 4.69535e-006
4062 7.62449e-006
4063 9.56605e-006
4064 5.13806e-006
4065 4.50277e-006
4066 7.83055e-006
4067 1.04219e-005
4068 7.5695e-006
4069 3.6375e-006
4070 6.41823e-006
4071 3.39728e-006
4072 3.46141e-006
4073 3.95625e-006
4074 1.07596e-005
4075 7.41961e-006
4076 3.31875e-006
4077 5.05876e-006
4078 3.6375e-006
4079 3.31875e-006
4080 5.0058e-006
4081 5.2317e-006
4082 6.77819e-006
4083 1.04228e-005
4084 1.13328e-005
4085 1.01274e-005
4086 4.94322e-006
4087 1.85518e-005
4088 4.66148e-006
4089 1.28057e-005
4090 3e-006
4091 3.67496e-006
4092 6.89273e-006
4093 8.05003e-006
4094 5.05669e-006
4095 4.73282e-006
4096 4.36198e-006
4097 4.275e-006
4098 4.00496e-006
4099 8.94236e-006
4100 1.05959e-005
4101 3.31875e-006
4102 3e-006
4103 8.91342e-006
4104 5.33047e-006
4105 3e-006
4106 4.95424e-006
4107 3.36379e-006
4108 8.26385e-006
4109 6.68761e-006
4110 4.95761e-006
4111 3.95625e-006
4112 7.85303e-006
4113 1.51171e-005
4114 6.01501e-006
4115 3.95625e-006
4116 5.2862e-006
4117 3.31875e-006
4118 4.90339e-006
4119 3e-006
4120 8.97942e-006
4121 3.87855e-006
4122 5.40058e-006
4123 3.31875e-006
4124 4.63607e-006
4125 1.86685e-005
4126 4.3838e-006
4127 9.00627e-006
4128 3.77297e-006
4129 3.70883e-006
4130 9.30139e-006
4131 5.55575e-006
4132 5.68945e-006
4133 3.99012e-006
4134 1.19689e-005
4135 4.68073e-006
4136 4.92497e-006
4137 5.49607e-006
4138 4.05785e-006
4139 1.41395e-005
4140 1.376e-005
4141 3e-006
4142 9.52226e-006
4143 7.18241e-006
4144 1.23396e-005
4145 7.65386e-006
4146 7.94678e-006
4147 8.61734e-006
4148 4.73231e-006
4149 4.87593e-006
4150 3e-006
4151 3.31875e-006
4152 1.00333e-005
4153 4.275e-006
4154 3.94988e-006
4155 1.34717e-005
4156 3e-006
4157 4.52685e-006
4158 3.35262e-006
4159 4.275e-006
4160 3e-006
4161 3.31875e-006
4162 4.72527e-006
4163 8.81357e-006
4164 3e-006
4165 3.45782e-006
4166 4.34273e-006
4167 2.18505e-005
4168 3.95625e-006
4169 4.15234e-006
4170 3e-006
4171 1.16918e-005
4172 5.40816e-006
4173 1.1964e-005
4174 4.76668e-006
4175 5.78707e-006
4176 4.31246e-006
4177 8.6581e-006
4178 7.85414e-006
4179 1.39011e-005
4180 5.35655e-006
4181 5.37032e-006
4182 5.24013e-006
4183 4.66148e-006
4184 5.04797e-006
4185 4.72794e-006
4186 9.85406e-006
4187 5.0213e-006
4188 5.73449e-006
4189 3.6375e-006
4190 5.08184e-006
4191 7.24535e-006
4192 5.61773e-006
4193 5.13369e-006
4194 4.98383e-006
4195 4.73718e-006
4196 3.6375e-006
4197 3.31875e-006
4198 4.32807e-006
4199 4.34273e-006
4200 4.98023e-006
4201 6.01301e-006
4202 1.46178e-005
4203 3.31875e-006
4204 3.94808e-006
4205 3.31875e-006
4206 3e-006
4207 5.43435e-006
4208 8.51436e-006
4209 3e-006
4210 1.65794e-005
4211 3e-006
4212 3.31875e-006
4213 3.31875e-006
4214 4.96236e-006
4215 4.94602e-006
4216 3.67137e-006
4217 4.31246e-006
4218 3.44711e-006
4219 3e-006
4220 3e-006
4221 3e-006
4222 3.59197e-006
4223 8.02788e-006
4224 3.31875e-006
4225 6.58053e-006
4226 3.67137e-006
4227 3e-006
4228 4.85564e-006
4229 6.88493e-006
4230 4.34273e-006
4231 3.67137e-006
4232 1.2355e-005
4233 5.24851e-006
4234 4.80813e-006
4235 4.66148e-006
4236 3.9164e-006
4237 1.59377e-005
4238 4.76668e-006
4239 1.46398e-005
4240 7.83521e-006
4241 1.59921e-005
4242 1.26619e-005
4243 4.81494e-006
4244 4.66148e-006
4245 5.90595e-006
4246 6.75935e-006
4247 5.0177e-006
4248 3.31875e-006
4249 1.13718e-005
4250 4.52286e-006
4251 7.82429e-006
4252 3e-006
4253 1.87394e-005
4254 4.44434e-006
4255 8.48311e-006
4256 8.95543e-006
4257 1.1458e-005
4258 3e-006
4259 3.31875e-006
4260 3.6375e-006
4261 3e-006
4262 6.34613e-006
4263 4.41407e-006
4264 6.87815e-006
4265 3.6375e-006
4266 8.33544e-006
4267 7.61798e-006
4268 8.68132e-006
4269 5.05854e-006
4270 6.10758e-006
4271 1.32347e-005
4272 3.31875e-006
4273 4.84636e-006
4274 1.15861e-005
4275 6.5067e-006
4276 7.06603e-006
4277 6.77255e-006
4278 4.32566e-006
4279 8.34676e-006
4280 5.72149e-006
4281 1.02378e-005
4282 6.3854e-006
4283 1.45325e-005
4284 4.59375e-006
4285 9.0423e-006
4286 3e-006
4287 5.50578e-006
4288 4.45513e-006
4289 5.38635e-006
4290 3e-006
4291 9.97809e-006
4292 1.32884e-005
4293 4.62762e-006
4294 6.38844e-006
4295 4.06293e-006
4296 3.31875e-006
4297 4.78035e-006
4298 5.30341e-006
4299 4.02398e-006
4300 4.275e-006
4301 7.72959e-006
4302 1.05554e-005
4303 5.61818e-006
4304 5.95785e-006
4305 6.51517e-006
4306 4.64316e-006
4307 3e-006
4308 4.08857e-006
4309 3.95625e-006
4310 3.31875e-006
4311 4.95439e-006
4312 6.7063e-006
4313 6.75858e-006
4314 8.50643e-006
4315 9.07608e-006
4316 7.87183e-006
4317 3e-006
4318 6.18158e-006
4319 5.68547e-006
4320 5.90433e-006
4321 4.9621e-006
4322 3.67137e-006
4323 3e-006
4324 1.11373e-005
4325 4.06543e-006
4326 4.3391e-006
4327 6.03384e-006
4328 6.49866e-006
4329 4.90215e-006
4330 5.862e-006
4331 5.38753e-006
4332 4.73282e-006
4333 4.50105e-006
4334 7.0282e-006
4335 4.275e-006
4336 5.57983e-006
4337 3.31875e-006
4338 4.54266e-006
4339 3e-006
4340 8.58808e-006
4341 3.31875e-006
4342 3e-006
4343 1.02863e-005
4344 4.02758e-006
4345 5.62865e-006
4346 5.75227e-006
4347 8.94203e-006
4348 3e-006
4349 6.60557e-006
4350 1.26033e-005
4351 1.48336e-005
4352 1.17383e-005
4353 4.69535e-006
4354 1.20896e-005
4355 3.71641e-006
4356 3.35262e-006
4357 4.54285e-006
4358 6.44339e-006
4359 6.57313e-006
4360 1.38076e-005
4361 7.05863e-006
4362 9.6403e-006
4363 6.04528e-006
4364 5.65724e-006
4365 6.64608e-006
4366 3.6375e-006
4367 5.616e-006
4368 1.39112e-005
4369 1.01502e-005
4370 4.62183e-006
4371 3e-006
4372 8.2456e-006
4373 1.07461e-005
4374 4.06145e-006
4375 3e-006
4376 5.61782e-006
4377 6.24891e-006
4378 7.14541e-006
4379 3.31875e-006
4380 3e-006
4381 4.22051e-006
4382 5.47911e-006
4383 3e-006
4384 3e-006
4385 4.93913e-006
4386 1.1323e-005
4387 4.05785e-006
4388 4.69535e-006
4389 6.61168e-006
4390 3.31875e-006
4391 4.88578e-006
4392 3e-006
4393 1.08195e-005
4394 3.31875e-006
4395 8.79893e-006
4396 3.6375e-006
4397 5.16353e-006
4398 5.58923e-006
4399 9.77174e-006
4400 1.07706e-005
4401 3e-006
4402 7.07822e-006
4403 4.275e-006
4404 3.70883e-006
4405 8.51112e-006
4406 8.2235e-006
4407 3e-006
4408 5.09263e-006
4409 3.35262e-006
4410 5.47628e-006
4411 9.6429e-006
4412 3.49926e-006
4413 1.02452e-005
4414 3.31875e-006
4415 5.33285e-006
4416 1.45982e-005
4417 1.68128e-005
4418 5.51051e-006
4419 4.23875e-006
4420 3e-006
4421 5.08903e-006
4422 3.90468e-006
4423 5.59309e-006
4424 6.78942e-006
4425 1.68912e-005
4426 5.43805e-006
4427 9.95479e-006
4428 7.10801e-006
4429 3.35262e-006
4430 3.55159e-006
4431 3.71603e-006
4432 4.37415e-006
4433 6.52432e-006
4434 5.56726e-006
4435 4.66546e-006
4436 6.54148e-006
4437 1.15861e-005
4438 3.7427e-006
4439 5.12332e-006
4440 4.51567e-006
4441 3.35262e-006
4442 1.20649e-005
4443 5.0177e-006
4444 1.04305e-005
4445 4.73641e-006
4446 7.51985e-006
4447 3.67137e-006
4448 4.03516e-006
4449 4.275e-006
4450 1.0534e-005
4451 4.09532e-006
4452 7.46427e-006
4453 3.31875e-006
4454 4.20411e-006
4455 3e-006
4456 3e-006
4457 3.35621e-006
4458 3.71404e-006
4459 4.48938e-006
4460 3.31875e-006
4461 1.23737e-005
4462 3e-006
4463 4.84397e-006
4464 4.62762e-006
4465 8.9234e-006
4466 8.91772e-006
4467 8.06435e-006
4468 3e-006
4469 3.31875e-006
4470 5.55443e-006
4471 7.53106e-006
4472 5.0273e-006
4473 8.46232e-006
4474 4.06505e-006
4475 1.9792e-005
4476 4.02398e-006
4477 5.14131e-006
4478 4.06266e-006
4479 3.38648e-006
4480 3.88935e-006
4481 4.96616e-006
4482 8.50175e-006
4483 1.30191e-005
4484 5.97838e-006
4485 8.28647e-006
4486 7.06567e-006
4487 4.66508e-006
4488 5.17154e-006
4489 4.42249e-006
4490 7.93923e-006
4491 5.29898e-006
4492 1.59864e-005
4493 5.3376e-006
4494 8.91704e-006
4495 8.4193e-006
4496 6.19155e-006
4497 4.34273e-006
4498 4.08685e-006
4499 7.82023e-006
4500 3.87457e-006
4501 6.20311e-006
4502 3.95625e-006
4503 5.63055e-006
4504 4.94637e-006
4505 8.82527e-006
4506 8.43128e-006
4507 5.45325e-006
4508 5.28032e-006
4509 1.12139e-005
4510 3.99012e-006
4511 3.67137e-006
4512 4.98023e-006
4513 4.73016e-006
4514 3.75884e-006
4515 9.30438e-006
4516 3.67137e-006
4517 6.21462e-006
4518 7.039e-006
4519 1.00431e-005
4520 7.83212e-006
4521 3.6375e-006
4522 4.92849e-006
4523 5.04797e-006
4524 3.31875e-006
4525 8.27529e-006
4526 7.77703e-006
4527 5.68547e-006
4528 7.18886e-006
4529 4.60897e-006
4530 3.95625e-006
4531 3.31875e-006
4532 5.6478e-006
4533 3.7391e-006
4534 1.44064e-005
4535 8.87488e-006
4536 1.04482e-005
4537 3.6375e-006
4538 5.16036e-006
4539 8.07984e-006
4540 6.31622e-006
4541 8.37845e-006
4542 7.24423e-006
4543 3.9531e-006
4544 4.21927e-006
4545 6.22858e-006
4546 3e-006
4547 5.40146e-006
4548 3.38648e-006
4549 3.70523e-006
4550 8.53966e-006
4551 5.36672e-006
4552 4.56221e-006
4553 2.35362e-005
4554 9.01497e-006
4555 4.00174e-006
4556 4.02398e-006
4557 4.03838e-006
4558 3e-006
4559 5.16918e-006
4560 5.53017e-006
4561 4.275e-006
4562 4.17025e-006
4563 3e-006
4564 3.70523e-006
4565 3e-006
4566 1.61161e-005
4567 3.31875e-006
4568 3.99371e-006
4569 9.11131e-006
4570 7.95588e-006
4571 1.39349e-005
4572 6.35368e-006
4573 7.45009e-006
4574 7.78691e-006
4575 4.17101e-006
4576 1.18004e-005
4577 4.95761e-006
4578 4.30887e-006
4579 7.06605e-006
4580 3e-006
4581 6.75224e-006
4582 6.27103e-006
4583 7.69097e-006
4584 6.17543e-006
4585 3.31875e-006
4586 4.05508e-006
4587 5.36672e-006
4588 1.1273e-005
4589 3e-006
4590 5.57839e-006
4591 6.97203e-006
4592 6.75526e-006
4593 3.6375e-006
4594 1.47075e-005
4595 1.08037e-005
4596 3e-006
4597 9.34257e-006
4598 3e-006
4599 4.34671e-006
4600 8.30043e-006
4601 5.34445e-006
4602 5.23246e-006
4603 3.95625e-006
4604 3e-006
4605 3.49528e-006
4606 9.69359e-006
4607 3e-006
4608 4.60139e-006
4609 4.2978e-006
4610 1.37099e-005
4611 1.06726e-005
4612 4.09891e-006
4613 6.64675e-006
4614 3e-006
4615 3.6375e-006
4616 6.25883e-006
4617 1.61846e-005
4618 5.66606e-006
4619 8.50753e-006
4620 9.80347e-006
4621 3.42395e-006
4622 3e-006
4623 7.28026e-006
4624 4.31246e-006
4625 3.42035e-006
4626 3.31875e-006
4627 7.12314e-006
4628 5.21222e-006
4629 3.70523e-006
4630 3e-006
4631 4.24671e-006
4632 4.41407e-006
4633 3.31875e-006
4634 5.26512e-006
4635 1.18155e-005
4636 8.36152e-006
4637 4.31651e-006
4638 3e-006
4639 7.00513e-006
4640 5.08941e-006
4641 3.31875e-006
4642 3e-006
4643 3e-006
4644 3.45422e-006
4645 3e-006
4646 1.08348e-005
4647 5.457e-006
4648 2.3717e-005
4649 3.31875e-006
4650 6.43896e-006
4651 3e-006
4652 3.67137e-006
4653 7.04244e-006
4654 3.6375e-006
4655 1.32927e-005
4656 7.61877e-006
4657 3.31875e-006
4658 3.70921e-006
4659 8.28096e-006
4660 7.21591e-006
4661 4.30887e-006
4662 3.35262e-006
4663 1.02983e-005
4664 7.1406e-006
4665 5.1265e-006
4666 5.61818e-006
4667 3e-006
4668 7.92202e-006
4669 4.05785e-006
4670 3.31875e-006
4671 1.5973e-005
4672 5.22128e-006
4673 4.18526e-006
4674 4.55826e-006
4675 7.1495e-006
4676 4.83442e-006
4677 5.04301e-006
4678 3.71243e-006
4679 5.58584e-006
4680 3.6375e-006
4681 3e-006
4682 1.00225e-005
4683 7.37778e-006
4684 6.2139e-006
4685 3.74308e-006
4686 5.47552e-006
4687 7.1816e-006
4688 3e-006
4689 6.11302e-006
4690 1.64588e-005
4691 1.19336e-005
4692 5.67081e-006
4693 4.7938e-006
4694 4.03614e-006
4695 4.76668e-006
4696 5.13408e-006
4697 4.72922e-006
4698 3.31875e-006
4699 5.71933e-006
4700 3e-006
4701 3e-006
4702 1.10814e-005
4703 9.31688e-006
4704 3.67137e-006
4705 5.40418e-006
4706 3e-006
4707 1.89048e-005
4708 7.31308e-006
4709 1.06123e-005
4710 5.90262e-006
4711 5.7167e-006
4712 4.06145e-006
4713 6.38755e-006
4714 1.03581e-005
4715 1.33271e-005
4716 3e-006
4717 2.51564e-005
4718 9.97747e-006
4719 5.46198e-006
4720 1.34937e-005
4721 3e-006
4722 5.6516e-006
4723 9.45957e-006
4724 6.18075e-006
4725 4.275e-006
4726 5.78752e-006
4727 3.31875e-006
4728 3.67137e-006
4729 3.67137e-006
4730 5.15125e-006
4731 7.7781e-006
4732 4.77066e-006
4733 7.34869e-006
4734 5.58282e-006
4735 8.25119e-006
4736 7.32273e-006
4737 3.95625e-006
4738 1.54522e-005
4739 3e-006
4740 6.24172e-006
4741 3e-006
4742 3e-006
4743 5.02074e-006
4744 3.35262e-006
4745 7.55212e-006
4746 6.2916e-006
4747 6.29157e-006
4748 4.06145e-006
4749 3e-006
4750 4.31088e-006
4751 1.83249e-005
4752 3e-006
4753 5.56027e-006
4754 5.72266e-006
4755 4.51969e-006
4756 1.06584e-005
4757 3.75349e-006
4758 3e-006
4759 3.70883e-006
4760 1.15845e-005
4761 3e-006
4762 4.50892e-006
4763 6.68725e-006
4764 5.66222e-006
4765 4.87908e-006
4766 4.07699e-006
4767 3.67137e-006
4768 4.12918e-006
4769 4.3766e-006
4770 3.31875e-006
4771 8.01877e-006
4772 1.05211e-005
4773 4.34006e-006
4774 6.48041e-006
4775 3e-006
4776 8.22957e-006
4777 3e-006
4778 4.02398e-006
4779 4.45153e-006
4780 6.75431e-006
4781 1.02624e-005
4782 3.38648e-006
4783 3.79571e-006
4784 4.45513e-006
4785 5.66882e-006
4786 5.93419e-006
4787 5.8656e-006
4788 3.31875e-006
4789 5.84291e-006
4790 3.42755e-006
4791 4.84353e-006
4792 6.4051e-006
4793 3.31875e-006
4794 5.1193e-006
4795 4.15675e-006
4796 3.35262e-006
4797 7.49698e-006
4798 5.62178e-006
4799 7.96227e-006
4800 5.0141e-006
4801 9.56699e-006
4802 3.45422e-006
4803 4.73641e-006
4804 6.2927e-006
4805 3.90018e-006
4806 3.31875e-006
4807 4.41047e-006
4808 7.58697e-006
4809 6.43573e-006
4810 5.32945e-006
4811 3.71243e-006
4812 1.92256e-005
4813 6.63535e-006
4814 8.81468e-006
4815 3.70523e-006
4816 4.0993e-006
4817 3e-006
4818 4.41407e-006
4819 4.66964e-006
4820 4.35834e-006
4821 9.32023e-006
4822 6.64172e-006
4823 5.97334e-006
4824 9.27188e-006
4825 8.83356e-006
4826 3.67137e-006
4827 4.51927e-006
4828 6.08481e-006
4829 3e-006
4830 3.6375e-006
4831 8.08773e-006
4832 1.10706e-005
4833 4.275e-006
4834 7.30688e-006
4835 8.02481e-006
4836 3.95625e-006
4837 1.43976e-005
4838 9.04628e-006
4839 4.6352e-006
4840 7.91357e-006
4841 3e-006
4842 5.40058e-006
4843 6.13969e-006
4844 4.3766e-006
4845 8.11847e-006
4846 6.5975e-006
4847 1.18829e-005
4848 3.95625e-006
4849 9.1294e-006
4850 7.37982e-006
4851 6.86129e-006
4852 4.34273e-006
4853 4.12724e-006
4854 6.40015e-006
4855 5.05876e-006
4856 4.14036e-006
4857 3.39406e-006
4858 3.73194e-006
4859 9.62446e-006
4860 7.22387e-006
4861 4.34273e-006
4862 3e-006
4863 3.67137e-006
4864 5.33746e-006
4865 7.72309e-006
4866 4.44434e-006
4867 7.26251e-006
4868 4.80055e-006
4869 3.67137e-006
4870 1.05847e-005
4871 8.21229e-006
4872 8.37106e-006
4873 7.82314e-006
4874 7.11895e-006
4875 4.65118e-006
4876 9.45917e-006
4877 4.70255e-006
4878 1.03675e-005
4879 1.47779e-005
4880 3.74308e-006
4881 4.80415e-006
4882 3.31875e-006
4883 3e-006
4884 6.93986e-006
4885 4.36111e-006
4886 4.3802e-006
4887 3e-006
4888 3.6375e-006
4889 4.32167e-006
4890 6.02533e-006
4891 4.87908e-006
4892 7.57195e-006
4893 7.17496e-006
4894 7.19139e-006
4895 9.99628e-006
4896 3e-006
4897 1.9395e-005
4898 3e-006
4899 4.81216e-006
4900 1.10183e-005
4901 4.23481e-006
4902 3.67496e-006
4903 6.8603e-006
4904 9.94056e-006
4905 3e-006
4906 3.67856e-006
4907 3.67137e-006
4908 6.14443e-006
4909 6.8115e-006
4910 6.78434e-006
4911 3.6375e-006
4912 4.275e-006
4913 5.42331e-006
4914 3.6375e-006
4915 6.80577e-006
4916 3.6375e-006
4917 5.48669e-006
4918 6.06044e-006
4919 6.99793e-006
4920 4.09532e-006
4921 6.99433e-006
4922 4.03876e-006
4923 3.99012e-006
4924 5.39109e-006
4925 1.39078e-005
4926 3e-006
4927 5.09975e-006
4928 3.6375e-006
4929 3.31875e-006
4930 5.69143e-006
4931 8.93407e-006
4932 5.31497e-006
4933 3.78415e-006
4934 7.50206e-006
4935 9.09101e-006
4936 3.99012e-006
4937 4.13127e-006
4938 3.95625e-006
4939 4.98023e-006
4940 3e-006
4941 4.43012e-006
4942 6.35683e-006
4943 4.70331e-006
4944 3e-006
4945 3.6375e-006
4946 4.57116e-006
4947 6.11717e-006
4948 9.71727e-006
4949 3.3566e-006
4950 6.39828e-006
4951 5.58387e-006
4952 3.79693e-006
4953 3.7427e-006
4954 3.40126e-006
4955 3.99012e-006
4956 4.98383e-006
4957 3.45159e-006
4958 5.91507e-006
4959 6.39828e-006
4960 5.13446e-006
4961 3.8479e-006
4962 3.6375e-006
4963 4.275e-006
4964 3.6375e-006
4965 3e-006
4966 4.02398e-006
4967 5.29898e-006
4968 3e-006
4969 3.6375e-006
4970 5.02785e-006
4971 7.38525e-006
4972 3.38648e-006
4973 3.6375e-006
4974 4.98596e-006
4975 9.5804e-006
4976 6.9737e-006
4977 3e-006
4978 7.99165e-006
4979 3.31875e-006
4980 9.50777e-006
4981 1.12792e-005
4982 3e-006
4983 4.97074e-006
4984 8.7611e-006
4985 3.31875e-006
4986 4.30887e-006
4987 4.34633e-006
4988 4.63936e-006
4989 3.78774e-006
4990 3.79287e-006
4991 3e-006
4992 3.31875e-006
4993 3.6375e-006
4994 4.69895e-006
4995 3e-006
4996 6.27516e-006
4997 7.46333e-006
4998 3.95625e-006
4999 3e-006
5000 3.6375e-006
5001 5.79786e-006
5002 3.31875e-006
5003 1.1496e-005
5004 3e-006
5005 6.71282e-006
5006 6.61628e-006
5007 4.05785e-006
5008 4.53006e-006
5009 8.26618e-006
5010 5.48271e-006
5011 4.02398e-006
5012 1.89913e-005
5013 3.31875e-006
5014 4.72922e-006
5015 3.35262e-006
5016 5.80699e-006
5017 4.3766e-006
5018 3.31875e-006
5019 1.88907e-005
5020 3e-006
5021 4.66868e-006
5022 7.63948e-006
5023 3e-006
5024 7.38846e-006
5025 5.33285e-006
5026 4.34633e-006
5027 5.16036e-006
5028 7.04519e-006
5029 5.08184e-006
5030 3e-006
5031 3.31875e-006
5032 9.8428e-006
5033 3.6375e-006
5034 3.39008e-006
5035 5.5685e-006
5036 6.56364e-006
5037 3.7499e-006
5038 8.76814e-006
5039 4.60098e-006
5040 6.66695e-006
5041 3.95518e-006
5042 4.87908e-006
5043 3.6375e-006
5044 4.03554e-006
5045 4.33287e-006
5046 2.07633e-005
5047 4.94637e-006
5048 7.1343e-006
5049 6.76169e-006
5050 8.15106e-006
5051 6.65251e-006
5052 3.31875e-006
5053 4.17506e-006
5054 5.40778e-006
5055 4.70974e-006
5056 5.06715e-006
5057 5.62661e-006
5058 7.9041e-006
5059 5.26512e-006
5060 5.26118e-006
5061 4.45191e-006
5062 3e-006
5063 3.99012e-006
5064 4.68497e-006
5065 5.34365e-006
5066 1.13517e-005
5067 4.41047e-006
5068 7.68962e-006
5069 4.00404e-006
5070 5.56243e-006
5071 4.275e-006
5072 4.55857e-006
5073 5.80946e-006
5074 4.09172e-006
5075 8.77543e-006
5076 4.83802e-006
5077 3e-006
5078 4.42486e-006
5079 5.87999e-006
5080 4.30887e-006
5081 5.04644e-006
5082 5.24235e-006
5083 7.137e-006
5084 6.81105e-006
5085 5.58074e-006
5086 3.31875e-006
5087 6.9956e-006
5088 8.15311e-006
5089 8.67104e-006
5090 4.77388e-006
5091 3.31875e-006
5092 3.67137e-006
5093 3e-006
5094 5.43863e-006
5095 9.84123e-006
5096 5.19461e-006
5097 3e-006
5098 9.12226e-006
5099 4.40534e-006
5100 3.93401e-006
5101 6.33265e-006
5102 7.99684e-006
5103 7.93843e-006
5104 3.6375e-006
5105 3.35262e-006
5106 1.23066e-005
5107 3.67137e-006
5108 3.31875e-006
5109 5.48714e-006
5110 7.21314e-006
5111 3e-006
5112 6.9494e-006
5113 4.10694e-006
5114 7.25698e-006
5115 1.11513e-005
5116 3e-006
5117 4.02758e-006
5118 6.30674e-006
5119 3.67971e-006
5120 4.34273e-006
5121 3.95625e-006
5122 3.35262e-006
5123 4.74399e-006
5124 4.275e-006
5125 1.51581e-005
5126 3.31875e-006
5127 3.6375e-006
5128 4.66508e-006
5129 6.22525e-006
5130 5.42426e-006
5131 4.09172e-006
5132 1.16309e-005
5133 6.63368e-006
5134 3e-006
5135 4.29852e-006
5136 3e-006
5137 4.15913e-006
5138 5.2245e-006
5139 3e-006
5140 4.34273e-006
5141 9.79954e-006
5142 3.31875e-006
5143 5.56201e-006
5144 3.67137e-006
5145 4.31246e-006
5146 7.35491e-006
5147 3.70523e-006
5148 4.91258e-006
5149 4.70691e-006
5150 7.38802e-006
5151 3.95625e-006
5152 4.30887e-006
5153 4.02398e-006
5154 4.63121e-006
5155 9.59898e-006
5156 3.31875e-006
5157 1.6135e-005
5158 3.4116e-006
5159 3e-006
5160 3e-006
5161 4.19018e-006
5162 3.42035e-006
5163 9.3639e-006
5164 3.74312e-006
5165 4.45513e-006
5166 3e-006
5167 4.17423e-006
5168 7.07286e-006
5169 6.70441e-006
5170 5.32589e-006
5171 4.41407e-006
5172 3e-006
5173 5.0141e-006
5174 1.08812e-005
5175 3.70883e-006
5176 3.8407e-006
5177 4.35987e-006
5178 4.73282e-006
5179 1.02721e-005
5180 6.04022e-006
5181 3.5303e-006
5182 5.56965e-006
5183 4.80813e-006
5184 7.35506e-006
5185 5.45274e-006
5186 3.81043e-006
5187 5.8793e-006
5188 6.28955e-006
5189 1.0825e-005
5190 4.42846e-006
5191 6.6987e-006
5192 3e-006
5193 7.20959e-006
5194 4.07224e-006
5195 4.19645e-006
5196 3.31875e-006
5197 4.16305e-006
5198 4.70174e-006
5199 3.6375e-006
5200 6.79758e-006
5201 3.7463e-006
5202 4.54954e-006
5203 6.31707e-006
5204 4.4145e-006
5205 3.31875e-006
5206 1.13537e-005
5207 4.41407e-006
5208 2.03277e-005
5209 5.04725e-006
5210 4.34273e-006
5211 3.42035e-006
5212 4.41047e-006
5213 4.3766e-006
5214 3.35262e-006
5215 5.66414e-006
5216 5.51026e-006
5217 8.10015e-006
5218 5.82465e-006
5219 3e-006
5220 4.59073e-006
5221 4.35555e-006
5222 3.31875e-006
5223 7.24895e-006
5224 4.66508e-006
5225 3.6375e-006
5226 4.76309e-006
5227 3e-006
5228 5.38592e-006
5229 6.97569e-006
5230 4.42248e-006
5231 3.67137e-006
5232 4.94637e-006
5233 3.31875e-006
5234 3e-006
5235 3.35262e-006
5236 5.1309e-006
5237 4.13278e-006
5238 4.19692e-006
5239 6.20118e-006
5240 5.24702e-006
5241 4.73641e-006
5242 6.45844e-006
5243 8.62712e-006
5244 4.73282e-006
5245 1.15028e-005
5246 3e-006
5247 3.31875e-006
5248 8.76381e-006
5249 6.54056e-006
5250 5.11222e-006
5251 3e-006
5252 3.74706e-006
5253 4.62762e-006
5254 8.40813e-006
5255 4.587e-006
5256 3.35262e-006
5257 6.88603e-006
5258 5.50983e-006
5259 5.94368e-006
5260 6.67443e-006
5261 3e-006
5262 4.98023e-006
5263 8.12508e-006
5264 4.62762e-006
5265 3e-006
5266 7.33751e-006
5267 6.07555e-006
5268 3e-006
5269 3.31875e-006
5270 6.44692e-006
5271 8.00327e-006
5272 5.55e-006
5273 8.50877e-006
5274 3e-006
5275 8.49725e-006
5276 3.6375e-006
5277 7.90997e-006
5278 4.09172e-006
5279 3e-006
5280 3e-006
5281 4.44434e-006
5282 3e-006
5283 1.02779e-005
5284 4.32023e-006
5285 4.63121e-006
5286 3.99731e-006
5287 8.18404e-006
5288 3e-006
5289 4.63121e-006
5290 9.1723e-006
5291 4.3766e-006
5292 5.65596e-006
5293 4.4926e-006
5294 3.46141e-006
5295 6.1098e-006
5296 3.42793e-006
5297 9.79138e-006
5298 4.10103e-006
5299 8.26509e-006
5300 4.02398e-006
5301 3.90313e-006
5302 7.69957e-006
5303 3.38648e-006
5304 5.5096e-006
5305 1.31217e-005
5306 3e-006
5307 9.0878e-006
5308 3.6375e-006
5309 9.5547e-006
5310 1.15446e-005
5311 3.31875e-006
5312 8.20217e-006
5313 4.41047e-006
5314 3.31875e-006
5315 7.97509e-006
5316 7.24876e-006
5317 3.46578e-006
5318 1.14007e-005
5319 5.28949e-006
5320 4.3802e-006
5321 4.20098e-006
5322 1.47455e-005
5323 6.11625e-006
5324 3.6375e-006
5325 3e-006
5326 4.25407e-006
5327 3.6375e-006
5328 4.34633e-006
5329 4.34273e-006
5330 4.62762e-006
5331 7.67931e-006
5332 3e-006
5333 3e-006
5334 9.72442e-006
5335 4.34993e-006
5336 4.42209e-006
5337 4.67765e-006
5338 3.95625e-006
5339 4.24878e-006
5340 4.69535e-006
5341 3e-006
5342 5.50938e-006
5343 3.31875e-006
5344 5.57145e-006
5345 7.1287e-006
5346 4.30887e-006
5347 4.62777e-006
5348 1.016e-005
5349 3.99012e-006
5350 9.88512e-006
5351 5.15592e-006
5352 3.94129e-006
5353 3e-006
5354 3e-006
5355 1.09317e-005
5356 5.23208e-006
5357 1.2473e-005
5358 4.81935e-006
5359 3e-006
5360 1.14757e-005
5361 3.83995e-006
5362 9.65971e-006
5363 5.52018e-006
5364 3.6375e-006
5365 6.16172e-006
5366 8.17057e-006
5367 3e-006
5368 7.92589e-006
5369 3.6375e-006
5370 3e-006
5371 3.31875e-006
5372 1.17858e-005
5373 1.06361e-005
5374 6.73202e-006
5375 3e-006
5376 3.6375e-006
5377 5.65565e-006
5378 4.41766e-006
5379 1.01192e-005
5380 6.66774e-006
5381 3e-006
5382 4.94637e-006
5383 5.05516e-006
5384 1.40481e-005
5385 3.94159e-006
5386 3.35262e-006
5387 3e-006
5388 4.76309e-006
5389 5.99531e-006
5390 5.7604e-006
5391 5.29898e-006
5392 4.05602e-006
5393 9.65086e-006
5394 3e-006
5395 3.31875e-006
5396 3.42395e-006
5397 3.70523e-006
5398 3.6375e-006
5399 3.51404e-006
5400 7.79287e-006
5401 5.09661e-006
5402 3.78093e-006
5403 3.3566e-006
5404 7.54866e-006
5405 3e-006
5406 4.69535e-006
5407 3.77184e-006
5408 3.31875e-006
5409 6.9302e-006
5410 6.80473e-006
5411 3.48809e-006
5412 5.85923e-006
5413 3e-006
5414 3.35262e-006
5415 5.30258e-006
5416 1.53815e-005
5417 3.67137e-006
5418 3.99846e-006
5419 9.17592e-006
5420 4.275e-006
5421 1.11045e-005
5422 4.02398e-006
5423 1.48211e-005
5424 6.63035e-006
5425 4.4361e-006
5426 6.8927e-006
5427 1.06594e-005
5428 7.18166e-006
5429 1.54018e-005
5430 9.15481e-006
5431 3.99012e-006
5432 3.6375e-006
5433 4.02398e-006
5434 3e-006
5435 6.46682e-006
5436 3.31875e-006
5437 3e-006
5438 7.2375e-006
5439 4.4854e-006
5440 3e-006
5441 6.2927e-006
5442 4.97348e-006
5443 3.9567e-006
5444 1.88548e-005
5445 4.16305e-006
5446 3.7391e-006
5447 3.95625e-006
5448 3.35262e-006
5449 1.11903e-005
5450 6.1783e-006
5451 3e-006
5452 1.15739e-005
5453 5.7297e-006
5454 6.95902e-006
5455 4.95356e-006
5456 4.14438e-006
5457 5.56992e-006
5458 3.67137e-006
5459 9.94669e-006
5460 5.37032e-006
5461 3.35262e-006
5462 7.45284e-006
5463 4.79572e-006
5464 5.48348e-006
5465 3.99012e-006
5466 4.03118e-006
5467 8.02415e-006
5468 1.093e-005
5469 3.67137e-006
5470 1.07164e-005
5471 6.03808e-006
5472 4.60251e-006
5473 7.60638e-006
5474 8.6423e-006
5475 5.9672e-006
5476 3e-006
5477 3e-006
5478 1.14031e-005
5479 4.23836e-006
5480 4.84161e-006
5481 3.35262e-006
5482 6.74259e-006
5483 6.10582e-006
5484 4.50197e-006
5485 3e-006
5486 5.25409e-006
5487 4.31246e-006
5488 5.12819e-006
5489 3e-006
5490 4.69535e-006
5491 6.27203e-006
5492 4.11407e-006
5493 3.38648e-006
5494 4.59375e-006
5495 4.275e-006
5496 5.82072e-006
5497 3.31875e-006
5498 3e-006
5499 4.83442e-006
5500 5.93648e-006
5501 6.46338e-006
5502 4.34633e-006
5503 7.15322e-006
5504 4.62762e-006
5505 6.90436e-006
5506 3e-006
5507 3e-006
5508 3.99012e-006
5509 8.69947e-006
5510 8.2052e-006
5511 7.34401e-006
5512 6.61865e-006
5513 4.98383e-006
5514 3.39008e-006
5515 3.31875e-006
5516 4.3766e-006
5517 7.23788e-006
5518 4.82026e-006
5519 4.17025e-006
5520 3.99371e-006
5521 4.55433e-006
5522 4.20366e-006
5523 3.40126e-006
5524 3.35262e-006
5525 7.64676e-006
5526 8.60009e-006
5527 8.18283e-006
5528 7.02946e-006
5529 5.95486e-006
5530 1.3176e-005
5531 3.6375e-006
5532 3.6375e-006
5533 5.02168e-006
5534 5.05157e-006
5535 7.33125e-006
5536 5.36672e-006
5537 3.99012e-006
5538 9.66384e-006
5539 3.95625e-006
5540 8.73974e-006
5541 3.95625e-006
5542 5.71814e-006
5543 4.56753e-006
5544 5.52094e-006
5545 3.8479e-006
5546 4.25314e-006
5547 4.99336e-006
5548 4.49619e-006
5549 3.31875e-006
5550 5.46843e-006
5551 6.26771e-006
5552 4.05785e-006
5553 1.75683e-005
5554 3.6375e-006
5555 3e-006
5556 8.72867e-006
5557 4.80813e-006
5558 6.28235e-006
5559 3.35262e-006
5560 6.66294e-006
5561 5.14608e-006
5562 3.31875e-006
5563 3e-006
5564 3.31875e-006
5565 6.48121e-006
5566 5.31827e-006
5567 3.89294e-006
5568 5.48708e-006
5569 5.51734e-006
5570 1.76772e-005
5571 3.9495e-006
5572 3.8443e-006
5573 7.75795e-006
5574 6.57283e-006
5575 7.32954e-006
5576 3.67137e-006
5577 3.6375e-006
5578 7.00719e-006
5579 1.27974e-005
5580 3.31875e-006
5581 3.67137e-006
5582 7.71971e-006
5583 9.13342e-006
5584 5.42975e-006
5585 7.22675e-006
5586 3.99012e-006
5587 3.31875e-006
5588 7.7709e-006
5589 3.31875e-006
5590 3e-006
5591 1.24136e-005
5592 4.35874e-006
5593 3.39445e-006
5594 3.31875e-006
5595 4.02398e-006
5596 5.33813e-006
5597 3.95625e-006
5598 3.31875e-006
5599 3e-006
5600 3e-006
5601 5.51463e-006
5602 4.52286e-006
5603 6.25247e-006
5604 5.29898e-006
5605 3.78886e-006
5606 3e-006
5607 3.49207e-006
5608 5.1193e-006
5609 3e-006
5610 3.77657e-006
5611 1.02964e-005
5612 3.70883e-006
5613 4.35353e-006
5614 3e-006
5615 4.34273e-006
5616 6.04926e-006
5617 4.78108e-006
5618 7.98226e-006
5619 4.72922e-006
5620 3e-006
5621 5.40915e-006
5622 3.31875e-006
5623 4.07061e-006
5624 3.6375e-006
5625 3.95625e-006
5626 4.3766e-006
5627 3e-006
5628 3.74308e-006
5629 7.98946e-006
5630 1.60113e-005
5631 6.07915e-006
5632 7.89611e-006
5633 1.20322e-005
5634 5.05157e-006
5635 7.86192e-006
5636 3.67137e-006
5637 4.15945e-006
5638 3.95625e-006
5639 1.05405e-005
5640 3.87457e-006
5641 5.53358e-006
5642 4.20411e-006
5643 3.31875e-006
5644 4.3802e-006
5645 4.3766e-006
5646 3e-006
5647 3.67137e-006
5648 3.36024e-006
5649 4.77028e-006
5650 7.84943e-006
5651 3.6375e-006
5652 3e-006
5653 3e-006
5654 8.67866e-006
5655 3.67137e-006
5656 5.16794e-006
5657 4.35353e-006
5658 4.275e-006
5659 4.56914e-006
5660 6.32297e-006
5661 4.30887e-006
5662 4.23798e-006
5663 6.57083e-006
5664 4.19332e-006
5665 3.78774e-006
5666 4.06505e-006
5667 3.95625e-006
5668 6.42132e-006
5669 5.98634e-006
5670 4.76309e-006
5671 4.66868e-006
5672 3.35262e-006
5673 7.21039e-006
5674 6.10942e-006
5675 4.41407e-006
5676 1.06501e-005
5677 3.35262e-006
5678 4.69535e-006
5679 3.31875e-006
5680 7.88261e-006
5681 3.6375e-006
5682 7.97191e-006
5683 6.33472e-006
5684 4.275e-006
5685 9.89855e-006
5686 3.95625e-006
5687 4.47832e-006
5688 4.62762e-006
5689 3.95625e-006
5690 4.91655e-006
5691 3.6375e-006
5692 5.82813e-006
5693 1.10908e-005
5694 7.0759e-006
5695 4.5906e-006
5696 7.74622e-006
5697 4.275e-006
5698 3.31875e-006
5699 3.31875e-006
5700 3.35262e-006
5701 9.38862e-006
5702 3e-006
5703 7.88747e-006
5704 3e-006
5705 3.95625e-006
5706 3.6375e-006
5707 5.6516e-006
5708 5.26512e-006
5709 4.90215e-006
5710 6.18435e-006
5711 5.05876e-006
5712 3.31875e-006
5713 5.43445e-006
5714 4.98187e-006
5715 5.68547e-006
5716 3.31875e-006
5717 3.31875e-006
5718 3.92999e-006
5719 4.57151e-006
5720 3e-006
5721 3.31875e-006
5722 9.28444e-006
5723 6.22901e-006
5724 3.31875e-006
5725 3.31875e-006
5726 5.25888e-006
5727 4.70291e-006
5728 3.31875e-006
5729 4.57561e-006
5730 4.4567e-006
5731 4.275e-006
5732 3.91204e-006
5733 4.98383e-006
5734 4.14794e-006
5735 3e-006
5736 4.80813e-006
5737 4.275e-006
5738 3e-006
5739 4.2978e-006
5740 5.23331e-006
5741 4.34273e-006
5742 9.03385e-006
5743 6.5966e-006
5744 3.31875e-006
5745 6.26775e-006
5746 3.31875e-006
5747 4.76668e-006
5748 3.69813e-006
5749 3.31875e-006
5750 3e-006
5751 3.99012e-006
5752 5.80866e-006
5753 4.99103e-006
5754 4.69535e-006
5755 4.59319e-006
5756 3.31875e-006
5757 7.306e-006
5758 4.34633e-006
5759 3e-006
5760 4.62762e-006
5761 4.05785e-006
5762 7.38644e-006
5763 6.68436e-006
5764 3e-006
5765 3.6375e-006
5766 5.32336e-006
5767 4.74453e-006
5768 3.6375e-006
5769 7.1334e-006
5770 3e-006
5771 9.09859e-006
5772 7.14396e-006
5773 5.95967e-006
5774 7.83118e-006
5775 4.69535e-006
5776 4.41889e-006
5777 3e-006
5778 6.92463e-006
5779 6.04251e-006
5780 3e-006
5781 1.11631e-005
5782 3.95625e-006
5783 3.31875e-006
5784 7.93876e-006
5785 5.14885e-006
5786 4.08074e-006
5787 3e-006
5788 3.44232e-006
5789 3.31875e-006
5790 5.47552e-006
5791 5.27637e-006
5792 3e-006
5793 3.48809e-006
5794 5.69028e-006
5795 9.53538e-006
5796 3.3602e-006
5797 4.62762e-006
5798 1.01476e-005
5799 4.56791e-006
5800 5.06536e-006
5801 5.25162e-006
5802 3e-006
5803 3.31875e-006
5804 3e-006
5805 3.67137e-006
5806 8.34739e-006
5807 4.94637e-006
5808 3.6375e-006
5809 5.02168e-006
5810 4.62762e-006
5811 7.19769e-006
5812 4.67779e-006
5813 5.6532e-006
5814 4.3838e-006
5815 6.22541e-006
5816 3e-006
5817 5.14957e-006
5818 4.42486e-006
5819 7.4441e-006
5820 3e-006
5821 1.11406e-005
5822 4.30887e-006
5823 6.92353e-006
5824 9.5536e-006
5825 5.09983e-006
5826 7.57258e-006
5827 3e-006
5828 5.57331e-006
5829 3e-006
5830 3.70523e-006
5831 6.9266e-006
5832 9.11854e-006
5833 6.00422e-006
5834 6.23721e-006
5835 3e-006
5836 4.06505e-006
5837 3.42035e-006
5838 3.6375e-006
5839 8.99022e-006
5840 3e-006
5841 8.78398e-006
5842 1.53372e-005
5843 1.03731e-005
5844 5.33285e-006
5845 1.13453e-005
5846 3e-006
5847 3e-006
5848 6.82659e-006
5849 6.90777e-006
5850 1.02059e-005
5851 3e-006
5852 3.6375e-006
5853 3e-006
5854 1.43916e-005
5855 3.39008e-006
5856 3e-006
5857 3.35981e-006
5858 3.78774e-006
5859 5.70985e-006
5860 1.65748e-005
5861 3e-006
5862 6.1582e-006
5863 3.99012e-006
5864 3.67137e-006
5865 4.09172e-006
5866 7.35039e-006
5867 7.35138e-006
5868 4.06505e-006
5869 4.48938e-006
5870 5.5883e-006
5871 3.67137e-006
5872 1.02765e-005
5873 7.91475e-006
5874 7.79759e-006
5875 4.34273e-006
5876 3e-006
5877 3.31875e-006
5878 5.0141e-006
5879 8.43867e-006
5880 3.95625e-006
5881 5.04925e-006
5882 4.69895e-006
5883 3e-006
5884 3.7391e-006
5885 1.15686e-005
5886 3e-006
5887 6.81358e-006
5888 5.79143e-006
5889 7.58758e-006
5890 3.7427e-006
5891 5.08543e-006
5892 3.67137e-006
5893 3.7427e-006
5894 5.96758e-006
5895 3e-006
5896 1.0075e-005
5897 3e-006
5898 7.35415e-006
5899 5.05157e-006
5900 4.62447e-006
5901 5.02168e-006
5902 7.23755e-006
5903 4.99132e-006
5904 3.88177e-006
5905 4.41047e-006
5906 5.50655e-006
5907 4.9125e-006
5908 4.99645e-006
5909 1.47747e-005
5910 7.23318e-006
5911 3e-006
5912 4.88086e-006
5913 4.45551e-006
5914 5.26512e-006
5915 6.24129e-006
5916 4.59375e-006
5917 3e-006
5918 4.17063e-006
5919 4.9472e-006
5920 6.06449e-006
5921 5.92978e-006
5922 5.14373e-006
5923 3.45422e-006
5924 9.03886e-006
5925 3e-006
5926 3.35262e-006
5927 9.96682e-006
5928 4.84521e-006
5929 3e-006
5930 6.0744e-006
5931 3e-006
5932 4.69535e-006
5933 6.10596e-006
5934 3.35262e-006
5935 7.29964e-006
5936 4.01216e-006
5937 5.89236e-006
5938 3.7391e-006
5939 5.43805e-006
5940 6.2891e-006
5941 7.11116e-006
5942 3e-006
5943 5.22581e-006
5944 5.28864e-006
5945 5.44961e-006
5946 3.87817e-006
5947 3e-006
5948 3e-006
5949 3e-006
5950 3.31875e-006
5951 6.97695e-006
5952 5.58872e-006
5953 5.37391e-006
5954 4.05032e-006
5955 6.33461e-006
5956 3e-006
5957 9.95598e-006
5958 3e-006
5959 4.76668e-006
5960 3e-006
5961 4.14078e-006
5962 7.60201e-006
5963 3.31875e-006
5964 5.04627e-006
5965 4.66508e-006
5966 8.60825e-006
5967 7.05752e-006
5968 3.31875e-006
5969 7.31308e-006
5970 3.31875e-006
5971 5.63948e-006
5972 4.31323e-006
5973 3.35262e-006
5974 6.10519e-006
5975 5.894e-006
5976 4.97708e-006
5977 4.02758e-006
5978 3e-006
5979 5.1193e-006
5980 3.74668e-006
5981 1.25252e-005
5982 3e-006
5983 3.31875e-006
5984 4.41766e-006
5985 3.31875e-006
5986 4.02758e-006
5987 3e-006
5988 7.90221e-006
5989 3e-006
5990 5.34005e-006
5991 5.20624e-006
5992 5.8656e-006
5993 3e-006
5994 1.12762e-005
5995 4.34273e-006
5996 3.7391e-006
5997 1.13868e-005
5998 3.70523e-006
5999 4.76309e-006
6000 6.24129e-006
6001 3.31875e-006
6002 3.31875e-006
6003 5.05157e-006
6004 4.94637e-006
6005 4.21169e-006
6006 8.73002e-006
6007 3.6375e-006
6008 3e-006
6009 5.0141e-006
6010 3e-006
6011 3.42035e-006
6012 4.4818e-006
6013 6.19514e-006
6014 4.06145e-006
6015 4.26825e-006
6016 7.65189e-006
6017 3.42755e-006
6018 1.22973e-005
6019 3e-006
6020 6.05519e-006
6021 7.07086e-006
6022 4.94322e-006
6023 1.14325e-005
6024 3e-006
6025 4.10328e-006
6026 3.35262e-006
6027 4.41047e-006
6028 4.66508e-006
6029 3.6375e-006
6030 4.23888e-006
6031 6.07676e-006
6032 3.67895e-006
6033 3.43115e-006
6034 7.41469e-006
6035 3.84718e-006
6036 4.34273e-006
6037 3.95625e-006
6038 3.35262e-006
6039 3.6375e-006
6040 4.09172e-006
6041 3e-006
6042 4.76309e-006
6043 1.41409e-005
6044 3.31875e-006
6045 3.31875e-006
6046 4.44434e-006
6047 5.50938e-006
6048 7.58924e-006
6049 3.38648e-006
6050 3.70523e-006
6051 3.77297e-006
6052 3.99012e-006
6053 5.50681e-006
6054 5.75725e-006
6055 4.9125e-006
6056 5.50938e-006
6057 3.31875e-006
6058 4.3766e-006
6059 3e-006
6060 3.31875e-006
6061 3.38648e-006
6062 3.74668e-006
6063 4.02398e-006
6064 3.67137e-006
6065 4.23409e-006
6066 3.6375e-006
6067 3.31875e-006
6068 3.95625e-006
6069 4.4854e-006
6070 3.93692e-006
6071 5.0177e-006
6072 3e-006
6073 1.13079e-005
6074 4.28341e-006
6075 3.95625e-006
6076 5.78707e-006
6077 4.54863e-006
6078 3.6375e-006
6079 3e-006
6080 4.62447e-006
6081 4.83442e-006
6082 6.00422e-006
6083 4.74078e-006
6084 6.19597e-006
6085 8.48746e-006
6086 4.44434e-006
6087 5.69673e-006
6088 5.88114e-006
6089 5.05516e-006
6090 3.35262e-006
6091 3e-006
6092 1.68167e-005
6093 3.99012e-006
6094 3e-006
6095 3.99012e-006
6096 4.34273e-006
6097 3.31875e-006
6098 6.43536e-006
6099 3.31875e-006
6100 5.30335e-006
6101 5.92805e-006
6102 9.67851e-006
6103 3.75073e-006
6104 3.70883e-006
6105 3.79096e-006
6106 4.06145e-006
6107 3e-006
6108 6.00782e-006
6109 5.36967e-006
6110 3e-006
6111 3.67137e-006
6112 3.67137e-006
6113 4.76309e-006
6114 3.81082e-006
6115 4.16305e-006
6116 4.57718e-006
6117 3e-006
6118 8.10764e-006
6119 8.05357e-006
6120 3.38648e-006
6121 6.88887e-006
6122 3e-006
6123 4.30887e-006
6124 3e-006
6125 8.53841e-006
6126 3e-006
6127 3e-006
6128 3e-006
6129 3.6375e-006
6130 3.38648e-006
6131 6.03808e-006
6132 4.9787e-006
6133 5.53965e-006
6134 5.65925e-006
6135 3.6375e-006
6136 3.78016e-006
6137 3e-006
6138 1.13188e-005
6139 3e-006
6140 4.77388e-006
6141 4.80415e-006
6142 3.31875e-006
6143 4.58675e-006
6144 4.29832e-006
6145 3e-006
6146 3.6375e-006
6147 6.81542e-006
6148 3e-006
6149 4.80813e-006
6150 7.39244e-006
6151 3e-006
6152 3e-006
6153 5.44339e-006
6154 7.14202e-006
6155 6.9302e-006
6156 3.70883e-006
6157 6.89567e-006
6158 4.1487e-006
6159 1.01848e-005
6160 5.36672e-006
6161 4.06183e-006
6162 7.39084e-006
6163 4.3766e-006
6164 8.50671e-006
6165 7.05875e-006
6166 3.31875e-006
6167 3.68144e-006
6168 6.3979e-006
6169 3.31875e-006
6170 9.61256e-006
6171 6.42172e-006
6172 4.72922e-006
6173 6.4959e-006
6174 3.31875e-006
6175 3e-006
6176 4.13998e-006
6177 7.77214e-006
6178 3.31875e-006
6179 3.6375e-006
6180 3.35262e-006
6181 4.69535e-006
6182 5.78003e-006
6183 5.95292e-006
6184 3.38648e-006
6185 3e-006
6186 9.40985e-006
6187 3.7499e-006
6188 4.05785e-006
6189 3.70523e-006
6190 3.6375e-006
6191 3e-006
6192 3.6375e-006
6193 4.489e-006
6194 3.31875e-006
6195 3.31875e-006
6196 3e-006
6197 6.82692e-006
6198 3e-006
6199 3e-006
6200 5.7604e-006
6201 4.59375e-006
6202 3.31875e-006
6203 3.7463e-006
6204 3.6375e-006
6205 3e-006
6206 3.35262e-006
6207 1.07075e-005
6208 3.67137e-006
6209 5.70975e-006
6210 3e-006
6211 3.35262e-006
6212 8.36538e-006
6213 8.05244e-006
6214 5.27314e-006
6215 4.39138e-006
6216 5.28267e-006
6217 4.05785e-006
6218 1.1413e-005
6219 4.92129e-006
6220 3.31875e-006
6221 4.95035e-006
6222 1.54988e-005
6223 6.03808e-006
6224 6.00422e-006
6225 4.275e-006
6226 3.39008e-006
6227 5.07115e-006
6228 4.77028e-006
6229 8.49773e-006
6230 3e-006
6231 4.93602e-006
6232 4.23798e-006
6233 5.88715e-006
6234 3e-006
6235 4.69535e-006
6236 3e-006
6237 3e-006
6238 3.31875e-006
6239 3.97617e-006
6240 3.31875e-006
6241 1.00919e-005
6242 3.82161e-006
6243 3e-006
6244 5.62171e-006
6245 9.87292e-006
6246 5.0759e-006
6247 3e-006
6248 3e-006
6249 3.70523e-006
6250 8.18916e-006
6251 3e-006
6252 5.94368e-006
6253 7.47643e-006
6254 5.61856e-006
6255 3.95625e-006
6256 3.42395e-006
6257 3e-006
6258 3.31875e-006
6259 6.40494e-006
6260 3.31875e-006
6261 7.35055e-006
6262 4.06903e-006
6263 3.35621e-006
6264 5.55562e-006
6265 5.0177e-006
6266 3e-006
6267 3.6375e-006
6268 5.78707e-006
6269 6.24925e-006
6270 3.7427e-006
6271 3e-006
6272 6.40226e-006
6273 5.64575e-006
6274 3e-006
6275 4.06505e-006
6276 3.31875e-006
6277 3.7391e-006
6278 3.31875e-006
6279 3.31875e-006
6280 4.49979e-006
6281 5.50697e-006
6282 7.38418e-006
6283 5.43101e-006
6284 7.15621e-006
6285 8.66423e-006
6286 5.03652e-006
6287 3.6375e-006
6288 7.44543e-006
6289 8.19883e-006
6290 4.4818e-006
6291 3.31875e-006
6292 3e-006
6293 4.70653e-006
6294 3e-006
6295 3.55942e-006
6296 3e-006
6297 1.09796e-005
6298 7.94545e-006
6299 6.43374e-006
6300 3.38183e-006
6301 4.30648e-006
6302 3.99012e-006
6303 3.71243e-006
6304 7.41828e-006
6305 4.92642e-006
6306 7.38147e-006
6307 3e-006
6308 3e-006
6309 4.62762e-006
6310 7.7709e-006
6311 3.60408e-006
6312 1.17691e-005
6313 4.9125e-006
6314 3.3602e-006
6315 3e-006
6316 4.48356e-006
6317 3.6375e-006
6318 3e-006
6319 3.43924e-006
6320 3.99012e-006
6321 6.71305e-006
6322 4.73641e-006
6323 4.52325e-006
6324 3.31875e-006
6325 8.2327e-006
6326 1.07688e-005
6327 4.86829e-006
6328 3.31875e-006
6329 5.16756e-006
6330 6.54095e-006
6331 6.69476e-006
6332 6.04528e-006
6333 4.34273e-006
6334 3.67137e-006
6335 3.95625e-006
6336 9.54242e-006
6337 3.59688e-006
6338 3.6375e-006
6339 3e-006
6340 3.99012e-006
6341 3.67137e-006
6342 3e-006
6343 3.31875e-006
6344 8.90364e-006
6345 4.02398e-006
6346 3.67137e-006
6347 3.77708e-006
6348 5.70505e-006
6349 4.091e-006
6350 7.52126e-006
6351 3.67137e-006
6352 7.45352e-006
6353 3.35621e-006
6354 6.80118e-006
6355 3.38648e-006
6356 3.42395e-006
6357 3e-006
6358 3e-006
6359 6.21153e-006
6360 3.6375e-006
6361 4.13037e-006
6362 6.02301e-006
6363 4.31606e-006
6364 1.05764e-005
6365 4.34273e-006
6366 6.8075e-006
6367 6.25523e-006
6368 3.77657e-006
6369 3e-006
6370 3e-006
6371 7.80855e-006
6372 7.59596e-006
6373 7.23031e-006
6374 5.43782e-006
6375 5.72293e-006
6376 4.13638e-006
6377 3e-006
6378 3e-006
6379 3.6375e-006
6380 3e-006
6381 7.39479e-006
6382 4.06505e-006
6383 3.67137e-006
6384 4.35353e-006
6385 4.275e-006
6386 7.18879e-006
6387 3e-006
6388 4.62762e-006
6389 5.90262e-006
6390 5.08292e-006
6391 3.31875e-006
6392 3e-006
6393 8.84005e-006
6394 3.99012e-006
6395 4.71013e-006
6396 5.43805e-006
6397 3e-006
6398 5.06317e-006
6399 7.67015e-006
6400 3.35262e-006
6401 3.6375e-006
6402 4.5208e-006
6403 5.4795e-006
6404 4.94322e-006
6405 4.69933e-006
6406 3e-006
6407 4.275e-006
6408 3.67137e-006
6409 4.16703e-006
6410 5.24042e-006
6411 7.32854e-006
6412 3.47661e-006
6413 4.59375e-006
6414 4.27943e-006
6415 5.79067e-006
6416 4.63166e-006
6417 4.34273e-006
6418 8.91643e-006
6419 4.06505e-006
6420 6.18435e-006
6421 3.99012e-006
6422 4.84238e-006
6423 4.24953e-006
6424 3.38648e-006
6425 6.2219e-006
6426 5.4723e-006
6427 5.16036e-006
6428 4.42937e-006
6429 8.93009e-006
6430 3.85341e-006
6431 4.06145e-006
6432 5.71688e-006
6433 9.76235e-006
6434 5.17167e-006
6435 3.99012e-006
6436 3e-006
6437 3.46501e-006
6438 7.74102e-006
6439 5.5692e-006
6440 9.65281e-006
6441 3.42035e-006
6442 1.58727e-005
6443 3e-006
6444 4.41766e-006
6445 4.88746e-006
6446 3.71243e-006
6447 3.71243e-006
6448 3.88177e-006
6449 3.31875e-006
6450 3.31875e-006
6451 3.99012e-006
6452 5.12688e-006
6453 3.31875e-006
6454 3.35621e-006
6455 5.7568e-006
6456 4.39256e-006
6457 3.67137e-006
6458 9.76003e-006
6459 3.31875e-006
6460 3e-006
6461 4.45513e-006
6462 3.35621e-006
6463 6.51558e-006
6464 4.57789e-006
6465 5.44682e-006
6466 4.86164e-006
6467 4.54522e-006
6468 3.31875e-006
6469 3.39008e-006
6470 3.31875e-006
6471 3e-006
6472 3e-006
6473 7.87695e-006
6474 1.5557e-005
6475 3e-006
6476 6.81465e-006
6477 6.27961e-006
6478 1.23445e-005
6479 3.99012e-006
6480 3.78415e-006
6481 4.71055e-006
6482 4.32211e-006
6483 3e-006
6484 1.77886e-005
6485 4.13316e-006
6486 3e-006
6487 3e-006
6488 9.7363e-006
6489 6.00422e-006
6490 4.45234e-006
6491 7.17867e-006
6492 3.80684e-006
6493 5.0177e-006
6494 3.31875e-006
6495 3e-006
6496 3.98337e-006
6497 3e-006
6498 5.34403e-006
6499 5.30105e-006
6500 3.99012e-006
6501 3e-006
6502 3.42035e-006
6503 4.13316e-006
6504 5.66001e-006
6505 3.6375e-006
6506 4.69978e-006
6507 4.83248e-006
6508 7.14375e-006
6509 3.70523e-006
6510 4.66148e-006
6511 4.5575e-006
6512 7.91059e-006
6513 3e-006
6514 3.42035e-006
6515 5.1301e-006
6516 3e-006
6517 3e-006
6518 3e-006
6519 3.31875e-006
6520 4.09532e-006
6521 5.46832e-006
6522 3.31875e-006
6523 8.07416e-006
6524 3e-006
6525 4.02758e-006
6526 8.57531e-006
6527 5.31337e-006
6528 3e-006
6529 3e-006
6530 5.93942e-006
6531 9.07584e-006
6532 5.98596e-006
6533 3.31875e-006
6534 3.38648e-006
6535 9.14789e-006
6536 4.41407e-006
6537 4.02398e-006
6538 5.37032e-006
6539 1.15136e-005
6540 4.09382e-006
6541 3.67137e-006
6542 4.30887e-006
6543 5.84367e-006
6544 3.70883e-006
6545 5.35997e-006
6546 5.46832e-006
6547 3.7427e-006
6548 3.31875e-006
6549 9.85274e-006
6550 5.16506e-006
6551 4.51927e-006
6552 3.67137e-006
6553 3e-006
6554 7.50086e-006
6555 3.99012e-006
6556 5.55314e-006
6557 5.59855e-006
6558 1.15745e-005
6559 8.7213e-006
6560 3.75187e-006
6561 5.18703e-006
6562 3e-006
6563 4.4818e-006
6564 4.81938e-006
6565 3.31875e-006
6566 3e-006
6567 4.73282e-006
6568 3e-006
6569 3.31875e-006
6570 3.31875e-006
6571 3.31875e-006
6572 5.45723e-006
6573 6.22673e-006
6574 3e-006
6575 3.6375e-006
6576 3.31875e-006
6577 1.06346e-005
6578 4.275e-006
6579 5.56992e-006
6580 4.13249e-006
6581 3e-006
6582 3.95622e-006
6583 4.275e-006
6584 4.23067e-006
6585 4.09532e-006
6586 4.76794e-006
6587 3.99012e-006
6588 6.39358e-006
6589 4.09532e-006
6590 4.489e-006
6591 5.1229e-006
6592 6.71048e-006
6593 3.70523e-006
6594 4.75884e-006
6595 3.42755e-006
6596 3.95625e-006
6597 5.15317e-006
6598 3e-006
6599 1.05008e-005
6600 3e-006
6601 3.6375e-006
6602 5.2245e-006
6603 4.59375e-006
6604 7.03823e-006
6605 5.62216e-006
6606 7.71794e-006
6607 3.6375e-006
6608 6.27317e-006
6609 5.93685e-006
6610 1.65527e-005
6611 3e-006
6612 3e-006
6613 5.40778e-006
6614 5.68547e-006
6615 4.19332e-006
6616 3e-006
6617 5.84253e-006
6618 3e-006
6619 5.72653e-006
6620 3.99012e-006
6621 3.95625e-006
6622 3e-006
6623 6.13134e-006
6624 5.1265e-006
6625 9.79384e-006
6626 3.5706e-006
6627 5.08582e-006
6628 3.31875e-006
6629 4.8166e-006
6630 5.0605e-006
6631 3.70523e-006
6632 3e-006
6633 1.05929e-005
6634 3.31875e-006
6635 3.31875e-006
6636 4.87946e-006
6637 3.31875e-006
6638 3.99371e-006
6639 6.17096e-006
6640 3.95625e-006
6641 4.38418e-006
6642 8.36122e-006
6643 3.67137e-006
6644 4.94637e-006
6645 3e-006
6646 7.28128e-006
6647 8.42803e-006
6648 5.13048e-006
6649 9.47066e-006
6650 5.68907e-006
6651 3.99012e-006
6652 3.67137e-006
6653 4.98539e-006
6654 5.2245e-006
6655 3.95625e-006
6656 3e-006
6657 4.09891e-006
6658 5.14655e-006
6659 6.30066e-006
6660 4.69535e-006
6661 4.34273e-006
6662 3.6375e-006
6663 3e-006
6664 8.04307e-006
6665 3e-006
6666 3e-006
6667 3e-006
6668 4.4818e-006
6669 3.99012e-006
6670 3e-006
6671 3e-006
6672 4.38418e-006
6673 3e-006
6674 6.46653e-006
6675 4.275e-006
6676 5.20143e-006
6677 3.95625e-006
6678 3.31875e-006
6679 6.4995e-006
6680 3.35262e-006
6681 6.02702e-006
6682 4.73641e-006
6683 3.31875e-006
6684 7.33147e-006
6685 4.02758e-006
6686 3e-006
6687 4.77028e-006
6688 3.53673e-006
6689 7.96657e-006
6690 6.25523e-006
6691 3.31875e-006
6692 7.73116e-006
6693 3.35262e-006
6694 4.05785e-006
6695 3.95625e-006
6696 3.31875e-006
6697 5.79427e-006
6698 5.01333e-006
6699 4.69895e-006
6700 6.25611e-006
6701 4.81494e-006
6702 3.51086e-006
6703 3e-006
6704 4.05785e-006
6705 3.70523e-006
6706 9.12083e-006
6707 5.41498e-006
6708 3e-006
6709 3.35262e-006
6710 4.22917e-006
6711 6.44782e-006
6712 4.30887e-006
6713 4.62762e-006
6714 6.39551e-006
6715 4.12918e-006
6716 5.69028e-006
6717 3.70523e-006
6718 3e-006
6719 6.57083e-006
6720 3.88935e-006
6721 3.67137e-006
6722 5.79427e-006
6723 5.57208e-006
6724 3e-006
6725 6.14071e-006
6726 3.99012e-006
6727 4.18302e-006
6728 4.02758e-006
6729 4.63481e-006
6730 4.3685e-006
6731 5.09699e-006
6732 5.17235e-006
6733 3.54469e-006
6734 1.11437e-005
6735 1.1617e-005
6736 3.88973e-006
6737 3.70523e-006
6738 4.275e-006
6739 8.9224e-006
6740 7.36286e-006
6741 4.94996e-006
6742 5.7532e-006
6743 3.38648e-006
6744 3.35262e-006
6745 3.6375e-006
6746 3.35262e-006
6747 3.31875e-006
6748 4.59375e-006
6749 4.275e-006
6750 6.75329e-006
6751 3e-006
6752 7.27922e-006
6753 6.15966e-006
6754 4.8464e-006
6755 3.95625e-006
6756 6.54823e-006
6757 6.26686e-006
6758 3.70064e-006
6759 4.91333e-006
6760 7.1334e-006
6761 3e-006
6762 4.02398e-006
6763 3.6375e-006
6764 4.06183e-006
6765 5.2245e-006
6766 9.42306e-006
6767 3e-006
6768 4.30887e-006
6769 3e-006
6770 6.4923e-006
6771 3.35262e-006
6772 6.0082e-006
6773 4.09172e-006
6774 4.98023e-006
6775 4.3766e-006
6776 4.489e-006
6777 3.71281e-006
6778 5.02528e-006
6779 3e-006
6780 5.29898e-006
6781 4.34273e-006
6782 4.34633e-006
6783 7.38935e-006
6784 5.90262e-006
6785 5.1157e-006
6786 3e-006
6787 9.26545e-006
6788 6.07593e-006
6789 4.41047e-006
6790 4.81631e-006
6791 3.70523e-006
6792 3e-006
6793 4.69933e-006
6794 5.16947e-006
6795 5.26595e-006
6796 4.6763e-006
6797 3.31875e-006
6798 3.78813e-006
6799 7.65997e-006
6800 4.275e-006
6801 3e-006
6802 3e-006
6803 3.35262e-006
6804 3.99371e-006
6805 4.34273e-006
6806 3.35262e-006
6807 5.37032e-006
6808 3.7427e-006
6809 4.05785e-006
6810 1.03764e-005
6811 8.56584e-006
6812 3.31875e-006
6813 9.69186e-006
6814 7.41599e-006
6815 3.31875e-006
6816 5.48161e-006
6817 3e-006
6818 5.29898e-006
6819 5.46324e-006
6820 3.31875e-006
6821 3.67137e-006
6822 3e-006
6823 4.73718e-006
6824 3e-006
6825 6.28595e-006
6826 1.11712e-005
6827 3e-006
6828 4.06505e-006
6829 3.38648e-006
6830 3.7391e-006
6831 4.68996e-006
6832 3.6375e-006
6833 3e-006
6834 6.01501e-006
6835 8.86627e-006
6836 7.63543e-006
6837 4.44434e-006
6838 3e-006
6839 6.47413e-006
6840 3e-006
6841 5.37032e-006
6842 3e-006
6843 3e-006
6844 5.71933e-006
6845 3e-006
6846 4.69535e-006
6847 4.34633e-006
6848 3e-006
6849 4.99103e-006
6850 3.76173e-006
6851 5.61458e-006
6852 3.81403e-006
6853 3e-006
6854 4.66148e-006
6855 3e-006
6856 1.24606e-005
6857 6.48175e-006
6858 5.05157e-006
6859 5.82932e-006
6860 3e-006
6861 5.08543e-006
6862 3e-006
6863 3e-006
6864 6.82223e-006
6865 3.6375e-006
6866 1.03166e-005
6867 3.67137e-006
6868 4.63121e-006
6869 5.40897e-006
6870 3.9977e-006
6871 3e-006
6872 3.6375e-006
6873 4.77028e-006
6874 3e-006
6875 3.35621e-006
6876 3.31875e-006
6877 6.93906e-006
6878 4.86829e-006
6879 3.99012e-006
6880 7.07887e-006
6881 4.93209e-006
6882 6.36755e-006
6883 5.26512e-006
6884 3e-006
6885 5.00625e-006
6886 3e-006
6887 4.39214e-006
6888 5.88118e-006
6889 5.50008e-006
6890 4.26577e-006
6891 8.80291e-006
6892 3e-006
6893 3e-006
6894 5.67318e-006
6895 5.97035e-006
6896 3.31875e-006
6897 3.67137e-006
6898 8.75555e-006
6899 7.61274e-006
6900 6.9591e-006
6901 3e-006
6902 3e-006
6903 7.06461e-006
6904 4.09532e-006
6905 3.95625e-006
6906 4.59375e-006
6907 7.09594e-006
6908 3e-006
6909 3e-006
6910 3e-006
6911 3.7391e-006
6912 3e-006
6913 3e-006
6914 3.99012e-006
6915 3e-006
6916 5.14525e-006
6917 9.69977e-006
6918 4.93649e-006
6919 3e-006
6920 3.31875e-006
6921 3e-006
6922 3e-006
6923 9.09056e-006
6924 7.35415e-006
6925 6.55977e-006
6926 3.35262e-006
6927 4.02398e-006
6928 7.29624e-006
6929 6.70077e-006
6930 4.84521e-006
6931 4.59496e-006
6932 5.53097e-006
6933 3.31875e-006
6934 4.4782e-006
6935 4.71507e-006
6936 7.13775e-006
6937 3e-006
6938 3e-006
6939 3.8443e-006
6940 3.31875e-006
6941 3.99012e-006
6942 4.30887e-006
6943 6.3685e-006
6944 6.61232e-006
6945 7.81882e-006
6946 3.99012e-006
6947 4.3766e-006
6948 4.31606e-006
6949 4.98023e-006
6950 5.6552e-006
6951 4.94637e-006
6952 3e-006
6953 6.04317e-006
6954 1.00444e-005
6955 3.31875e-006
6956 5.4725e-006
6957 4.87586e-006
6958 4.15556e-006
6959 3.99371e-006
6960 3.31875e-006
6961 5.28083e-006
6962 5.94968e-006
6963 3.6375e-006
6964 3e-006
6965 9.40572e-006
6966 4.66148e-006
6967 3.31875e-006
6968 3.67137e-006
6969 9.63602e-006
6970 4.00451e-006
6971 5.95265e-006
6972 3.6375e-006
6973 3e-006
6974 1.25249e-005
6975 3.68337e-006
6976 6.57122e-006
6977 4.30887e-006
6978 3.76111e-006
6979 4.62762e-006
6980 8.35975e-006
6981 1.09874e-005
6982 3e-006
6983 3e-006
6984 1.00444e-005
6985 8.64482e-006
6986 4.20492e-006
6987 8.41838e-006
6988 3.77657e-006
6989 3.95625e-006
6990 3.70523e-006
6991 3.99012e-006
6992 5.76485e-006
6993 3e-006
6994 3e-006
6995 3.6375e-006
6996 6.35618e-006
6997 3e-006
6998 4.16665e-006
6999 3.70523e-006
7000 4.44121e-006
7001 3.95625e-006
7002 3.99371e-006
7003 4.80055e-006
7004 3e-006
7005 6.04528e-006
7006 3.80684e-006
7007 8.03795e-006
7008 6.76062e-006
7009 3.8479e-006
7010 4.09532e-006
7011 9.95087e-006
7012 7.86895e-006
7013 5.09263e-006
7014 3.67137e-006
7015 3.6375e-006
7016 4.1595e-006
7017 3.67137e-006
7018 3e-006
7019 3.35262e-006
7020 3.95625e-006
7021 3e-006
7022 3.87817e-006
7023 3e-006
7024 5.23125e-006
7025 3e-006
7026 6.24125e-006
7027 4.34273e-006
7028 4.56431e-006
7029 7.50485e-006
7030 3e-006
7031 3e-006
7032 3e-006
7033 3e-006
7034 3.38648e-006
7035 4.77786e-006
7036 8.65942e-006
7037 4.30887e-006
7038 6.91985e-006
7039 4.77748e-006
7040 5.58387e-006
7041 3.31875e-006
7042 3.35262e-006
7043 3e-006
7044 3.70883e-006
7045 3.36379e-006
7046 1.00274e-005
7047 1.16219e-005
7048 3.6375e-006
7049 6.44658e-006
7050 4.275e-006
7051 3.31875e-006
7052 5.61773e-006
7053 5.05516e-006
7054 3.6375e-006
7055 6.34134e-006
7056 3.97186e-006
7057 7.10711e-006
7058 6.39873e-006
7059 3.31875e-006
7060 4.44434e-006
7061 5.84126e-006
7062 6.88137e-006
7063 5.06729e-006
7064 1.01994e-005
7065 1.08238e-005
7066 3.31875e-006
7067 3e-006
7068 7.58992e-006
7069 6.75456e-006
7070 4.43964e-006
7071 6.1509e-006
7072 3.31875e-006
7073 4.48587e-006
7074 1.11964e-005
7075 3.95625e-006
7076 6.60005e-006
7077 6.02221e-006
7078 3e-006
7079 3e-006
7080 1.08522e-005
7081 3e-006
7082 3.95625e-006
7083 5.68547e-006
7084 3e-006
7085 6.4959e-006
7086 3.35262e-006
7087 5.05876e-006
7088 3.67137e-006
7089 4.9125e-006
7090 4.02758e-006
7091 5.78008e-006
7092 3e-006
7093 7.03598e-006
7094 4.73282e-006
7095 3.31875e-006
7096 4.275e-006
7097 4.98023e-006
7098 7.21672e-006
7099 3.31875e-006
7100 4.35031e-006
7101 3.7499e-006
7102 5.68907e-006
7103 4.46233e-006
7104 4.62762e-006
7105 3.31875e-006
7106 3.81763e-006
7107 5.17591e-006
7108 8.54839e-006
7109 4.34633e-006
7110 3e-006
7111 4.4818e-006
7112 3e-006
7113 3.35262e-006
7114 5.43926e-006
7115 4.57155e-006
7116 4.62762e-006
7117 3.35262e-006
7118 3.7463e-006
7119 3e-006
7120 3.69489e-006
7121 3.35981e-006
7122 4.42283e-006
7123 7.24895e-006
7124 3.67137e-006
7125 4.55403e-006
7126 4.02398e-006
7127 6.36892e-006
7128 6.6119e-006
7129 3.71243e-006
7130 5.84329e-006
7131 3e-006
7132 6.66009e-006
7133 3.50248e-006
7134 3.8306e-006
7135 3.35262e-006
7136 3e-006
7137 3.95625e-006
7138 4.34273e-006
7139 5.76373e-006
7140 4.59375e-006
7141 3e-006
7142 3.35262e-006
7143 6.96341e-006
7144 4.3838e-006
7145 3e-006
7146 3.70921e-006
7147 4.95122e-006
7148 4.69535e-006
7149 3e-006
7150 3.31875e-006
7151 6.81105e-006
7152 3.99371e-006
7153 3.31875e-006
7154 3.95625e-006
7155 6.54455e-006
7156 5.39116e-006
7157 7.45575e-006
7158 5.59391e-006
7159 7.51003e-006
7160 1.15032e-005
7161 3.77297e-006
7162 5.80103e-006
7163 6.36441e-006
7164 1.20695e-005
7165 1.26429e-005
7166 7.68414e-006
7167 3e-006
7168 3.95625e-006
7169 5.71933e-006
7170 3.31875e-006
7171 3.99133e-006
7172 5.43445e-006
7173 4.275e-006
7174 3e-006
7175 5.5847e-006
7176 3e-006
7177 3.6375e-006
7178 3e-006
7179 3.95625e-006
7180 4.44434e-006
7181 3.38648e-006
7182 6.35811e-006
7183 3.99012e-006
7184 5.90121e-006
7185 4.62762e-006
7186 3.31875e-006
7187 7.14628e-006
7188 4.34273e-006
7189 5.14957e-006
7190 1.23977e-005
7191 6.14367e-006
7192 4.76668e-006
7193 5.43805e-006
7194 3.82123e-006
7195 3.31875e-006
7196 3e-006
7197 4.62762e-006
7198 3e-006
7199 4.12559e-006
7200 3.89409e-006
7201 3.6375e-006
7202 3.42755e-006
7203 4.41766e-006
7204 4.3838e-006
7205 5.04797e-006
7206 3.77657e-006
7207 3.31875e-006
7208 3.75104e-006
7209 3e-006
7210 4.47393e-006
7211 5.29898e-006
7212 7.08595e-006
7213 4.80055e-006
7214 5.3743e-006
7215 4.59375e-006
7216 8.24284e-006
7217 4.94996e-006
7218 4.63121e-006
7219 3.31875e-006
7220 4.53481e-006
7221 3e-006
7222 4.32081e-006
7223 3e-006
7224 3.35262e-006
7225 3.95625e-006
7226 7.43e-006
7227 3.6375e-006
7228 3e-006
7229 5.41907e-006
7230 4.83802e-006
7231 4.79695e-006
7232 3.35262e-006
7233 3.42035e-006
7234 3e-006
7235 9.67953e-006
7236 4.02398e-006
7237 3e-006
7238 5.33008e-006
7239 4.2396e-006
7240 3e-006
7241 9.95883e-006
7242 3e-006
7243 3e-006
7244 3.99012e-006
7245 3.67137e-006
7246 3.67137e-006
7247 3e-006
7248 3.95625e-006
7249 3.95625e-006
7250 4.34273e-006
7251 3.70523e-006
7252 3e-006
7253 4.275e-006
7254 3.31875e-006
7255 4.275e-006
7256 3e-006
7257 3.31875e-006
7258 3.44669e-006
7259 3.46616e-006
7260 3e-006
7261 1.02244e-005
7262 3.99012e-006
7263 6.42855e-006
7264 3.6375e-006
7265 5.615e-006
7266 3e-006
7267 3e-006
7268 6.37919e-006
7269 5.1193e-006
7270 6.94625e-006
7271 3.31875e-006
7272 3.31875e-006
7273 4.34273e-006
7274 6.53856e-006
7275 3.46616e-006
7276 4.62762e-006
7277 3.35262e-006
7278 8.44471e-006
7279 5.25477e-006
7280 3.31875e-006
7281 3.7391e-006
7282 3.31875e-006
7283 5.13169e-006
7284 4.26559e-006
7285 3e-006
7286 6.07442e-006
7287 4.69937e-006
7288 3.70523e-006
7289 6.1506e-006
7290 4.31247e-006
7291 4.30887e-006
7292 3e-006
7293 3.7499e-006
7294 3.99012e-006
7295 4.98383e-006
7296 4.842e-006
7297 3.31875e-006
7298 3.68576e-006
7299 3.95625e-006
7300 3.31875e-006
7301 3e-006
7302 3e-006
7303 4.14434e-006
7304 3e-006
7305 9.10496e-006
7306 3.77657e-006
7307 3.31875e-006
7308 3e-006
7309 8.20256e-006
7310 3.31875e-006
7311 3.67496e-006
7312 3.67137e-006
7313 5.90743e-006
7314 3.6375e-006
7315 3.81653e-006
7316 7.27699e-006
7317 8.48016e-006
7318 4.02758e-006
7319 1.04496e-005
7320 4.84161e-006
7321 3.6375e-006
7322 5.85393e-006
7323 4.07022e-006
7324 5.10101e-006
7325 3e-006
7326 4.67228e-006
7327 3.81043e-006
7328 3.67137e-006
7329 3.31875e-006
7330 3.67137e-006
7331 3e-006
7332 3.54791e-006
7333 3.77657e-006
7334 4.49658e-006
7335 3e-006
7336 4.34273e-006
7337 3.31875e-006
7338 3.83211e-006
7339 5.47911e-006
7340 4.66508e-006
7341 4.14358e-006
7342 3.31875e-006
7343 3.99012e-006
7344 6.41631e-006
7345 4.30887e-006
7346 4.13638e-006
7347 6.08275e-006
7348 3.43834e-006
7349 6.34365e-006
7350 7.15652e-006
7351 5.12468e-006
7352 3e-006
7353 3.35262e-006
7354 3.35262e-006
7355 5.40816e-006
7356 3e-006
7357 5.26892e-006
7358 5.94456e-006
7359 5.08184e-006
7360 4.46593e-006
7361 6.33376e-006
7362 3.31875e-006
7363 7.09953e-006
7364 4.77388e-006
7365 8.02447e-006
7366 3.6375e-006
7367 3.38648e-006
7368 4.3766e-006
7369 6.00422e-006
7370 4.62672e-006
7371 3e-006
7372 3e-006
7373 3e-006
7374 8.6995e-006
7375 4.94637e-006
7376 6.44026e-006
7377 3.89654e-006
7378 3e-006
7379 3e-006
7380 3e-006
7381 6.54012e-006
7382 3.31875e-006
7383 4.275e-006
7384 7.23267e-006
7385 5.79427e-006
7386 3.95625e-006
7387 4.22249e-006
7388 7.31669e-006
7389 8.01877e-006
7390 5.68907e-006
7391 7.64982e-006
7392 7.70764e-006
7393 3.35262e-006
7394 3.31875e-006
7395 5.24692e-006
7396 3.31875e-006
7397 3e-006
7398 4.275e-006
7399 4.31246e-006
7400 4.84521e-006
7401 3e-006
7402 3e-006
7403 3e-006
7404 3e-006
7405 5.0141e-006
7406 5.59232e-006
7407 4.59375e-006
7408 1.01163e-005
7409 7.14496e-006
7410 3e-006
7411 4.05785e-006
7412 3.67137e-006
7413 4.19413e-006
7414 4.81745e-006
7415 3.6375e-006
7416 4.46504e-006
7417 3.6375e-006
7418 4.70326e-006
7419 5.72043e-006
7420 5.88795e-006
7421 4.76668e-006
7422 3e-006
7423 3.43153e-006
7424 3e-006
7425 3.35262e-006
7426 6.26135e-006
7427 8.05938e-006
7428 3.31875e-006
7429 4.05785e-006
7430 4.66508e-006
7431 4.69535e-006
7432 3e-006
7433 5.29898e-006
7434 3e-006
7435 1.20505e-005
7436 5.45964e-006
7437 4.62485e-006
7438 4.64386e-006
7439 3.67496e-006
7440 5.30303e-006
7441 3.31875e-006
7442 3.31875e-006
7443 6.61662e-006
7444 4.99232e-006
7445 3.31875e-006
7446 3.31875e-006
7447 3e-006
7448 3.6375e-006
7449 3.95625e-006
7450 3.31875e-006
7451 3.39008e-006
7452 7.87838e-006
7453 3.95625e-006
7454 8.92946e-006
7455 4.62762e-006
7456 3.31875e-006
7457 4.06505e-006
7458 4.45263e-006
7459 5.05157e-006
7460 3.67137e-006
7461 3.6375e-006
7462 4.02796e-006
7463 3.6375e-006
7464 3.31875e-006
7465 3.31875e-006
7466 4.24158e-006
7467 3e-006
7468 5.08582e-006
7469 3e-006
7470 1.00294e-005
7471 1.16657e-005
7472 1.12681e-005
7473 3e-006
7474 6.36403e-006
7475 8.4084e-006
7476 3.35262e-006
7477 3.31875e-006
7478 5.62576e-006
7479 6.00073e-006
7480 8.09325e-006
7481 4.02758e-006
7482 3e-006
7483 3e-006
7484 4.14358e-006
7485 4.00489e-006
7486 6.48569e-006
7487 3e-006
7488 6.0688e-006
7489 3.31875e-006
7490 3.67137e-006
7491 5.05157e-006
7492 3.39008e-006
7493 5.7568e-006
7494 4.24158e-006
7495 3.6375e-006
7496 3e-006
7497 7.81556e-006
7498 5.12328e-006
7499 4.34273e-006
7500 3.66822e-006
7501 5.19783e-006
7502 6.53856e-006
7503 4.18104e-006
7504 3e-006
7505 3e-006
7506 5.43378e-006
7507 5.44165e-006
7508 8.1228e-006
7509 8.79887e-006
7510 3.67137e-006
7511 3.67137e-006
7512 5.97395e-006
7513 3.42755e-006
7514 3e-006
7515 6.33459e-006
7516 3.45422e-006
7517 5.41694e-006
7518 3.31875e-006
7519 3.77297e-006
7520 3e-006
7521 1.0486e-005
7522 4.34993e-006
7523 4.2081e-006
7524 7.03946e-006
7525 3.95625e-006
7526 3.38648e-006
7527 4.275e-006
7528 4.26105e-006
7529 3e-006
7530 3.31875e-006
7531 4.23798e-006
7532 4.09608e-006
7533 3.6375e-006
7534 5.93693e-006
7535 3e-006
7536 4.15081e-006
7537 4.32575e-006
7538 4.57278e-006
7539 9.87553e-006
7540 4.02169e-006
7541 3e-006
7542 8.66346e-006
7543 3.31875e-006
7544 5.44248e-006
7545 4.66148e-006
7546 7.00751e-006
7547 3e-006
7548 3e-006
7549 3e-006
7550 3.31875e-006
7551 5.05157e-006
7552 3e-006
7553 3e-006
7554 7.28535e-006
7555 3.31875e-006
7556 5.0256e-006
7557 4.73282e-006
7558 3.31875e-006
7559 6.18275e-006
7560 5.47911e-006
7561 5.10059e-006
7562 4.66913e-006
7563 3.6375e-006
7564 5.36219e-006
7565 3.67137e-006
7566 3.31875e-006
7567 6.3943e-006
7568 3e-006
7569 5.00773e-006
7570 3.31875e-006
7571 4.9125e-006
7572 3.78774e-006
7573 6.46923e-006
7574 6.1441e-006
7575 4.2073e-006
7576 3.31875e-006
7577 4.94637e-006
7578 6.18511e-006
7579 3e-006
7580 3.99012e-006
7581 7.28805e-006
7582 3.31875e-006
7583 3.31875e-006
7584 3.95625e-006
7585 3.92681e-006
7586 4.59375e-006
7587 4.31327e-006
7588 3.93444e-006
7589 5.85878e-006
7590 5.55083e-006
7591 4.0475e-006
7592 4.34273e-006
7593 3e-006
7594 5.46917e-006
7595 3.36777e-006
7596 3e-006
7597 3e-006
7598 3.7463e-006
7599 5.26512e-006
7600 3.31875e-006
7601 5.00996e-006
7602 1.41214e-005
7603 6.21538e-006
7604 6.22618e-006
7605 4.20052e-006
7606 3e-006
7607 3e-006
7608 3.95625e-006
7609 3e-006
7610 4.41047e-006
7611 7.06567e-006
7612 3.31875e-006
7613 3.31875e-006
7614 7.29361e-006
7615 6.36403e-006
7616 8.64232e-006
7617 3e-006
7618 4.23798e-006
7619 3.31875e-006
7620 4.79695e-006
7621 5.24406e-006
7622 3e-006
7623 3.81043e-006
7624 3.99012e-006
7625 5.0177e-006
7626 7.38851e-006
7627 6.66414e-006
7628 4.30887e-006
7629 3.31875e-006
7630 3.31875e-006
7631 7.56133e-006
7632 3.44309e-006
7633 4.44152e-006
7634 3e-006
7635 3.31875e-006
7636 5.00518e-006
7637 3.67496e-006
7638 4.62762e-006
7639 4.67239e-006
7640 4.13406e-006
7641 4.65161e-006
7642 3.67137e-006
7643 3.3566e-006
7644 3e-006
7645 3e-006
7646 8.5093e-006
7647 3e-006
7648 5.58791e-006
7649 3.6375e-006
7650 3.38648e-006
7651 3.6375e-006
7652 3e-006
7653 4.34885e-006
7654 4.19692e-006
7655 4.30887e-006
7656 7.67492e-006
7657 3.87025e-006
7658 7.832e-006
7659 3.31875e-006
7660 6.57879e-006
7661 5.79067e-006
7662 4.34633e-006
7663 9.21498e-006
7664 3e-006
7665 3.6375e-006
7666 5.1157e-006
7667 3.6375e-006
7668 5.26512e-006
7669 5.39524e-006
7670 3e-006
7671 4.10251e-006
7672 5.90262e-006
7673 3.31875e-006
7674 3.31875e-006
7675 6.77442e-006
7676 5.66354e-006
7677 4.09891e-006
7678 3.70523e-006
7679 4.58667e-006
7680 3.31875e-006
7681 6.85572e-006
7682 3e-006
7683 6.93065e-006
7684 3.6375e-006
7685 5.41138e-006
7686 3.70523e-006
7687 3e-006
7688 3.31875e-006
7689 5.36672e-006
7690 4.35479e-006
7691 3e-006
7692 3.95625e-006
7693 7.00207e-006
7694 8.87789e-006
7695 8.41605e-006
7696 3.31875e-006
7697 3.31875e-006
7698 5.58906e-006
7699 6.2752e-006
7700 3e-006
7701 3.6375e-006
7702 8.06275e-006
7703 7.0354e-006
7704 6.61424e-006
7705 5.05691e-006
7706 4.02758e-006
7707 4.62762e-006
7708 8.01002e-006
7709 8.65957e-006
7710 4.72922e-006
7711 4.09891e-006
7712 3.67137e-006
7713 4.69535e-006
7714 7.79609e-006
7715 3.35262e-006
7716 5.23125e-006
7717 5.33285e-006
7718 3.67856e-006
7719 3.31875e-006
7720 3e-006
7721 6.65449e-006
7722 3.6375e-006
7723 3e-006
7724 5.20503e-006
7725 5.33285e-006
7726 5.12417e-006
7727 4.31732e-006
7728 5.8792e-006
7729 3.45782e-006
7730 3.6375e-006
7731 3.31875e-006
7732 3e-006
7733 6.43896e-006
7734 3e-006
7735 3e-006
7736 4.77028e-006
7737 3.38648e-006
7738 3.6375e-006
7739 3.35262e-006
7740 4.4818e-006
7741 6.92943e-006
7742 3.31875e-006
7743 3.31875e-006
7744 4.66508e-006
7745 3e-006
7746 3.31875e-006
7747 6.94182e-006
7748 5.03636e-006
7749 3.35262e-006
7750 4.66148e-006
7751 1.02817e-005
7752 6.07995e-006
7753 4.09172e-006
7754 4.63121e-006
7755 5.10381e-006
7756 5.0213e-006
7757 4.53481e-006
7758 7.17447e-006
7759 3.6375e-006
7760 3e-006
7761 3.35262e-006
7762 4.09891e-006
7763 4.275e-006
7764 3e-006
7765 3e-006
7766 8.9349e-006
7767 4.76183e-006
7768 3.7463e-006
7769 3.67137e-006
7770 8.62366e-006
7771 3.31875e-006
7772 5.93648e-006
7773 4.31246e-006
7774 4.77426e-006
7775 3.67535e-006
7776 3.31875e-006
7777 4.87586e-006
7778 6.2993e-006
7779 3.31875e-006
7780 3.6375e-006
7781 3.35262e-006
7782 3.67137e-006
7783 3e-006
7784 4.77426e-006
7785 3.31875e-006
7786 5.43445e-006
7787 6.2553e-006
7788 5.71933e-006
7789 5.13801e-006
7790 4.87139e-006
7791 3e-006
7792 4.74001e-006
7793 3e-006
7794 3.95625e-006
7795 3.31875e-006
7796 9.65812e-006
7797 5.91145e-006
7798 4.66553e-006
7799 4.80462e-006
7800 4.32245e-006
7801 5.48424e-006
7802 3e-006
7803 3.31875e-006
7804 5.50578e-006
7805 3e-006
7806 5.34724e-006
7807 3.31875e-006
7808 4.8097e-006
7809 3.70523e-006
7810 7.34695e-006
7811 3e-006
7812 3.6375e-006
7813 5.03013e-006
7814 3e-006
7815 3e-006
7816 3e-006
7817 4.98023e-006
7818 3.75066e-006
7819 3.6375e-006
7820 4.35353e-006
7821 4.275e-006
7822 3.70883e-006
7823 7.56455e-006
7824 3.31875e-006
7825 4.34273e-006
7826 4.6155e-006
7827 3.99012e-006
7828 3.67137e-006
7829 3e-006
7830 3e-006
7831 3.7427e-006
7832 3e-006
7833 3e-006
7834 4.41407e-006
7835 3.70523e-006
7836 5.62133e-006
7837 4.44434e-006
7838 3e-006
7839 3.31875e-006
7840 3.95625e-006
7841 8.14795e-006
7842 3.31875e-006
7843 3.6375e-006
7844 4.4854e-006
7845 3.31875e-006
7846 3e-006
7847 4.94637e-006
7848 4.46185e-006
7849 3e-006
7850 3e-006
7851 3.31875e-006
7852 7.25255e-006
7853 3e-006
7854 5.02849e-006
7855 3e-006
7856 3.6375e-006
7857 3e-006
7858 3.7391e-006
7859 5.82022e-006
7860 1.34577e-005
7861 3.6375e-006
7862 8.89493e-006
7863 4.71885e-006
7864 6.55939e-006
7865 3.31875e-006
7866 3.31875e-006
7867 3.95625e-006
7868 3.31875e-006
7869 3.99012e-006
7870 3.99012e-006
7871 3e-006
7872 4.69895e-006
7873 6.01982e-006
7874 4.91987e-006
7875 5.59549e-006
7876 5.48152e-006
7877 4.97348e-006
7878 7.21447e-006
7879 3.31875e-006
7880 4.70615e-006
7881 3.48216e-006
7882 3e-006
7883 3.95625e-006
7884 4.98864e-006
7885 3.95625e-006
7886 6.27249e-006
7887 3.52953e-006
7888 8.71742e-006
7889 5.36672e-006
7890 3e-006
7891 4.41047e-006
7892 5.28864e-006
7893 7.6512e-006
7894 4.0435e-006
7895 4.98023e-006
7896 6.5613e-006
7897 3e-006
7898 3e-006
7899 3.31875e-006
7900 4.34273e-006
7901 3e-006
7902 4.78035e-006
7903 5.51696e-006
7904 7.88185e-006
7905 4.50026e-006
7906 6.70945e-006
7907 7.32077e-006
7908 5.08184e-006
7909 4.88594e-006
7910 3.6375e-006
7911 3.6375e-006
7912 3e-006
7913 5.72293e-006
7914 3.35262e-006
7915 5.76836e-006
7916 4.34273e-006
7917 6.45097e-006
7918 3e-006
7919 3.31875e-006
7920 5.36672e-006
7921 4.12995e-006
7922 3e-006
7923 3.35981e-006
7924 3e-006
7925 3.70523e-006
7926 3.95625e-006
7927 3.6375e-006
7928 5.39643e-006
7929 5.47911e-006
7930 4.62762e-006
7931 3.4654e-006
7932 6.75141e-006
7933 3.95625e-006
7934 4.7404e-006
7935 3.42035e-006
7936 3.31875e-006
7937 3e-006
7938 3.99012e-006
7939 3.99012e-006
7940 4.98023e-006
7941 3e-006
7942 4.65875e-006
7943 3e-006
7944 3.6375e-006
7945 3.35981e-006
7946 4.19692e-006
7947 5.91232e-006
7948 3.31875e-006
7949 3.89409e-006
7950 3e-006
7951 4.67083e-006
7952 3.31875e-006
7953 4.69895e-006
7954 4.34273e-006
7955 4.18181e-006
7956 3.6375e-006
7957 5.33468e-006
7958 6.26896e-006
7959 3e-006
7960 3e-006
7961 3.31875e-006
7962 3.31875e-006
7963 7.0282e-006
7964 1.03556e-005
7965 5.26512e-006
7966 6.71443e-006
7967 3.67137e-006
7968 3e-006
7969 4.489e-006
7970 3e-006
7971 7.0282e-006
7972 3e-006
7973 3.67137e-006
7974 3.67137e-006
7975 3.95625e-006
7976 6.04611e-006
7977 4.21025e-006
7978 3.35621e-006
7979 4.275e-006
7980 5.6552e-006
7981 5.7604e-006
7982 4.02398e-006
7983 3.38648e-006
7984 3.6375e-006
7985 3.88575e-006
7986 3.93761e-006
7987 3.51505e-006
7988 3e-006
7989 7.03661e-006
7990 3.45782e-006
7991 5.83931e-006
7992 4.02398e-006
7993 4.59375e-006
7994 3.35262e-006
7995 3.6375e-006
7996 3e-006
7997 4.3874e-006
7998 3e-006
7999 5.44165e-006
8000 4.99463e-006
8001 5.20143e-006
8002 3e-006
8003 6.05324e-006
8004 5.12007e-006
8005 5.71727e-006
8006 5.44885e-006
8007 5.93731e-006
8008 3e-006
8009 9.87226e-006
8010 5.05195e-006
8011 4.44793e-006
8012 3e-006
8013 4.13676e-006
8014 7.99608e-006
8015 3e-006
8016 3e-006
8017 3e-006
8018 5.93648e-006
8019 1.12636e-005
8020 3e-006
8021 3.6375e-006
8022 3.95625e-006
8023 4.47717e-006
8024 3e-006
8025 3.70523e-006
8026 5.6552e-006
8027 5.45283e-006
8028 4.09532e-006
8029 4.7332e-006
8030 8.47973e-006
8031 5.55045e-006
8032 3e-006
8033 3.6375e-006
8034 5.52175e-006
8035 4.59375e-006
8036 4.45988e-006
8037 3.95625e-006
8038 4.30887e-006
8039 8.13476e-006
8040 1.09597e-005
8041 6.29121e-006
8042 6.83303e-006
8043 3.95625e-006
8044 3.67496e-006
8045 6.22496e-006
8046 3.7391e-006
8047 4.02758e-006
8048 3.71243e-006
8049 3.31875e-006
8050 6.80597e-006
8051 5.35127e-006
8052 1.06239e-005
8053 3e-006
8054 3e-006
8055 7.15652e-006
8056 5.34647e-006
8057 3.6375e-006
8058 3e-006
8059 3e-006
8060 3.95625e-006
8061 5.05157e-006
8062 3.38648e-006
8063 3e-006
8064 4.06941e-006
8065 3e-006
8066 3e-006
8067 3.4618e-006
8068 3.95625e-006
8069 3.31875e-006
8070 4.4782e-006
8071 1.20694e-005
8072 3.6375e-006
8073 3e-006
8074 3e-006
8075 4.02398e-006
8076 3.31875e-006
8077 4.82286e-006
8078 3e-006
8079 3.95625e-006
8080 6.07953e-006
8081 4.42209e-006
8082 3.31875e-006
8083 6.00422e-006
8084 5.33285e-006
8085 3e-006
8086 3e-006
8087 3.31875e-006
8088 4.1872e-006
8089 3.31875e-006
8090 4.09172e-006
8091 4.36225e-006
8092 4.31487e-006
8093 3.35262e-006
8094 4.275e-006
8095 4.34671e-006
8096 3e-006
8097 1.26278e-005
8098 4.59375e-006
8099 5.18146e-006
8100 4.66508e-006
8101 4.42126e-006
8102 4.98023e-006
8103 3e-006
8104 3e-006
8105 5.03607e-006
8106 8.0592e-006
8107 4.20411e-006
8108 3.31875e-006
8109 3e-006
8110 6.7473e-006
8111 3.6375e-006
8112 3e-006
8113 3.31875e-006
8114 6.02272e-006
8115 4.35468e-006
8116 4.58632e-006
8117 6.9649e-006
8118 5.70789e-006
8119 3.6375e-006
8120 4.275e-006
8121 3.77297e-006
8122 3.67137e-006
8123 5.68547e-006
8124 4.36471e-006
8125 3.35262e-006
8126 3.60086e-006
8127 5.1265e-006
8128 6.71282e-006
8129 4.34273e-006
8130 5.94008e-006
8131 5.26197e-006
8132 5.92254e-006
8133 3e-006
8134 7.21508e-006
8135 5.41619e-006
8136 3.67137e-006
8137 4.19617e-006
8138 3e-006
8139 3.95625e-006
8140 3e-006
8141 6.02221e-006
8142 3e-006
8143 4.2081e-006
8144 7.25169e-006
8145 4.80813e-006
8146 4.83163e-006
8147 4.69535e-006
8148 3.31875e-006
8149 3.6375e-006
8150 3.39008e-006
8151 3e-006
8152 6.96219e-006
8153 3.6375e-006
8154 4.06145e-006
8155 3.95625e-006
8156 3e-006
8157 3.31875e-006
8158 4.275e-006
8159 3.31875e-006
8160 6.21102e-006
8161 5.72293e-006
8162 4.39542e-006
8163 4.24158e-006
8164 6.99433e-006
8165 5.42451e-006
8166 3e-006
8167 3.38648e-006
8168 5.97721e-006
8169 3e-006
8170 4.02758e-006
8171 7.4889e-006
8172 4.67824e-006
8173 3e-006
8174 4.72922e-006
8175 9.31981e-006
8176 3.67137e-006
8177 3e-006
8178 5.6516e-006
8179 3.6375e-006
8180 3.41015e-006
8181 3.99731e-006
8182 6.47822e-006
8183 3.31875e-006
8184 5.84689e-006
8185 6.35683e-006
8186 3e-006
8187 4.30887e-006
8188 3.31875e-006
8189 3e-006
8190 8.13413e-006
8191 3.31875e-006
8192 4.16305e-006
8193 8.01085e-006
8194 6.1875e-006
8195 4.98023e-006
8196 1.32076e-005
8197 6.04213e-006
8198 3e-006
8199 3.31875e-006
8200 4.72922e-006
8201 3e-006
8202 5.40058e-006
8203 4.02758e-006
8204 4.45513e-006
8205 3e-006
8206 3.36896e-006
8207 3.31875e-006
8208 3.31875e-006
8209 5.58387e-006
8210 3.31875e-006
8211 4.20132e-006
8212 4.72922e-006
8213 3.35262e-006
8214 4.73282e-006
8215 4.31285e-006
8216 3.31875e-006
8217 5.02112e-006
8218 5.43805e-006
8219 3.6375e-006
8220 3.6375e-006
8221 4.88599e-006
8222 4.06145e-006
8223 3e-006
8224 3.31875e-006
8225 3e-006
8226 3.79014e-006
8227 3.95625e-006
8228 3.38648e-006
8229 4.69895e-006
8230 6.57398e-006
8231 4.98068e-006
8232 7.0665e-006
8233 4.67228e-006
8234 3.70523e-006
8235 3.67137e-006
8236 3e-006
8237 5.20617e-006
8238 4.35353e-006
8239 5.71933e-006
8240 3.35262e-006
8241 3e-006
8242 3.44983e-006
8243 4.98383e-006
8244 5.29898e-006
8245 4.9125e-006
8246 6.2891e-006
8247 6.48121e-006
8248 3.31875e-006
8249 4.275e-006
8250 3e-006
8251 3.68771e-006
8252 3e-006
8253 3e-006
8254 3e-006
8255 5.48348e-006
8256 3.6375e-006
8257 3e-006
8258 6.08313e-006
8259 4.275e-006
8260 3.67856e-006
8261 3.31875e-006
8262 3.95625e-006
8263 5.06029e-006
8264 6.08673e-006
8265 5.59439e-006
8266 3.67137e-006
8267 3.67137e-006
8268 3e-006
8269 5.03569e-006
8270 3.35262e-006
8271 7.42117e-006
8272 3.95625e-006
8273 3e-006
8274 5.50938e-006
8275 5.59266e-006
8276 3e-006
8277 4.59375e-006
8278 3.80684e-006
8279 3.31875e-006
8280 4.09172e-006
8281 7.43666e-006
8282 3.74744e-006
8283 3.77297e-006
8284 3e-006
8285 5.6301e-006
8286 3.31875e-006
8287 5.07192e-006
8288 3e-006
8289 6.14731e-006
8290 4.30887e-006
8291 4.8549e-006
8292 4.34273e-006
8293 3.67137e-006
8294 5.86205e-006
8295 3.7427e-006
8296 4.63121e-006
8297 3.6375e-006
8298 4.41407e-006
8299 4.3766e-006
8300 3e-006
8301 5.05157e-006
8302 3e-006
8303 3.67137e-006
8304 4.17025e-006
8305 4.34273e-006
8306 3.31875e-006
8307 4.05234e-006
8308 3e-006
8309 3.71756e-006
8310 3.67137e-006
8311 4.02398e-006
8312 4.02398e-006
8313 3e-006
8314 4.69535e-006
8315 6.2388e-006
8316 5.41138e-006
8317 3.31875e-006
8318 3.6375e-006
8319 3.67137e-006
8320 3e-006
8321 3e-006
8322 3.4618e-006
8323 3.31875e-006
8324 3.99012e-006
8325 3e-006
8326 4.66508e-006
8327 5.4723e-006
8328 7.3107e-006
8329 3e-006
8330 4.76309e-006
8331 3e-006
8332 3e-006
8333 5.51658e-006
8334 7.29127e-006
8335 4.59098e-006
8336 3.38648e-006
8337 5.80621e-006
8338 3.67137e-006
8339 4.59375e-006
8340 4.02796e-006
8341 3.37612e-006
8342 4.30887e-006
8343 3e-006
8344 3.68263e-006
8345 5.26512e-006
8346 6.31775e-006
8347 1.00252e-005
8348 3.39008e-006
8349 6.94263e-006
8350 3.79067e-006
8351 6.07195e-006
8352 3.31875e-006
8353 1.02812e-005
8354 4.68603e-006
8355 3e-006
8356 5.61773e-006
8357 4.3802e-006
8358 3.42035e-006
8359 4.30887e-006
8360 5.90621e-006
8361 3.35621e-006
8362 7.91471e-006
8363 3.40004e-006
8364 4.44434e-006
8365 4.30887e-006
8366 5.45491e-006
8367 3.31875e-006
8368 3e-006
8369 3.31875e-006
8370 3.31875e-006
8371 3e-006
8372 4.85241e-006
8373 6.32297e-006
8374 4.34633e-006
8375 3.6375e-006
8376 8.42639e-006
8377 3e-006
8378 3.31875e-006
8379 4.54068e-006
8380 8.71643e-006
8381 6.61145e-006
8382 4.59375e-006
8383 7.01026e-006
8384 3e-006
8385 3.70883e-006
8386 3.31875e-006
8387 7.53106e-006
8388 3.70883e-006
8389 3e-006
8390 5.35494e-006
8391 1.10103e-005
8392 4.50592e-006
8393 4.06183e-006
8394 3e-006
8395 4.66508e-006
8396 3.35262e-006
8397 4.1764e-006
8398 3e-006
8399 3.35262e-006
8400 5.30456e-006
8401 3.76908e-006
8402 5.75718e-006
8403 3e-006
8404 4.06145e-006
8405 6.64619e-006
8406 4.99148e-006
8407 3.7391e-006
8408 5.66682e-006
8409 3.99012e-006
8410 4.09532e-006
8411 3.31875e-006
8412 3.42433e-006
8413 6.50991e-006
8414 3.67137e-006
8415 4.66508e-006
8416 3e-006
8417 9.98836e-006
8418 4.21491e-006
8419 5.79427e-006
8420 3e-006
8421 7.64865e-006
8422 3e-006
8423 3e-006
8424 6.74737e-006
8425 3e-006
8426 3.35262e-006
8427 1.22773e-005
8428 6.36043e-006
8429 3e-006
8430 3e-006
8431 3e-006
8432 9.27768e-006
8433 3e-006
8434 5.2162e-006
8435 4.5939e-006
8436 3e-006
8437 6.54459e-006
8438 3.31875e-006
8439 3.39008e-006
8440 7.60714e-006
8441 4.12487e-006
8442 4.69535e-006
8443 4.11009e-006
8444 3.67137e-006
8445 3.39008e-006
8446 5.15677e-006
8447 3.35621e-006
8448 4.59509e-006
8449 3e-006
8450 3.6375e-006
8451 3e-006
8452 3.67611e-006
8453 3.31875e-006
8454 6.39905e-006
8455 5.31061e-006
8456 3.31875e-006
8457 4.17025e-006
8458 4.80606e-006
8459 4.30887e-006
8460 7.1011e-006
8461 4.06145e-006
8462 3e-006
8463 3.7391e-006
8464 3e-006
8465 3.31875e-006
8466 3.31875e-006
8467 3e-006
8468 4.34993e-006
8469 4.3766e-006
8470 3e-006
8471 5.99027e-006
8472 3e-006
8473 3.31875e-006
8474 3e-006
8475 3.67496e-006
8476 4.44434e-006
8477 3.31875e-006
8478 3.67137e-006
8479 4.06145e-006
8480 3.31875e-006
8481 7.32226e-006
8482 5.1229e-006
8483 3.6375e-006
8484 3.70523e-006
8485 4.31246e-006
8486 3e-006
8487 6.21814e-006
8488 4.70653e-006
8489 3.99012e-006
8490 3.67137e-006
8491 3e-006
8492 3e-006
8493 5.8808e-006
8494 3.72323e-006
8495 3.31875e-006
8496 4.58469e-006
8497 3.71611e-006
8498 3.99371e-006
8499 5.12688e-006
8500 3.36379e-006
8501 3.6375e-006
8502 7.08121e-006
8503 3.31875e-006
8504 6.56694e-006
8505 3.35262e-006
8506 3.31875e-006
8507 3e-006
8508 4.66997e-006
8509 3.31875e-006
8510 5.84165e-006
8511 3.78736e-006
8512 3.67137e-006
8513 4.02398e-006
8514 4.3766e-006
8515 6.62004e-006
8516 6.55974e-006
8517 3e-006
8518 3e-006
8519 4.275e-006
8520 3e-006
8521 3.94561e-006
8522 3e-006
8523 7.89382e-006
8524 7.77173e-006
8525 5.26871e-006
8526 3.38648e-006
8527 5.72653e-006
8528 3e-006
8529 1.00561e-005
8530 3.31875e-006
8531 5.41536e-006
8532 3.31875e-006
8533 5.92312e-006
8534 4.66148e-006
8535 7.21591e-006
8536 3.79134e-006
8537 3.31875e-006
8538 4.69535e-006
8539 4.72922e-006
8540 3.6375e-006
8541 5.91277e-006
8542 3e-006
8543 3.31875e-006
8544 3.42035e-006
8545 3.49292e-006
8546 6.86291e-006
8547 3.31875e-006
8548 4.06145e-006
8549 5.54325e-006
8550 4.94637e-006
8551 6.93501e-006
8552 4.05785e-006
8553 7.06567e-006
8554 3.31875e-006
8555 4.23438e-006
8556 5.06994e-006
8557 7.73992e-006
8558 3e-006
8559 5.06593e-006
8560 3.31875e-006
8561 3.31875e-006
8562 4.9125e-006
8563 5.30258e-006
8564 3e-006
8565 3.31875e-006
8566 5.7676e-006
8567 3.31875e-006
8568 4.9125e-006
8569 3.31875e-006
8570 4.81135e-006
8571 3.67933e-006
8572 4.16305e-006
8573 3.38648e-006
8574 3.95625e-006
8575 4.66148e-006
8576 3.6375e-006
8577 5.51265e-006
8578 4.94637e-006
8579 6.10942e-006
8580 3e-006
8581 3.31875e-006
8582 5.29583e-006
8583 5.26512e-006
8584 3.31875e-006
8585 3e-006
8586 4.11128e-006
8587 3.31875e-006
8588 5.79067e-006
8589 3.38648e-006
8590 1.00895e-005
8591 6.20277e-006
8592 5.62133e-006
8593 4.12995e-006
8594 6.14688e-006
8595 4.69535e-006
8596 8.13911e-006
8597 3e-006
8598 3e-006
8599 4.8343e-006
8600 4.64754e-006
8601 3e-006
8602 3.6375e-006
8603 4.9125e-006
8604 3.67496e-006
8605 3.67137e-006
8606 3.67137e-006
8607 3.72323e-006
8608 3.6375e-006
8609 5.97395e-006
8610 6.33376e-006
8611 6.25928e-006
8612 7.13027e-006
8613 4.87188e-006
8614 3e-006
8615 3.31875e-006
8616 3e-006
8617 3e-006
8618 3e-006
8619 4.31606e-006
8620 5.6588e-006
8621 5.08543e-006
8622 7.07331e-006
8623 4.67266e-006
8624 4.96761e-006
8625 4.81732e-006
8626 5.29898e-006
8627 3.31875e-006
8628 3.99731e-006
8629 3.31875e-006
8630 3e-006
8631 3.31875e-006
8632 3e-006
8633 4.73396e-006
8634 4.84919e-006
8635 3e-006
8636 3e-006
8637 4.3874e-006
8638 3.31875e-006
8639 5.34005e-006
8640 3.31875e-006
8641 3.82559e-006
8642 5.41176e-006
8643 4.69895e-006
8644 5.72293e-006
8645 7.81993e-006
8646 6.29668e-006
8647 3.6375e-006
8648 4.275e-006
8649 1.19879e-005
8650 3.31875e-006
8651 3e-006
8652 3.31875e-006
8653 3.31875e-006
8654 4.07224e-006
8655 4.98023e-006
8656 3e-006
8657 3e-006
8658 5.09263e-006
8659 3e-006
8660 3.6375e-006
8661 4.5906e-006
8662 7.37365e-006
8663 4.98023e-006
8664 3e-006
8665 5.0141e-006
8666 3.67137e-006
8667 3.95625e-006
8668 3.35262e-006
8669 5.42256e-006
8670 6.01141e-006
8671 5.6689e-006
8672 9.12647e-006
8673 4.91158e-006
8674 9.03374e-006
8675 4.30887e-006
8676 5.62618e-006
8677 3.99012e-006
8678 6.00422e-006
8679 3.31875e-006
8680 4.62762e-006
8681 3.31875e-006
8682 7.32066e-006
8683 3.81403e-006
8684 5.48348e-006
8685 3.95625e-006
8686 3.31875e-006
8687 3.35262e-006
8688 3e-006
8689 3.67137e-006
8690 7.92032e-006
8691 3.31875e-006
8692 6.68354e-006
8693 4.51567e-006
8694 5.68907e-006
8695 4.88268e-006
8696 5.68547e-006
8697 3e-006
8698 4.7404e-006
8699 3e-006
8700 6.27875e-006
8701 3.99012e-006
8702 3e-006
8703 3e-006
8704 4.84757e-006
8705 3.6375e-006
8706 3e-006
8707 3.67496e-006
8708 3.95625e-006
8709 3.6375e-006
8710 3.95625e-006
8711 4.06941e-006
8712 4.70729e-006
8713 5.33645e-006
8714 3.35262e-006
8715 3e-006
8716 3.93439e-006
8717 8.17942e-006
8718 1.00449e-005
8719 3e-006
8720 4.69535e-006
8721 3e-006
8722 3e-006
8723 4.9125e-006
8724 3.31875e-006
8725 6.07632e-006
8726 3e-006
8727 3.6375e-006
8728 3.45782e-006
8729 3.31875e-006
8730 3.38648e-006
8731 3.31875e-006
8732 6.96047e-006
8733 6.18511e-006
8734 3e-006
8735 3.99012e-006
8736 5.25477e-006
8737 3e-006
8738 6.93058e-006
8739 3.77297e-006
8740 6.02008e-006
8741 5.33645e-006
8742 4.02398e-006
8743 5.18789e-006
8744 3e-006
8745 3.39008e-006
8746 5.04198e-006
8747 6.78798e-006
8748 3.31875e-006
8749 3.99012e-006
8750 3.45782e-006
8751 3.49566e-006
8752 8.07776e-006
8753 3e-006
8754 3.31875e-006
8755 3e-006
8756 3.31875e-006
8757 5.79473e-006
8758 3e-006
8759 3.64959e-006
8760 3.6375e-006
8761 3e-006
8762 9.0656e-006
8763 4.30887e-006
8764 5.43805e-006
8765 4.30887e-006
8766 3.67137e-006
8767 3.35262e-006
8768 3e-006
8769 3e-006
8770 3e-006
8771 7.65828e-006
8772 3.70883e-006
8773 4.49619e-006
8774 4.51567e-006
8775 3.35262e-006
8776 4.99186e-006
8777 6.75444e-006
8778 3.6375e-006
8779 4.31974e-006
8780 6.12106e-006
8781 3.67137e-006
8782 3.31875e-006
8783 7.21769e-006
8784 6.46203e-006
8785 3.7096e-006
8786 3e-006
8787 3.6375e-006
8788 3e-006
8789 3e-006
8790 4.66508e-006
8791 3e-006
8792 6.38486e-006
8793 3.31875e-006
8794 3.6375e-006
8795 3.31875e-006
8796 3.6375e-006
8797 3e-006
8798 3e-006
8799 3.31875e-006
8800 3.6375e-006
8801 3.7499e-006
8802 5.7568e-006
8803 4.62235e-006
8804 7.44544e-006
8805 3.35262e-006
8806 4.88666e-006
8807 3e-006
8808 3.6375e-006
8809 3.7463e-006
8810 4.02398e-006
8811 3e-006
8812 4.41047e-006
8813 3e-006
8814 4.69535e-006
8815 3e-006
8816 3.95625e-006
8817 3.67137e-006
8818 8.04388e-006
8819 3e-006
8820 3.70926e-006
8821 3.67496e-006
8822 4.91337e-006
8823 5.0177e-006
8824 3.7391e-006
8825 3.31875e-006
8826 3.31875e-006
8827 3.67137e-006
8828 3e-006
8829 4.06187e-006
8830 5.61773e-006
8831 4.59375e-006
8832 3e-006
8833 5.33285e-006
8834 4.38533e-006
8835 5.62936e-006
8836 5.52216e-006
8837 3e-006
8838 4.98023e-006
8839 6.96407e-006
8840 4.23079e-006
8841 3.6375e-006
8842 3e-006
8843 3.31875e-006
8844 5.28356e-006
8845 6.37314e-006
8846 3.31875e-006
8847 4.62762e-006
8848 6.24455e-006
8849 3.31875e-006
8850 3e-006
8851 6.14328e-006
8852 3.6375e-006
8853 5.18388e-006
8854 3.67137e-006
8855 3e-006
8856 3.95625e-006
8857 3.6375e-006
8858 8.84e-006
8859 6.21944e-006
8860 4.69535e-006
8861 5.45042e-006
8862 6.65508e-006
8863 3.7427e-006
8864 3e-006
8865 3.38648e-006
8866 3.6375e-006
8867 4.02758e-006
8868 3.35981e-006
8869 3.67137e-006
8870 5.0177e-006
8871 3.81043e-006
8872 3e-006
8873 3e-006
8874 3.67496e-006
8875 4.38778e-006
8876 3.9941e-006
8877 3.6375e-006
8878 3e-006
8879 3.6375e-006
8880 3.5634e-006
8881 3e-006
8882 6.2891e-006
8883 1.09357e-005
8884 7.53504e-006
8885 3e-006
8886 3e-006
8887 8.15384e-006
8888 3e-006
8889 3.31875e-006
8890 3.70523e-006
8891 3e-006
8892 3.35262e-006
8893 3.45422e-006
8894 5.73422e-006
8895 3.68576e-006
8896 3.31875e-006
8897 3.6375e-006
8898 4.00811e-006
8899 4.04389e-006
8900 4.275e-006
8901 5.22103e-006
8902 3e-006
8903 3.6375e-006
8904 5.41536e-006
8905 3.6375e-006
8906 3.85788e-006
8907 4.06505e-006
8908 7.0354e-006
8909 3.38648e-006
8910 4.06145e-006
8911 3.78131e-006
8912 5.70057e-006
8913 3.38648e-006
8914 3.95625e-006
8915 3e-006
8916 6.49988e-006
8917 3.35262e-006
8918 3.6375e-006
8919 8.14343e-006
8920 3e-006
8921 5.46041e-006
8922 3.31875e-006
8923 4.09532e-006
8924 3.38648e-006
8925 3.31875e-006
8926 7.05062e-006
8927 7.21553e-006
8928 3e-006
8929 3.31875e-006
8930 7.82075e-006
8931 8.54036e-006
8932 3e-006
8933 3.35262e-006
8934 7.07646e-006
8935 5.66316e-006
8936 3.38648e-006
8937 3.67137e-006
8938 3.99012e-006
8939 4.41766e-006
8940 4.71747e-006
8941 3e-006
8942 3e-006
8943 4.67273e-006
8944 3.35621e-006
8945 3e-006
8946 3.6375e-006
8947 5.93693e-006
8948 5.44525e-006
8949 3.31875e-006
8950 3.31875e-006
8951 6.60785e-006
8952 3.95625e-006
8953 4.72922e-006
8954 3.6375e-006
8955 5.70505e-006
8956 3.70883e-006
8957 5.01891e-006
8958 3.67496e-006
8959 6.19636e-006
8960 4.45153e-006
8961 5.53136e-006
8962 3e-006
8963 4.07775e-006
8964 3e-006
8965 5.29228e-006
8966 3e-006
8967 5.09263e-006
8968 3e-006
8969 3.31875e-006
8970 5.47911e-006
8971 4.02398e-006
8972 7.46137e-006
8973 3.6375e-006
8974 4.67228e-006
8975 3e-006
8976 3.31875e-006
8977 3.43191e-006
8978 3.31875e-006
8979 5.32021e-006
8980 3.67543e-006
8981 3e-006
8982 1.15544e-005
8983 4.02398e-006
8984 4.34273e-006
8985 8.39477e-006
8986 4.41407e-006
8987 3e-006
8988 4.275e-006
8989 3.42035e-006
8990 3e-006
8991 3.46501e-006
8992 3.6375e-006
8993 6.33016e-006
8994 3e-006
8995 3.6375e-006
8996 5.26871e-006
8997 3.31875e-006
8998 9.687e-006
8999 3.3602e-006
9000 3.95625e-006
9001 5.37268e-006
9002 3.31875e-006
9003 4.31689e-006
9004 3e-006
9005 4.275e-006
9006 3e-006
9007 3.43115e-006
9008 4.49374e-006
9009 4.66148e-006
9010 4.62762e-006
9011 3.31875e-006
9012 4.78134e-006
9013 5.37391e-006
9014 3.35621e-006
9015 6.40559e-006
9016 3e-006
9017 4.12559e-006
9018 3e-006
9019 5.74969e-006
9020 3.31875e-006
9021 6.3979e-006
9022 3.35621e-006
9023 3.70523e-006
9024 4.3766e-006
9025 4.05785e-006
9026 3.6375e-006
9027 3.31875e-006
9028 5.61535e-006
9029 3.35262e-006
9030 3.31875e-006
9031 3.67137e-006
9032 3e-006
9033 3.35262e-006
9034 5.29898e-006
9035 3e-006
9036 5.79786e-006
9037 3e-006
9038 4.96867e-006
9039 3.6375e-006
9040 5.76212e-006
9041 3e-006
9042 3e-006
9043 3e-006
9044 4.06941e-006
9045 3e-006
9046 3e-006
9047 3e-006
9048 3.67137e-006
9049 3e-006
9050 3e-006
9051 6.46203e-006
9052 6.8972e-006
9053 3.99012e-006
9054 4.02398e-006
9055 4.73641e-006
9056 3.70523e-006
9057 3e-006
9058 3.95625e-006
9059 3e-006
9060 3.78461e-006
9061 3.99012e-006
9062 3e-006
9063 3.31875e-006
9064 3.6375e-006
9065 3.35262e-006
9066 3.95625e-006
9067 6.43253e-006
9068 3.31875e-006
9069 3.6375e-006
9070 4.66989e-006
9071 3.31875e-006
9072 3e-006
9073 5.09301e-006
9074 4.30887e-006
9075 5.7568e-006
9076 3.31875e-006
9077 3.31875e-006
9078 4.93645e-006
9079 3e-006
9080 5.86384e-006
9081 3.67137e-006
9082 3e-006
9083 3e-006
9084 4.06145e-006
9085 6.93065e-006
9086 7.10673e-006
9087 3e-006
9088 3e-006
9089 5.19461e-006
9090 3e-006
9091 3.35262e-006
9092 3.31875e-006
9093 8.27734e-006
9094 3.70523e-006
9095 3e-006
9096 8.77612e-006
9097 3.35262e-006
9098 3.42035e-006
9099 4.05785e-006
9100 6.82185e-006
9101 3.31875e-006
9102 3.99012e-006
9103 3.35262e-006
9104 3.67137e-006
9105 3.95625e-006
9106 3.91204e-006
9107 3.88177e-006
9108 4.30887e-006
9109 5.84884e-006
9110 3e-006
9111 4.3838e-006
9112 5.90353e-006
9113 3e-006
9114 5.36073e-006
9115 4.54567e-006
9116 3e-006
9117 3e-006
9118 5.33285e-006
9119 4.05785e-006
9120 3.31875e-006
9121 4.275e-006
9122 3e-006
9123 3.95625e-006
9124 3e-006
9125 3.81441e-006
9126 3.3566e-006
9127 3e-006
9128 4.11446e-006
9129 3.81801e-006
9130 3e-006
9131 3.6375e-006
9132 3.6375e-006
9133 4.06145e-006
9134 3.31875e-006
9135 3.99012e-006
9136 5.09738e-006
9137 4.29061e-006
9138 4.76486e-006
9139 3.95625e-006
9140 3.35262e-006
9141 4.81655e-006
9142 3.35621e-006
9143 6.20678e-006
9144 3.6375e-006
9145 4.76309e-006
9146 3e-006
9147 6.97486e-006
9148 6.26555e-006
9149 7.39604e-006
9150 3.99012e-006
9151 5.26071e-006
9152 4.73495e-006
9153 6.077e-006
9154 3e-006
9155 5.54599e-006
9156 5.27322e-006
9157 3e-006
9158 5.34162e-006
9159 3.31875e-006
9160 7.74504e-006
9161 3e-006
9162 3e-006
9163 4.5834e-006
9164 3e-006
9165 3e-006
9166 9.9018e-006
9167 3e-006
9168 3.67137e-006
9169 4.9125e-006
9170 3.35262e-006
9171 3.31875e-006
9172 7.97169e-006
9173 7.56385e-006
9174 3e-006
9175 3e-006
9176 4.80305e-006
9177 3e-006
9178 4.86829e-006
9179 3e-006
9180 4.19138e-006
9181 4.66148e-006
9182 3.43115e-006
9183 4.42461e-006
9184 3e-006
9185 4.06145e-006
9186 3.78376e-006
9187 3.95625e-006
9188 4.8456e-006
9189 7.57536e-006
9190 3.67137e-006
9191 3e-006
9192 5.54727e-006
9193 3.6375e-006
9194 3.6375e-006
9195 3e-006
9196 3.35262e-006
9197 4.41047e-006
9198 4.02398e-006
9199 5.15677e-006
9200 4.74442e-006
9201 3e-006
9202 3e-006
9203 3e-006
9204 3.99012e-006
9205 4.9125e-006
9206 3e-006
9207 6.72544e-006
9208 4.275e-006
9209 3e-006
9210 3e-006
9211 3e-006
9212 6.44256e-006
9213 3.92703e-006
9214 3.42395e-006
9215 3.67137e-006
9216 3e-006
9217 7.18684e-006
9218 4.94637e-006
9219 3.77297e-006
9220 3.6375e-006
9221 3.70523e-006
9222 3.6375e-006
9223 3.31875e-006
9224 3.31875e-006
9225 3.95625e-006
9226 3e-006
9227 3e-006
9228 3e-006
9229 4.34633e-006
9230 3.6375e-006
9231 6.25523e-006
9232 3.67137e-006
9233 6.22541e-006
9234 3.35262e-006
9235 4.34273e-006
9236 5.0177e-006
9237 3e-006
9238 6.28883e-006
9239 3.31875e-006
9240 3.99371e-006
9241 4.98023e-006
9242 6.79158e-006
9243 3e-006
9244 3e-006
9245 3.31875e-006
9246 3.6375e-006
9247 3e-006
9248 3e-006
9249 3.99776e-006
9250 5.20503e-006
9251 3.35262e-006
9252 3e-006
9253 6.30518e-006
9254 3.31875e-006
9255 3e-006
9256 4.30887e-006
9257 3e-006
9258 7.02112e-006
9259 3.67535e-006
9260 3e-006
9261 3.6375e-006
9262 5.34403e-006
9263 3.6375e-006
9264 3e-006
9265 8.93936e-006
9266 3e-006
9267 3e-006
9268 3.67137e-006
9269 5.3485e-006
9270 5.72691e-006
9271 3e-006
9272 3e-006
9273 3e-006
9274 8.33707e-006
9275 3e-006
9276 5.47192e-006
9277 4.69535e-006
9278 3e-006
9279 3e-006
9280 3e-006
9281 3e-006
9282 3.7391e-006
9283 3e-006
9284 3.31875e-006
9285 4.26114e-006
9286 3.67137e-006
9287 3.6375e-006
9288 4.69535e-006
9289 3.6375e-006
9290 7.54507e-006
9291 3.95625e-006
9292 3.31875e-006
9293 3.95625e-006
9294 3.31875e-006
9295 3.35262e-006
9296 5.37904e-006
9297 4.30212e-006
9298 4.74399e-006
9299 7.58278e-006
9300 3.99012e-006
9301 3.95625e-006
9302 6.07555e-006
9303 4.44159e-006
9304 3.35262e-006
9305 3.67137e-006
9306 5.55e-006
9307 6.46563e-006
9308 3.31875e-006
9309 3e-006
9310 4.31901e-006
9311 3.31875e-006
9312 5.99747e-006
9313 3e-006
9314 4.81135e-006
9315 7.24155e-006
9316 4.62762e-006
9317 3.6375e-006
9318 5.1756e-006
9319 5.33645e-006
9320 3e-006
9321 4.34633e-006
9322 3.99012e-006
9323 3e-006
9324 4.05785e-006
9325 7.29482e-006
9326 5.15791e-006
9327 3e-006
9328 3e-006
9329 3.95625e-006
9330 6.78843e-006
9331 3.6375e-006
9332 3e-006
9333 6.62352e-006
9334 4.7368e-006
9335 8.08126e-006
9336 3e-006
9337 3.31875e-006
9338 3.6375e-006
9339 3e-006
9340 4.09172e-006
9341 3e-006
9342 4.03561e-006
9343 3e-006
9344 3.31875e-006
9345 3.31875e-006
9346 3.6375e-006
9347 3e-006
9348 4.41407e-006
9349 4.80775e-006
9350 1.10868e-005
9351 3e-006
9352 3.31875e-006
9353 3.67137e-006
9354 3.6375e-006
9355 3.39804e-006
9356 3.6375e-006
9357 3.99012e-006
9358 3e-006
9359 3e-006
9360 4.87586e-006
9361 4.62762e-006
9362 3e-006
9363 5.93648e-006
9364 3.31875e-006
9365 7.25414e-006
9366 3.99012e-006
9367 3e-006
9368 6.61588e-006
9369 3.6375e-006
9370 4.95401e-006
9371 3.31875e-006
9372 4.98383e-006
9373 4.3838e-006
9374 3.31875e-006
9375 3.95625e-006
9376 4.3766e-006
9377 5.33645e-006
9378 3.6375e-006
9379 5.97395e-006
9380 8.3032e-006
9381 3.31875e-006
9382 4.02758e-006
9383 3.78376e-006
9384 5.05157e-006
9385 3e-006
9386 3.45422e-006
9387 6.61588e-006
9388 3.31875e-006
9389 3.31875e-006
9390 3.35621e-006
9391 3.67496e-006
9392 3.35774e-006
9393 4.71089e-006
9394 3.95625e-006
9395 3e-006
9396 6.82317e-006
9397 4.62762e-006
9398 3e-006
9399 4.71017e-006
9400 3e-006
9401 3e-006
9402 4.275e-006
9403 3.31875e-006
9404 3e-006
9405 3.31875e-006
9406 3e-006
9407 3e-006
9408 3.67137e-006
9409 6.67918e-006
9410 3e-006
9411 1.05092e-005
9412 4.56197e-006
9413 5.5844e-006
9414 6.4995e-006
9415 3e-006
9416 3.6375e-006
9417 5.30258e-006
9418 3e-006
9419 3.6375e-006
9420 7.72669e-006
9421 3.78016e-006
9422 3.80684e-006
9423 3.6375e-006
9424 3.6375e-006
9425 3.31875e-006
9426 3.31875e-006
9427 3e-006
9428 3.70523e-006
9429 6.15889e-006
9430 4.73641e-006
9431 3.31875e-006
9432 8.53274e-006
9433 3.99012e-006
9434 6.28235e-006
9435 3e-006
9436 3e-006
9437 8.61502e-006
9438 4.30887e-006
9439 3.6375e-006
9440 4.54954e-006
9441 7.20206e-006
9442 4.30887e-006
9443 3e-006
9444 3e-006
9445 4.30887e-006
9446 6.3943e-006
9447 5.47628e-006
9448 3e-006
9449 3e-006
9450 3.70523e-006
9451 3.95625e-006
9452 3.95625e-006
9453 4.3316e-006
9454 4.56056e-006
9455 5.80265e-006
9456 4.66508e-006
9457 3.31875e-006
9458 3.6375e-006
9459 5.10783e-006
9460 5.85523e-006
9461 1.02928e-005
9462 3.35262e-006
9463 3.31875e-006
9464 3.31875e-006
9465 3e-006
9466 5.07204e-006
9467 6.00782e-006
9468 4.3766e-006
9469 3e-006
9470 4.41047e-006
9471 3.6375e-006
9472 3e-006
9473 3.77297e-006
9474 4.02398e-006
9475 3.31875e-006
9476 5.58387e-006
9477 5.47552e-006
9478 3e-006
9479 7.17883e-006
9480 3.6375e-006
9481 3e-006
9482 5.26512e-006
9483 3.99012e-006
9484 3.81801e-006
9485 3.95625e-006
9486 7.8797e-006
9487 5.0177e-006
9488 3e-006
9489 3e-006
9490 5.04797e-006
9491 5.48708e-006
9492 6.05937e-006
9493 3.31875e-006
9494 5.03089e-006
9495 3e-006
9496 3e-006
9497 4.50377e-006
9498 3e-006
9499 3.6375e-006
9500 5.31341e-006
9501 7.20833e-006
9502 6.19193e-006
9503 4.44434e-006
9504 1.09481e-005
9505 3.31875e-006
9506 3e-006
9507 3.35262e-006
9508 4.4854e-006
9509 3.6375e-006
9510 3.39008e-006
9511 3e-006
9512 4.73282e-006
9513 3e-006
9514 5.55e-006
9515 3.31875e-006
9516 5.86598e-006
9517 4.30887e-006
9518 3.85188e-006
9519 5.28513e-006
9520 3e-006
9521 4.69895e-006
9522 3.31875e-006
9523 4.10251e-006
9524 5.22023e-006
9525 4.45915e-006
9526 3e-006
9527 5.33645e-006
9528 4.275e-006
9529 3.42035e-006
9530 6.58523e-006
9531 3e-006
9532 3.6375e-006
9533 5.55e-006
9534 6.89273e-006
9535 4.93602e-006
9536 3.6375e-006
9537 3.31875e-006
9538 6.54012e-006
9539 3e-006
9540 3e-006
9541 4.67343e-006
9542 6.32342e-006
9543 4.06865e-006
9544 3e-006
9545 4.3802e-006
9546 4.09172e-006
9547 4.03118e-006
9548 3.35262e-006
9549 4.02758e-006
9550 3e-006
9551 3e-006
9552 3.31875e-006
9553 3.31875e-006
9554 4.42846e-006
9555 4.34273e-006
9556 4.81011e-006
9557 5.55e-006
9558 3.95625e-006
9559 3e-006
9560 3.45782e-006
9561 3.31875e-006
9562 3.6375e-006
9563 3e-006
9564 3.31875e-006
9565 4.10251e-006
9566 6.35683e-006
9567 7.27527e-006
9568 6.76567e-006
9569 4.5477e-006
9570 3e-006
9571 3e-006
9572 3e-006
9573 3e-006
9574 4.70297e-006
9575 3e-006
9576 3.67856e-006
9577 6.37244e-006
9578 6.10582e-006
9579 4.18981e-006
9580 5.37032e-006
9581 4.34273e-006
9582 3e-006
9583 4.98023e-006
9584 8.63718e-006
9585 9.54973e-006
9586 3.67137e-006
9587 3e-006
9588 8.2194e-006
9589 3.35262e-006
9590 4.03118e-006
9591 4.53726e-006
9592 3.45422e-006
9593 3.31875e-006
9594 3e-006
9595 7.35111e-006
9596 5.31059e-006
9597 4.69535e-006
9598 3e-006
9599 4.30887e-006
9600 3e-006
9601 3.67137e-006
9602 3.38648e-006
9603 4.00091e-006
9604 3.31875e-006
9605 3e-006
9606 3.31875e-006
9607 3.67137e-006
9608 3.31875e-006
9609 3e-006
9610 4.98023e-006
9611 4.3404e-006
9612 3.31875e-006
9613 4.00451e-006
9614 3.31875e-006
9615 3e-006
9616 3.31875e-006
9617 5.02615e-006
9618 3e-006
9619 3.67137e-006
9620 3.6375e-006
9621 3e-006
9622 4.31285e-006
9623 6.47762e-006
9624 3e-006
9625 3.31875e-006
9626 4.66508e-006
9627 3e-006
9628 3.6375e-006
9629 4.00091e-006
9630 4.59375e-006
9631 3e-006
9632 3.67137e-006
9633 3e-006
9634 3.44232e-006
9635 4.02398e-006
9636 9.08227e-006
9637 3.70523e-006
9638 3.35262e-006
9639 3.99012e-006
9640 5.79067e-006
9641 4.12559e-006
9642 3.31875e-006
9643 6.47325e-006
9644 3e-006
9645 3.31875e-006
9646 5.05157e-006
9647 3.35262e-006
9648 3e-006
9649 4.48578e-006
9650 3.42035e-006
9651 3e-006
9652 6.54328e-006
9653 3e-006
9654 4.49302e-006
9655 3.40126e-006
9656 7.62999e-006
9657 3e-006
9658 7.43268e-006
9659 3.6375e-006
9660 4.275e-006
9661 5.26512e-006
9662 5.36672e-006
9663 3.90056e-006
9664 3e-006
9665 3.38648e-006
9666 3.99012e-006
9667 3.68936e-006
9668 4.275e-006
9669 3.6375e-006
9670 3.31875e-006
9671 3.67137e-006
9672 6.64172e-006
9673 3.95625e-006
9674 7.48242e-006
9675 3.35262e-006
9676 3.87817e-006
9677 3e-006
9678 3.47221e-006
9679 3e-006
9680 3e-006
9681 4.34671e-006
9682 7.19644e-006
9683 3.7391e-006
9684 4.30887e-006
9685 5.40897e-006
9686 6.32297e-006
9687 4.31725e-006
9688 3.31875e-006
9689 3e-006
9690 4.16835e-006
9691 3.7499e-006
9692 4.77469e-006
9693 3e-006
9694 3.45422e-006
9695 3.95625e-006
9696 3.31875e-006
9697 3e-006
9698 3.31875e-006
9699 5.55443e-006
9700 3e-006
9701 4.83442e-006
9702 4.3838e-006
9703 3.31875e-006
9704 5.58868e-006
9705 4.44793e-006
9706 3.35262e-006
9707 3.6375e-006
9708 3.88935e-006
9709 3.6375e-006
9710 1.16093e-005
9711 3e-006
9712 3.75028e-006
9713 3.6375e-006
9714 3.35262e-006
9715 5.0141e-006
9716 4.03876e-006
9717 3.77695e-006
9718 3.7427e-006
9719 7.1334e-006
9720 3.78813e-006
9721 3.35262e-006
9722 3.95625e-006
9723 3.70523e-006
9724 3.31875e-006
9725 3e-006
9726 4.275e-006
9727 6.74332e-006
9728 3.71285e-006
9729 3e-006
9730 5.30258e-006
9731 3.78093e-006
9732 3.38648e-006
9733 4.02398e-006
9734 3.42755e-006
9735 3.31875e-006
9736 3e-006
9737 5.29898e-006
9738 3.35262e-006
9739 3.6375e-006
9740 4.275e-006
9741 3.6375e-006
9742 4.02134e-006
9743 6.80238e-006
9744 4.21491e-006
9745 7.3848e-006
9746 4.28264e-006
9747 3.31875e-006
9748 6.14765e-006
9749 3e-006
9750 4.275e-006
9751 4.70974e-006
9752 8.12602e-006
9753 4.90215e-006
9754 3.6375e-006
9755 5.1193e-006
9756 5.90698e-006
9757 3.31875e-006
9758 7.55786e-006
9759 3.7391e-006
9760 8.02552e-006
9761 3e-006
9762 3.88575e-006
9763 3.78376e-006
9764 7.03108e-006
9765 3.35262e-006
9766 4.275e-006
9767 3.6375e-006
9768 3.7391e-006
9769 3.42035e-006
9770 4.41047e-006
9771 3.95625e-006
9772 3.70883e-006
9773 3e-006
9774 3.31875e-006
9775 6.02221e-006
9776 8.49251e-006
9777 4.31246e-006
9778 5.24087e-006
9779 3.31875e-006
9780 4.59375e-006
9781 3.6375e-006
9782 1.05188e-005
9783 3.31875e-006
9784 3e-006
9785 3.7391e-006
9786 3.71243e-006
9787 6.2258e-006
9788 7.91672e-006
9789 5.96039e-006
9790 3.31875e-006
9791 3e-006
9792 3e-006
9793 3.70523e-006
9794 5.04797e-006
9795 3.99012e-006
9796 3e-006
9797 6.57735e-006
9798 5.05157e-006
9799 3.31875e-006
9800 3.6375e-006
9801 3.35262e-006
9802 5.20339e-006
9803 3.31875e-006
9804 4.09891e-006
9805 3.31875e-006
9806 7.22387e-006
9807 5.33285e-006
9808 3.6375e-006
9809 3.31875e-006
9810 5.62898e-006
9811 3e-006
9812 3.7427e-006
9813 5.2173e-006
9814 4.3802e-006
9815 3.6375e-006
9816 3.70523e-006
9817 3e-006
9818 5.77119e-006
9819 4.1029e-006
9820 6.10942e-006
9821 5.94926e-006
9822 3.95625e-006
9823 3.95625e-006
9824 3e-006
9825 3e-006
9826 6.71707e-006
9827 5.0141e-006
9828 3e-006
9829 3.6375e-006
9830 3.31875e-006
9831 3.99012e-006
9832 3e-006
9833 3.31875e-006
9834 3.31875e-006
9835 3e-006
9836 3.31875e-006
9837 3.31875e-006
9838 3.31875e-006
9839 3e-006
9840 3.42793e-006
9841 3e-006
9842 4.44002e-006
9843 3e-006
9844 3.31875e-006
9845 8.0846e-006
9846 3e-006
9847 3e-006
9848 3e-006
9849 5.37032e-006
9850 4.3802e-006
9851 3.70883e-006
9852 4.41766e-006
9853 3.6375e-006
9854 3e-006
9855 4.4782e-006
9856 3e-006
9857 3.67137e-006
9858 3.31875e-006
9859 3e-006
9860 4.76668e-006
9861 3.38648e-006
9862 3.6375e-006
9863 3e-006
9864 3.31875e-006
9865 8.27055e-006
9866 3.31875e-006
9867 4.37675e-006
9868 4.81575e-006
9869 5.02894e-006
9870 3.67137e-006
9871 3.35262e-006
9872 4.98383e-006
9873 4.66508e-006
9874 3.42395e-006
9875 3e-006
9876 3.6375e-006
9877 3e-006
9878 5.09263e-006
9879 3.3602e-006
9880 4.73686e-006
9881 5.37032e-006
9882 3.95625e-006
9883 3e-006
9884 4.00378e-006
9885 3.38648e-006
9886 3.99012e-006
9887 6.10582e-006
9888 3e-006
9889 4.02398e-006
9890 3.31875e-006
9891 4.72922e-006
9892 3e-006
9893 5.51708e-006
9894 3e-006
9895 9.42635e-006
9896 6.87011e-006
9897 3.67137e-006
9898 4.98023e-006
9899 3.71603e-006
9900 4.09172e-006
9901 4.275e-006
9902 3.67137e-006
9903 3e-006
9904 7.31596e-006
9905 3.95625e-006
9906 3.70883e-006
9907 3.31875e-006
9908 3.31875e-006
9909 3.31875e-006
9910 4.12043e-006
9911 4.275e-006
9912 4.06903e-006
9913 3.67496e-006
9914 5.0141e-006
9915 5.6552e-006
9916 4.275e-006
9917 4.02398e-006
9918 5.04797e-006
9919 3.67137e-006
9920 3e-006
9921 3e-006
9922 5.0177e-006
9923 5.23125e-006
9924 3.31875e-006
9925 3.67137e-006
9926 5.50219e-006
9927 3e-006
9928 4.3766e-006
9929 3.99012e-006
9930 3.95625e-006
9931 3.67137e-006
9932 8.0176e-006
9933 3.99012e-006
9934 3.35262e-006
9935 3e-006
9936 3.75756e-006
9937 3e-006
9938 3e-006
9939 3.31875e-006
9940 3.95625e-006
9941 3e-006
9942 3.31875e-006
9943 3.67137e-006
9944 4.70374e-006
9945 4.69535e-006
9946 4.05785e-006
9947 3.35262e-006
9948 3.31875e-006
9949 5.62493e-006
9950 5.1301e-006
9951 4.93962e-006
9952 5.26512e-006
9953 4.05785e-006
9954 3e-006
9955 3e-006
9956 3e-006
9957 4.70974e-006
9958 3e-006
9959 3.31875e-006
9960 8.61131e-006
9961 5.08903e-006
9962 3.31875e-006
9963 6.99433e-006
9964 4.09417e-006
9965 3e-006
9966 6.91715e-006
9967 3.9567e-006
9968 3e-006
9969 4.69535e-006
9970 7.23236e-006
9971 3.35262e-006
9972 5.1229e-006
9973 3.99012e-006
9974 3e-006
9975 3e-006
9976 3e-006
9977 3.35262e-006
9978 3.31875e-006
9979 5.37751e-006
9980 3e-006
9981 3.95625e-006
9982 3.99371e-006
9983 3.31875e-006
9984 4.09172e-006
9985 3e-006
9986 6.77728e-006
9987 3.74308e-006
9988 3e-006
9989 3.99012e-006
9990 3.35262e-006
9991 4.73282e-006
9992 3e-006
9993 4.98383e-006
9994 3.6375e-006
9995 5.08941e-006
9996 3e-006
9997 3.99371e-006
9998 4.03118e-006
9999 3.35262e-006
10000 9.05753e-006
10001 4.12995e-006
10002 3.35621e-006
10003 4.45716e-006
10004 3.70523e-006
10005 3e-006
10006 4.02398e-006
10007 3e-006
10008 3.67137e-006
10009 3.49168e-006
10010 7.59482e-006
10011 3e-006
10012 4.03478e-006
10013 3.31875e-006
10014 3.31875e-006
10015 3.31875e-006
10016 3e-006
10017 3e-006
10018 3.31875e-006
10019 3.67137e-006
10020 6.48481e-006
10021 4.06505e-006
10022 5.29898e-006
10023 6.3202e-006
10024 6.86338e-006
10025 4.66727e-006
10026 3e-006
10027 4.35119e-006
10028 3.31875e-006
10029 3e-006
10030 4.54522e-006
10031 3.38648e-006
10032 3.70523e-006
10033 3e-006
10034 3.4582e-006
10035 3.70523e-006
10036 3e-006
10037 4.13278e-006
10038 3e-006
10039 3.6375e-006
10040 3.6375e-006
10041 3e-006
10042 4.80055e-006
10043 3.31875e-006
10044 3e-006
10045 4.62762e-006
10046 3.52915e-006
10047 4.98023e-006
10048 5.80261e-006
10049 4.09532e-006
10050 4.34273e-006
10051 3.81966e-006
10052 3.99012e-006
10053 4.69535e-006
10054 3.95625e-006
10055 3.31875e-006
10056 3.35698e-006
10057 8.34228e-006
10058 4.5834e-006
10059 5.40778e-006
10060 3.67137e-006
10061 3.35621e-006
10062 3e-006
10063 4.6994e-006
10064 5.08381e-006
10065 4.86167e-006
10066 5.97395e-006
10067 3.95625e-006
10068 4.94637e-006
10069 6.7341e-006
10070 3.35262e-006
10071 3e-006
10072 3.38648e-006
10073 7.32066e-006
10074 3e-006
10075 5.00985e-006
10076 3.31875e-006
10077 3e-006
10078 3e-006
10079 8.1479e-006
10080 6.21102e-006
10081 4.88578e-006
10082 4.73473e-006
10083 3e-006
10084 5.37032e-006
10085 3.95625e-006
10086 4.02398e-006
10087 3.39008e-006
10088 3.31875e-006
10089 4.98023e-006
10090 4.55313e-006
10091 3e-006
10092 4.58738e-006
10093 3.31875e-006
10094 3.31875e-006
10095 3.6375e-006
10096 5.41498e-006
10097 3e-006
10098 3.6375e-006
10099 4.66148e-006
10100 4.12559e-006
10101 3e-006
10102 4.3766e-006
10103 4.06505e-006
10104 3.6375e-006
10105 3e-006
10106 3e-006
10107 6.26288e-006
10108 3.31875e-006
10109 3.35262e-006
10110 3.6375e-006
10111 3.31875e-006
10112 5.1193e-006
10113 3.35262e-006
10114 3e-006
10115 3e-006
10116 4.76668e-006
10117 5.19859e-006
10118 3.67137e-006
10119 3e-006
10120 4.09172e-006
10121 3.31875e-006
10122 6.74332e-006
10123 3e-006
10124 3.38648e-006
10125 3.95625e-006
10126 3.67543e-006
10127 4.23371e-006
10128 3.70523e-006
10129 3e-006
10130 3e-006
10131 3.95625e-006
10132 3.95625e-006
10133 3.31875e-006
10134 3.6375e-006
10135 3.67137e-006
10136 8.62681e-006
10137 6.39468e-006
10138 3e-006
10139 3.67137e-006
10140 4.66868e-006
10141 3.95625e-006
10142 3e-006
10143 5.42411e-006
10144 3.99012e-006
10145 3.6375e-006
10146 4.51567e-006
10147 5.6624e-006
10148 5.3297e-006
10149 4.77066e-006
10150 3.67137e-006
10151 5.33285e-006
10152 4.62762e-006
10153 5.0141e-006
10154 5.61773e-006
10155 3.67137e-006
10156 4.13316e-006
10157 3e-006
10158 5.7532e-006
10159 1.03285e-005
10160 5.02534e-006
10161 3.95625e-006
10162 4.09968e-006
10163 3.38648e-006
10164 3.6375e-006
10165 5.29898e-006
10166 3e-006
10167 3.67137e-006
10168 5.15355e-006
10169 3e-006
10170 3e-006
10171 8.30407e-006
10172 3.67496e-006
10173 3.31875e-006
10174 4.62762e-006
10175 4.3766e-006
10176 4.05785e-006
10177 4.34273e-006
10178 3e-006
10179 3.6375e-006
10180 3e-006
10181 3e-006
10182 3e-006
10183 4.94637e-006
10184 4.28223e-006
10185 4.05785e-006
10186 3e-006
10187 3e-006
10188 3.35262e-006
10189 3.67856e-006
10190 3.6375e-006
10191 3e-006
10192 5.64887e-006
10193 4.66148e-006
10194 3.89654e-006
10195 3.67496e-006
10196 5.53136e-006
10197 3.31875e-006
10198 4.94637e-006
10199 3.35621e-006
10200 3.6375e-006
10201 5.05157e-006
10202 7.5092e-006
10203 6.2891e-006
10204 4.30887e-006
10205 3.31875e-006
10206 3.31875e-006
10207 7.90277e-006
10208 5.14709e-006
10209 4.1368e-006
10210 3e-006
10211 3.42395e-006
10212 4.69895e-006
10213 3e-006
10214 3.31875e-006
10215 1.04474e-005
10216 3.7499e-006
10217 3.35621e-006
10218 3e-006
10219 5.0141e-006
10220 3e-006
10221 3.70883e-006
10222 3.31875e-006
10223 3.99012e-006
10224 3.59422e-006
10225 3.39766e-006
10226 3.31875e-006
10227 3.6375e-006
10228 5.72293e-006
10229 3.99012e-006
10230 3e-006
10231 4.44793e-006
10232 5.57595e-006
10233 4.02398e-006
10234 3.31875e-006
10235 3.70523e-006
10236 3e-006
10237 3e-006
10238 3.31875e-006
10239 3e-006
10240 3.95625e-006
10241 3e-006
10242 3.6375e-006
10243 4.02796e-006
10244 3e-006
10245 3.31875e-006
10246 4.34633e-006
10247 3.85226e-006
10248 3.78016e-006
10249 3.67137e-006
10250 5.68547e-006
10251 3e-006
10252 3e-006
10253 3.31875e-006
10254 4.05785e-006
10255 3e-006
10256 4.32486e-006
10257 3.67137e-006
10258 6.44375e-006
10259 5.62133e-006
10260 3e-006
10261 6.74377e-006
10262 6.23697e-006
10263 6.04168e-006
10264 3.6375e-006
10265 3e-006
10266 5.26556e-006
10267 3e-006
10268 4.03201e-006
10269 3e-006
10270 5.94862e-006
10271 6.70945e-006
10272 3e-006
10273 3.35262e-006
10274 3e-006
10275 4.66508e-006
10276 3.31875e-006
10277 3e-006
10278 3.6375e-006
10279 3e-006
10280 3.67535e-006
10281 5.35521e-006
10282 3.7391e-006
10283 3.72399e-006
10284 3e-006
10285 4.41766e-006
10286 3.99012e-006
10287 6.36403e-006
10288 3e-006
10289 4.05785e-006
10290 5.14957e-006
10291 3.35262e-006
10292 3.99731e-006
10293 3.46501e-006
10294 3.67137e-006
10295 3e-006
10296 5.40058e-006
10297 3e-006
10298 3e-006
10299 4.02758e-006
10300 6.28163e-006
10301 4.40808e-006
10302 3e-006
10303 3.31875e-006
10304 3e-006
10305 3.31875e-006
10306 5.29898e-006
10307 3e-006
10308 3.53994e-006
10309 4.31645e-006
10310 3.75388e-006
10311 3.31875e-006
10312 4.80055e-006
10313 3.95625e-006
10314 3.70354e-006
10315 4.75517e-006
10316 3e-006
10317 3e-006
10318 3.31875e-006
10319 4.41525e-006
10320 3.99731e-006
10321 3e-006
10322 5.72653e-006
10323 5.33683e-006
10324 3.67137e-006
10325 4.30887e-006
10326 3e-006
10327 3e-006
10328 3e-006
10329 5.83256e-006
10330 3.99012e-006
10331 3.31875e-006
10332 3e-006
10333 3e-006
10334 3.42035e-006
10335 3.6375e-006
10336 3.53275e-006
10337 3.31875e-006
10338 3e-006
10339 4.02398e-006
10340 3.95625e-006
10341 3e-006
10342 3e-006
10343 4.41407e-006
10344 3.31875e-006
10345 4.275e-006
10346 3e-006
10347 6.46923e-006
10348 4.69535e-006
10349 4.75348e-006
10350 3.99012e-006
10351 4.56554e-006
10352 3e-006
10353 7.68852e-006
10354 4.99103e-006
10355 3.31875e-006
10356 3.35262e-006
10357 3.70921e-006
10358 3e-006
10359 7.235e-006
10360 4.66148e-006
10361 4.16926e-006
10362 3e-006
10363 4.76713e-006
10364 3.95625e-006
10365 4.06505e-006
10366 5.10155e-006
10367 3.35621e-006
10368 4.41407e-006
10369 3.35262e-006
10370 3e-006
10371 3.35262e-006
10372 6.49802e-006
10373 3.75028e-006
10374 3.67137e-006
10375 5.52378e-006
10376 3.38648e-006
10377 7.08806e-006
10378 3e-006
10379 3.31875e-006
10380 3.35262e-006
10381 3e-006
10382 3.6375e-006
10383 3.41473e-006
10384 3.70883e-006
10385 5.14721e-006
10386 3e-006
10387 4.275e-006
10388 3.6375e-006
10389 4.02398e-006
10390 3e-006
10391 4.94637e-006
10392 5.27069e-006
10393 3e-006
10394 3e-006
10395 3.67535e-006
10396 3e-006
10397 3.35262e-006
10398 4.69895e-006
10399 5.41259e-006
10400 3e-006
10401 3.6375e-006
10402 3.6375e-006
10403 6.06086e-006
10404 1.60187e-005
10405 3.31875e-006
10406 5.05195e-006
10407 3.95625e-006
10408 4.34993e-006
10409 3e-006
10410 3.70523e-006
10411 3.31875e-006
10412 4.34273e-006
10413 4.3838e-006
10414 3.31875e-006
10415 3.31875e-006
10416 3.31875e-006
10417 4.05785e-006
10418 3e-006
10419 4.81092e-006
10420 3e-006
10421 3e-006
10422 3e-006
10423 3.40088e-006
10424 5.61773e-006
10425 5.78392e-006
10426 5.61773e-006
10427 3e-006
10428 3.95625e-006
10429 3e-006
10430 3.31875e-006
10431 7.52598e-006
10432 4.275e-006
10433 3e-006
10434 6.46492e-006
10435 3.6375e-006
10436 3.67137e-006
10437 4.275e-006
10438 3.67496e-006
10439 5.26871e-006
10440 3.67137e-006
10441 3.31875e-006
10442 4.30887e-006
10443 3e-006
10444 3e-006
10445 4.34273e-006
10446 3e-006
10447 3.35262e-006
10448 4.09968e-006
10449 3.31875e-006
10450 6.36801e-006
10451 4.30887e-006
10452 3.6375e-006
10453 1.02127e-005
10454 3e-006
10455 3e-006
10456 3.35621e-006
10457 3.7391e-006
10458 4.3838e-006
10459 6.40628e-006
10460 3e-006
10461 4.06543e-006
10462 4.34273e-006
10463 4.09172e-006
10464 3.31875e-006
10465 4.99335e-006
10466 6.64172e-006
10467 3.70523e-006
10468 3.70523e-006
10469 3e-006
10470 3e-006
10471 5.7568e-006
10472 3.95625e-006
10473 3.35262e-006
10474 3.31875e-006
10475 3e-006
10476 3e-006
10477 3.7463e-006
10478 5.92017e-006
10479 5.68907e-006
10480 3.31875e-006
10481 3.31875e-006
10482 3.6375e-006
10483 3.67856e-006
10484 3e-006
10485 3.99012e-006
10486 4.55711e-006
10487 3.99012e-006
10488 6.52977e-006
10489 3e-006
10490 5.0141e-006
10491 4.53879e-006
10492 6.03808e-006
10493 5.83211e-006
10494 3e-006
10495 3.67137e-006
10496 7.29406e-006
10497 3.35262e-006
10498 3e-006
10499 3.7427e-006
10500 3e-006
10501 3e-006
10502 6.21462e-006
10503 3e-006
10504 4.9125e-006
10505 3.39008e-006
10506 3.71243e-006
10507 4.35574e-006
10508 3e-006
10509 4.51927e-006
10510 3.31875e-006
10511 5.05316e-006
10512 3e-006
10513 3e-006
10514 4.05785e-006
10515 3.6375e-006
10516 3.82123e-006
10517 4.0475e-006
10518 5.04797e-006
10519 3.8443e-006
10520 3e-006
10521 3e-006
10522 3.70523e-006
10523 3.70523e-006
10524 3.95625e-006
10525 3.31875e-006
10526 3.7391e-006
10527 3e-006
10528 3e-006
10529 5.37032e-006
10530 3.67137e-006
10531 4.70505e-006
10532 5.60777e-006
10533 3e-006
10534 3.31875e-006
10535 4.02398e-006
10536 3.37185e-006
10537 3.87457e-006
10538 3e-006
10539 3.35262e-006
10540 3e-006
10541 3.99012e-006
10542 6.69564e-006
10543 6.08275e-006
10544 4.69895e-006
10545 3e-006
10546 5.67433e-006
10547 3.31875e-006
10548 5.10747e-006
10549 3.31875e-006
10550 5.67402e-006
10551 4.98023e-006
10552 3.67137e-006
10553 5.19821e-006
10554 3.31875e-006
10555 6.14328e-006
10556 3.95625e-006
10557 3e-006
10558 3.67535e-006
10559 4.59375e-006
10560 3.6375e-006
10561 3.95625e-006
10562 3e-006
10563 3e-006
10564 3.38648e-006
10565 3.77297e-006
10566 3.31875e-006
10567 4.94637e-006
10568 3e-006
10569 3.31875e-006
10570 3.31875e-006
10571 3e-006
10572 4.60216e-006
10573 5.24609e-006
10574 4.34633e-006
10575 4.80534e-006
10576 3.31875e-006
10577 5.40778e-006
10578 6.69196e-006
10579 3e-006
10580 3e-006
10581 5.82453e-006
10582 3.95625e-006
10583 5.39665e-006
10584 3e-006
10585 3e-006
10586 3.31875e-006
10587 3.42035e-006
10588 3e-006
10589 3e-006
10590 5.25279e-006
10591 3.8443e-006
10592 3.68254e-006
10593 6.21387e-006
10594 3.67496e-006
10595 3e-006
10596 5.41574e-006
10597 3.31875e-006
10598 3e-006
10599 3.31875e-006
10600 5.3743e-006
10601 3e-006
10602 3.67137e-006
10603 4.4735e-006
10604 4.02398e-006
10605 4.98819e-006
10606 3.31875e-006
10607 3.31875e-006
10608 4.20488e-006
10609 4.69535e-006
10610 5.6516e-006
10611 3e-006
10612 4.62762e-006
10613 7.21148e-006
10614 4.4818e-006
10615 5.51658e-006
10616 5.79825e-006
10617 3e-006
10618 4.11285e-006
10619 5.79427e-006
10620 3.35262e-006
10621 7.31668e-006
10622 5.1157e-006
10623 3.31875e-006
10624 3.31875e-006
10625 4.48616e-006
10626 4.02796e-006
10627 3e-006
10628 3e-006
10629 4.31246e-006
10630 3.67137e-006
10631 4.36073e-006
10632 4.23798e-006
10633 3.70523e-006
10634 3.6375e-006
10635 3.95625e-006
10636 5.20541e-006
10637 3e-006
10638 3e-006
10639 3.31875e-006
10640 4.16305e-006
10641 3e-006
10642 4.03118e-006
10643 3.31875e-006
10644 6.11378e-006
10645 4.30887e-006
10646 8.70889e-006
10647 3.36701e-006
10648 8.02724e-006
10649 5.31619e-006
10650 6.89633e-006
10651 8.0753e-006
10652 3e-006
10653 3e-006
10654 3e-006
10655 3e-006
10656 3e-006
10657 4.02758e-006
10658 3.6375e-006
10659 4.02398e-006
10660 5.96021e-006
10661 3.31875e-006
10662 3.95625e-006
10663 4.66508e-006
10664 3.42035e-006
10665 5.82382e-006
10666 6.00422e-006
10667 6.08567e-006
10668 4.93602e-006
10669 8.42841e-006
10670 3.31875e-006
10671 6.44658e-006
10672 3.48809e-006
10673 3.31875e-006
10674 4.02758e-006
10675 4.23798e-006
10676 3e-006
10677 3e-006
10678 5.1815e-006
10679 3.36701e-006
10680 3e-006
10681 5.90388e-006
10682 4.17423e-006
10683 3.6375e-006
10684 3e-006
10685 3e-006
10686 3.6375e-006
10687 7.27285e-006
10688 3e-006
10689 3.31875e-006
10690 3.49973e-006
10691 3.72594e-006
10692 3.39368e-006
10693 4.34273e-006
10694 6.05968e-006
10695 3e-006
10696 3.31875e-006
10697 4.66148e-006
10698 4.14358e-006
10699 3e-006
10700 4.07301e-006
10701 3e-006
10702 3.6375e-006
10703 3e-006
10704 3.31875e-006
10705 3e-006
10706 3.44001e-006
10707 6.96047e-006
10708 3.31875e-006
10709 5.33285e-006
10710 4.98383e-006
10711 3e-006
10712 4.62762e-006
10713 3.77297e-006
10714 5.71933e-006
10715 3.31875e-006
10716 3e-006
10717 4.4782e-006
10718 3e-006
10719 7.0334e-006
10720 3e-006
10721 3e-006
10722 4.51567e-006
10723 5.40418e-006
10724 3e-006
10725 3.31875e-006
10726 3.53677e-006
10727 4.7616e-006
10728 5.30656e-006
10729 3.95625e-006
10730 4.275e-006
10731 3.31875e-006
10732 5.47628e-006
10733 3.6375e-006
10734 3.31875e-006
10735 3e-006
10736 3e-006
10737 6.03172e-006
10738 3e-006
10739 4.46525e-006
10740 5.95285e-006
10741 8.9754e-006
10742 3.99012e-006
10743 3e-006
10744 4.3802e-006
10745 4.06145e-006
10746 3e-006
10747 3e-006
10748 3e-006
10749 5.34005e-006
10750 3.78016e-006
10751 4.05785e-006
10752 3e-006
10753 5.26512e-006
10754 6.18196e-006
10755 4.06505e-006
10756 3.31875e-006
10757 4.94996e-006
10758 9.93127e-006
10759 4.17063e-006
10760 3.31875e-006
10761 4.94637e-006
10762 3.31875e-006
10763 3e-006
10764 7.60876e-006
10765 4.20052e-006
10766 3.70883e-006
10767 4.73282e-006
10768 3.78376e-006
10769 5.72691e-006
10770 3.6375e-006
10771 4.86469e-006
10772 3.31875e-006
10773 8.0901e-006
10774 3.7391e-006
10775 6.30223e-006
10776 3.31875e-006
10777 3.67137e-006
10778 3.70523e-006
10779 6.52607e-006
10780 3.99012e-006
10781 3e-006
10782 4.3766e-006
10783 3.31875e-006
10784 3.6375e-006
10785 3e-006
10786 6.22939e-006
10787 6.15048e-006
10788 4.34671e-006
10789 3.6375e-006
10790 3.31875e-006
10791 6.18075e-006
10792 4.97747e-006
10793 3.35262e-006
10794 3.31875e-006
10795 5.33645e-006
10796 3.80684e-006
10797 3.35262e-006
10798 3.70883e-006
10799 4.34273e-006
10800 5.58387e-006
10801 3.47221e-006
10802 4.34273e-006
10803 3e-006
10804 3.70523e-006
10805 3.31875e-006
10806 3.31875e-006
10807 3.31875e-006
10808 4.62762e-006
10809 4.09172e-006
10810 4.3766e-006
10811 4.80055e-006
10812 4.66508e-006
10813 3.31875e-006
10814 4.11484e-006
10815 4.36111e-006
10816 3.31875e-006
10817 4.96917e-006
10818 3.95625e-006
10819 3e-006
10820 3e-006
10821 3e-006
10822 3e-006
10823 5.9649e-006
10824 5.33683e-006
10825 3.31875e-006
10826 7.22119e-006
10827 3.6375e-006
10828 3.7391e-006
10829 3.70523e-006
10830 4.66508e-006
10831 3.35262e-006
10832 3.31875e-006
10833 4.06145e-006
10834 4.08164e-006
10835 3.31875e-006
10836 4.59375e-006
10837 3e-006
10838 3.6375e-006
10839 3.31875e-006
10840 5.40058e-006
10841 3.35262e-006
10842 3e-006
10843 4.69535e-006
10844 6.69128e-006
10845 5.76159e-006
10846 5.12768e-006
10847 4.30887e-006
10848 3.31875e-006
10849 4.74001e-006
10850 4.54992e-006
10851 3.31875e-006
10852 4.09532e-006
10853 3e-006
10854 3.31875e-006
10855 3.77297e-006
10856 4.09775e-006
10857 3.31875e-006
10858 3.95625e-006
10859 3e-006
10860 4.88268e-006
10861 3.95625e-006
10862 3.31875e-006
10863 3e-006
10864 3e-006
10865 3.95625e-006
10866 3e-006
10867 3.95625e-006
10868 3e-006
10869 3e-006
10870 3.7391e-006
10871 3.6375e-006
10872 3.31875e-006
10873 3.35262e-006
10874 3e-006
10875 3e-006
10876 4.50017e-006
10877 4.34273e-006
10878 3.31875e-006
10879 3.31875e-006
10880 5.30258e-006
10881 3.31875e-006
10882 3.31875e-006
10883 7.90657e-006
10884 4.35353e-006
10885 3.6375e-006
10886 3.35262e-006
10887 3e-006
10888 6.3979e-006
10889 3e-006
10890 6.26178e-006
10891 3.31875e-006
10892 4.82925e-006
10893 6.25523e-006
10894 4.02398e-006
10895 3e-006
10896 3.31875e-006
10897 4.3766e-006
10898 8.81884e-006
10899 3.95625e-006
10900 3.31875e-006
10901 3.35262e-006
10902 3.31875e-006
10903 5.61137e-006
10904 4.44793e-006
10905 3e-006
10906 3.6375e-006
10907 3.99371e-006
10908 3.67496e-006
10909 3.35262e-006
10910 4.10611e-006
10911 4.66508e-006
10912 4.61219e-006
10913 4.23836e-006
10914 3.6375e-006
10915 3.6375e-006
10916 3e-006
10917 3e-006
10918 3e-006
10919 3.31875e-006
10920 3e-006
10921 3e-006
10922 5.6552e-006
10923 3.39008e-006
10924 3.95625e-006
10925 3.31875e-006
10926 3e-006
10927 1.15212e-005
10928 3.35262e-006
10929 3.53635e-006
10930 3.6375e-006
10931 3.99012e-006
10932 3.6375e-006
10933 3.38648e-006
10934 3.31875e-006
10935 5.87356e-006
10936 3.31875e-006
10937 4.5834e-006
10938 4.05785e-006
10939 3.55269e-006
10940 4.30887e-006
10941 3e-006
10942 3.35262e-006
10943 3.67137e-006
10944 3.42035e-006
10945 3e-006
10946 3.99012e-006
10947 3.31875e-006
10948 3e-006
10949 3e-006
10950 3.67137e-006
10951 3.31875e-006
10952 3.70523e-006
10953 3e-006
10954 4.94637e-006
10955 5.26512e-006
10956 4.30887e-006
10957 3e-006
10958 3e-006
10959 3e-006
10960 3.70523e-006
10961 3e-006
10962 8.45383e-006
10963 4.84881e-006
10964 5.49549e-006
10965 3.81801e-006
10966 3.67137e-006
10967 3e-006
10968 4.94637e-006
10969 3.70921e-006
10970 3.31875e-006
10971 4.06505e-006
10972 4.94637e-006
10973 3.99012e-006
10974 3.31875e-006
10975 4.62762e-006
10976 4.72922e-006
10977 3.35262e-006
10978 3.31875e-006
10979 3.31875e-006
10980 5.69822e-006
10981 3e-006
10982 3.31875e-006
10983 3e-006
10984 3e-006
10985 3e-006
10986 4.34273e-006
10987 5.68907e-006
10988 3e-006
10989 3.31875e-006
10990 5.26512e-006
10991 3e-006
10992 7.06252e-006
10993 4.275e-006
10994 4.80415e-006
10995 3e-006
10996 3e-006
10997 3.31875e-006
10998 3e-006
10999 4.71334e-006
11000 3e-006
11001 5.4759e-006
11002 3.95625e-006
11003 4.44434e-006
11004 3.67137e-006
11005 3e-006
11006 4.47825e-006
11007 4.52689e-006
11008 5.04797e-006
11009 4.30887e-006
11010 3.80684e-006
11011 3e-006
11012 4.3766e-006
11013 4.62762e-006
11014 3e-006
11015 3.31875e-006
11016 3e-006
11017 3.67137e-006
11018 3.99012e-006
11019 3e-006
11020 4.94637e-006
11021 3.70523e-006
11022 3.35262e-006
11023 3e-006
11024 4.02398e-006
11025 3e-006
11026 4.275e-006
11027 3.6375e-006
11028 6.13969e-006
11029 3.6375e-006
11030 4.59375e-006
11031 3e-006
11032 3e-006
11033 4.41407e-006
11034 3.95625e-006
11035 6.2891e-006
11036 4.07623e-006
11037 4.04274e-006
11038 3e-006
11039 3e-006
11040 3e-006
11041 5.71933e-006
11042 4.66148e-006
11043 3.67496e-006
11044 3e-006
11045 3e-006
11046 3.31875e-006
11047 3e-006
11048 3.70523e-006
11049 3e-006
11050 3e-006
11051 4.56431e-006
11052 3.31875e-006
11053 7.3366e-006
11054 3.95625e-006
11055 5.68547e-006
11056 4.02398e-006
11057 3.39008e-006
11058 4.83802e-006
11059 4.62762e-006
11060 3.31875e-006
11061 3e-006
11062 4.25552e-006
11063 4.19692e-006
11064 7.45973e-006
11065 3e-006
11066 3.6375e-006
11067 1.11355e-005
11068 7.07646e-006
11069 3e-006
11070 3.6375e-006
11071 5.76994e-006
11072 5.26512e-006
11073 3.35262e-006
11074 3e-006
11075 3.31875e-006
11076 3.77297e-006
11077 3.35981e-006
11078 3e-006
11079 4.02398e-006
11080 4.13998e-006
11081 5.0141e-006
11082 7.23635e-006
11083 3e-006
11084 3.31875e-006
11085 3.31875e-006
11086 3e-006
11087 3.6375e-006
11088 3.31875e-006
11089 3.67137e-006
11090 3.67137e-006
11091 3e-006
11092 3e-006
11093 3e-006
11094 3.31875e-006
11095 3e-006
11096 3.95625e-006
11097 3.31875e-006
11098 7.88766e-006
11099 6.2649e-006
11100 6.35683e-006
11101 4.66148e-006
11102 4.275e-006
11103 4.34671e-006
11104 3.31875e-006
11105 3.35262e-006
11106 3e-006
11107 3.67137e-006
11108 4.87188e-006
11109 4.94637e-006
11110 4.35035e-006
11111 3.31875e-006
11112 3.99012e-006
11113 4.31246e-006
11114 3.70926e-006
11115 4.93962e-006
11116 3.31875e-006
11117 4.73641e-006
11118 5.56167e-006
11119 3e-006
11120 4.41407e-006
11121 3.7391e-006
11122 3e-006
11123 3.6375e-006
11124 4.69535e-006
11125 4.02398e-006
11126 3e-006
11127 4.02398e-006
11128 3.31875e-006
11129 4.9125e-006
11130 3.35262e-006
11131 4.69895e-006
11132 3.95625e-006
11133 7.54981e-006
11134 3.7463e-006
11135 3e-006
11136 4.45153e-006
11137 3e-006
11138 9.0495e-006
11139 3e-006
11140 3e-006
11141 3e-006
11142 3.31875e-006
11143 3.67137e-006
11144 4.34273e-006
11145 3.70883e-006
11146 4.12559e-006
11147 6.66524e-006
11148 3e-006
11149 3.35262e-006
11150 4.34273e-006
11151 3e-006
11152 5.00482e-006
11153 3.67496e-006
11154 5.49034e-006
11155 3.70523e-006
11156 5.62133e-006
11157 3.31875e-006
11158 3.6375e-006
11159 3.35262e-006
11160 3.35621e-006
11161 4.275e-006
11162 3e-006
11163 3e-006
11164 4.70738e-006
11165 3.67496e-006
11166 3.31875e-006
11167 3.6375e-006
11168 3.31875e-006
11169 5.42265e-006
11170 3e-006
11171 3.31875e-006
11172 3.35262e-006
11173 3.6375e-006
11174 5.862e-006
11175 3e-006
11176 3.35621e-006
11177 3e-006
11178 3e-006
11179 3.31875e-006
11180 5.97035e-006
11181 3.6375e-006
11182 3.99012e-006
11183 3.67496e-006
11184 3.6375e-006
11185 3.31875e-006
11186 3e-006
11187 4.07224e-006
11188 3.88215e-006
11189 3e-006
11190 3e-006
11191 3.95625e-006
11192 5.28504e-006
11193 5.37391e-006
11194 5.05555e-006
11195 4.17063e-006
11196 3e-006
11197 3.31875e-006
11198 3.6375e-006
11199 4.05785e-006
11200 3.35262e-006
11201 5.33645e-006
11202 3.31875e-006
11203 3.31875e-006
11204 4.3766e-006
11205 3.6375e-006
11206 3e-006
11207 3.31875e-006
11208 3.39008e-006
11209 3e-006
11210 4.05785e-006
11211 5.16958e-006
11212 3e-006
11213 3e-006
11214 5.12929e-006
11215 3e-006
11216 3e-006
11217 3.31875e-006
11218 5.77677e-006
11219 4.45513e-006
11220 3e-006
11221 4.09532e-006
11222 3e-006
11223 3.6375e-006
11224 3.6375e-006
11225 3.78055e-006
11226 3.70523e-006
11227 3e-006
11228 4.53595e-006
11229 3.6375e-006
11230 3.6375e-006
11231 5.78392e-006
11232 4.65474e-006
11233 4.275e-006
11234 3.31875e-006
11235 3.99012e-006
11236 7.08487e-006
11237 3e-006
11238 5.08941e-006
11239 3.6375e-006
11240 4.07982e-006
11241 6.23016e-006
11242 5.84779e-006
11243 5.1265e-006
11244 5.1157e-006
11245 4.06505e-006
11246 3e-006
11247 3.6375e-006
11248 3.31875e-006
11249 7.52873e-006
11250 5.21299e-006
11251 3e-006
11252 3e-006
11253 3e-006
11254 3e-006
11255 5.6516e-006
11256 3.67496e-006
11257 3.67137e-006
11258 7.95903e-006
11259 4.10649e-006
11260 3.31875e-006
11261 3.48586e-006
11262 5.34365e-006
11263 4.63121e-006
11264 3.31875e-006
11265 4.05785e-006
11266 3.31875e-006
11267 4.70331e-006
11268 3.6375e-006
11269 3.31875e-006
11270 3.35262e-006
11271 5.06029e-006
11272 3.77657e-006
11273 3e-006
11274 5.27231e-006
11275 3e-006
11276 3.31875e-006
11277 3e-006
11278 3.31875e-006
11279 3.6375e-006
11280 3.99371e-006
11281 5.0249e-006
11282 4.70293e-006
11283 3.31875e-006
11284 3.31875e-006
11285 5.00099e-006
11286 7.10711e-006
11287 3e-006
11288 3e-006
11289 3.31875e-006
11290 3.67137e-006
11291 4.06581e-006
11292 3e-006
11293 3e-006
11294 3.75228e-006
11295 3e-006
11296 5.37032e-006
11297 3e-006
11298 3e-006
11299 9.27866e-006
11300 3e-006
11301 3e-006
11302 4.71449e-006
11303 3e-006
11304 3.67137e-006
11305 4.00244e-006
11306 4.63121e-006
11307 5.36044e-006
11308 5.26512e-006
11309 4.9125e-006
11310 3.31875e-006
11311 4.23875e-006
11312 3.31875e-006
11313 4.53442e-006
11314 5.58387e-006
11315 9.68583e-006
11316 3e-006
11317 5.7568e-006
11318 3.31875e-006
11319 4.11009e-006
11320 4.03478e-006
11321 4.34633e-006
11322 6.3979e-006
11323 3e-006
11324 5.27231e-006
11325 3e-006
11326 3.31875e-006
11327 5.55841e-006
11328 3.31875e-006
11329 5.2572e-006
11330 3e-006
11331 3e-006
11332 3.95625e-006
11333 4.30887e-006
11334 3e-006
11335 4.41047e-006
11336 3e-006
11337 4.34671e-006
11338 3e-006
11339 4.11094e-006
11340 5.53965e-006
11341 3.6375e-006
11342 5.3859e-006
11343 3.35262e-006
11344 3.76787e-006
11345 3.31875e-006
11346 3.31875e-006
11347 3.42035e-006
11348 3.31875e-006
11349 3.6375e-006
11350 5.26961e-006
11351 3e-006
11352 3.71243e-006
11353 4.08465e-006
11354 4.81745e-006
11355 3.70523e-006
11356 5.23125e-006
11357 3.31875e-006
11358 3e-006
11359 3e-006
11360 3e-006
11361 4.00129e-006
11362 3e-006
11363 3.95625e-006
11364 3e-006
11365 4.44434e-006
11366 3.3566e-006
11367 3.7391e-006
11368 3e-006
11369 3e-006
11370 3.31875e-006
11371 3.31875e-006
11372 3.31875e-006
11373 4.09172e-006
11374 3.42586e-006
11375 4.06145e-006
11376 3e-006
11377 3e-006
11378 4.06505e-006
11379 3.99731e-006
11380 5.26512e-006
11381 3.31875e-006
11382 3.67137e-006
11383 3.6375e-006
11384 6.67558e-006
11385 3.95625e-006
11386 6.66729e-006
11387 3e-006
11388 3.67137e-006
11389 4.17385e-006
11390 3e-006
11391 6.25523e-006
11392 3.6375e-006
11393 3e-006
11394 4.02398e-006
11395 5.08543e-006
11396 6.00782e-006
11397 3e-006
11398 3.95625e-006
11399 3.88177e-006
11400 3.99012e-006
11401 6.20742e-006
11402 4.30887e-006
11403 4.275e-006
11404 3e-006
11405 4.05785e-006
11406 4.59375e-006
11407 3.68293e-006
11408 3e-006
11409 3.99371e-006
11410 3.95625e-006
11411 4.66148e-006
11412 3.39368e-006
11413 3e-006
11414 3.67496e-006
11415 4.24916e-006
11416 4.34273e-006
11417 4.81211e-006
11418 3.31875e-006
11419 3.43474e-006
11420 3.35262e-006
11421 5.1193e-006
11422 4.88704e-006
11423 3e-006
11424 3e-006
11425 4.02398e-006
11426 3.31875e-006
11427 3.35262e-006
11428 3.70883e-006
11429 3.67137e-006
11430 3.99012e-006
11431 3.31875e-006
11432 4.9125e-006
11433 3e-006
11434 3.35262e-006
11435 3e-006
11436 3e-006
11437 3.6375e-006
11438 3.6375e-006
11439 3.35262e-006
11440 3.99012e-006
11441 3e-006
11442 3e-006
11443 3e-006
11444 3.99012e-006
11445 3e-006
11446 3.31875e-006
11447 3e-006
11448 5.58746e-006
11449 3.31875e-006
11450 3e-006
11451 3.67137e-006
11452 3.95625e-006
11453 3.31875e-006
11454 4.05785e-006
11455 4.12918e-006
11456 3.31875e-006
11457 3.35262e-006
11458 3e-006
11459 5.0141e-006
11460 4.45153e-006
11461 4.97793e-006
11462 3e-006
11463 3.6375e-006
11464 3.67137e-006
11465 3e-006
11466 3.6375e-006
11467 3.38648e-006
11468 3e-006
11469 5.5775e-006
11470 3.6375e-006
11471 3e-006
11472 4.06865e-006
11473 4.275e-006
11474 3.31875e-006
11475 3e-006
11476 3e-006
11477 3e-006
11478 8.06336e-006
11479 7.89731e-006
11480 5.40058e-006
11481 3.71603e-006
11482 3.67137e-006
11483 3.42797e-006
11484 3e-006
11485 3.71281e-006
11486 3.31875e-006
11487 3.6375e-006
11488 3e-006
11489 3.31875e-006
11490 4.23079e-006
11491 3e-006
11492 3.31875e-006
11493 3.67137e-006
11494 3e-006
11495 3.6375e-006
11496 3e-006
11497 3.31875e-006
11498 3e-006
11499 8.64514e-006
11500 3.99371e-006
11501 3.70523e-006
11502 3.35262e-006
11503 4.30887e-006
11504 5.33645e-006
11505 4.59375e-006
11506 3.70523e-006
11507 3e-006
11508 4.03118e-006
11509 3.31875e-006
11510 4.06505e-006
11511 3.31875e-006
11512 3e-006
11513 3e-006
11514 3e-006
11515 4.275e-006
11516 7.0318e-006
11517 3.75468e-006
11518 6.81465e-006
11519 3e-006
11520 3e-006
11521 4.34273e-006
11522 4.62762e-006
11523 3e-006
11524 3.95625e-006
11525 3.31875e-006
11526 3e-006
11527 3e-006
11528 4.275e-006
11529 5.23125e-006
11530 3.31875e-006
11531 3e-006
11532 3e-006
11533 3.88536e-006
11534 6.15484e-006
11535 4.5798e-006
11536 3e-006
11537 3.31875e-006
11538 3.7427e-006
11539 3e-006
11540 3.70523e-006
11541 5.67872e-006
11542 3.85264e-006
11543 4.62762e-006
11544 3.35262e-006
11545 5.90306e-006
11546 3e-006
11547 3.31875e-006
11548 3.31875e-006
11549 3e-006
11550 3.95625e-006
11551 3e-006
11552 7.84898e-006
11553 3e-006
11554 4.38494e-006
11555 4.3766e-006
11556 3e-006
11557 3e-006
11558 3e-006
11559 3e-006
11560 3.6375e-006
11561 3e-006
11562 4.73282e-006
11563 5.83256e-006
11564 3.31875e-006
11565 3e-006
11566 3e-006
11567 3.31875e-006
11568 4.3802e-006
11569 4.00451e-006
11570 5.88624e-006
11571 3.6375e-006
11572 3e-006
11573 5.29898e-006
11574 3.31875e-006
11575 5.33645e-006
11576 3e-006
11577 3.31875e-006
11578 3.31875e-006
11579 3e-006
11580 4.275e-006
11581 4.31246e-006
11582 4.05785e-006
11583 6.00422e-006
11584 3.99012e-006
11585 6.73989e-006
11586 3.31875e-006
11587 3e-006
11588 3.67137e-006
11589 3e-006
11590 4.03118e-006
11591 4.69535e-006
11592 4.34633e-006
11593 4.31246e-006
11594 4.02758e-006
11595 4.09934e-006
11596 3e-006
11597 4.10688e-006
11598 3e-006
11599 3e-006
11600 3e-006
11601 3.31875e-006
11602 3.95625e-006
11603 4.14117e-006
11604 3e-006
11605 3.95625e-006
11606 5.55045e-006
11607 3.77657e-006
11608 5.7568e-006
11609 3e-006
11610 3.31875e-006
11611 5.33285e-006
11612 3e-006
11613 4.77066e-006
11614 4.39176e-006
11615 3e-006
11616 3e-006
11617 3e-006
11618 5.26512e-006
11619 3e-006
11620 3.31875e-006
11621 3e-006
11622 3e-006
11623 3e-006
11624 4.9125e-006
11625 4.41047e-006
11626 4.70255e-006
11627 3e-006
11628 4.03876e-006
11629 3.39728e-006
11630 3e-006
11631 3e-006
11632 3e-006
11633 4.00091e-006
11634 3.6375e-006
11635 3e-006
11636 3e-006
11637 4.10251e-006
11638 5.42142e-006
11639 4.06505e-006
11640 3e-006
11641 3.35664e-006
11642 7.25659e-006
11643 3.70921e-006
11644 3e-006
11645 3e-006
11646 3e-006
11647 3.6375e-006
11648 4.02758e-006
11649 6.74332e-006
11650 3.99012e-006
11651 3.77297e-006
11652 4.03478e-006
11653 4.62762e-006
11654 3.31875e-006
11655 3.31875e-006
11656 4.02398e-006
11657 4.25031e-006
11658 3e-006
11659 3.6375e-006
11660 3.67137e-006
11661 3.99012e-006
11662 3.31875e-006
11663 3.35262e-006
11664 3.3566e-006
11665 3e-006
11666 3e-006
11667 3e-006
11668 3.70523e-006
11669 5.47673e-006
11670 3.31875e-006
11671 4.69895e-006
11672 4.32004e-006
11673 6.16204e-006
11674 4.87629e-006
11675 3.70523e-006
11676 3e-006
11677 7.92796e-006
11678 3.6375e-006
11679 3e-006
11680 3.67137e-006
11681 3.31875e-006
11682 5.30618e-006
11683 3e-006
11684 3e-006
11685 3e-006
11686 4.00129e-006
11687 3.67137e-006
11688 3.35621e-006
11689 3e-006
11690 5.33721e-006
11691 3e-006
11692 3e-006
11693 3.99012e-006
11694 4.57151e-006
11695 3.6375e-006
11696 3.35262e-006
11697 3.31875e-006
11698 4.30887e-006
11699 3e-006
11700 3.31875e-006
11701 4.53726e-006
11702 7.11033e-006
11703 3e-006
11704 3.52915e-006
11705 4.275e-006
11706 3e-006
11707 3e-006
11708 3e-006
11709 3e-006
11710 5.73013e-006
11711 3.31875e-006
11712 3.6375e-006
11713 3.42035e-006
11714 3.31875e-006
11715 3.6375e-006
11716 4.275e-006
11717 3e-006
11718 3.31875e-006
11719 3.35621e-006
11720 3.31875e-006
11721 3.31875e-006
11722 3e-006
11723 3e-006
11724 3.7463e-006
11725 3e-006
11726 3.95625e-006
11727 3.35702e-006
11728 3.31875e-006
11729 3.31875e-006
11730 3.45782e-006
11731 3e-006
11732 4.59375e-006
11733 3.71641e-006
11734 3.31875e-006
11735 4.82256e-006
11736 3.95625e-006
11737 3e-006
11738 3.95625e-006
11739 3.70883e-006
11740 3.35262e-006
11741 3.6375e-006
11742 5.95448e-006
11743 3e-006
11744 4.69895e-006
11745 6.85572e-006
11746 3.6375e-006
11747 3.31875e-006
11748 3.5706e-006
11749 3.35621e-006
11750 3.67137e-006
11751 5.19466e-006
11752 3.48809e-006
11753 3.31875e-006
11754 3.31875e-006
11755 4.18767e-006
11756 5.1157e-006
11757 4.34273e-006
11758 5.52852e-006
11759 3.77657e-006
11760 3e-006
11761 4.94632e-006
11762 3e-006
11763 3e-006
11764 3.6375e-006
11765 4.30887e-006
11766 3.31875e-006
11767 3.31875e-006
11768 4.94322e-006
11769 4.30887e-006
11770 3.67137e-006
11771 6.62307e-006
11772 3e-006
11773 5.88826e-006
11774 3e-006
11775 3e-006
11776 3.95625e-006
11777 3.6375e-006
11778 3e-006
11779 3e-006
11780 3.35262e-006
11781 4.30887e-006
11782 5.59909e-006
11783 3.67137e-006
11784 4.15954e-006
11785 3e-006
11786 6.84852e-006
11787 3.42035e-006
11788 3e-006
11789 3.31875e-006
11790 3e-006
11791 3.31875e-006
11792 3.95625e-006
11793 6.11661e-006
11794 3.35621e-006
11795 3e-006
11796 4.46711e-006
11797 3e-006
11798 3e-006
11799 3e-006
11800 4.16703e-006
11801 3e-006
11802 3.6375e-006
11803 3.31875e-006
11804 3.42395e-006
11805 3.31875e-006
11806 4.03118e-006
11807 3e-006
11808 4.3802e-006
11809 3e-006
11810 3.67137e-006
11811 3.93003e-006
11812 3.6375e-006
11813 3.35262e-006
11814 3e-006
11815 5.16075e-006
11816 3.70523e-006
11817 3e-006
11818 5.01493e-006
11819 4.94637e-006
11820 3.82525e-006
11821 6.19037e-006
11822 3e-006
11823 3.7427e-006
11824 4.8384e-006
11825 4.59375e-006
11826 3.95625e-006
11827 3.6375e-006
11828 3.31875e-006
11829 3.7391e-006
11830 4.13638e-006
11831 3e-006
11832 3.31875e-006
11833 3e-006
11834 4.30887e-006
11835 4.30887e-006
11836 3.6375e-006
11837 3.67137e-006
11838 3.78016e-006
11839 3.42035e-006
11840 3.35262e-006
11841 1.09629e-005
11842 3e-006
11843 3e-006
11844 3.67137e-006
11845 3e-006
11846 4.30887e-006
11847 3.42035e-006
11848 3e-006
11849 3.71641e-006
11850 4.66148e-006
11851 5.72453e-006
11852 3e-006
11853 3.35262e-006
11854 3e-006
11855 3e-006
11856 3.31875e-006
11857 3.68936e-006
11858 3.31875e-006
11859 3.31875e-006
11860 3.35262e-006
11861 5.75287e-006
11862 3e-006
11863 7.68342e-006
11864 3e-006
11865 6.57398e-006
11866 3.70523e-006
11867 3.95625e-006
11868 4.50017e-006
11869 3.7391e-006
11870 3e-006
11871 3.38648e-006
11872 3e-006
11873 3e-006
11874 3e-006
11875 4.31525e-006
11876 3e-006
11877 3e-006
11878 3e-006
11879 3.70883e-006
11880 3.70523e-006
11881 3.31875e-006
11882 3e-006
11883 5.48183e-006
11884 4.41407e-006
11885 3.42395e-006
11886 3.31875e-006
11887 3e-006
11888 3e-006
11889 3.87457e-006
11890 3.31875e-006
11891 3e-006
11892 4.51572e-006
11893 4.98023e-006
11894 3e-006
11895 3e-006
11896 3.35262e-006
11897 3e-006
11898 5.61773e-006
11899 3e-006
11900 3.70523e-006
11901 3e-006
11902 4.30887e-006
11903 4.98383e-006
11904 3.78376e-006
11905 3e-006
11906 3.6375e-006
11907 3e-006
11908 4.41047e-006
11909 5.68907e-006
11910 3e-006
11911 3.35262e-006
11912 4.3766e-006
11913 3.6375e-006
11914 3.31875e-006
11915 5.08543e-006
11916 3e-006
11917 3e-006
11918 3e-006
11919 4.02796e-006
11920 3.38648e-006
11921 3.39008e-006
11922 5.62531e-006
11923 4.69933e-006
11924 3.39046e-006
11925 3.31875e-006
11926 3.35262e-006
11927 3.6375e-006
11928 3.35262e-006
11929 7.5641e-006
11930 4.92014e-006
11931 3.31875e-006
11932 3.6375e-006
11933 5.57352e-006
11934 3.6375e-006
11935 3e-006
11936 3.31875e-006
11937 3e-006
11938 4.10971e-006
11939 9.33078e-006
11940 3e-006
11941 3e-006
11942 4.00646e-006
11943 3.31875e-006
11944 5.06317e-006
11945 3.6375e-006
11946 4.02398e-006
11947 3.67496e-006
11948 3e-006
11949 3e-006
11950 3e-006
11951 3.99012e-006
11952 3.99012e-006
11953 3.31875e-006
11954 3.31875e-006
11955 3e-006
11956 3e-006
11957 3e-006
11958 3e-006
11959 3.31875e-006
11960 3e-006
11961 3.6375e-006
11962 4.06145e-006
11963 4.34273e-006
11964 4.66148e-006
11965 3e-006
11966 6.51868e-006
11967 3.31875e-006
11968 6.60906e-006
11969 3.31875e-006
11970 3e-006
11971 3.31875e-006
11972 3e-006
11973 8.52838e-006
11974 3e-006
11975 3e-006
11976 3.6375e-006
11977 4.30887e-006
11978 3e-006
11979 3e-006
11980 3.31875e-006
11981 3.35262e-006
11982 3e-006
11983 3e-006
11984 3.31875e-006
11985 4.31246e-006
11986 3e-006
11987 4.02398e-006
11988 4.62762e-006
11989 5.04797e-006
11990 4.80813e-006
11991 3.31875e-006
11992 3.38648e-006
11993 3.99012e-006
11994 3e-006
11995 3e-006
11996 4.14756e-006
11997 3.99371e-006
11998 3.31875e-006
11999 3.95625e-006
12000 3.68216e-006
12001 3.6375e-006
12002 5.50938e-006
12003 3.6375e-006
12004 3e-006
12005 5.23125e-006
12006 3e-006
12007 4.43964e-006
12008 3e-006
12009 4.66148e-006
12010 3.31875e-006
12011 3e-006
12012 3e-006
12013 3e-006
12014 3.31875e-006
12015 3e-006
12016 5.90262e-006
12017 3e-006
12018 3.95625e-006
12019 8.96312e-006
12020 3e-006
12021 3.31875e-006
12022 3.42035e-006
12023 4.02398e-006
12024 3.38648e-006
12025 5.37032e-006
12026 3e-006
12027 3.67137e-006
12028 3e-006
12029 5.89625e-006
12030 4.34273e-006
12031 4.72922e-006
12032 3.78774e-006
12033 3.39406e-006
12034 5.47192e-006
12035 3.39008e-006
12036 3.77297e-006
12037 3.31875e-006
12038 6.19514e-006
12039 3e-006
12040 3e-006
12041 4.9125e-006
12042 3e-006
12043 3e-006
12044 3e-006
12045 4.17423e-006
12046 3e-006
12047 3.35621e-006
12048 4.8456e-006
12049 4.39138e-006
12050 4.76668e-006
12051 4.94637e-006
12052 3.31875e-006
12053 3e-006
12054 3.31875e-006
12055 4.62762e-006
12056 3.6375e-006
12057 5.26405e-006
12058 3.67137e-006
12059 4.24196e-006
12060 7.20557e-006
12061 3e-006
12062 3.31875e-006
12063 3.95625e-006
12064 3e-006
12065 7.01828e-006
12066 3.99731e-006
12067 3.6375e-006
12068 4.06505e-006
12069 3e-006
12070 4.74759e-006
12071 3.42755e-006
12072 3.35262e-006
12073 3e-006
12074 5.83173e-006
12075 3.6375e-006
12076 3e-006
12077 3.31875e-006
12078 4.31246e-006
12079 3.6375e-006
12080 5.08903e-006
12081 5.0141e-006
12082 3.6375e-006
12083 3.6375e-006
12084 3.99012e-006
12085 3e-006
12086 3e-006
12087 6.13101e-006
12088 3.31875e-006
12089 4.30887e-006
12090 4.9508e-006
12091 4.02398e-006
12092 3.82123e-006
12093 3.42793e-006
12094 5.29898e-006
12095 6.01186e-006
12096 3.35621e-006
12097 3.77297e-006
12098 4.275e-006
12099 4.06183e-006
12100 4.09532e-006
12101 4.59375e-006
12102 3e-006
12103 3.87457e-006
12104 3e-006
12105 3e-006
12106 3e-006
12107 3.38648e-006
12108 3.6375e-006
12109 3.81801e-006
12110 4.54204e-006
12111 3e-006
12112 3.99012e-006
12113 3.38648e-006
12114 3e-006
12115 3.31875e-006
12116 3e-006
12117 3e-006
12118 3.67137e-006
12119 5.7335e-006
12120 3e-006
12121 3e-006
12122 3.6375e-006
12123 3e-006
12124 3e-006
12125 4.9125e-006
12126 3.81082e-006
12127 5.29898e-006
12128 3.6375e-006
12129 3.99012e-006
12130 7.02184e-006
12131 3e-006
12132 4.21731e-006
12133 5.38869e-006
12134 3.99012e-006
12135 3e-006
12136 3e-006
12137 6.27405e-006
12138 3.31875e-006
12139 4.62762e-006
12140 4.34273e-006
12141 3e-006
12142 3.6375e-006
12143 3e-006
12144 7.72154e-006
12145 4.05785e-006
12146 4.16703e-006
12147 4.02398e-006
12148 3e-006
12149 4.83802e-006
12150 3e-006
12151 8.23213e-006
12152 5.8548e-006
12153 3.31875e-006
12154 3.31875e-006
12155 4.62762e-006
12156 3e-006
12157 3e-006
12158 6.25883e-006
12159 3.95625e-006
12160 4.62762e-006
12161 3e-006
12162 3e-006
12163 3.35262e-006
12164 3.6375e-006
12165 3.35262e-006
12166 3.78055e-006
12167 3.31875e-006
12168 3.46141e-006
12169 3.6375e-006
12170 4.34273e-006
12171 3e-006
12172 3e-006
12173 3.35262e-006
12174 3.31875e-006
12175 3e-006
12176 3.31875e-006
12177 4.05785e-006
12178 3.67856e-006
12179 3e-006
12180 3.70523e-006
12181 6.9338e-006
12182 3.99012e-006
12183 3.53275e-006
12184 3.6375e-006
12185 3.31875e-006
12186 7.22704e-006
12187 3e-006
12188 3.99012e-006
12189 3.67137e-006
12190 4.30887e-006
12191 3.76505e-006
12192 6.19722e-006
12193 3.70883e-006
12194 6.07555e-006
12195 3.7499e-006
12196 3.67137e-006
12197 3.89294e-006
12198 3.6375e-006
12199 3e-006
12200 4.3766e-006
12201 3e-006
12202 3.31875e-006
12203 3.6375e-006
12204 4.80775e-006
12205 3.95625e-006
12206 4.02398e-006
12207 3e-006
12208 3.99012e-006
12209 3e-006
12210 3.31875e-006
12211 8.20281e-006
12212 4.12918e-006
12213 3e-006
12214 4.3766e-006
12215 3.99012e-006
12216 3.99012e-006
12217 3e-006
12218 3.71198e-006
12219 4.62762e-006
12220 3e-006
12221 3.6375e-006
12222 3e-006
12223 3e-006
12224 4.34633e-006
12225 3.31875e-006
12226 3e-006
12227 6.93418e-006
12228 3e-006
12229 3e-006
12230 6.06012e-006
12231 3.59367e-006
12232 3e-006
12233 3e-006
12234 3e-006
12235 6.36486e-006
12236 3.99012e-006
12237 3.67137e-006
12238 5.58746e-006
12239 4.05785e-006
12240 3e-006
12241 3e-006
12242 3.35262e-006
12243 3e-006
12244 3e-006
12245 3.6375e-006
12246 3.35262e-006
12247 5.09983e-006
12248 3.67137e-006
12249 3e-006
12250 5.6516e-006
12251 3.6375e-006
12252 3.31875e-006
12253 4.30887e-006
12254 3.31875e-006
12255 3e-006
12256 3e-006
12257 3.35262e-006
12258 4.92091e-006
12259 5.05157e-006
12260 6.2186e-006
12261 4.02398e-006
12262 3e-006
12263 3e-006
12264 3e-006
12265 3.31875e-006
12266 6.91156e-006
12267 4.98023e-006
12268 4.30887e-006
12269 6.79158e-006
12270 3.31875e-006
12271 4.83442e-006
12272 3.6375e-006
12273 3e-006
12274 3e-006
12275 5.61773e-006
12276 3e-006
12277 5.33645e-006
12278 7.91357e-006
12279 3.67137e-006
12280 3e-006
12281 4.78988e-006
12282 3.70523e-006
12283 3.67496e-006
12284 3.99012e-006
12285 3.70523e-006
12286 3e-006
12287 3.42035e-006
12288 5.05157e-006
12289 3.52953e-006
12290 3e-006
12291 3.38648e-006
12292 3e-006
12293 3e-006
12294 4.05785e-006
12295 4.275e-006
12296 3.35262e-006
12297 3.95625e-006
12298 3.39008e-006
12299 3.84866e-006
12300 3.31875e-006
12301 3.95625e-006
12302 4.02758e-006
12303 5.82453e-006
12304 3e-006
12305 3e-006
12306 3e-006
12307 3e-006
12308 4.48938e-006
12309 4.04198e-006
12310 3e-006
12311 3.31875e-006
12312 4.02398e-006
12313 3e-006
12314 3.31875e-006
12315 5.80146e-006
12316 3e-006
12317 5.08903e-006
12318 3e-006
12319 3e-006
12320 3e-006
12321 3e-006
12322 5.30618e-006
12323 3.67496e-006
12324 3.67137e-006
12325 8.69688e-006
12326 4.30887e-006
12327 4.09532e-006
12328 3.31875e-006
12329 3.6375e-006
12330 3e-006
12331 3e-006
12332 3e-006
12333 3.6375e-006
12334 3.81043e-006
12335 3.6375e-006
12336 3e-006
12337 4.66148e-006
12338 3.31875e-006
12339 5.44208e-006
12340 3.31875e-006
12341 3.70523e-006
12342 3.95625e-006
12343 5.93648e-006
12344 4.275e-006
12345 4.30887e-006
12346 4.09891e-006
12347 3.35262e-006
12348 4.06145e-006
12349 3e-006
12350 3e-006
12351 4.66953e-006
12352 3.31875e-006
12353 3.39046e-006
12354 4.06221e-006
12355 3.67137e-006
12356 3.6375e-006
12357 3e-006
12358 5.40457e-006
12359 3.31875e-006
12360 6.00107e-006
12361 3.6375e-006
12362 6.60785e-006
12363 3e-006
12364 3e-006
12365 4.275e-006
12366 3e-006
12367 5.67042e-006
12368 4.3766e-006
12369 4.02398e-006
12370 3.70523e-006
12371 3.31875e-006
12372 4.41407e-006
12373 8.69848e-006
12374 3e-006
12375 3.7391e-006
12376 5.05555e-006
12377 3.31875e-006
12378 3e-006
12379 4.12559e-006
12380 4.02398e-006
12381 3.31875e-006
12382 3.35262e-006
12383 3e-006
12384 3.31875e-006
12385 4.30887e-006
12386 3.45422e-006
12387 3.31875e-006
12388 3e-006
12389 3.31875e-006
12390 5.08941e-006
12391 3.31875e-006
12392 3e-006
12393 4.98023e-006
12394 3.35621e-006
12395 3.95625e-006
12396 3e-006
12397 3.31875e-006
12398 6.18795e-006
12399 4.83082e-006
12400 3.6375e-006
12401 3.6375e-006
12402 3e-006
12403 3e-006
12404 3.70523e-006
12405 3.95625e-006
12406 3.31875e-006
12407 4.41335e-006
12408 3e-006
12409 5.44165e-006
12410 3.6375e-006
12411 3e-006
12412 3.67137e-006
12413 3.6375e-006
12414 3.42395e-006
12415 3.31875e-006
12416 4.98023e-006
12417 5.13099e-006
12418 3e-006
12419 3.31875e-006
12420 4.51207e-006
12421 3.67137e-006
12422 3.6375e-006
12423 3.42793e-006
12424 3.35621e-006
12425 3e-006
12426 3e-006
12427 3.35262e-006
12428 3.6375e-006
12429 3.6375e-006
12430 3e-006
12431 3e-006
12432 7.10313e-006
12433 3e-006
12434 3.35621e-006
12435 3.31875e-006
12436 3.95625e-006
12437 5.26512e-006
12438 6.42457e-006
12439 3e-006
12440 3.95625e-006
12441 4.12559e-006
12442 4.30887e-006
12443 4.30887e-006
12444 3.31875e-006
12445 3e-006
12446 3e-006
12447 4.13278e-006
12448 5.71933e-006
12449 3e-006
12450 3.31875e-006
12451 3e-006
12452 3.31875e-006
12453 3e-006
12454 3.95625e-006
12455 5.43843e-006
12456 4.42165e-006
12457 3.70883e-006
12458 5.39081e-006
12459 3.7391e-006
12460 3e-006
12461 3e-006
12462 4.34273e-006
12463 3.31875e-006
12464 3.77297e-006
12465 3e-006
12466 8.81807e-006
12467 3.6375e-006
12468 7.22362e-006
12469 4.52729e-006
12470 6.62269e-006
12471 4.12559e-006
12472 3e-006
12473 5.33683e-006
12474 3.70523e-006
12475 3.6375e-006
12476 3.31875e-006
12477 3e-006
12478 3e-006
12479 3.31875e-006
12480 5.27391e-006
12481 3.88973e-006
12482 3e-006
12483 3.6375e-006
12484 3.31875e-006
12485 6.71305e-006
12486 4.30887e-006
12487 3e-006
12488 5.29898e-006
12489 5.59106e-006
12490 3e-006
12491 3.99012e-006
12492 6.66922e-006
12493 3.95625e-006
12494 3.67496e-006
12495 6.79633e-006
12496 4.02398e-006
12497 3.51163e-006
12498 3.6375e-006
12499 3e-006
12500 3e-006
12501 3e-006
12502 3e-006
12503 3.31875e-006
12504 3.36739e-006
12505 3e-006
12506 3e-006
12507 4.62762e-006
12508 6.46961e-006
12509 3e-006
12510 3.31875e-006
12511 4.42486e-006
12512 3.99012e-006
12513 3.4582e-006
12514 3.80684e-006
12515 3.31875e-006
12516 3.6375e-006
12517 5.1265e-006
12518 3.4618e-006
12519 4.98498e-006
12520 3.6375e-006
12521 3.95625e-006
12522 3.67137e-006
12523 3e-006
12524 4.275e-006
12525 3.95625e-006
12526 4.73282e-006
12527 3.31875e-006
12528 3e-006
12529 4.27783e-006
12530 4.17385e-006
12531 3e-006
12532 3.31875e-006
12533 4.06145e-006
12534 3e-006
12535 3.39051e-006
12536 4.96435e-006
12537 3.83241e-006
12538 4.26825e-006
12539 3e-006
12540 4.73282e-006
12541 3.6375e-006
12542 3.31875e-006
12543 4.69971e-006
12544 3e-006
12545 4.66906e-006
12546 3.35262e-006
12547 3.6375e-006
12548 3.31875e-006
12549 5.54325e-006
12550 4.06505e-006
12551 4.41407e-006
12552 4.91295e-006
12553 3e-006
12554 3e-006
12555 3e-006
12556 3.38648e-006
12557 6.07555e-006
12558 3.31875e-006
12559 3e-006
12560 3e-006
12561 3e-006
12562 3e-006
12563 3e-006
12564 3.71281e-006
12565 5.11745e-006
12566 3.6375e-006
12567 3e-006
12568 3.95625e-006
12569 5.04408e-006
12570 3.42035e-006
12571 5.05157e-006
12572 3.31875e-006
12573 3.31875e-006
12574 3.95625e-006
12575 4.275e-006
12576 3.78817e-006
12577 3.95625e-006
12578 3e-006
12579 3.78016e-006
12580 5.6588e-006
12581 3.95625e-006
12582 5.71933e-006
12583 3e-006
12584 3e-006
12585 3.80684e-006
12586 4.02398e-006
12587 3.31875e-006
12588 4.59375e-006
12589 3.38648e-006
12590 3e-006
12591 5.26512e-006
12592 4.76668e-006
12593 4.69535e-006
12594 3.70523e-006
12595 4.69535e-006
12596 3.31875e-006
12597 3.95625e-006
12598 3.70523e-006
12599 3e-006
12600 4.41445e-006
12601 4.62762e-006
12602 4.80138e-006
12603 3.95625e-006
12604 3e-006
12605 5.13851e-006
12606 4.02805e-006
12607 3.43195e-006
12608 5.50578e-006
12609 4.2009e-006
12610 5.6294e-006
12611 3.95625e-006
12612 3.31875e-006
12613 5.54325e-006
12614 3.31875e-006
12615 3.31875e-006
12616 3.99731e-006
12617 5.62225e-006
12618 3e-006
12619 4.30887e-006
12620 3e-006
12621 4.34273e-006
12622 4.30887e-006
12623 3e-006
12624 6.99433e-006
12625 3.67137e-006
12626 4.3766e-006
12627 3e-006
12628 3.7427e-006
12629 3e-006
12630 3e-006
12631 3e-006
12632 3e-006
12633 3.39368e-006
12634 3.35621e-006
12635 3.38648e-006
12636 3e-006
12637 5.98994e-006
12638 4.62762e-006
12639 4.02398e-006
12640 3.31875e-006
12641 3.35262e-006
12642 3e-006
12643 3.6375e-006
12644 3.6375e-006
12645 3e-006
12646 5.29898e-006
12647 3.31875e-006
12648 4.16305e-006
12649 4.09532e-006
12650 4.275e-006
12651 6.54012e-006
12652 3e-006
12653 3.35262e-006
12654 3.6375e-006
12655 3.70921e-006
12656 3.38648e-006
12657 3.35262e-006
12658 3.31875e-006
12659 6.47398e-006
12660 5.61773e-006
12661 3e-006
12662 3.31875e-006
12663 3.45782e-006
12664 3.31875e-006
12665 3e-006
12666 3.95625e-006
12667 3.95625e-006
12668 3.31875e-006
12669 3e-006
12670 3.6375e-006
12671 6.64532e-006
12672 3.38648e-006
12673 3e-006
12674 3.31875e-006
12675 3.31875e-006
12676 3.99095e-006
12677 3e-006
12678 4.3766e-006
12679 3e-006
12680 3e-006
12681 9.12803e-006
12682 3.35262e-006
12683 3e-006
12684 5.40058e-006
12685 3.67856e-006
12686 5.82498e-006
12687 4.62762e-006
12688 3e-006
12689 3e-006
12690 6.70006e-006
12691 4.00091e-006
12692 4.13316e-006
12693 4.16305e-006
12694 4.275e-006
12695 3e-006
12696 3.48809e-006
12697 3.6375e-006
12698 3e-006
12699 4.3766e-006
12700 3.31875e-006
12701 6.52779e-006
12702 4.06145e-006
12703 3.31875e-006
12704 3e-006
12705 3e-006
12706 3.36897e-006
12707 3.95625e-006
12708 3.7391e-006
12709 5.23125e-006
12710 4.30887e-006
12711 5.97395e-006
12712 3.95625e-006
12713 3e-006
12714 3e-006
12715 3e-006
12716 3e-006
12717 1.06373e-005
12718 3e-006
12719 8.07416e-006
12720 3e-006
12721 4.4926e-006
12722 3e-006
12723 3.6375e-006
12724 4.34633e-006
12725 3.35262e-006
12726 3e-006
12727 3.31875e-006
12728 3.67611e-006
12729 3.6375e-006
12730 3.38648e-006
12731 5.33961e-006
12732 4.02398e-006
12733 5.08903e-006
12734 3.62153e-006
12735 4.3766e-006
12736 3.6375e-006
12737 4.62762e-006
12738 3e-006
12739 3e-006
12740 3.35981e-006
12741 3e-006
12742 3.67137e-006
12743 3e-006
12744 3.70523e-006
12745 5.23125e-006
12746 3e-006
12747 3.31875e-006
12748 3.35262e-006
12749 3.31875e-006
12750 3.31875e-006
12751 3e-006
12752 5.47192e-006
12753 3e-006
12754 3.35621e-006
12755 3.6375e-006
12756 3e-006
12757 3.35621e-006
12758 3.31875e-006
12759 3e-006
12760 3.85226e-006
12761 5.65918e-006
12762 4.69895e-006
12763 3.31875e-006
12764 4.51207e-006
12765 3.89654e-006
12766 6.78798e-006
12767 3.31875e-006
12768 3.95625e-006
12769 3.6375e-006
12770 3.6375e-006
12771 3.88536e-006
12772 3.42433e-006
12773 3e-006
12774 3.70523e-006
12775 3e-006
12776 3.35262e-006
12777 3.35262e-006
12778 4.30887e-006
12779 3e-006
12780 3e-006
12781 3.31875e-006
12782 3.31875e-006
12783 3.35262e-006
12784 4.4818e-006
12785 3e-006
12786 3e-006
12787 3.67137e-006
12788 3.31875e-006
12789 3.6375e-006
12790 3.67856e-006
12791 3.99012e-006
12792 8.67021e-006
12793 3e-006
12794 3e-006
12795 3.42395e-006
12796 4.30887e-006
12797 7.59198e-006
12798 5.16036e-006
12799 3.31875e-006
12800 4.11729e-006
12801 4.02835e-006
12802 3.70523e-006
12803 3e-006
12804 3e-006
12805 6.88239e-006
12806 3.67137e-006
12807 3.62153e-006
12808 3.6375e-006
12809 4.54602e-006
12810 3e-006
12811 3e-006
12812 4.275e-006
12813 3.31875e-006
12814 4.41407e-006
12815 4.77597e-006
12816 7.28498e-006
12817 3.6375e-006
12818 6.61505e-006
12819 3.70523e-006
12820 4.76309e-006
12821 3e-006
12822 4.02758e-006
12823 4.3802e-006
12824 5.08184e-006
12825 3.67137e-006
12826 4.79695e-006
12827 3.31875e-006
12828 3.35262e-006
12829 3.35262e-006
12830 3e-006
12831 4.02398e-006
12832 3e-006
12833 5.08543e-006
12834 3.31875e-006
12835 3.31875e-006
12836 3.99012e-006
12837 8.53224e-006
12838 5.19821e-006
12839 3.6375e-006
12840 3e-006
12841 3.31875e-006
12842 3.31875e-006
12843 3.31875e-006
12844 3.63075e-006
12845 4.38816e-006
12846 4.35713e-006
12847 3e-006
12848 3.47941e-006
12849 3.67137e-006
12850 3e-006
12851 4.15945e-006
12852 4.3838e-006
12853 3.31875e-006
12854 3.95625e-006
12855 3.67137e-006
12856 3.35262e-006
12857 5.38876e-006
12858 5.1396e-006
12859 5.55045e-006
12860 3.70883e-006
12861 4.30887e-006
12862 3e-006
12863 3.6375e-006
12864 3.31875e-006
12865 3.67137e-006
12866 3.7427e-006
12867 3.95625e-006
12868 5.27314e-006
12869 5.7604e-006
12870 4.4818e-006
12871 4.13278e-006
12872 3e-006
12873 3e-006
12874 4.24916e-006
12875 6.43177e-006
12876 3.35262e-006
12877 3.35262e-006
12878 5.0213e-006
12879 4.30887e-006
12880 3.31875e-006
12881 3e-006
12882 3e-006
12883 4.275e-006
12884 3.67137e-006
12885 3.31875e-006
12886 7.69847e-006
12887 4.02398e-006
12888 3.6375e-006
12889 3.42035e-006
12890 3.99012e-006
12891 4.4523e-006
12892 5.0177e-006
12893 3e-006
12894 4.02758e-006
12895 3.35262e-006
12896 3e-006
12897 3.6375e-006
12898 4.11369e-006
12899 3.31875e-006
12900 3.99012e-006
12901 4.9125e-006
12902 3e-006
12903 4.30887e-006
12904 3.39406e-006
12905 3e-006
12906 3e-006
12907 3e-006
12908 3.95625e-006
12909 3e-006
12910 3e-006
12911 3.31875e-006
12912 4.78468e-006
12913 5.71933e-006
12914 5.83935e-006
12915 3.31875e-006
12916 6.3943e-006
12917 3.31875e-006
12918 9.31536e-006
12919 3.8443e-006
12920 3.31875e-006
12921 3.31875e-006
12922 5.71104e-006
12923 3e-006
12924 4.62762e-006
12925 3.70523e-006
12926 3e-006
12927 3.31875e-006
12928 3.99012e-006
12929 3.31875e-006
12930 3.31875e-006
12931 3.31875e-006
12932 6.54731e-006
12933 4.78582e-006
12934 5.62133e-006
12935 4.34273e-006
12936 3.6375e-006
12937 3e-006
12938 3.99012e-006
12939 5.61773e-006
12940 3.67137e-006
12941 3.31875e-006
12942 4.45873e-006
12943 3e-006
12944 3e-006
12945 3.6375e-006
12946 4.69535e-006
12947 4.275e-006
12948 3.31875e-006
12949 4.02758e-006
12950 3e-006
12951 3.67137e-006
12952 3.35981e-006
12953 3.67137e-006
12954 5.0177e-006
12955 4.3766e-006
12956 3e-006
12957 4.41407e-006
12958 4.9125e-006
12959 3e-006
12960 3e-006
12961 3.67496e-006
12962 5.05157e-006
12963 3.77695e-006
12964 3e-006
12965 6.23621e-006
12966 4.06145e-006
12967 4.7368e-006
12968 3.31875e-006
12969 3e-006
12970 8.03227e-006
12971 4.09172e-006
12972 3e-006
12973 5.7568e-006
12974 3.31875e-006
12975 4.59375e-006
12976 3e-006
12977 3e-006
12978 3e-006
12979 3.47983e-006
12980 3.7499e-006
12981 3.42035e-006
12982 3e-006
12983 4.44793e-006
12984 4.275e-006
12985 3.49058e-006
12986 3.67496e-006
12987 4.275e-006
12988 5.09301e-006
12989 5.26556e-006
12990 7.7825e-006
12991 3e-006
12992 3.70523e-006
12993 4.05785e-006
12994 3e-006
12995 3.95625e-006
12996 3.6375e-006
12997 4.5906e-006
12998 7.96536e-006
12999 4.41445e-006
13000 3.42395e-006
13001 3.31875e-006
13002 3e-006
13003 3.31875e-006
13004 3.31875e-006
13005 3.31875e-006
13006 3e-006
13007 5.71933e-006
13008 4.34273e-006
13009 3e-006
13010 3e-006
13011 3e-006
13012 3e-006
13013 3.71243e-006
13014 3.31875e-006
13015 3e-006
13016 3e-006
13017 3.35262e-006
13018 3e-006
13019 3e-006
13020 4.35391e-006
13021 3.35621e-006
13022 3e-006
13023 4.09532e-006
13024 5.58387e-006
13025 3.31875e-006
13026 4.12918e-006
13027 3e-006
13028 3.6375e-006
13029 3.31875e-006
13030 3.31875e-006
13031 3.35262e-006
13032 3e-006
13033 3.35262e-006
13034 5.61773e-006
13035 3.31875e-006
13036 4.72922e-006
13037 3.6375e-006
13038 3.70523e-006
13039 3.31875e-006
13040 4.34993e-006
13041 3e-006
13042 3.67137e-006
13043 3.31875e-006
13044 3.6375e-006
13045 4.98383e-006
13046 3e-006
13047 7.99563e-006
13048 3.31875e-006
13049 3.31875e-006
13050 3.31875e-006
13051 4.1559e-006
13052 3e-006
13053 3.6375e-006
13054 3e-006
13055 3.95625e-006
13056 3.35621e-006
13057 6.03808e-006
13058 3e-006
13059 3.95625e-006
13060 3e-006
13061 4.4854e-006
13062 3.35262e-006
13063 3.35262e-006
13064 3.67137e-006
13065 3.4618e-006
13066 3.31875e-006
13067 4.89424e-006
13068 4.09532e-006
13069 3e-006
13070 4.66913e-006
13071 3.6375e-006
13072 4.4854e-006
13073 8.84081e-006
13074 3.45422e-006
13075 6.08711e-006
13076 3.31875e-006
13077 3e-006
13078 3.31875e-006
13079 3.7391e-006
13080 8.08605e-006
13081 3e-006
13082 4.61727e-006
13083 3.95625e-006
13084 4.63121e-006
13085 3.31875e-006
13086 4.69895e-006
13087 3.99012e-006
13088 3e-006
13089 3.95625e-006
13090 5.82034e-006
13091 6.54731e-006
13092 4.3874e-006
13093 3e-006
13094 4.44793e-006
13095 3.31875e-006
13096 3.31875e-006
13097 4.62762e-006
13098 3e-006
13099 3.99371e-006
13100 4.02398e-006
13101 3.38648e-006
13102 4.90613e-006
13103 3e-006
13104 3.95625e-006
13105 3.38648e-006
13106 3.6375e-006
13107 4.30887e-006
13108 3.99012e-006
13109 3.31875e-006
13110 3e-006
13111 3e-006
13112 4.41407e-006
13113 3e-006
13114 4.13638e-006
13115 3e-006
13116 3.6375e-006
13117 3.89256e-006
13118 3.31875e-006
13119 4.275e-006
13120 4.30887e-006
13121 3.67137e-006
13122 3e-006
13123 4.66906e-006
13124 3e-006
13125 4.05785e-006
13126 3e-006
13127 3.99012e-006
13128 5.33721e-006
13129 3.6375e-006
13130 3e-006
13131 5.29898e-006
13132 6.40264e-006
13133 3e-006
13134 4.02398e-006
13135 3.35262e-006
13136 3e-006
13137 3.67137e-006
13138 5.0177e-006
13139 3e-006
13140 4.275e-006
13141 3.71281e-006
13142 3.31875e-006
13143 3.6375e-006
13144 5.33285e-006
13145 4.41766e-006
13146 4.62762e-006
13147 3e-006
13148 3.31875e-006
13149 3.31875e-006
13150 3e-006
13151 3.99012e-006
13152 3.31875e-006
13153 4.35031e-006
13154 3.43627e-006
13155 5.26871e-006
13156 4.275e-006
13157 3e-006
13158 4.53802e-006
13159 4.275e-006
13160 3e-006
13161 3.31875e-006
13162 3e-006
13163 3.6375e-006
13164 3e-006
13165 3.87817e-006
13166 3e-006
13167 3.7427e-006
13168 3.31875e-006
13169 4.69895e-006
13170 3e-006
13171 3.31875e-006
13172 3e-006
13173 3.42755e-006
13174 3.31875e-006
13175 3.6375e-006
13176 3e-006
13177 3e-006
13178 5.89227e-006
13179 4.00532e-006
13180 3.35981e-006
13181 3e-006
13182 3.67137e-006
13183 3e-006
13184 3.6375e-006
13185 3.99012e-006
13186 3e-006
13187 3.99012e-006
13188 3.82242e-006
13189 4.66508e-006
13190 3e-006
13191 4.02398e-006
13192 3.31875e-006
13193 6.06802e-006
13194 3.38648e-006
13195 4.02398e-006
13196 4.62762e-006
13197 3.31875e-006
13198 3e-006
13199 7.11071e-006
13200 4.275e-006
13201 3e-006
13202 5.33285e-006
13203 3.6375e-006
13204 3.31875e-006
13205 3e-006
13206 3.70523e-006
13207 3e-006
13208 3.31875e-006
13209 3e-006
13210 3.35621e-006
13211 5.68547e-006
13212 5.93648e-006
13213 4.02398e-006
13214 3.31875e-006
13215 3.31875e-006
13216 4.0352e-006
13217 7.24535e-006
13218 3.6375e-006
13219 4.87993e-006
13220 3.31875e-006
13221 3.67137e-006
13222 4.03118e-006
13223 3.95625e-006
13224 4.275e-006
13225 3e-006
13226 3.31875e-006
13227 3.3566e-006
13228 3.54714e-006
13229 3.31875e-006
13230 3.31875e-006
13231 3.6375e-006
13232 3.31875e-006
13233 3.6375e-006
13234 3e-006
13235 3.99012e-006
13236 4.44434e-006
13237 3e-006
13238 3e-006
13239 3.81403e-006
13240 3.99371e-006
13241 5.60782e-006
13242 4.63121e-006
13243 4.09172e-006
13244 3.67137e-006
13245 3e-006
13246 3.31875e-006
13247 5.20977e-006
13248 3.95625e-006
13249 3.31875e-006
13250 3e-006
13251 4.34633e-006
13252 3.31875e-006
13253 3e-006
13254 3.95625e-006
13255 4.69895e-006
13256 3.6375e-006
13257 4.41766e-006
13258 3.70523e-006
13259 3e-006
13260 3.36383e-006
13261 4.84881e-006
13262 4.98023e-006
13263 3e-006
13264 7.0694e-006
13265 3.6375e-006
13266 3.42793e-006
13267 4.30887e-006
13268 7.31308e-006
13269 3e-006
13270 3e-006
13271 4.05785e-006
13272 4.3766e-006
13273 3.42395e-006
13274 6.59163e-006
13275 3.8443e-006
13276 3e-006
13277 3e-006
13278 6.75411e-006
13279 3e-006
13280 4.34993e-006
13281 3.31875e-006
13282 3.31875e-006
13283 4.72922e-006
13284 3e-006
13285 3e-006
13286 3e-006
13287 4.84881e-006
13288 4.34633e-006
13289 3e-006
13290 4.3766e-006
13291 3e-006
13292 4.275e-006
13293 3.6375e-006
13294 3e-006
13295 3.67856e-006
13296 4.02796e-006
13297 3e-006
13298 3e-006
13299 3e-006
13300 3.99012e-006
13301 3e-006
13302 3.31875e-006
13303 3.35981e-006
13304 3e-006
13305 5.75795e-006
13306 3.85341e-006
13307 3e-006
13308 4.34273e-006
13309 4.06903e-006
13310 3e-006
13311 3e-006
13312 3e-006
13313 3.35262e-006
13314 3.6375e-006
13315 4.09532e-006
13316 5.56288e-006
13317 3e-006
13318 4.63924e-006
13319 3e-006
13320 3e-006
13321 3.67137e-006
13322 3.86141e-006
13323 3e-006
13324 3e-006
13325 3e-006
13326 3.67137e-006
13327 3.40088e-006
13328 3.35262e-006
13329 4.62762e-006
13330 4.55352e-006
13331 4.6138e-006
13332 3.31875e-006
13333 5.27231e-006
13334 3e-006
13335 3e-006
13336 4.09172e-006
13337 4.02398e-006
13338 3e-006
13339 3.6375e-006
13340 3.7096e-006
13341 4.34273e-006
13342 3.95625e-006
13343 3e-006
13344 5.7568e-006
13345 4.66508e-006
13346 3e-006
13347 3.41205e-006
13348 3.99012e-006
13349 6.69074e-006
13350 3e-006
13351 3.35262e-006
13352 4.35076e-006
13353 3e-006
13354 3.76196e-006
13355 4.12918e-006
13356 4.48655e-006
13357 3.31875e-006
13358 5.05919e-006
13359 3e-006
13360 3e-006
13361 3e-006
13362 3.31875e-006
13363 6.36403e-006
13364 3e-006
13365 4.34273e-006
13366 3.38648e-006
13367 4.275e-006
13368 3.31875e-006
13369 3.31875e-006
13370 3e-006
13371 3e-006
13372 3.7391e-006
13373 3.31875e-006
13374 3.31875e-006
13375 8.65555e-006
13376 3.38648e-006
13377 3.31875e-006
13378 4.62762e-006
13379 3.31875e-006
13380 3.31875e-006
13381 3e-006
13382 3e-006
13383 5.19632e-006
13384 3.6375e-006
13385 4.5942e-006
13386 4.3838e-006
13387 3.35262e-006
13388 3.74308e-006
13389 3.99371e-006
13390 4.275e-006
13391 3.31875e-006
13392 4.09024e-006
13393 4.80415e-006
13394 3e-006
13395 3.99141e-006
13396 3.31875e-006
13397 3e-006
13398 3e-006
13399 3e-006
13400 6.13969e-006
13401 3.31875e-006
13402 6.01222e-006
13403 4.59375e-006
13404 3e-006
13405 3.31875e-006
13406 3.42395e-006
13407 4.53847e-006
13408 4.07623e-006
13409 3.35262e-006
13410 3e-006
13411 4.3766e-006
13412 3e-006
13413 3.35262e-006
13414 5.08184e-006
13415 3.67137e-006
13416 3e-006
13417 4.69535e-006
13418 3e-006
13419 3e-006
13420 3.6375e-006
13421 3.31875e-006
13422 4.275e-006
13423 3.31875e-006
13424 7.35813e-006
13425 4.62762e-006
13426 3e-006
13427 4.35353e-006
13428 3.31875e-006
13429 3.31875e-006
13430 6.21462e-006
13431 3e-006
13432 3e-006
13433 3e-006
13434 3.70523e-006
13435 5.04797e-006
13436 3.31875e-006
13437 3e-006
13438 3.31875e-006
13439 3.31875e-006
13440 3e-006
13441 4.20771e-006
13442 4.275e-006
13443 3.67496e-006
13444 3.31875e-006
13445 3e-006
13446 4.73641e-006
13447 3.35262e-006
13448 3.31875e-006
13449 3e-006
13450 5.19102e-006
13451 3e-006
13452 3.31875e-006
13453 3.77657e-006
13454 3e-006
13455 4.09532e-006
13456 4.30887e-006
13457 3.31875e-006
13458 3.6375e-006
13459 6.07195e-006
13460 3e-006
13461 3e-006
13462 3.31875e-006
13463 3e-006
13464 3.99012e-006
13465 3e-006
13466 3.67137e-006
13467 6.32657e-006
13468 3e-006
13469 4.30887e-006
13470 3e-006
13471 3e-006
13472 3.67137e-006
13473 3.92758e-006
13474 4.09532e-006
13475 3.99012e-006
13476 4.09891e-006
13477 4.4782e-006
13478 5.29152e-006
13479 3.35262e-006
13480 3.42395e-006
13481 3e-006
13482 3.95625e-006
13483 3e-006
13484 3.31875e-006
13485 6.40991e-006
13486 6.85887e-006
13487 3.6375e-006
13488 3e-006
13489 3.31875e-006
13490 4.06145e-006
13491 3.78016e-006
13492 3.67137e-006
13493 3.38648e-006
13494 4.02796e-006
13495 5.40418e-006
13496 3e-006
13497 4.98023e-006
13498 5.37032e-006
13499 3e-006
13500 3.67137e-006
13501 4.05785e-006
13502 3.31875e-006
13503 3.7427e-006
13504 4.05785e-006
13505 3.31875e-006
13506 3.6375e-006
13507 3.31875e-006
13508 6.39828e-006
13509 7.42548e-006
13510 4.66508e-006
13511 3.31875e-006
13512 3e-006
13513 3.45422e-006
13514 3e-006
13515 3.31875e-006
13516 4.62762e-006
13517 3.31875e-006
13518 3e-006
13519 3e-006
13520 3e-006
13521 4.30887e-006
13522 4.38456e-006
13523 3e-006
13524 4.34633e-006
13525 3e-006
13526 3.67137e-006
13527 4.275e-006
13528 3.31875e-006
13529 3.42035e-006
13530 3e-006
13531 3.31875e-006
13532 3e-006
13533 3.95625e-006
13534 3.31875e-006
13535 3.31875e-006
13536 3e-006
13537 3e-006
13538 3.31875e-006
13539 3e-006
13540 3e-006
13541 3.31875e-006
13542 4.80453e-006
13543 3e-006
13544 3e-006
13545 3.6375e-006
13546 3.95625e-006
13547 3e-006
13548 4.14515e-006
13549 3.6375e-006
13550 3.95625e-006
13551 3e-006
13552 3.59727e-006
13553 3e-006
13554 5.25803e-006
13555 3e-006
13556 3.73042e-006
13557 3.95625e-006
13558 3.31875e-006
13559 4.09891e-006
13560 3.31875e-006
13561 3.99012e-006
13562 3e-006
13563 3e-006
13564 3e-006
13565 3.31875e-006
13566 3.31875e-006
13567 3.38648e-006
13568 3.35262e-006
13569 4.06547e-006
13570 4.47389e-006
13571 3.31875e-006
13572 3.95625e-006
13573 3.95625e-006
13574 3.6375e-006
13575 7.74063e-006
13576 5.50871e-006
13577 3e-006
13578 5.6516e-006
13579 3.31875e-006
13580 3e-006
13581 3e-006
13582 4.30887e-006
13583 3e-006
13584 3e-006
13585 4.59375e-006
13586 3.99731e-006
13587 5.26633e-006
13588 3e-006
13589 3e-006
13590 3.31875e-006
13591 3e-006
13592 3.67137e-006
13593 6.11302e-006
13594 3e-006
13595 3.31875e-006
13596 3.67137e-006
13597 4.9125e-006
13598 3e-006
13599 4.69535e-006
13600 3.6375e-006
13601 3.99012e-006
13602 4.44434e-006
13603 3.67137e-006
13604 3e-006
13605 5.0141e-006
13606 3.95625e-006
13607 3.99493e-006
13608 4.275e-006
13609 4.30887e-006
13610 3.31875e-006
13611 3e-006
13612 3e-006
13613 3.35621e-006
13614 3e-006
13615 3e-006
13616 3.6375e-006
13617 3e-006
13618 3.67137e-006
13619 5.41498e-006
13620 3.31875e-006
13621 3.47259e-006
13622 3.6375e-006
13623 3.6375e-006
13624 3e-006
13625 4.16665e-006
13626 3.31875e-006
13627 3e-006
13628 3.31875e-006
13629 3e-006
13630 3.99012e-006
13631 3e-006
13632 3e-006
13633 4.12918e-006
13634 3.31875e-006
13635 3.31875e-006
13636 3.31875e-006
13637 3.6375e-006
13638 3e-006
13639 5.08543e-006
13640 3.72842e-006
13641 3.31875e-006
13642 3.6375e-006
13643 3.31875e-006
13644 3.6375e-006
13645 3.6375e-006
13646 3.70883e-006
13647 3.95625e-006
13648 3.67137e-006
13649 3.31875e-006
13650 3.31875e-006
13651 3e-006
13652 3e-006
13653 3e-006
13654 3.31875e-006
13655 3e-006
13656 3.95625e-006
13657 3.31875e-006
13658 6.00422e-006
13659 3.31875e-006
13660 3.31875e-006
13661 3e-006
13662 3.6375e-006
13663 3e-006
13664 3.6375e-006
13665 3.67137e-006
13666 3.31875e-006
13667 4.69933e-006
13668 3.95625e-006
13669 3.31875e-006
13670 3e-006
13671 6.42817e-006
13672 3e-006
13673 3e-006
13674 4.98383e-006
13675 3.6375e-006
13676 3.35262e-006
13677 4.06145e-006
13678 3e-006
13679 3.95625e-006
13680 4.30887e-006
13681 3e-006
13682 3.35262e-006
13683 3e-006
13684 3e-006
13685 3.6375e-006
13686 3.31875e-006
13687 4.275e-006
13688 4.72922e-006
13689 5.30258e-006
13690 4.23836e-006
13691 3.6375e-006
13692 4.34273e-006
13693 3.31875e-006
13694 3.70883e-006
13695 3.31875e-006
13696 3e-006
13697 3e-006
13698 3e-006
13699 3e-006
13700 3e-006
13701 3e-006
13702 3e-006
13703 3.70883e-006
13704 4.30887e-006
13705 4.24196e-006
13706 3.42395e-006
13707 4.275e-006
13708 3e-006
13709 3.67137e-006
13710 5.30258e-006
13711 3.31875e-006
13712 5.43805e-006
13713 3e-006
13714 3.67137e-006
13715 3.6375e-006
13716 3.31875e-006
13717 3.6375e-006
13718 3e-006
13719 4.30887e-006
13720 3.31875e-006
13721 3.77657e-006
13722 3.6375e-006
13723 4.59375e-006
13724 3.35262e-006
13725 3.38648e-006
13726 3.31875e-006
13727 3e-006
13728 3e-006
13729 3.39728e-006
13730 3.31875e-006
13731 3.7391e-006
13732 4.02398e-006
13733 3e-006
13734 4.275e-006
13735 3.31875e-006
13736 3e-006
13737 4.69535e-006
13738 3e-006
13739 3.95625e-006
13740 3e-006
13741 4.30887e-006
13742 3e-006
13743 3e-006
13744 3.39368e-006
13745 3e-006
13746 3.31875e-006
13747 3e-006
13748 3.40448e-006
13749 4.16305e-006
13750 4.57718e-006
13751 4.275e-006
13752 3.31875e-006
13753 3e-006
13754 3.31875e-006
13755 3e-006
13756 3.35262e-006
13757 3.99012e-006
13758 4.5859e-006
13759 4.62762e-006
13760 3.31875e-006
13761 3e-006
13762 3.7579e-006
13763 3e-006
13764 8.32479e-006
13765 3.99012e-006
13766 3.70523e-006
13767 3.31875e-006
13768 3.67137e-006
13769 3.67137e-006
13770 3.35621e-006
13771 3.6375e-006
13772 3.31875e-006
13773 3.67137e-006
13774 6.22137e-006
13775 4.05785e-006
13776 3e-006
13777 4.73282e-006
13778 4.05785e-006
13779 5.26512e-006
13780 3e-006
13781 3.3566e-006
13782 4.12559e-006
13783 3e-006
13784 4.02398e-006
13785 4.77786e-006
13786 4.13278e-006
13787 3.70523e-006
13788 3e-006
13789 5.04797e-006
13790 3e-006
13791 4.62762e-006
13792 3.38648e-006
13793 3.70523e-006
13794 5.58387e-006
13795 3e-006
13796 3.31875e-006
13797 3.67496e-006
13798 3.31875e-006
13799 3.6375e-006
13800 3e-006
13801 4.09172e-006
13802 3e-006
13803 4.59375e-006
13804 3e-006
13805 3e-006
13806 3.31875e-006
13807 3e-006
13808 5.73373e-006
13809 3.31875e-006
13810 3.35262e-006
13811 3e-006
13812 4.02758e-006
13813 3.31875e-006
13814 3.35262e-006
13815 3.31875e-006
13816 3.7391e-006
13817 4.34716e-006
13818 3.95625e-006
13819 4.0838e-006
13820 3.70523e-006
13821 3.7391e-006
13822 4.3802e-006
13823 5.44203e-006
13824 3e-006
13825 3e-006
13826 3e-006
13827 4.36592e-006
13828 3.35262e-006
13829 3.31875e-006
13830 4.275e-006
13831 3.31875e-006
13832 3.95625e-006
13833 3.31875e-006
13834 4.94e-006
13835 3.67137e-006
13836 4.04029e-006
13837 3e-006
13838 3e-006
13839 3.95625e-006
13840 4.41407e-006
13841 4.57279e-006
13842 5.08184e-006
13843 3e-006
13844 5.10859e-006
13845 4.30887e-006
13846 3.99012e-006
13847 3.42395e-006
13848 3e-006
13849 6.41357e-006
13850 3.95625e-006
13851 3.31875e-006
13852 3e-006
13853 3e-006
13854 3.95625e-006
13855 3.7391e-006
13856 3e-006
13857 3.67137e-006
13858 5.62133e-006
13859 4.86905e-006
13860 3.99012e-006
13861 4.56791e-006
13862 7.02832e-006
13863 4.41805e-006
13864 3e-006
13865 4.05785e-006
13866 4.30887e-006
13867 4.02758e-006
13868 3.31875e-006
13869 3.35262e-006
13870 3e-006
13871 3.6375e-006
13872 3e-006
13873 3e-006
13874 3.39368e-006
13875 3e-006
13876 3.6375e-006
13877 5.37032e-006
13878 7.84622e-006
13879 5.0141e-006
13880 3.67137e-006
13881 3.31875e-006
13882 3e-006
13883 3.95625e-006
13884 3.67137e-006
13885 5.61773e-006
13886 3.99012e-006
13887 3e-006
13888 3.6375e-006
13889 3e-006
13890 4.3766e-006
13891 4.51207e-006
13892 3.81043e-006
13893 3e-006
13894 3e-006
13895 3.31875e-006
13896 3.31875e-006
13897 4.275e-006
13898 6.11302e-006
13899 3e-006
13900 3.52195e-006
13901 3.31875e-006
13902 3e-006
13903 3e-006
13904 5.27591e-006
13905 3.31875e-006
13906 3.31875e-006
13907 3.35621e-006
13908 3.95625e-006
13909 3.7427e-006
13910 3.31875e-006
13911 3.42035e-006
13912 3.67137e-006
13913 3e-006
13914 4.66148e-006
13915 5.23125e-006
13916 3.70883e-006
13917 3e-006
13918 3.80684e-006
13919 4.12242e-006
13920 3.72323e-006
13921 4.34273e-006
13922 3.6375e-006
13923 5.37391e-006
13924 3.6375e-006
13925 3.99012e-006
13926 4.05785e-006
13927 3.31875e-006
13928 3.31875e-006
13929 3.70523e-006
13930 3.31875e-006
13931 3e-006
13932 3e-006
13933 3e-006
13934 3.31875e-006
13935 3.99012e-006
13936 3.95625e-006
13937 4.06145e-006
13938 3e-006
13939 3e-006
13940 3.31875e-006
13941 4.94637e-006
13942 5.6552e-006
13943 3.31875e-006
13944 3.35262e-006
13945 5.26512e-006
13946 3e-006
13947 4.275e-006
13948 3.6375e-006
13949 3.6375e-006
13950 3.99012e-006
13951 5.20181e-006
13952 3.67137e-006
13953 3.6375e-006
13954 3.31875e-006
13955 3e-006
13956 4.02398e-006
13957 4.72922e-006
13958 3e-006
13959 3e-006
13960 3e-006
13961 3.70096e-006
13962 4.30887e-006
13963 3.35262e-006
13964 3.31875e-006
13965 5.69266e-006
13966 3e-006
13967 3.67496e-006
13968 3.99012e-006
13969 3e-006
13970 3.31875e-006
13971 6.90038e-006
13972 3e-006
13973 4.34273e-006
13974 3e-006
13975 3.31875e-006
13976 3e-006
13977 3.38648e-006
13978 5.08543e-006
13979 5.02528e-006
13980 6.66016e-006
13981 3.31875e-006
13982 3.35262e-006
13983 4.34633e-006
13984 3.95625e-006
13985 3.6375e-006
13986 3e-006
13987 3.6375e-006
13988 3e-006
13989 3.35262e-006
13990 4.62762e-006
13991 3.95625e-006
13992 3.38648e-006
13993 3.67137e-006
13994 3e-006
13995 6.00422e-006
13996 3.31875e-006
13997 3e-006
13998 3e-006
13999 3.67496e-006
14000 3.67496e-006
14001 3.7463e-006
14002 3.31875e-006
14003 3.82674e-006
14004 3e-006
14005 3.70523e-006
14006 4.275e-006
14007 3.31875e-006
14008 3e-006
14009 3.95625e-006
14010 4.02083e-006
14011 3e-006
14012 3.99371e-006
14013 5.04797e-006
14014 3.31875e-006
14015 5.7604e-006
14016 6.51787e-006
14017 3e-006
14018 3e-006
14019 3.31875e-006
14020 3e-006
14021 3e-006
14022 3.6375e-006
14023 3.36341e-006
14024 3.77657e-006
14025 4.41047e-006
14026 4.59375e-006
14027 3e-006
14028 3.35262e-006
14029 3.67137e-006
14030 3.99012e-006
14031 5.0177e-006
14032 3.35262e-006
14033 3.67137e-006
14034 3.6375e-006
14035 3e-006
14036 4.12918e-006
14037 3e-006
14038 3.31875e-006
14039 5.08184e-006
14040 4.73282e-006
14041 3.95625e-006
14042 3.6375e-006
14043 3.78055e-006
14044 3e-006
14045 4.41766e-006
14046 3.67137e-006
14047 3.6375e-006
14048 3e-006
14049 3.31875e-006
14050 3e-006
14051 3e-006
14052 3.99371e-006
14053 3.31875e-006
14054 3.3602e-006
14055 3.31875e-006
14056 3.7391e-006
14057 3e-006
14058 3e-006
14059 5.40551e-006
14060 3e-006
14061 3e-006
14062 4.444e-006
14063 3.95625e-006
14064 3.31875e-006
14065 3e-006
14066 3.67137e-006
14067 3.31875e-006
14068 3e-006
14069 3.6375e-006
14070 5.36672e-006
14071 3.6375e-006
14072 3e-006
14073 5.6827e-006
14074 4.275e-006
14075 3e-006
14076 4.31246e-006
14077 6.06006e-006
14078 3e-006
14079 3e-006
14080 3e-006
14081 3e-006
14082 3.43115e-006
14083 3.35262e-006
14084 3e-006
14085 3.67535e-006
14086 4.69895e-006
14087 5.97395e-006
14088 3.31875e-006
14089 3.35262e-006
14090 3.8184e-006
14091 3.6375e-006
14092 3.72001e-006
14093 3.47221e-006
14094 3e-006
14095 4.62762e-006
14096 5.15715e-006
14097 4.44832e-006
14098 4.16665e-006
14099 3.31875e-006
14100 3.31875e-006
14101 3e-006
14102 3.31875e-006
14103 3.31875e-006
14104 3.99012e-006
14105 3e-006
14106 3e-006
14107 3e-006
14108 4.62762e-006
14109 3e-006
14110 3e-006
14111 3.42395e-006
14112 6.03808e-006
14113 4.34633e-006
14114 5.29898e-006
14115 3e-006
14116 3.5706e-006
14117 3e-006
14118 3.35621e-006
14119 3.35262e-006
14120 3.42755e-006
14121 3.31875e-006
14122 6.22541e-006
14123 3e-006
14124 3e-006
14125 5.33285e-006
14126 4.02835e-006
14127 3e-006
14128 3.31875e-006
14129 3.6375e-006
14130 4.59375e-006
14131 3e-006
14132 4.77028e-006
14133 3.31875e-006
14134 5.69266e-006
14135 3.70883e-006
14136 4.44434e-006
14137 3e-006
14138 3.99012e-006
14139 4.02758e-006
14140 3.31875e-006
14141 4.42486e-006
14142 4.31966e-006
14143 3.31875e-006
14144 3.70883e-006
14145 3.31875e-006
14146 5.1265e-006
14147 5.52531e-006
14148 3.81403e-006
14149 3e-006
14150 3.6375e-006
14151 3.6375e-006
14152 3e-006
14153 4.98023e-006
14154 3.35262e-006
14155 5.1301e-006
14156 3e-006
14157 3e-006
14158 3e-006
14159 3.35262e-006
14160 3e-006
14161 3.99012e-006
14162 3e-006
14163 3.42035e-006
14164 3.56971e-006
14165 3e-006
14166 3e-006
14167 3.31875e-006
14168 3.70523e-006
14169 3e-006
14170 3.67137e-006
14171 3e-006
14172 3.7427e-006
14173 4.74438e-006
14174 4.59375e-006
14175 3.35621e-006
14176 4.9125e-006
14177 3.3566e-006
14178 3e-006
14179 3e-006
14180 3e-006
14181 4.05785e-006
14182 3e-006
14183 5.08184e-006
14184 4.31606e-006
14185 3.99012e-006
14186 3.77297e-006
14187 3e-006
14188 3e-006
14189 3.35262e-006
14190 4.76668e-006
14191 3e-006
14192 3e-006
14193 4.06505e-006
14194 3.31875e-006
14195 3.31875e-006
14196 3.99012e-006
14197 4.30887e-006
14198 5.862e-006
14199 3e-006
14200 4.13676e-006
14201 3.35262e-006
14202 3e-006
14203 3e-006
14204 3.31875e-006
14205 3e-006
14206 3.68576e-006
14207 3e-006
14208 3.31875e-006
14209 3.6375e-006
14210 5.23125e-006
14211 4.62762e-006
14212 3.6375e-006
14213 3.65391e-006
14214 3.35621e-006
14215 5.34365e-006
14216 3e-006
14217 3e-006
14218 3.31875e-006
14219 3.7427e-006
14220 3e-006
14221 3.35262e-006
14222 3e-006
14223 5.05559e-006
14224 3e-006
14225 3e-006
14226 3.31875e-006
14227 3.31875e-006
14228 3.95625e-006
14229 3.45422e-006
14230 5.05157e-006
14231 3e-006
14232 4.49378e-006
14233 3.6375e-006
14234 3e-006
14235 3.31875e-006
14236 3.31875e-006
14237 3.31875e-006
14238 3.9941e-006
14239 3e-006
14240 3e-006
14241 3e-006
14242 3.35262e-006
14243 3.45782e-006
14244 5.05555e-006
14245 3e-006
14246 3.67137e-006
14247 3.31875e-006
14248 3.99012e-006
14249 3e-006
14250 3.38648e-006
14251 3.35621e-006
14252 3.99012e-006
14253 3e-006
14254 3e-006
14255 3.6375e-006
14256 4.0993e-006
14257 4.06543e-006
14258 3.31875e-006
14259 4.9125e-006
14260 3e-006
14261 6.14688e-006
14262 4.3802e-006
14263 3.31875e-006
14264 5.3779e-006
14265 4.52286e-006
14266 3.31875e-006
14267 3e-006
14268 5.61773e-006
14269 3e-006
14270 3.45422e-006
14271 3.31875e-006
14272 3.67496e-006
14273 3.31875e-006
14274 3e-006
14275 4.30887e-006
14276 3.99012e-006
14277 3e-006
14278 3e-006
14279 3.6375e-006
14280 3.31875e-006
14281 3e-006
14282 3e-006
14283 5.37391e-006
14284 3.38648e-006
14285 3e-006
14286 3e-006
14287 3e-006
14288 3.31875e-006
14289 4.32896e-006
14290 3e-006
14291 3.31875e-006
14292 5.02303e-006
14293 3e-006
14294 4.62762e-006
14295 3e-006
14296 3.6375e-006
14297 3e-006
14298 5.33285e-006
14299 3.31875e-006
14300 3.6375e-006
14301 4.94681e-006
14302 4.31246e-006
14303 3.31875e-006
14304 3.31875e-006
14305 3.70523e-006
14306 3.31875e-006
14307 3.67137e-006
14308 3.95625e-006
14309 4.02398e-006
14310 5.54325e-006
14311 3.31875e-006
14312 5.05016e-006
14313 3.31875e-006
14314 3e-006
14315 4.06865e-006
14316 4.02398e-006
14317 3.6375e-006
14318 3e-006
14319 3.31875e-006
14320 3.82483e-006
14321 3.67137e-006
14322 3.7391e-006
14323 3.99012e-006
14324 3e-006
14325 3.6375e-006
14326 3.70523e-006
14327 3.67539e-006
14328 4.05785e-006
14329 3.31875e-006
14330 4.275e-006
14331 4.41407e-006
14332 3.6375e-006
14333 3.99012e-006
14334 3.6375e-006
14335 4.58378e-006
14336 3e-006
14337 3.6375e-006
14338 3.35262e-006
14339 3e-006
14340 3.31875e-006
14341 3e-006
14342 3.35262e-006
14343 6.78078e-006
14344 3e-006
14345 3e-006
14346 3.99012e-006
14347 3.35262e-006
14348 4.63481e-006
14349 5.6516e-006
14350 4.34273e-006
14351 3.67137e-006
14352 3e-006
14353 3.35981e-006
14354 3.67137e-006
14355 3.95625e-006
14356 3e-006
14357 4.50638e-006
14358 3.95625e-006
14359 4.31246e-006
14360 3.31875e-006
14361 5.37032e-006
14362 4.98023e-006
14363 3e-006
14364 3e-006
14365 3e-006
14366 3.6375e-006
14367 4.06145e-006
14368 4.30887e-006
14369 3.31875e-006
14370 3.6375e-006
14371 3.31875e-006
14372 3.31875e-006
14373 3e-006
14374 3.77657e-006
14375 5.33645e-006
14376 3.31875e-006
14377 3.8443e-006
14378 3e-006
14379 3.31875e-006
14380 3.6375e-006
14381 5.7568e-006
14382 3e-006
14383 3.31875e-006
14384 3.42035e-006
14385 3.31875e-006
14386 4.02398e-006
14387 4.13278e-006
14388 4.23438e-006
14389 3e-006
14390 3.6375e-006
14391 4.80415e-006
14392 4.02796e-006
14393 3e-006
14394 3.31875e-006
14395 6.3943e-006
14396 3.8479e-006
14397 3.31875e-006
14398 3.31875e-006
14399 3.99371e-006
14400 3.6375e-006
14401 4.70255e-006
14402 4.41047e-006
14403 3e-006
14404 3.31875e-006
14405 3e-006
14406 5.41498e-006
14407 5.84972e-006
14408 3.35262e-006
14409 4.66148e-006
14410 3.6375e-006
14411 5.17874e-006
14412 3.70523e-006
14413 3e-006
14414 3e-006
14415 4.59375e-006
14416 3.31875e-006
14417 3.31875e-006
14418 5.20376e-006
14419 3.67496e-006
14420 3.6375e-006
14421 3e-006
14422 3.31875e-006
14423 3e-006
14424 3e-006
14425 3e-006
14426 5.98153e-006
14427 3.31875e-006
14428 4.52685e-006
14429 3e-006
14430 4.02398e-006
14431 5.6516e-006
14432 3e-006
14433 4.34273e-006
14434 3e-006
14435 4.02758e-006
14436 6.04969e-006
14437 4.4818e-006
14438 3.31875e-006
14439 3e-006
14440 3e-006
14441 4.83802e-006
14442 3.31875e-006
14443 3.35262e-006
14444 5.0141e-006
14445 5.93648e-006
14446 3.31875e-006
14447 3.99012e-006
14448 7.07325e-006
14449 3.31875e-006
14450 3e-006
14451 3.31875e-006
14452 3.31875e-006
14453 3e-006
14454 3.74668e-006
14455 3.95625e-006
14456 5.04797e-006
14457 3e-006
14458 4.16305e-006
14459 3e-006
14460 3.31875e-006
14461 3e-006
14462 3.38648e-006
14463 4.05785e-006
14464 3e-006
14465 4.02758e-006
14466 3e-006
14467 3.6375e-006
14468 3e-006
14469 3.31875e-006
14470 4.30212e-006
14471 4.02398e-006
14472 3.7427e-006
14473 3e-006
14474 3.35262e-006
14475 4.98789e-006
14476 3e-006
14477 4.98383e-006
14478 3.35262e-006
14479 3.6375e-006
14480 3.99012e-006
14481 3e-006
14482 4.83802e-006
14483 5.23966e-006
14484 3e-006
14485 4.10251e-006
14486 4.41047e-006
14487 3.42035e-006
14488 3.92321e-006
14489 3e-006
14490 4.3766e-006
14491 3e-006
14492 3.39008e-006
14493 3e-006
14494 3.67137e-006
14495 3e-006
14496 3.6375e-006
14497 3.95625e-006
14498 3.31875e-006
14499 4.41445e-006
14500 3e-006
14501 4.27185e-006
14502 3.75468e-006
14503 3e-006
14504 3.31875e-006
14505 3e-006
14506 3.38648e-006
14507 4.3802e-006
14508 7.51204e-006
14509 3.6375e-006
14510 4.44434e-006
14511 4.34273e-006
14512 3.95625e-006
14513 3.6375e-006
14514 5.19423e-006
14515 4.62762e-006
14516 3.31875e-006
14517 3e-006
14518 3e-006
14519 3.31875e-006
14520 3.67137e-006
14521 3.95625e-006
14522 3e-006
14523 3.31875e-006
14524 3.35262e-006
14525 3.31875e-006
14526 5.58387e-006
14527 3.31875e-006
14528 3e-006
14529 3e-006
14530 4.41047e-006
14531 4.98383e-006
14532 3.31875e-006
14533 3.38648e-006
14534 3e-006
14535 3.95625e-006
14536 4.53404e-006
14537 3.35262e-006
14538 3e-006
14539 4.3802e-006
14540 6.70945e-006
14541 3e-006
14542 3e-006
14543 3.31875e-006
14544 3.35698e-006
14545 3e-006
14546 3.43115e-006
14547 4.34273e-006
14548 4.73282e-006
14549 3.31875e-006
14550 3e-006
14551 9.5041e-006
14552 8.46071e-006
14553 4.30887e-006
14554 3.6375e-006
14555 3e-006
14556 3.31875e-006
14557 3.67137e-006
14558 3.31875e-006
14559 3e-006
14560 3.67496e-006
14561 3e-006
14562 3e-006
14563 3.67137e-006
14564 3e-006
14565 3.6375e-006
14566 4.3766e-006
14567 4.80775e-006
14568 3e-006
14569 3e-006
14570 3e-006
14571 5.0177e-006
14572 3.31875e-006
14573 3e-006
14574 5.0141e-006
14575 3e-006
14576 3.45422e-006
14577 3.6375e-006
14578 3e-006
14579 3e-006
14580 4.49658e-006
14581 4.02398e-006
14582 3.31875e-006
14583 4.275e-006
14584 6.11302e-006
14585 3.31875e-006
14586 3.31875e-006
14587 3e-006
14588 3.31875e-006
14589 3.31875e-006
14590 3e-006
14591 6.23981e-006
14592 3e-006
14593 4.34633e-006
14594 3e-006
14595 3.67137e-006
14596 3.99371e-006
14597 3e-006
14598 3.91623e-006
14599 3.31875e-006
14600 3.42035e-006
14601 4.62762e-006
14602 3.7391e-006
14603 3e-006
14604 5.0177e-006
14605 5.05157e-006
14606 3e-006
14607 5.33285e-006
14608 3e-006
14609 3.95625e-006
14610 4.34633e-006
14611 3e-006
14612 3e-006
14613 3.31875e-006
14614 3.67137e-006
14615 3e-006
14616 3.31875e-006
14617 4.1029e-006
14618 3.95625e-006
14619 3e-006
14620 3.99012e-006
14621 4.3802e-006
14622 3.31875e-006
14623 3.31875e-006
14624 5.0213e-006
14625 3e-006
14626 3e-006
14627 3e-006
14628 3e-006
14629 4.05785e-006
14630 3e-006
14631 3e-006
14632 3.35262e-006
14633 3.31875e-006
14634 5.79067e-006
14635 5.36776e-006
14636 3e-006
14637 3e-006
14638 3e-006
14639 3e-006
14640 4.80775e-006
14641 3e-006
14642 4.3874e-006
14643 3e-006
14644 3e-006
14645 3e-006
14646 4.30887e-006
14647 3e-006
14648 5.35161e-006
14649 3.6375e-006
14650 4.62762e-006
14651 3e-006
14652 3.31875e-006
14653 3e-006
14654 3e-006
14655 4.59375e-006
14656 3.31875e-006
14657 7.07684e-006
14658 3e-006
14659 3.35621e-006
14660 3.70523e-006
14661 3e-006
14662 5.6588e-006
14663 3e-006
14664 3.38648e-006
14665 4.59375e-006
14666 3.95625e-006
14667 3e-006
14668 4.41407e-006
14669 3e-006
14670 3.35262e-006
14671 3e-006
14672 3e-006
14673 3.31875e-006
14674 3.35262e-006
14675 4.62762e-006
14676 3.6375e-006
14677 3e-006
14678 3.31875e-006
14679 4.3766e-006
14680 4.09532e-006
14681 3.35262e-006
14682 3e-006
14683 4.34273e-006
14684 3.31875e-006
14685 3.31875e-006
14686 3e-006
14687 3.35262e-006
14688 3e-006
14689 4.7368e-006
14690 3.35262e-006
14691 3.6375e-006
14692 3.42395e-006
14693 3e-006
14694 4.31246e-006
14695 3.31875e-006
14696 3.35981e-006
14697 3.6375e-006
14698 3.99012e-006
14699 3e-006
14700 3.6375e-006
14701 3e-006
14702 3.35262e-006
14703 3.31875e-006
14704 3.31875e-006
14705 6.18435e-006
14706 3e-006
14707 5.23125e-006
14708 3e-006
14709 3.31875e-006
14710 3e-006
14711 3.31875e-006
14712 3.67496e-006
14713 3e-006
14714 3e-006
14715 5.62535e-006
14716 4.4926e-006
14717 4.22287e-006
14718 5.77272e-006
14719 3e-006
14720 3.7391e-006
14721 3.6375e-006
14722 3e-006
14723 3.6375e-006
14724 3e-006
14725 3.31875e-006
14726 4.41766e-006
14727 3e-006
14728 5.92973e-006
14729 3e-006
14730 4.05785e-006
14731 3e-006
14732 3.67137e-006
14733 3e-006
14734 3e-006
14735 3.95625e-006
14736 3e-006
14737 3.99012e-006
14738 3.6375e-006
14739 3.31875e-006
14740 4.79695e-006
14741 3.6375e-006
14742 4.30887e-006
14743 3e-006
14744 3e-006
14745 3.6375e-006
14746 3e-006
14747 4.275e-006
14748 3.6375e-006
14749 5.10741e-006
14750 3.67137e-006
14751 3.31875e-006
14752 3e-006
14753 3.31875e-006
14754 3e-006
14755 3.31875e-006
14756 3e-006
14757 3.31875e-006
14758 3e-006
14759 3e-006
14760 3.6375e-006
14761 3.35262e-006
14762 3e-006
14763 7.4011e-006
14764 3.31875e-006
14765 3e-006
14766 3e-006
14767 3e-006
14768 4.34993e-006
14769 4.66148e-006
14770 3e-006
14771 3e-006
14772 3e-006
14773 5.68547e-006
14774 3e-006
14775 3.31875e-006
14776 3.31875e-006
14777 3e-006
14778 3.95625e-006
14779 3.7427e-006
14780 5.33285e-006
14781 4.62762e-006
14782 3.81403e-006
14783 3.43191e-006
14784 3.77297e-006
14785 3.31875e-006
14786 3.38648e-006
14787 3e-006
14788 3.31875e-006
14789 3e-006
14790 3e-006
14791 3.31875e-006
14792 3.7427e-006
14793 4.30887e-006
14794 3.31875e-006
14795 3.6375e-006
14796 3e-006
14797 3e-006
14798 3e-006
14799 3.95625e-006
14800 3.6375e-006
14801 5.26512e-006
14802 6.78798e-006
14803 4.31291e-006
14804 3e-006
14805 4.67274e-006
14806 3e-006
14807 3.67137e-006
14808 3.70883e-006
14809 4.62762e-006
14810 3.35262e-006
14811 3e-006
14812 3e-006
14813 3.99012e-006
14814 3.38648e-006
14815 3e-006
14816 5.04797e-006
14817 3.67137e-006
14818 3e-006
14819 3.31875e-006
14820 3.42395e-006
14821 3e-006
14822 4.02398e-006
14823 3e-006
14824 3.31875e-006
14825 4.3766e-006
14826 3.70523e-006
14827 3.6375e-006
14828 4.63481e-006
14829 4.4782e-006
14830 4.275e-006
14831 3.95625e-006
14832 4.72922e-006
14833 3.35262e-006
14834 4.19692e-006
14835 3.67137e-006
14836 3e-006
14837 3.31875e-006
14838 5.17772e-006
14839 3.70883e-006
14840 3e-006
14841 4.41407e-006
14842 4.77028e-006
14843 3.6375e-006
14844 4.72922e-006
14845 5.33645e-006
14846 3.95625e-006
14847 3e-006
14848 3.31875e-006
14849 4.05785e-006
14850 5.08945e-006
14851 3.31875e-006
14852 4.3766e-006
14853 3e-006
14854 4.3802e-006
14855 3.35262e-006
14856 4.08025e-006
14857 3.31875e-006
14858 3.36058e-006
14859 3.31875e-006
14860 3.95625e-006
14861 3e-006
14862 5.6516e-006
14863 3.6375e-006
14864 3e-006
14865 3e-006
14866 3e-006
14867 3.42035e-006
14868 5.6552e-006
14869 3.31875e-006
14870 3.45782e-006
14871 3e-006
14872 4.275e-006
14873 3e-006
14874 3.35262e-006
14875 3e-006
14876 3.77297e-006
14877 4.275e-006
14878 3.31875e-006
14879 3e-006
14880 4.42126e-006
14881 3.3566e-006
14882 6.74332e-006
14883 3e-006
14884 4.66508e-006
14885 3.35262e-006
14886 3e-006
14887 4.34273e-006
14888 4.34273e-006
14889 3.35262e-006
14890 4.275e-006
14891 3e-006
14892 4.79695e-006
14893 3e-006
14894 3.31875e-006
14895 3.31875e-006
14896 3e-006
14897 3e-006
14898 4.55165e-006
14899 4.70691e-006
14900 3e-006
14901 3.6375e-006
14902 4.05785e-006
14903 3.67137e-006
14904 3.38648e-006
14905 4.98023e-006
14906 5.33645e-006
14907 3.95625e-006
14908 3e-006
14909 3.82483e-006
14910 3.70883e-006
14911 6.01263e-006
14912 3e-006
14913 3e-006
14914 3.6375e-006
14915 3.35621e-006
14916 3.6375e-006
14917 3e-006
14918 4.06145e-006
14919 3e-006
14920 4.3802e-006
14921 3e-006
14922 4.05785e-006
14923 3.75426e-006
14924 3.36379e-006
14925 4.32004e-006
14926 3.31875e-006
14927 3.70883e-006
14928 3.38648e-006
14929 3e-006
14930 3.31875e-006
14931 5.43805e-006
14932 3.67137e-006
14933 4.98023e-006
14934 3.6375e-006
14935 5.0213e-006
14936 3e-006
14937 4.66585e-006
14938 4.59375e-006
14939 4.34273e-006
14940 5.60028e-006
14941 3e-006
14942 4.02758e-006
14943 3.39046e-006
14944 5.69626e-006
14945 3.7391e-006
14946 3.35262e-006
14947 3.67137e-006
14948 3e-006
14949 4.59375e-006
14950 4.14472e-006
14951 3e-006
14952 3.31875e-006
14953 3.31875e-006
14954 3.70523e-006
14955 4.62762e-006
14956 3e-006
14957 3e-006
14958 3e-006
14959 3e-006
14960 3e-006
14961 3e-006
14962 3.31875e-006
14963 3.31875e-006
14964 4.74438e-006
14965 4.59375e-006
14966 3e-006
14967 5.02175e-006
14968 3e-006
14969 3.38648e-006
14970 3.35621e-006
14971 3.39008e-006
14972 3e-006
14973 3e-006
14974 4.06145e-006
14975 3e-006
14976 4.3766e-006
14977 3e-006
14978 3.31875e-006
14979 3.38648e-006
14980 4.24286e-006
14981 3e-006
14982 3.31875e-006
14983 3.31875e-006
14984 3.80684e-006
14985 4.275e-006
14986 3e-006
14987 3e-006
14988 3e-006
14989 3e-006
14990 3.31875e-006
14991 4.45551e-006
14992 3e-006
14993 3.67496e-006
14994 3.31875e-006
14995 4.73641e-006
14996 3e-006
14997 3.70523e-006
14998 3e-006
14999 3.31875e-006
15000 5.6552e-006
15001 3.31875e-006
15002 5.44885e-006
15003 3.35262e-006
15004 3e-006
15005 3.35621e-006
15006 3e-006
15007 3e-006
15008 4.53442e-006
15009 3e-006
15010 3e-006
15011 3.31875e-006
15012 3e-006
15013 3.67137e-006
15014 3e-006
15015 4.66879e-006
15016 3e-006
15017 3.31875e-006
15018 3e-006
15019 3.95625e-006
15020 3.67137e-006
15021 3.31875e-006
15022 3.70883e-006
15023 4.02398e-006
15024 3e-006
15025 3.70523e-006
15026 3.35262e-006
15027 3.38648e-006
15028 4.93132e-006
15029 3e-006
15030 3e-006
15031 4.30887e-006
15032 3.31875e-006
15033 3e-006
15034 6.4923e-006
15035 7.45575e-006
15036 3e-006
15037 3.67137e-006
15038 3e-006
15039 3e-006
15040 3e-006
15041 3e-006
15042 3e-006
15043 3.7391e-006
15044 3e-006
15045 3.31875e-006
15046 3.31875e-006
15047 4.77028e-006
15048 3e-006
15049 4.63604e-006
15050 4.4926e-006
15051 3e-006
15052 4.76668e-006
15053 3.6375e-006
15054 3.38648e-006
15055 3e-006
15056 3e-006
15057 3.39368e-006
15058 3e-006
15059 3.31875e-006
15060 3.31875e-006
15061 5.30258e-006
15062 3.31875e-006
15063 3.31875e-006
15064 3e-006
15065 3.31875e-006
15066 3e-006
15067 3.31875e-006
15068 3.95625e-006
15069 3.31875e-006
15070 3e-006
15071 4.66508e-006
15072 3.95625e-006
15073 3.67137e-006
15074 5.16477e-006
15075 3.42793e-006
15076 4.63121e-006
15077 4.06505e-006
15078 3e-006
15079 3e-006
15080 3e-006
15081 3.90336e-006
15082 5.05157e-006
15083 3e-006
15084 3e-006
15085 3e-006
15086 3.31875e-006
15087 3e-006
15088 3.31875e-006
15089 3e-006
15090 3.67137e-006
15091 3e-006
15092 4.13638e-006
15093 3.6375e-006
15094 3.70523e-006
15095 3.67496e-006
15096 4.489e-006
15097 4.69895e-006
15098 3.99012e-006
15099 3.67137e-006
15100 5.94843e-006
15101 3e-006
15102 3.35262e-006
15103 3e-006
15104 3.31875e-006
15105 3.55942e-006
15106 3.31875e-006
15107 3e-006
15108 3.35262e-006
15109 3e-006
15110 3.99012e-006
15111 4.275e-006
15112 4.09891e-006
15113 3e-006
15114 3e-006
15115 3.95625e-006
15116 3.31875e-006
15117 5.6516e-006
15118 3.88536e-006
15119 3.31875e-006
15120 4.98023e-006
15121 5.62493e-006
15122 4.50852e-006
15123 3e-006
15124 3.6375e-006
15125 3e-006
15126 3.31875e-006
15127 6.52977e-006
15128 3.35262e-006
15129 4.66148e-006
15130 3.95625e-006
15131 5.61773e-006
15132 3.6375e-006
15133 3.6375e-006
15134 4.59375e-006
15135 4.30887e-006
15136 3.31875e-006
15137 4.76668e-006
15138 3.7391e-006
15139 3.31875e-006
15140 3.99371e-006
15141 3.7391e-006
15142 3.6375e-006
15143 4.7332e-006
15144 3.31875e-006
15145 3.35262e-006
15146 3e-006
15147 6.00865e-006
15148 3.3566e-006
15149 4.66508e-006
15150 3e-006
15151 3e-006
15152 3.31875e-006
15153 3e-006
15154 4.3766e-006
15155 3.31875e-006
15156 5.08543e-006
15157 5.80272e-006
15158 3.7463e-006
15159 3.35621e-006
15160 3e-006
15161 5.03209e-006
15162 3.31875e-006
15163 3.6375e-006
15164 3.67137e-006
15165 3e-006
15166 3.99012e-006
15167 3.99012e-006
15168 3.67137e-006
15169 5.07867e-006
15170 3.31875e-006
15171 3.31875e-006
15172 3.95625e-006
15173 3e-006
15174 3.35262e-006
15175 3.31875e-006
15176 3.6375e-006
15177 3.99012e-006
15178 4.94637e-006
15179 3.31875e-006
15180 3.38648e-006
15181 3e-006
15182 3e-006
15183 3e-006
15184 3e-006
15185 3.83394e-006
15186 3.31875e-006
15187 3.6375e-006
15188 3e-006
15189 3.31875e-006
15190 6.44337e-006
15191 3.71679e-006
15192 5.29262e-006
15193 4.02758e-006
15194 3.6375e-006
15195 4.4854e-006
15196 3.95625e-006
15197 3e-006
15198 5.56882e-006
15199 5.3369e-006
15200 4.34993e-006
15201 3.35262e-006
15202 5.0141e-006
15203 4.5942e-006
15204 3.49211e-006
15205 4.31246e-006
15206 4.69895e-006
15207 3.99012e-006
15208 3.31875e-006
15209 3e-006
15210 3.35262e-006
15211 4.12089e-006
15212 4.44832e-006
15213 3e-006
15214 5.29898e-006
15215 3e-006
15216 5.19063e-006
15217 3.6375e-006
15218 3e-006
15219 4.30887e-006
15220 3e-006
15221 3e-006
15222 3.35262e-006
15223 3.6375e-006
15224 3.70883e-006
15225 3e-006
15226 3.31875e-006
15227 3e-006
15228 3e-006
15229 3.6375e-006
15230 6.42855e-006
15231 3.67496e-006
15232 3e-006
15233 6.58163e-006
15234 3.95625e-006
15235 3e-006
15236 4.05358e-006
15237 4.06145e-006
15238 3.6375e-006
15239 3.31875e-006
15240 5.29898e-006
15241 3.95625e-006
15242 4.63564e-006
15243 3e-006
15244 3e-006
15245 5.08543e-006
15246 3.31875e-006
15247 3e-006
15248 3e-006
15249 3e-006
15250 1.03213e-005
15251 4.59375e-006
15252 4.62762e-006
15253 3e-006
15254 3e-006
15255 3e-006
15256 4.06145e-006
15257 3.99371e-006
15258 3e-006
15259 3e-006
15260 3e-006
15261 4.30887e-006
15262 3.6375e-006
15263 3e-006
15264 6.71707e-006
15265 3e-006
15266 3.70523e-006
15267 3.31875e-006
15268 3.6375e-006
15269 3e-006
15270 8.02192e-006
15271 3e-006
15272 3.6375e-006
15273 3e-006
15274 3e-006
15275 3.31875e-006
15276 3e-006
15277 5.3046e-006
15278 3.31875e-006
15279 3e-006
15280 3.6375e-006
15281 3.31875e-006
15282 4.99539e-006
15283 3e-006
15284 3.99371e-006
15285 3e-006
15286 3.6375e-006
15287 3e-006
15288 3.31875e-006
15289 4.41766e-006
15290 3e-006
15291 3.31875e-006
15292 3.39008e-006
15293 3e-006
15294 3.31875e-006
15295 3e-006
15296 3e-006
15297 3.31875e-006
15298 3.6375e-006
15299 3.67137e-006
15300 3.31875e-006
15301 3e-006
15302 3e-006
15303 6.71741e-006
15304 3.31875e-006
15305 3e-006
15306 3.67137e-006
15307 3.70883e-006
15308 3e-006
15309 3.67856e-006
15310 3.31875e-006
15311 3.82123e-006
15312 3.6375e-006
15313 3.31875e-006
15314 5.05915e-006
15315 3.99012e-006
15316 3.31875e-006
15317 3e-006
15318 4.30887e-006
15319 3.31875e-006
15320 3e-006
15321 3e-006
15322 3e-006
15323 3.31875e-006
15324 3.99012e-006
15325 3.31875e-006
15326 3.35262e-006
15327 3.35262e-006
15328 3e-006
15329 4.09172e-006
15330 3e-006
15331 3.72039e-006
15332 3e-006
15333 3.95625e-006
15334 3e-006
15335 4.59375e-006
15336 4.30887e-006
15337 3e-006
15338 3e-006
15339 3.99012e-006
15340 3.31875e-006
15341 3.6375e-006
15342 3e-006
15343 3.31875e-006
15344 3e-006
15345 3.31875e-006
15346 3.31875e-006
15347 4.275e-006
15348 4.34633e-006
15349 3.67137e-006
15350 3.39008e-006
15351 4.66508e-006
15352 3e-006
15353 3.35262e-006
15354 4.30887e-006
15355 3.6375e-006
15356 3e-006
15357 4.83127e-006
15358 3e-006
15359 3.95625e-006
15360 4.09968e-006
15361 3.6375e-006
15362 3.35262e-006
15363 3.95625e-006
15364 4.62762e-006
15365 3e-006
15366 4.62762e-006
15367 3e-006
15368 3.42035e-006
15369 3.31875e-006
15370 4.55313e-006
15371 3.70523e-006
15372 6.07555e-006
15373 3e-006
15374 3e-006
15375 3e-006
15376 3.95625e-006
15377 4.66148e-006
15378 8.0303e-006
15379 4.35474e-006
15380 3.6375e-006
15381 3.31875e-006
15382 3.6375e-006
15383 4.34273e-006
15384 3.67137e-006
15385 4.9125e-006
15386 4.71415e-006
15387 3.31875e-006
15388 3.70208e-006
15389 3.7427e-006
15390 3e-006
15391 3.35262e-006
15392 5.09746e-006
15393 3.31875e-006
15394 3.7427e-006
15395 3.99012e-006
15396 3.95625e-006
15397 3.6375e-006
15398 3.35262e-006
15399 3e-006
15400 3.67496e-006
15401 4.02398e-006
15402 3.35262e-006
15403 3e-006
15404 5.2258e-006
15405 3e-006
15406 3e-006
15407 4.30887e-006
15408 3.35262e-006
15409 3.31875e-006
15410 3e-006
15411 3.31875e-006
15412 5.18234e-006
15413 3e-006
15414 3.95625e-006
15415 3e-006
15416 4.94637e-006
15417 4.70255e-006
15418 3e-006
15419 7.00153e-006
15420 3e-006
15421 3.6375e-006
15422 3.31875e-006
15423 5.1157e-006
15424 3e-006
15425 4.44434e-006
15426 3.74668e-006
15427 4.13278e-006
15428 4.02758e-006
15429 5.61773e-006
15430 6.57398e-006
15431 3e-006
15432 3.31875e-006
15433 3e-006
15434 3e-006
15435 3e-006
15436 4.34273e-006
15437 4.31966e-006
15438 4.59375e-006
15439 3.95625e-006
15440 5.04797e-006
15441 4.275e-006
15442 3.35262e-006
15443 8.45704e-006
15444 3.99012e-006
15445 3.70523e-006
15446 3.35262e-006
15447 3e-006
15448 3.6375e-006
15449 3.70523e-006
15450 3.99012e-006
15451 3.38648e-006
15452 3e-006
15453 3e-006
15454 3.31875e-006
15455 3.46899e-006
15456 3.31875e-006
15457 3.6375e-006
15458 3.6375e-006
15459 3.67137e-006
15460 3.31875e-006
15461 3e-006
15462 4.30887e-006
15463 5.04797e-006
15464 3.70883e-006
15465 5.0177e-006
15466 3.31875e-006
15467 3e-006
15468 3e-006
15469 3.95625e-006
15470 3e-006
15471 4.59375e-006
15472 3.7427e-006
15473 3.35262e-006
15474 3e-006
15475 3.31875e-006
15476 4.41047e-006
15477 3.6375e-006
15478 3e-006
15479 4.06628e-006
15480 3e-006
15481 3e-006
15482 3e-006
15483 3.31875e-006
15484 3.6375e-006
15485 3.67137e-006
15486 3.6375e-006
15487 3.31875e-006
15488 5.47552e-006
15489 4.66148e-006
15490 3e-006
15491 3.31875e-006
15492 3e-006
15493 3.35262e-006
15494 7.27922e-006
15495 3e-006
15496 3.95625e-006
15497 6.33016e-006
15498 3e-006
15499 3e-006
15500 3e-006
15501 3.31875e-006
15502 3e-006
15503 4.72922e-006
15504 5.29898e-006
15505 3e-006
15506 3e-006
15507 4.34273e-006
15508 3.38648e-006
15509 3e-006
15510 3.6375e-006
15511 3.31875e-006
15512 3.35262e-006
15513 3e-006
15514 5.14957e-006
15515 3.99371e-006
15516 3.6375e-006
15517 3e-006
15518 3e-006
15519 3.7463e-006
15520 4.275e-006
15521 3.31875e-006
15522 4.3766e-006
15523 3.99012e-006
15524 3.95625e-006
15525 3e-006
15526 3.35262e-006
15527 3e-006
15528 3.35262e-006
15529 3e-006
15530 3.78016e-006
15531 3.67137e-006
15532 3e-006
15533 3e-006
15534 3e-006
15535 3e-006
15536 3e-006
15537 5.68547e-006
15538 4.41047e-006
15539 3.95625e-006
15540 3.31875e-006
15541 3e-006
15542 4.85932e-006
15543 3e-006
15544 3.95625e-006
15545 3.31875e-006
15546 3.91204e-006
15547 3.6375e-006
15548 3e-006
15549 3.71963e-006
15550 3.99012e-006
15551 3.70883e-006
15552 3e-006
15553 5.08543e-006
15554 3e-006
15555 3.31875e-006
15556 3.6375e-006
15557 4.34273e-006
15558 3.6375e-006
15559 3.35262e-006
15560 4.06145e-006
15561 3e-006
15562 3.95625e-006
15563 3.6375e-006
15564 4.30931e-006
15565 3.95625e-006
15566 3e-006
15567 3e-006
15568 3.31875e-006
15569 5.92614e-006
15570 4.69535e-006
15571 3.31875e-006
15572 3e-006
15573 3e-006
15574 3e-006
15575 3e-006
15576 3.35621e-006
15577 3.31875e-006
15578 3e-006
15579 3.31875e-006
15580 3.31875e-006
15581 3.31875e-006
15582 4.16703e-006
15583 3.70523e-006
15584 3.6375e-006
15585 3.6375e-006
15586 3e-006
15587 3e-006
15588 3e-006
15589 3.7427e-006
15590 3.55942e-006
15591 3.31875e-006
15592 3.31875e-006
15593 3e-006
15594 3e-006
15595 3e-006
15596 3.99012e-006
15597 5.04797e-006
15598 4.30887e-006
15599 3.67137e-006
15600 3.31875e-006
15601 4.02796e-006
15602 3.95625e-006
15603 3.75349e-006
15604 3.31875e-006
15605 3.31875e-006
15606 3e-006
15607 4.30887e-006
15608 3.31875e-006
15609 3.67137e-006
15610 5.1193e-006
15611 3.31875e-006
15612 3e-006
15613 3e-006
15614 3.31875e-006
15615 3e-006
15616 3.31875e-006
15617 5.02528e-006
15618 3e-006
15619 3e-006
15620 3e-006
15621 5.37032e-006
15622 3.35621e-006
15623 3e-006
15624 3e-006
15625 3e-006
15626 4.275e-006
15627 3e-006
15628 3e-006
15629 3e-006
15630 4.62762e-006
15631 4.74721e-006
15632 3e-006
15633 3.95625e-006
15634 3e-006
15635 3.31875e-006
15636 3.31875e-006
15637 3e-006
15638 3.35262e-006
15639 4.59375e-006
15640 3e-006
15641 3e-006
15642 3e-006
15643 3e-006
15644 4.02398e-006
15645 3e-006
15646 3.67137e-006
15647 3.6375e-006
15648 3.74706e-006
15649 4.69535e-006
15650 3.67137e-006
15651 3.67137e-006
15652 3.6375e-006
15653 3.40448e-006
15654 3.31875e-006
15655 3.31875e-006
15656 3e-006
15657 3.31875e-006
15658 3.74668e-006
15659 6.10942e-006
15660 4.06505e-006
15661 4.28553e-006
15662 3.35262e-006
15663 3e-006
15664 4.19332e-006
15665 3.31875e-006
15666 5.08543e-006
15667 3.70523e-006
15668 3.99012e-006
15669 3e-006
15670 4.30887e-006
15671 3.6375e-006
15672 3.31875e-006
15673 4.02758e-006
15674 3.6375e-006
15675 3.31875e-006
15676 3.35621e-006
15677 3e-006
15678 3.31875e-006
15679 3.31875e-006
15680 4.59375e-006
15681 3e-006
15682 4.03156e-006
15683 3e-006
15684 3e-006
15685 3.6375e-006
15686 3.35262e-006
15687 3.91242e-006
15688 3e-006
15689 3.31875e-006
15690 3.31875e-006
15691 3.31875e-006
15692 4.275e-006
15693 3e-006
15694 3.31875e-006
15695 3.6375e-006
15696 4.99264e-006
15697 5.7532e-006
15698 3.95625e-006
15699 4.90575e-006
15700 3e-006
15701 3.31875e-006
15702 4.66508e-006
15703 3e-006
15704 3.70523e-006
15705 4.02398e-006
15706 3e-006
15707 3.35262e-006
15708 3e-006
15709 4.34633e-006
15710 3.82123e-006
15711 3e-006
15712 4.09172e-006
15713 4.26105e-006
15714 3.99012e-006
15715 3e-006
15716 6.52977e-006
15717 3e-006
15718 3.6375e-006
15719 6.11661e-006
15720 3e-006
15721 4.2324e-006
15722 3.6375e-006
15723 3.31875e-006
15724 3.31875e-006
15725 5.29898e-006
15726 3.31875e-006
15727 3e-006
15728 3e-006
15729 3e-006
15730 4.02398e-006
15731 4.30887e-006
15732 3e-006
15733 3e-006
15734 3e-006
15735 3.7391e-006
15736 3e-006
15737 4.48257e-006
15738 4.69535e-006
15739 3.31875e-006
15740 3.87817e-006
15741 4.02398e-006
15742 3.35262e-006
15743 3e-006
15744 3.35621e-006
15745 6.32297e-006
15746 3.67137e-006
15747 6.93273e-006
15748 3.35262e-006
15749 5.69752e-006
15750 3e-006
15751 4.06505e-006
15752 3.6375e-006
15753 3.48809e-006
15754 3.67137e-006
15755 3.31875e-006
15756 3e-006
15757 3e-006
15758 4.8348e-006
15759 3e-006
15760 6.36043e-006
15761 3.99371e-006
15762 3e-006
15763 3e-006
15764 3.35262e-006
15765 3e-006
15766 4.06505e-006
15767 3.31875e-006
15768 3.99371e-006
15769 3e-006
15770 4.62762e-006
15771 3e-006
15772 3.67137e-006
15773 3.35262e-006
15774 3e-006
15775 5.82813e-006
15776 3e-006
15777 3e-006
15778 4.489e-006
15779 5.06711e-006
15780 3.31875e-006
15781 3.31875e-006
15782 3e-006
15783 3.67137e-006
15784 3.31875e-006
15785 3e-006
15786 3.31875e-006
15787 3.6375e-006
15788 4.275e-006
15789 3e-006
15790 3e-006
15791 3e-006
15792 3.31875e-006
15793 3e-006
15794 3e-006
15795 3.31875e-006
15796 5.86875e-006
15797 3e-006
15798 4.45513e-006
15799 3e-006
15800 3.35262e-006
15801 4.51567e-006
15802 4.275e-006
15803 5.62133e-006
15804 3e-006
15805 3.31875e-006
15806 4.76309e-006
15807 3e-006
15808 3e-006
15809 3e-006
15810 4.55313e-006
15811 4.34752e-006
15812 4.19332e-006
15813 3.70883e-006
15814 3.95625e-006
15815 4.02398e-006
15816 4.10649e-006
15817 3.74668e-006
15818 3.35262e-006
15819 3.31875e-006
15820 3.6375e-006
15821 3e-006
15822 3.31875e-006
15823 3e-006
15824 5.1157e-006
15825 3e-006
15826 3e-006
15827 3.67137e-006
15828 3e-006
15829 3e-006
15830 4.06145e-006
15831 3e-006
15832 3e-006
15833 3.35262e-006
15834 5.08543e-006
15835 3e-006
15836 3.7463e-006
15837 3.31875e-006
15838 4.5699e-006
15839 3e-006
15840 3.31875e-006
15841 6.06567e-006
15842 3.95625e-006
15843 3.7391e-006
15844 3.35262e-006
15845 3.6375e-006
15846 3.31875e-006
15847 3.95625e-006
15848 3.99012e-006
15849 3.38648e-006
15850 3e-006
15851 4.94637e-006
15852 3.31875e-006
15853 3.7471e-006
15854 3.31875e-006
15855 3e-006
15856 3e-006
15857 5.43445e-006
15858 3.35262e-006
15859 3.38648e-006
15860 3e-006
15861 3.70883e-006
15862 3.68216e-006
15863 3.35621e-006
15864 3.95625e-006
15865 3.31875e-006
15866 3.31875e-006
15867 3.35262e-006
15868 3.6375e-006
15869 3e-006
15870 3e-006
15871 3e-006
15872 3.31875e-006
15873 3.35262e-006
15874 3.7427e-006
15875 4.45551e-006
15876 3e-006
15877 3.31875e-006
15878 3.6375e-006
15879 3.38648e-006
15880 5.49787e-006
15881 4.42165e-006
15882 4.3838e-006
15883 3e-006
15884 4.12559e-006
15885 3.31875e-006
15886 4.34273e-006
15887 3.6375e-006
15888 3.31875e-006
15889 4.30887e-006
15890 3e-006
15891 4.30887e-006
15892 3.67137e-006
15893 3e-006
15894 5.33285e-006
15895 3.67137e-006
15896 3e-006
15897 3.79096e-006
15898 3e-006
15899 3e-006
15900 3.67137e-006
15901 3.99012e-006
15902 4.53048e-006
15903 3e-006
15904 3.38648e-006
15905 3e-006
15906 3.7391e-006
15907 3e-006
15908 3e-006
15909 3.79096e-006
15910 3.67856e-006
15911 4.02398e-006
15912 3e-006
15913 3.38648e-006
15914 3.35621e-006
15915 3.7391e-006
15916 3e-006
15917 5.26512e-006
15918 3.95625e-006
15919 3e-006
15920 4.30887e-006
15921 4.09532e-006
15922 5.23125e-006
15923 3e-006
15924 3e-006
15925 3.31875e-006
15926 3.6375e-006
15927 3.6375e-006
15928 4.14125e-006
15929 3.7391e-006
15930 3e-006
15931 4.06145e-006
15932 3e-006
15933 4.30887e-006
15934 3e-006
15935 3e-006
15936 3e-006
15937 7.21148e-006
15938 3e-006
15939 4.30887e-006
15940 3e-006
15941 3e-006
15942 3.6375e-006
15943 3e-006
15944 3e-006
15945 3.70523e-006
15946 3.35621e-006
15947 3.31875e-006
15948 3e-006
15949 4.55352e-006
15950 3.31875e-006
15951 3.7391e-006
15952 3.42471e-006
15953 3.70523e-006
15954 3e-006
15955 3e-006
15956 3.7427e-006
15957 3.6375e-006
15958 4.09532e-006
15959 3.35621e-006
15960 3.99371e-006
15961 3.76467e-006
15962 3.6375e-006
15963 3e-006
15964 4.73282e-006
15965 3e-006
15966 3.81441e-006
15967 3.6375e-006
15968 3.95625e-006
15969 3.31875e-006
15970 3e-006
15971 3.31875e-006
15972 4.94637e-006
15973 3.6375e-006
15974 3.70523e-006
15975 5.1301e-006
15976 4.12559e-006
15977 3.70883e-006
15978 3.39008e-006
15979 3.31875e-006
15980 3.35262e-006
15981 3e-006
15982 3e-006
15983 4.31606e-006
15984 3e-006
15985 3.31875e-006
15986 3.31875e-006
15987 3.45782e-006
15988 4.59375e-006
15989 3.9941e-006
15990 3e-006
15991 3e-006
15992 3e-006
15993 3.31875e-006
15994 4.02398e-006
15995 3e-006
15996 5.05157e-006
15997 4.3766e-006
15998 3.38648e-006
15999 5.93648e-006
16000 3.67137e-006
16001 3.6375e-006
16002 3e-006
16003 4.77028e-006
16004 3e-006
16005 4.34633e-006
16006 4.30887e-006
16007 3e-006
16008 3e-006
16009 3e-006
16010 3.67137e-006
16011 3.31875e-006
16012 3e-006
16013 3.31875e-006
16014 3.7391e-006
16015 3e-006
16016 4.06505e-006
16017 3.67496e-006
16018 3.99012e-006
16019 3e-006
16020 3.31875e-006
16021 3.7391e-006
16022 3e-006
16023 5.29898e-006
16024 4.98421e-006
16025 3e-006
16026 3e-006
16027 3e-006
16028 3.31875e-006
16029 3.6375e-006
16030 3.6375e-006
16031 5.24287e-006
16032 4.77028e-006
16033 3e-006
16034 3e-006
16035 3e-006
16036 3.6375e-006
16037 3e-006
16038 3e-006
16039 3.67496e-006
16040 3.31875e-006
16041 3.31875e-006
16042 3.31875e-006
16043 3.31875e-006
16044 4.09532e-006
16045 3.35262e-006
16046 3e-006
16047 5.48271e-006
16048 4.275e-006
16049 6.09907e-006
16050 4.05785e-006
16051 3e-006
16052 3e-006
16053 5.48271e-006
16054 3e-006
16055 3e-006
16056 4.59375e-006
16057 3.6375e-006
16058 3.31875e-006
16059 3.31875e-006
16060 3.31875e-006
16061 3.45422e-006
16062 3.99012e-006
16063 3.31875e-006
16064 3e-006
16065 3.6375e-006
16066 3e-006
16067 3e-006
16068 3.31875e-006
16069 3e-006
16070 3e-006
16071 3.99731e-006
16072 4.56393e-006
16073 3e-006
16074 3e-006
16075 4.02758e-006
16076 3e-006
16077 3e-006
16078 3e-006
16079 3e-006
16080 3.35262e-006
16081 4.94637e-006
16082 4.77264e-006
16083 3e-006
16084 4.69895e-006
16085 3e-006
16086 3.67137e-006
16087 5.04797e-006
16088 4.3766e-006
16089 4.15945e-006
16090 3.31875e-006
16091 4.55715e-006
16092 3e-006
16093 3.70523e-006
16094 3.35262e-006
16095 3e-006
16096 3e-006
16097 3.95625e-006
16098 3e-006
16099 3.31875e-006
16100 6.40869e-006
16101 3e-006
16102 4.30887e-006
16103 3e-006
16104 3e-006
16105 3e-006
16106 4.13278e-006
16107 4.35398e-006
16108 3e-006
16109 3e-006
16110 3.31875e-006
16111 3.31875e-006
16112 3e-006
16113 5.58387e-006
16114 4.275e-006
16115 3e-006
16116 3.6375e-006
16117 3e-006
16118 4.13715e-006
16119 3.31875e-006
16120 4.17105e-006
16121 4.30887e-006
16122 3e-006
16123 3.95625e-006
16124 3.31875e-006
16125 3.31875e-006
16126 3.55942e-006
16127 3e-006
16128 3e-006
16129 4.09172e-006
16130 4.9125e-006
16131 3e-006
16132 4.275e-006
16133 3e-006
16134 3.95625e-006
16135 3.7427e-006
16136 3.31875e-006
16137 3e-006
16138 3e-006
16139 3.99012e-006
16140 4.61727e-006
16141 3e-006
16142 3.6375e-006
16143 3.6375e-006
16144 3.31875e-006
16145 3.42035e-006
16146 3.99012e-006
16147 5.20143e-006
16148 3e-006
16149 3.35262e-006
16150 3.42471e-006
16151 4.34633e-006
16152 3.70523e-006
16153 3e-006
16154 3e-006
16155 3e-006
16156 4.02398e-006
16157 3e-006
16158 3.31875e-006
16159 3.95625e-006
16160 4.76668e-006
16161 3.35262e-006
16162 3.46938e-006
16163 5.7568e-006
16164 3.6375e-006
16165 3e-006
16166 3.6375e-006
16167 3e-006
16168 3.7463e-006
16169 3.31875e-006
16170 3e-006
16171 3.31875e-006
16172 3.31875e-006
16173 3.77297e-006
16174 3e-006
16175 4.62762e-006
16176 3e-006
16177 3.31875e-006
16178 3e-006
16179 3e-006
16180 3.31875e-006
16181 3e-006
16182 3e-006
16183 3e-006
16184 3.35262e-006
16185 3.95625e-006
16186 3e-006
16187 3e-006
16188 4.62762e-006
16189 3e-006
16190 3.35262e-006
16191 3e-006
16192 3.7427e-006
16193 4.02758e-006
16194 3.99012e-006
16195 3e-006
16196 3.31875e-006
16197 3.70523e-006
16198 3e-006
16199 3e-006
16200 9.89308e-006
16201 3e-006
16202 3e-006
16203 3.31875e-006
16204 3.7391e-006
16205 4.05785e-006
16206 3.31875e-006
16207 3.6375e-006
16208 3.31875e-006
16209 4.3766e-006
16210 3.31875e-006
16211 3.95625e-006
16212 4.05785e-006
16213 3.67137e-006
16214 3e-006
16215 3.67137e-006
16216 3e-006
16217 3e-006
16218 4.20848e-006
16219 3.31875e-006
16220 3.31875e-006
16221 3.45782e-006
16222 3e-006
16223 3.67137e-006
16224 3e-006
16225 3e-006
16226 3.6375e-006
16227 4.028e-006
16228 3.6375e-006
16229 3e-006
16230 5.0141e-006
16231 3.70523e-006
16232 3e-006
16233 3.95625e-006
16234 3.99012e-006
16235 3e-006
16236 3e-006
16237 3e-006
16238 4.05785e-006
16239 4.45153e-006
16240 4.73282e-006
16241 4.34633e-006
16242 4.3802e-006
16243 3e-006
16244 3e-006
16245 3e-006
16246 3e-006
16247 3.31875e-006
16248 3e-006
16249 3.31875e-006
16250 3.6375e-006
16251 3e-006
16252 3e-006
16253 3.31875e-006
16254 4.41407e-006
16255 3.31875e-006
16256 4.66508e-006
16257 3.31875e-006
16258 3e-006
16259 3e-006
16260 3e-006
16261 3.6375e-006
16262 3.31875e-006
16263 3e-006
16264 4.94637e-006
16265 3e-006
16266 3.31875e-006
16267 3.31875e-006
16268 3e-006
16269 3.67137e-006
16270 3e-006
16271 3e-006
16272 4.31246e-006
16273 3e-006
16274 3.6375e-006
16275 3.31875e-006
16276 3e-006
16277 3.67137e-006
16278 3.67137e-006
16279 4.30887e-006
16280 4.98023e-006
16281 3e-006
16282 3.31875e-006
16283 4.34273e-006
16284 3.31875e-006
16285 3e-006
16286 3.81801e-006
16287 4.3874e-006
16288 3e-006
16289 3.31875e-006
16290 3e-006
16291 3e-006
16292 4.41407e-006
16293 3.31875e-006
16294 3e-006
16295 3.4248e-006
16296 5.40058e-006
16297 4.275e-006
16298 3.31875e-006
16299 3.70921e-006
16300 3.35262e-006
16301 3.70523e-006
16302 3e-006
16303 4.66148e-006
16304 3.95625e-006
16305 3e-006
16306 3e-006
16307 3e-006
16308 5.7532e-006
16309 3e-006
16310 3e-006
16311 3.35262e-006
16312 3.67137e-006
16313 3e-006
16314 3.31875e-006
16315 3e-006
16316 3.35262e-006
16317 3.6375e-006
16318 3.31875e-006
16319 3e-006
16320 3.31875e-006
16321 3e-006
16322 3e-006
16323 3.95625e-006
16324 3e-006
16325 3e-006
16326 3.67137e-006
16327 3e-006
16328 3e-006
16329 3.67137e-006
16330 3e-006
16331 3e-006
16332 3.6375e-006
16333 3.31875e-006
16334 3.67137e-006
16335 3e-006
16336 3.70523e-006
16337 3e-006
16338 4.13316e-006
16339 3.31875e-006
16340 3.6375e-006
16341 3e-006
16342 3.31875e-006
16343 3.6375e-006
16344 3.31875e-006
16345 3.35262e-006
16346 3e-006
16347 3e-006
16348 3e-006
16349 3.31875e-006
16350 4.69535e-006
16351 3.35621e-006
16352 3.31875e-006
16353 3.31875e-006
16354 5.33285e-006
16355 3e-006
16356 3e-006
16357 3.97266e-006
16358 4.275e-006
16359 4.59375e-006
16360 3.31875e-006
16361 3.95625e-006
16362 5.50513e-006
16363 3.67856e-006
16364 3e-006
16365 3e-006
16366 5.08903e-006
16367 4.66148e-006
16368 3.8479e-006
16369 3.6375e-006
16370 3.99012e-006
16371 4.80022e-006
16372 6.6609e-006
16373 3e-006
16374 3e-006
16375 3.67496e-006
16376 3e-006
16377 3e-006
16378 3e-006
16379 3e-006
16380 3e-006
16381 3.99012e-006
16382 3.95625e-006
16383 4.275e-006
16384 3.6375e-006
16385 4.02398e-006
16386 3e-006
16387 3e-006
16388 3.31875e-006
16389 3e-006
16390 3.39368e-006
16391 3.31875e-006
16392 3.31875e-006
16393 3.31875e-006
16394 4.44434e-006
16395 3.31875e-006
16396 3e-006
16397 5.26512e-006
16398 3.39766e-006
16399 3.31875e-006
16400 3e-006
16401 3e-006
16402 4.02398e-006
16403 3.35262e-006
16404 3.31875e-006
16405 3e-006
16406 3.31875e-006
16407 5.26512e-006
16408 3e-006
16409 4.74361e-006
16410 4.02758e-006
16411 3e-006
16412 3e-006
16413 3.31875e-006
16414 3e-006
16415 3e-006
16416 3.31875e-006
16417 3e-006
16418 3.43195e-006
16419 4.275e-006
16420 3e-006
16421 3e-006
16422 3.31875e-006
16423 3.70883e-006
16424 4.3802e-006
16425 4.73282e-006
16426 3e-006
16427 3e-006
16428 3e-006
16429 3e-006
16430 4.62762e-006
16431 3.6375e-006
16432 3.67137e-006
16433 3.70523e-006
16434 3.67137e-006
16435 5.0213e-006
16436 3e-006
16437 4.12559e-006
16438 4.9125e-006
16439 5.66599e-006
16440 3e-006
16441 3.77297e-006
16442 3e-006
16443 3.95625e-006
16444 5.68547e-006
16445 3.6375e-006
16446 3e-006
16447 3.35262e-006
16448 3e-006
16449 3.77297e-006
16450 3e-006
16451 3.31875e-006
16452 3.31875e-006
16453 5.19821e-006
16454 5.29898e-006
16455 3.35262e-006
16456 3e-006
16457 3.42395e-006
16458 3e-006
16459 3e-006
16460 3e-006
16461 3e-006
16462 3e-006
16463 3e-006
16464 5.18073e-006
16465 3e-006
16466 4.0957e-006
16467 5.26512e-006
16468 3e-006
16469 3.31875e-006
16470 3.35262e-006
16471 4.98743e-006
16472 3e-006
16473 3.31875e-006
16474 3.6375e-006
16475 3.31875e-006
16476 3e-006
16477 4.69535e-006
16478 4.275e-006
16479 3e-006
16480 3e-006
16481 3e-006
16482 3.35262e-006
16483 3e-006
16484 4.73641e-006
16485 3.31875e-006
16486 3.70883e-006
16487 3.67137e-006
16488 3.31875e-006
16489 3e-006
16490 3.31875e-006
16491 3e-006
16492 3.70523e-006
16493 3e-006
16494 4.34273e-006
16495 3e-006
16496 3.35262e-006
16497 3.35262e-006
16498 3.31875e-006
16499 3.31875e-006
16500 4.02398e-006
16501 5.05157e-006
16502 3.31875e-006
16503 3.67856e-006
16504 5.43805e-006
16505 3.6375e-006
16506 4.02839e-006
16507 4.34993e-006
16508 3e-006
16509 3.6375e-006
16510 3e-006
16511 3.31875e-006
16512 4.35353e-006
16513 3e-006
16514 3e-006
16515 3e-006
16516 3e-006
16517 4.12918e-006
16518 3e-006
16519 3.38648e-006
16520 3.67137e-006
16521 3e-006
16522 3e-006
16523 3e-006
16524 6.07195e-006
16525 3e-006
16526 3.31875e-006
16527 5.58746e-006
16528 4.62762e-006
16529 3.31875e-006
16530 3.6375e-006
16531 5.29898e-006
16532 3e-006
16533 3e-006
16534 3.38648e-006
16535 3e-006
16536 3e-006
16537 3.31875e-006
16538 3.45782e-006
16539 3e-006
16540 3e-006
16541 3.6375e-006
16542 3.67535e-006
16543 3e-006
16544 3.35262e-006
16545 3e-006
16546 3.35621e-006
16547 4.34633e-006
16548 3.31875e-006
16549 4.30887e-006
16550 4.44793e-006
16551 3.31875e-006
16552 4.3802e-006
16553 3e-006
16554 3e-006
16555 3.95625e-006
16556 3.70523e-006
16557 3.38648e-006
16558 3.7391e-006
16559 3e-006
16560 5.08184e-006
16561 5.0249e-006
16562 3e-006
16563 3e-006
16564 3.99012e-006
16565 4.59375e-006
16566 3.31875e-006
16567 4.56033e-006
16568 3.35262e-006
16569 3e-006
16570 4.07224e-006
16571 3.31875e-006
16572 3.6375e-006
16573 3e-006
16574 3.67137e-006
16575 3.31875e-006
16576 3.31875e-006
16577 4.05785e-006
16578 3.99012e-006
16579 3e-006
16580 3.35262e-006
16581 3.6375e-006
16582 3.6375e-006
16583 4.88027e-006
16584 3.35621e-006
16585 3e-006
16586 3e-006
16587 3.7391e-006
16588 3.6375e-006
16589 3.31875e-006
16590 3e-006
16591 3e-006
16592 3.95625e-006
16593 4.31606e-006
16594 3.8551e-006
16595 4.20052e-006
16596 3.31875e-006
16597 4.30887e-006
16598 3.31875e-006
16599 4.09172e-006
16600 4.02398e-006
16601 3e-006
16602 3.6375e-006
16603 4.02398e-006
16604 3.46621e-006
16605 3.31875e-006
16606 3e-006
16607 5.05195e-006
16608 3.67137e-006
16609 3e-006
16610 3e-006
16611 3.6375e-006
16612 3.56302e-006
16613 3e-006
16614 3e-006
16615 3e-006
16616 3e-006
16617 4.05785e-006
16618 3.95625e-006
16619 3e-006
16620 3e-006
16621 5.05157e-006
16622 3e-006
16623 5.0141e-006
16624 3.38648e-006
16625 3e-006
16626 3.31875e-006
16627 3e-006
16628 3.31875e-006
16629 3e-006
16630 3.67856e-006
16631 4.39138e-006
16632 4.73641e-006
16633 3.77297e-006
16634 3.31875e-006
16635 3.67137e-006
16636 3.31875e-006
16637 4.94637e-006
16638 3.31875e-006
16639 3.95625e-006
16640 4.59375e-006
16641 3.31875e-006
16642 3.81082e-006
16643 3e-006
16644 3.6375e-006
16645 3.78055e-006
16646 3.95625e-006
16647 3.31875e-006
16648 3e-006
16649 3e-006
16650 5.68547e-006
16651 5.33645e-006
16652 3e-006
16653 3.6375e-006
16654 3.31875e-006
16655 3e-006
16656 3e-006
16657 3.42035e-006
16658 3e-006
16659 3e-006
16660 4.69535e-006
16661 3.35262e-006
16662 3.31875e-006
16663 3.31875e-006
16664 3.35262e-006
16665 3.31875e-006
16666 3e-006
16667 3e-006
16668 3.6375e-006
16669 3e-006
16670 3.71243e-006
16671 3.39008e-006
16672 4.02398e-006
16673 3.31875e-006
16674 3e-006
16675 3.95625e-006
16676 3.6375e-006
16677 3.67137e-006
16678 5.94008e-006
16679 3.35262e-006
16680 3e-006
16681 3e-006
16682 4.66148e-006
16683 3e-006
16684 3.67137e-006
16685 3e-006
16686 3.67856e-006
16687 3e-006
16688 3.31875e-006
16689 3e-006
16690 5.39062e-006
16691 3e-006
16692 3e-006
16693 3.39008e-006
16694 4.34273e-006
16695 3e-006
16696 5.36672e-006
16697 3e-006
16698 3.76505e-006
16699 3.35262e-006
16700 3e-006
16701 3.67137e-006
16702 3.6375e-006
16703 3.6375e-006
16704 3e-006
16705 3e-006
16706 3.31875e-006
16707 3e-006
16708 3.31875e-006
16709 4.34273e-006
16710 3.70523e-006
16711 3.31875e-006
16712 4.79061e-006
16713 3.31875e-006
16714 3.35262e-006
16715 3.35262e-006
16716 3.31875e-006
16717 3e-006
16718 3e-006
16719 5.7604e-006
16720 3.70523e-006
16721 3e-006
16722 3.31875e-006
16723 3e-006
16724 3.95625e-006
16725 3.35262e-006
16726 3e-006
16727 4.30887e-006
16728 3e-006
16729 3.31875e-006
16730 4.05785e-006
16731 3.35262e-006
16732 3e-006
16733 3.31875e-006
16734 4.02758e-006
16735 3.7427e-006
16736 5.05876e-006
16737 3.4618e-006
16738 3e-006
16739 5.764e-006
16740 3e-006
16741 3e-006
16742 3.7427e-006
16743 3.67137e-006
16744 3e-006
16745 4.275e-006
16746 3e-006
16747 3.35262e-006
16748 3e-006
16749 3.6375e-006
16750 5.97035e-006
16751 3e-006
16752 3e-006
16753 4.59375e-006
16754 3.76467e-006
16755 3.31875e-006
16756 4.72922e-006
16757 3e-006
16758 3.31875e-006
16759 3.31875e-006
16760 3e-006
16761 3.6375e-006
16762 3e-006
16763 3.7427e-006
16764 3.45782e-006
16765 3.31875e-006
16766 3e-006
16767 3e-006
16768 3e-006
16769 4.02398e-006
16770 3e-006
16771 3e-006
16772 3e-006
16773 3.31875e-006
16774 3e-006
16775 4.02398e-006
16776 3e-006
16777 3.31875e-006
16778 5.04797e-006
16779 3e-006
16780 3e-006
16781 5.71933e-006
16782 4.83802e-006
16783 3.31875e-006
16784 4.02758e-006
16785 3e-006
16786 3e-006
16787 3.72721e-006
16788 6.47643e-006
16789 3e-006
16790 3.67137e-006
16791 3.95625e-006
16792 3.35621e-006
16793 3.7391e-006
16794 3e-006
16795 4.95035e-006
16796 3e-006
16797 3e-006
16798 4.41766e-006
16799 3.31875e-006
16800 3.6375e-006
16801 4.13278e-006
16802 3.38648e-006
16803 3.31875e-006
16804 3e-006
16805 3.6375e-006
16806 3.35621e-006
16807 3e-006
16808 3e-006
16809 4.66148e-006
16810 3e-006
16811 3e-006
16812 3.31875e-006
16813 3e-006
16814 3.71281e-006
16815 3e-006
16816 3e-006
16817 3e-006
16818 3e-006
16819 3.31875e-006
16820 3.6845e-006
16821 4.9125e-006
16822 3.31875e-006
16823 3.31875e-006
16824 3.6375e-006
16825 3e-006
16826 3e-006
16827 3.31875e-006
16828 3.31875e-006
16829 3.70523e-006
16830 3.31875e-006
16831 3.31875e-006
16832 3e-006
16833 3e-006
16834 3.6375e-006
16835 3e-006
16836 3e-006
16837 3e-006
16838 3.6375e-006
16839 3.31875e-006
16840 4.02758e-006
16841 4.62762e-006
16842 3e-006
16843 4.7404e-006
16844 3.31875e-006
16845 3.31875e-006
16846 3.31875e-006
16847 3e-006
16848 3.35262e-006
16849 5.36874e-006
16850 3e-006
16851 3e-006
16852 3.95625e-006
16853 3e-006
16854 3e-006
16855 4.02398e-006
16856 3.35262e-006
16857 4.73282e-006
16858 3.70523e-006
16859 3.6375e-006
16860 3.6375e-006
16861 3e-006
16862 4.02398e-006
16863 4.99103e-006
16864 3e-006
16865 3e-006
16866 3.31875e-006
16867 5.40058e-006
16868 4.13316e-006
16869 3.31875e-006
16870 3e-006
16871 3.99012e-006
16872 3.6375e-006
16873 4.83802e-006
16874 3.31875e-006
16875 4.69895e-006
16876 3e-006
16877 3e-006
16878 3.99012e-006
16879 3e-006
16880 4.1029e-006
16881 3e-006
16882 3.6375e-006
16883 3.67137e-006
16884 3.35262e-006
16885 3.31875e-006
16886 3.31875e-006
16887 3.6375e-006
16888 3.31875e-006
16889 3.87817e-006
16890 3.43593e-006
16891 3e-006
16892 3e-006
16893 3.99371e-006
16894 3e-006
16895 3e-006
16896 3e-006
16897 4.98383e-006
16898 3e-006
16899 4.30887e-006
16900 3e-006
16901 3.87817e-006
16902 4.275e-006
16903 3e-006
16904 3.70523e-006
16905 3e-006
16906 3e-006
16907 4.06505e-006
16908 3e-006
16909 3.6375e-006
16910 3.6375e-006
16911 4.13638e-006
16912 4.30887e-006
16913 3.31875e-006
16914 3e-006
16915 3e-006
16916 3e-006
16917 3e-006
16918 5.45359e-006
16919 4.34633e-006
16920 3e-006
16921 3.6375e-006
16922 4.66148e-006
16923 3e-006
16924 3e-006
16925 3e-006
16926 3.31875e-006
16927 3.95625e-006
16928 3.6375e-006
16929 3.31875e-006
16930 3e-006
16931 3e-006
16932 3e-006
16933 6.36403e-006
16934 3.35262e-006
16935 3e-006
16936 3e-006
16937 3.67137e-006
16938 3.67496e-006
16939 3e-006
16940 3e-006
16941 5.91507e-006
16942 3.35262e-006
16943 3.43474e-006
16944 3.39008e-006
16945 4.02758e-006
16946 3.31875e-006
16947 3e-006
16948 3.31875e-006
16949 3e-006
16950 3e-006
16951 3.6375e-006
16952 3e-006
16953 3e-006
16954 4.03118e-006
16955 3e-006
16956 3.31875e-006
16957 4.41521e-006
16958 3.6375e-006
16959 6.9266e-006
16960 3.77297e-006
16961 3e-006
16962 3e-006
16963 3e-006
16964 3e-006
16965 3.31875e-006
16966 3.31875e-006
16967 4.94637e-006
16968 3.95625e-006
16969 3e-006
16970 3.99012e-006
16971 3.31875e-006
16972 3.31875e-006
16973 3.6375e-006
16974 5.72691e-006
16975 3e-006
16976 3.31875e-006
16977 3e-006
16978 3.31875e-006
16979 3.31875e-006
16980 3e-006
16981 3e-006
16982 5.26512e-006
16983 3e-006
16984 3e-006
16985 4.3802e-006
16986 3.6375e-006
16987 4.30887e-006
16988 3.6375e-006
16989 3.99012e-006
16990 3e-006
16991 3.31875e-006
16992 3.38648e-006
16993 3e-006
16994 3e-006
16995 3.38648e-006
16996 3e-006
16997 3e-006
16998 3.6375e-006
16999 3.95625e-006
17000 3.6375e-006
17001 4.05785e-006
17002 3e-006
17003 3e-006
17004 3.6375e-006
17005 3.31875e-006
17006 3.58969e-006
17007 4.02398e-006
17008 3e-006
17009 3.31875e-006
17010 3e-006
17011 3.6375e-006
17012 3e-006
17013 3e-006
17014 4.06543e-006
17015 3.31875e-006
17016 3e-006
17017 3e-006
17018 4.275e-006
17019 4.66148e-006
17020 3.31875e-006
17021 3.6375e-006
17022 3e-006
17023 3e-006
17024 4.275e-006
17025 3e-006
17026 3.67137e-006
17027 4.41047e-006
17028 3.67137e-006
17029 5.61899e-006
17030 3e-006
17031 3.31875e-006
17032 3e-006
17033 3.6375e-006
17034 3.31875e-006
17035 3.31875e-006
17036 3.6375e-006
17037 3e-006
17038 3.6375e-006
17039 5.26512e-006
17040 3e-006
17041 3e-006
17042 3e-006
17043 4.9125e-006
17044 4.09891e-006
17045 3.8479e-006
17046 4.1029e-006
17047 3e-006
17048 3.81043e-006
17049 5.79427e-006
17050 4.31246e-006
17051 3e-006
17052 3e-006
17053 3e-006
17054 3.35262e-006
17055 3e-006
17056 3.35262e-006
17057 3.6375e-006
17058 5.61458e-006
17059 3e-006
17060 3e-006
17061 3e-006
17062 3e-006
17063 3e-006
17064 3.31875e-006
17065 3e-006
17066 3e-006
17067 3.67496e-006
17068 3.6375e-006
17069 3e-006
17070 3.31875e-006
17071 3e-006
17072 3.31875e-006
17073 3.31875e-006
17074 3e-006
17075 4.05785e-006
17076 3.6375e-006
17077 4.02398e-006
17078 3e-006
17079 4.06505e-006
17080 3.6375e-006
17081 3e-006
17082 3.70523e-006
17083 3e-006
17084 4.94637e-006
17085 3.95625e-006
17086 3e-006
17087 3e-006
17088 3e-006
17089 3e-006
17090 3e-006
17091 3.99012e-006
17092 3.67137e-006
17093 4.275e-006
17094 3e-006
17095 3.95625e-006
17096 3e-006
17097 3.7391e-006
17098 3.31875e-006
17099 3e-006
17100 3e-006
17101 3.31875e-006
17102 3e-006
17103 3e-006
17104 3e-006
17105 3e-006
17106 5.29898e-006
17107 3.6375e-006
17108 3e-006
17109 3e-006
17110 4.02398e-006
17111 3.95625e-006
17112 4.275e-006
17113 3.31875e-006
17114 3e-006
17115 4.3766e-006
17116 3.6375e-006
17117 3e-006
17118 3.31875e-006
17119 4.31246e-006
17120 3.81801e-006
17121 3e-006
17122 3.67137e-006
17123 3.31875e-006
17124 3e-006
17125 3e-006
17126 3.95625e-006
17127 5.79465e-006
17128 3.31875e-006
17129 5.69986e-006
17130 3.31875e-006
17131 3.31875e-006
17132 3.35262e-006
17133 3e-006
17134 3.31875e-006
17135 4.06145e-006
17136 3e-006
17137 3.42755e-006
17138 3e-006
17139 3.38648e-006
17140 3.99012e-006
17141 3.6375e-006
17142 3.31875e-006
17143 3.39008e-006
17144 4.13278e-006
17145 3.31875e-006
17146 3.35262e-006
17147 5.72653e-006
17148 4.45551e-006
17149 3.6375e-006
17150 3.31875e-006
17151 5.14361e-006
17152 4.275e-006
17153 5.29898e-006
17154 3.31875e-006
17155 3.67856e-006
17156 3.31875e-006
17157 5.2691e-006
17158 3e-006
17159 3e-006
17160 3e-006
17161 3e-006
17162 3e-006
17163 3e-006
17164 3.67137e-006
17165 3e-006
17166 4.275e-006
17167 3e-006
17168 4.02398e-006
17169 4.75119e-006
17170 3e-006
17171 3.35621e-006
17172 4.275e-006
17173 3.75388e-006
17174 3.31875e-006
17175 3e-006
17176 3e-006
17177 3.31875e-006
17178 3.6375e-006
17179 3e-006
17180 3.31875e-006
17181 3.6375e-006
17182 3.31875e-006
17183 3.6375e-006
17184 4.00811e-006
17185 5.86875e-006
17186 3.70523e-006
17187 3.31875e-006
17188 3.31875e-006
17189 3.70523e-006
17190 3.35262e-006
17191 3e-006
17192 3e-006
17193 3.95625e-006
17194 3.31875e-006
17195 3e-006
17196 5.0141e-006
17197 3.35262e-006
17198 3.31875e-006
17199 3e-006
17200 3.38648e-006
17201 3e-006
17202 3.6375e-006
17203 4.09172e-006
17204 4.30887e-006
17205 5.23125e-006
17206 3.39008e-006
17207 3.99012e-006
17208 3e-006
17209 3.3602e-006
17210 3e-006
17211 3.95625e-006
17212 3.67137e-006
17213 3.67137e-006
17214 3.67137e-006
17215 3e-006
17216 3e-006
17217 4.275e-006
17218 3e-006
17219 3e-006
17220 3e-006
17221 3e-006
17222 3.67137e-006
17223 3e-006
17224 3.38648e-006
17225 4.275e-006
17226 3.6375e-006
17227 3e-006
17228 3.42035e-006
17229 4.59375e-006
17230 3.31875e-006
17231 3.31875e-006
17232 3.31875e-006
17233 4.02758e-006
17234 3e-006
17235 3.31875e-006
17236 3e-006
17237 3.31875e-006
17238 3.6375e-006
17239 4.72922e-006
17240 3e-006
17241 3.31875e-006
17242 4.30887e-006
17243 5.0141e-006
17244 3.67137e-006
17245 3e-006
17246 3e-006
17247 3.50248e-006
17248 3e-006
17249 3e-006
17250 3.6375e-006
17251 3.31875e-006
17252 4.41047e-006
17253 3e-006
17254 4.86469e-006
17255 3e-006
17256 3.31875e-006
17257 5.1157e-006
17258 3.35262e-006
17259 3.31875e-006
17260 3e-006
17261 3e-006
17262 4.62762e-006
17263 3.31875e-006
17264 3e-006
17265 3.4662e-006
17266 3e-006
17267 3e-006
17268 4.02758e-006
17269 3.31875e-006
17270 3e-006
17271 3.31875e-006
17272 3e-006
17273 3e-006
17274 3.95625e-006
17275 4.9125e-006
17276 4.59375e-006
17277 3e-006
17278 3e-006
17279 3e-006
17280 3.70523e-006
17281 3.95625e-006
17282 3e-006
17283 3.80684e-006
17284 3.35262e-006
17285 3e-006
17286 3.31875e-006
17287 3e-006
17288 3e-006
17289 3.38648e-006
17290 3.31875e-006
17291 5.10419e-006
17292 3e-006
17293 3.31875e-006
17294 3e-006
17295 3.31875e-006
17296 3e-006
17297 3.99012e-006
17298 3e-006
17299 3e-006
17300 3.31875e-006
17301 3.6375e-006
17302 3e-006
17303 3e-006
17304 3e-006
17305 3e-006
17306 3.95625e-006
17307 3.31875e-006
17308 3e-006
17309 4.275e-006
17310 3e-006
17311 3e-006
17312 3.70523e-006
17313 3.31875e-006
17314 3e-006
17315 3.71243e-006
17316 3e-006
17317 3.31875e-006
17318 3.31875e-006
17319 3.35262e-006
17320 3e-006
17321 3.35262e-006
17322 3e-006
17323 3e-006
17324 3.99012e-006
17325 3.95625e-006
17326 3e-006
17327 3.6375e-006
17328 5.36202e-006
17329 3.31875e-006
17330 3e-006
17331 4.275e-006
17332 3e-006
17333 3.31875e-006
17334 3.7427e-006
17335 3.35262e-006
17336 3e-006
17337 3.31875e-006
17338 3.35262e-006
17339 3.6375e-006
17340 4.15945e-006
17341 3.35262e-006
17342 3.35621e-006
17343 3.67137e-006
17344 6.11302e-006
17345 3e-006
17346 3.67137e-006
17347 3e-006
17348 3e-006
17349 3e-006
17350 3e-006
17351 3.31875e-006
17352 4.6352e-006
17353 3e-006
17354 4.90973e-006
17355 4.99141e-006
17356 3.6375e-006
17357 4.81533e-006
17358 3e-006
17359 3e-006
17360 3.35262e-006
17361 4.09172e-006
17362 3e-006
17363 4.09172e-006
17364 3.99012e-006
17365 3.38648e-006
17366 3e-006
17367 4.62762e-006
17368 3.31875e-006
17369 3e-006
17370 3e-006
17371 3e-006
17372 3.31875e-006
17373 4.63481e-006
17374 3e-006
17375 3.95625e-006
17376 3e-006
17377 3e-006
17378 3e-006
17379 4.02398e-006
17380 3.7427e-006
17381 5.61773e-006
17382 3e-006
17383 3e-006
17384 3e-006
17385 4.66148e-006
17386 3.59329e-006
17387 3.6375e-006
17388 3.31875e-006
17389 4.275e-006
17390 3.81043e-006
17391 3e-006
17392 3.6375e-006
17393 3e-006
17394 3.95625e-006
17395 3e-006
17396 3.99012e-006
17397 3.95625e-006
17398 3e-006
17399 3.31875e-006
17400 3.67137e-006
17401 3.35262e-006
17402 3.6375e-006
17403 3e-006
17404 6.35683e-006
17405 3.99012e-006
17406 3.7499e-006
17407 3e-006
17408 3e-006
17409 4.41805e-006
17410 3e-006
17411 3e-006
17412 3.31875e-006
17413 3e-006
17414 3.6375e-006
17415 3.31875e-006
17416 3.70523e-006
17417 3.31875e-006
17418 3.87457e-006
17419 4.69895e-006
17420 3e-006
17421 4.02758e-006
17422 3.31875e-006
17423 3.95625e-006
17424 3e-006
17425 3.71243e-006
17426 3.31875e-006
17427 4.02758e-006
17428 3.95625e-006
17429 3.67137e-006
17430 3.31875e-006
17431 4.13316e-006
17432 4.30887e-006
17433 3.31875e-006
17434 3.6375e-006
17435 3.6375e-006
17436 3.31875e-006
17437 3.6375e-006
17438 3.67137e-006
17439 3e-006
17440 4.59375e-006
17441 3.6375e-006
17442 4.51207e-006
17443 4.19692e-006
17444 3.99012e-006
17445 3.31875e-006
17446 3e-006
17447 3.35621e-006
17448 4.275e-006
17449 3e-006
17450 4.05785e-006
17451 3e-006
17452 4.275e-006
17453 3.31875e-006
17454 3e-006
17455 3e-006
17456 3.99012e-006
17457 4.09532e-006
17458 3e-006
17459 3e-006
17460 3e-006
17461 4.06903e-006
17462 3e-006
17463 3e-006
17464 3.38648e-006
17465 3.99012e-006
17466 3e-006
17467 3e-006
17468 3e-006
17469 3.31875e-006
17470 4.59375e-006
17471 3e-006
17472 3.70523e-006
17473 3.6375e-006
17474 4.02758e-006
17475 3e-006
17476 3.6375e-006
17477 3e-006
17478 3e-006
17479 3e-006
17480 4.69535e-006
17481 4.13316e-006
17482 4.03118e-006
17483 3.6375e-006
17484 3.6375e-006
17485 3.49168e-006
17486 3.6375e-006
17487 3.95625e-006
17488 3e-006
17489 3.35262e-006
17490 3.35621e-006
17491 3e-006
17492 3e-006
17493 3.39008e-006
17494 3.6375e-006
17495 3.99012e-006
17496 5.6516e-006
17497 3e-006
17498 4.87908e-006
17499 3e-006
17500 3e-006
17501 3e-006
17502 3e-006
17503 3.31875e-006
17504 3e-006
17505 3e-006
17506 3e-006
17507 3.70523e-006
17508 3e-006
17509 3.31875e-006
17510 3.95625e-006
17511 4.98023e-006
17512 3.6375e-006
17513 3e-006
17514 3.67137e-006
17515 3.6375e-006
17516 3.31875e-006
17517 3e-006
17518 3.70523e-006
17519 3e-006
17520 3e-006
17521 3.3602e-006
17522 3.6375e-006
17523 4.34273e-006
17524 3.70523e-006
17525 3.31875e-006
17526 3e-006
17527 4.62762e-006
17528 3e-006
17529 3.6375e-006
17530 3e-006
17531 4.81253e-006
17532 3e-006
17533 3e-006
17534 3e-006
17535 3e-006
17536 3.35262e-006
17537 4.69895e-006
17538 3.70883e-006
17539 3e-006
17540 3.71603e-006
17541 3e-006
17542 3.6375e-006
17543 3e-006
17544 3.31875e-006
17545 3e-006
17546 3.35262e-006
17547 3.95625e-006
17548 3e-006
17549 3e-006
17550 3e-006
17551 3.39406e-006
17552 5.43805e-006
17553 3.6375e-006
17554 3e-006
17555 3.31875e-006
17556 4.62762e-006
17557 3e-006
17558 3e-006
17559 3e-006
17560 3.31875e-006
17561 3e-006
17562 3.31875e-006
17563 3e-006
17564 3.6375e-006
17565 3.42433e-006
17566 4.52646e-006
17567 3e-006
17568 3e-006
17569 3e-006
17570 3e-006
17571 3.6375e-006
17572 3e-006
17573 3.6375e-006
17574 3.6375e-006
17575 3.31875e-006
17576 3.7391e-006
17577 3.31875e-006
17578 3.6375e-006
17579 3.70523e-006
17580 3.35262e-006
17581 3.67496e-006
17582 3.42035e-006
17583 3.6375e-006
17584 3e-006
17585 3.35262e-006
17586 5.40778e-006
17587 4.4818e-006
17588 3.31875e-006
17589 4.3766e-006
17590 3e-006
17591 3.31875e-006
17592 3.31875e-006
17593 3.31875e-006
17594 3.99012e-006
17595 3.45782e-006
17596 3.95625e-006
17597 3.95625e-006
17598 3e-006
17599 3e-006
17600 3e-006
17601 3e-006
17602 3.38648e-006
17603 5.92614e-006
17604 3e-006
17605 5.19461e-006
17606 4.02398e-006
17607 4.30887e-006
17608 4.06145e-006
17609 3.67496e-006
17610 3e-006
17611 3e-006
17612 3e-006
17613 4.74916e-006
17614 5.65956e-006
17615 3.67137e-006
17616 3e-006
17617 3.67496e-006
17618 3e-006
17619 3.31875e-006
17620 3e-006
17621 3.42035e-006
17622 3.67137e-006
17623 3e-006
17624 3e-006
17625 3.31875e-006
17626 3e-006
17627 3.31875e-006
17628 3e-006
17629 3e-006
17630 3e-006
17631 3e-006
17632 5.82094e-006
17633 3e-006
17634 3e-006
17635 3e-006
17636 3e-006
17637 3e-006
17638 3.35981e-006
17639 3e-006
17640 3e-006
17641 3e-006
17642 3.67137e-006
17643 3e-006
17644 4.51207e-006
17645 3.35262e-006
17646 4.275e-006
17647 4.09891e-006
17648 3.31875e-006
17649 3e-006
17650 3.6375e-006
17651 3.42035e-006
17652 3.31875e-006
17653 3e-006
17654 3e-006
17655 4.02398e-006
17656 3e-006
17657 3.31875e-006
17658 3.95625e-006
17659 3.88177e-006
17660 3e-006
17661 3e-006
17662 3e-006
17663 3e-006
17664 3e-006
17665 3e-006
17666 3e-006
17667 3.6375e-006
17668 3.6375e-006
17669 3e-006
17670 3.99012e-006
17671 4.275e-006
17672 3e-006
17673 3.42869e-006
17674 3.6375e-006
17675 3.7391e-006
17676 3.35262e-006
17677 3.31875e-006
17678 3e-006
17679 3e-006
17680 3e-006
17681 3.99012e-006
17682 5.47552e-006
17683 3e-006
17684 3.31875e-006
17685 3.71603e-006
17686 4.12559e-006
17687 3e-006
17688 4.41889e-006
17689 3.87393e-006
17690 4.31606e-006
17691 5.58746e-006
17692 4.30887e-006
17693 3.31875e-006
17694 3e-006
17695 3.31875e-006
17696 3.45422e-006
17697 3e-006
17698 3.31875e-006
17699 3.6375e-006
17700 3.6375e-006
17701 4.30887e-006
17702 5.08184e-006
17703 4.59375e-006
17704 3e-006
17705 3.6375e-006
17706 3.31875e-006
17707 3.35262e-006
17708 3.67895e-006
17709 4.54954e-006
17710 3.67137e-006
17711 5.61773e-006
17712 5.26512e-006
17713 3.31875e-006
17714 3e-006
17715 3.6375e-006
17716 3e-006
17717 3e-006
17718 3e-006
17719 3e-006
17720 3e-006
17721 3.67137e-006
17722 3e-006
17723 3.6375e-006
17724 3.72361e-006
17725 4.9125e-006
17726 3e-006
17727 3.31875e-006
17728 4.66868e-006
17729 3e-006
17730 3.31875e-006
17731 3.99012e-006
17732 4.30887e-006
17733 3e-006
17734 3.31875e-006
17735 3.8479e-006
17736 3e-006
17737 3e-006
17738 3.67137e-006
17739 3e-006
17740 3.31875e-006
17741 4.41047e-006
17742 3.31875e-006
17743 3.7499e-006
17744 3.6375e-006
17745 3.35262e-006
17746 3.95625e-006
17747 4.02398e-006
17748 3.31875e-006
17749 3.31875e-006
17750 3.95625e-006
17751 3e-006
17752 3e-006
17753 3.35262e-006
17754 3e-006
17755 3.6375e-006
17756 3e-006
17757 3e-006
17758 3.67496e-006
17759 3.31875e-006
17760 3.31875e-006
17761 3.31875e-006
17762 3e-006
17763 3e-006
17764 3.31875e-006
17765 3.6375e-006
17766 3.38648e-006
17767 4.34273e-006
17768 3.67137e-006
17769 3.6375e-006
17770 3.31875e-006
17771 3e-006
17772 3.31875e-006
17773 3.67137e-006
17774 3.6375e-006
17775 3e-006
17776 3e-006
17777 3e-006
17778 3e-006
17779 3.42035e-006
17780 3.42395e-006
17781 3e-006
17782 5.29898e-006
17783 3e-006
17784 3.31875e-006
17785 4.30887e-006
17786 3e-006
17787 3e-006
17788 3.99012e-006
17789 3.4698e-006
17790 3.35621e-006
17791 3.6375e-006
17792 3e-006
17793 3.86022e-006
17794 3.99012e-006
17795 3.67137e-006
17796 3e-006
17797 3.35262e-006
17798 3e-006
17799 3.6375e-006
17800 3e-006
17801 3e-006
17802 3.31875e-006
17803 4.70293e-006
17804 3.31875e-006
17805 3.31875e-006
17806 3.31875e-006
17807 3.6375e-006
17808 4.34273e-006
17809 3e-006
17810 3e-006
17811 3e-006
17812 3.31875e-006
17813 3e-006
17814 3.7391e-006
17815 3.67137e-006
17816 6.67918e-006
17817 3.6375e-006
17818 3.31875e-006
17819 3.95625e-006
17820 3e-006
17821 3e-006
17822 3.6375e-006
17823 4.02398e-006
17824 3e-006
17825 3.6375e-006
17826 3e-006
17827 4.10251e-006
17828 3e-006
17829 4.05785e-006
17830 3.67137e-006
17831 3.31875e-006
17832 3e-006
17833 3e-006
17834 3.31875e-006
17835 3e-006
17836 3e-006
17837 3e-006
17838 3.7391e-006
17839 3e-006
17840 3.77657e-006
17841 4.94637e-006
17842 3e-006
17843 3e-006
17844 3e-006
17845 3.6375e-006
17846 3.31875e-006
17847 3.95625e-006
17848 4.70293e-006
17849 3e-006
17850 3.39008e-006
17851 3.99012e-006
17852 4.50056e-006
17853 3e-006
17854 3e-006
17855 3.31875e-006
17856 3e-006
17857 4.41047e-006
17858 3e-006
17859 3.78016e-006
17860 3.45422e-006
17861 3e-006
17862 3e-006
17863 3.31875e-006
17864 3.68254e-006
17865 4.43244e-006
17866 4.62762e-006
17867 3.35621e-006
17868 4.275e-006
17869 3.31875e-006
17870 3e-006
17871 5.44165e-006
17872 3.31875e-006
17873 3.67137e-006
17874 3.6375e-006
17875 3.95625e-006
17876 4.02398e-006
17877 4.34273e-006
17878 3e-006
17879 3.99012e-006
17880 4.62762e-006
17881 3.6375e-006
17882 4.09172e-006
17883 3e-006
17884 3e-006
17885 3.67137e-006
17886 3e-006
17887 3.35262e-006
17888 4.9125e-006
17889 3.95625e-006
17890 3.6375e-006
17891 3.35262e-006
17892 4.44434e-006
17893 3.31875e-006
17894 7.89088e-006
17895 3e-006
17896 3.31875e-006
17897 3e-006
17898 3.35262e-006
17899 3.31875e-006
17900 3e-006
17901 3.42035e-006
17902 3.47221e-006
17903 3.31875e-006
17904 3.31875e-006
17905 3e-006
17906 3.38648e-006
17907 3e-006
17908 4.21131e-006
17909 3.31875e-006
17910 3e-006
17911 3.35621e-006
17912 3e-006
17913 3.67137e-006
17914 4.02398e-006
17915 3.31875e-006
17916 3e-006
17917 3e-006
17918 3.31875e-006
17919 3.6375e-006
17920 3.99012e-006
17921 3e-006
17922 4.98023e-006
17923 3.67137e-006
17924 3.38648e-006
17925 4.3802e-006
17926 3.67137e-006
17927 3e-006
17928 3.6375e-006
17929 3.35262e-006
17930 3e-006
17931 4.66148e-006
17932 3.70523e-006
17933 5.61773e-006
17934 3.31875e-006
17935 4.72922e-006
17936 3e-006
17937 3.31875e-006
17938 4.59375e-006
17939 3e-006
17940 4.05785e-006
17941 3e-006
17942 3e-006
17943 3.31875e-006
17944 3e-006
17945 3.6375e-006
17946 3.78016e-006
17947 3e-006
17948 3e-006
17949 3.99012e-006
17950 3e-006
17951 3e-006
17952 3e-006
17953 3.95625e-006
17954 3e-006
17955 4.275e-006
17956 3.6375e-006
17957 3.31875e-006
17958 3.35262e-006
17959 3e-006
17960 4.59375e-006
17961 4.02758e-006
17962 3.31875e-006
17963 3.35262e-006
17964 3e-006
17965 3e-006
17966 3.6375e-006
17967 3.67137e-006
17968 3.31875e-006
17969 3.35262e-006
17970 3e-006
17971 3.31875e-006
17972 3.31875e-006
17973 5.93648e-006
17974 3.31875e-006
17975 3e-006
17976 3.31875e-006
17977 4.92091e-006
17978 3.6375e-006
17979 3.31875e-006
17980 3.70523e-006
17981 4.34273e-006
17982 3.95625e-006
17983 3e-006
17984 3e-006
17985 3e-006
17986 3.75828e-006
17987 3.6375e-006
17988 3.70883e-006
17989 3.67137e-006
17990 3.31875e-006
17991 3e-006
17992 3.80684e-006
17993 3e-006
17994 3e-006
17995 3e-006
17996 3e-006
17997 3e-006
17998 3e-006
17999 3.31875e-006
18000 4.05785e-006
18001 3e-006
18002 3e-006
18003 3.67937e-006
18004 3e-006
18005 3.31875e-006
18006 3e-006
18007 3.95625e-006
18008 3.31875e-006
18009 3e-006
18010 3.99012e-006
18011 3e-006
18012 3e-006
18013 3e-006
18014 3.6375e-006
18015 4.06145e-006
18016 3.31875e-006
18017 3e-006
18018 3e-006
18019 3e-006
18020 3.6375e-006
18021 3.31875e-006
18022 3e-006
18023 3e-006
18024 3.45422e-006
18025 3.31875e-006
18026 3e-006
18027 3.31875e-006
18028 4.76309e-006
18029 3e-006
18030 6.91625e-006
18031 3e-006
18032 3e-006
18033 3e-006
18034 3e-006
18035 3.67137e-006
18036 3.31875e-006
18037 3e-006
18038 3e-006
18039 3e-006
18040 3.6375e-006
18041 3e-006
18042 4.74361e-006
18043 3.6375e-006
18044 3.31875e-006
18045 3.6375e-006
18046 3e-006
18047 3.6375e-006
18048 3e-006
18049 3.78736e-006
18050 3e-006
18051 3.6375e-006
18052 3.6375e-006
18053 3e-006
18054 3.78016e-006
18055 5.34843e-006
18056 5.61773e-006
18057 3e-006
18058 3.35262e-006
18059 3.31875e-006
18060 3e-006
18061 3e-006
18062 3e-006
18063 3.31875e-006
18064 3.35621e-006
18065 3.31875e-006
18066 3.31875e-006
18067 3e-006
18068 3.31875e-006
18069 3.31875e-006
18070 3.31875e-006
18071 5.08543e-006
18072 3e-006
18073 3e-006
18074 3.31875e-006
18075 3e-006
18076 3.35262e-006
18077 3e-006
18078 3e-006
18079 3e-006
18080 4.02398e-006
18081 4.30887e-006
18082 3e-006
18083 3.31875e-006
18084 3.31875e-006
18085 4.02398e-006
18086 3e-006
18087 3e-006
18088 5.72293e-006
18089 3.35262e-006
18090 3.35262e-006
18091 3e-006
18092 3.31875e-006
18093 5.90262e-006
18094 3.35262e-006
18095 3.6375e-006
18096 3.31875e-006
18097 3.95625e-006
18098 3.35981e-006
18099 4.02398e-006
18100 4.59375e-006
18101 3e-006
18102 3.6375e-006
18103 3e-006
18104 3e-006
18105 3e-006
18106 3e-006
18107 3.99731e-006
18108 3e-006
18109 3e-006
18110 4.41047e-006
18111 3.31875e-006
18112 3e-006
18113 3.35262e-006
18114 3.6375e-006
18115 3.6375e-006
18116 3.95625e-006
18117 3e-006
18118 3.6375e-006
18119 3.6375e-006
18120 3.35262e-006
18121 3e-006
18122 3e-006
18123 3.70523e-006
18124 3.35262e-006
18125 3.6375e-006
18126 3e-006
18127 3e-006
18128 3.95625e-006
18129 3.35262e-006
18130 4.98023e-006
18131 3.36341e-006
18132 3e-006
18133 3e-006
18134 4.30887e-006
18135 4.62762e-006
18136 3.35262e-006
18137 3e-006
18138 5.26512e-006
18139 3e-006
18140 3e-006
18141 3e-006
18142 3e-006
18143 4.275e-006
18144 3e-006
18145 3e-006
18146 3.99012e-006
18147 3e-006
18148 3e-006
18149 3e-006
18150 3.67137e-006
18151 3e-006
18152 3.67137e-006
18153 3.31875e-006
18154 3e-006
18155 3e-006
18156 3.31875e-006
18157 3.99012e-006
18158 3.6375e-006
18159 3e-006
18160 3.6375e-006
18161 3e-006
18162 3.35262e-006
18163 3e-006
18164 3e-006
18165 3e-006
18166 3.95625e-006
18167 3e-006
18168 4.98383e-006
18169 4.02398e-006
18170 3e-006
18171 3.31875e-006
18172 3e-006
18173 3.42395e-006
18174 4.31606e-006
18175 3.67137e-006
18176 3.31875e-006
18177 3.67137e-006
18178 3e-006
18179 3.35262e-006
18180 3.31875e-006
18181 3e-006
18182 3.6375e-006
18183 3.95625e-006
18184 3.31875e-006
18185 3.31875e-006
18186 3e-006
18187 3.31875e-006
18188 3e-006
18189 3e-006
18190 3.31875e-006
18191 4.72922e-006
18192 3e-006
18193 3.6375e-006
18194 3e-006
18195 3e-006
18196 3e-006
18197 3e-006
18198 3e-006
18199 3.6375e-006
18200 3e-006
18201 3.31875e-006
18202 3e-006
18203 3e-006
18204 3e-006
18205 4.86829e-006
18206 3e-006
18207 3e-006
18208 4.34273e-006
18209 3e-006
18210 3.67137e-006
18211 3e-006
18212 3.4618e-006
18213 3e-006
18214 3e-006
18215 3.31875e-006
18216 3e-006
18217 3.6375e-006
18218 3.67137e-006
18219 3.31875e-006
18220 4.02398e-006
18221 3e-006
18222 3e-006
18223 3e-006
18224 3e-006
18225 3e-006
18226 3e-006
18227 3e-006
18228 3.99012e-006
18229 3.67137e-006
18230 3.31875e-006
18231 3.31875e-006
18232 4.59375e-006
18233 3.80684e-006
18234 3e-006
18235 3e-006
18236 3.6375e-006
18237 3.71281e-006
18238 3e-006
18239 3.31875e-006
18240 3e-006
18241 3.31875e-006
18242 3.31875e-006
18243 3.31875e-006
18244 4.63481e-006
18245 3.31875e-006
18246 3.95625e-006
18247 3.99012e-006
18248 5.41498e-006
18249 3.70523e-006
18250 6.07195e-006
18251 3.39008e-006
18252 3e-006
18253 3e-006
18254 3.31875e-006
18255 3.31875e-006
18256 3e-006
18257 4.30887e-006
18258 3e-006
18259 3e-006
18260 3e-006
18261 3.67496e-006
18262 3.31875e-006
18263 3e-006
18264 3e-006
18265 3e-006
18266 3e-006
18267 4.02758e-006
18268 3.31875e-006
18269 3.99012e-006
18270 3.6375e-006
18271 3.31875e-006
18272 4.98023e-006
18273 3.38648e-006
18274 3.38648e-006
18275 3.6375e-006
18276 3e-006
18277 3e-006
18278 3.6375e-006
18279 3.6375e-006
18280 3.31875e-006
18281 4.31606e-006
18282 3e-006
18283 3.31875e-006
18284 3.31875e-006
18285 3e-006
18286 3e-006
18287 4.62762e-006
18288 3e-006
18289 3.39008e-006
18290 3.35262e-006
18291 3e-006
18292 3e-006
18293 3.6375e-006
18294 3.31875e-006
18295 3e-006
18296 4.09532e-006
18297 3e-006
18298 3.6375e-006
18299 3.99012e-006
18300 3e-006
18301 3e-006
18302 4.34273e-006
18303 3e-006
18304 3.38648e-006
18305 3.31875e-006
18306 3e-006
18307 3.35262e-006
18308 3e-006
18309 5.59266e-006
18310 3e-006
18311 3.67137e-006
18312 3e-006
18313 3e-006
18314 3e-006
18315 3.31875e-006
18316 3e-006
18317 3.6375e-006
18318 3e-006
18319 3.35262e-006
18320 5.26512e-006
18321 4.42126e-006
18322 3.67137e-006
18323 3.6375e-006
18324 4.94637e-006
18325 3e-006
18326 3.31875e-006
18327 3.67137e-006
18328 3.67137e-006
18329 3e-006
18330 3.35262e-006
18331 3.35262e-006
18332 3.95625e-006
18333 3.31875e-006
18334 6.30513e-006
18335 3e-006
18336 3e-006
18337 3.31875e-006
18338 3.31875e-006
18339 4.45911e-006
18340 3.42755e-006
18341 3.31875e-006
18342 3e-006
18343 3.35262e-006
18344 4.59375e-006
18345 3.35262e-006
18346 3e-006
18347 3.6375e-006
18348 3.99012e-006
18349 4.58192e-006
18350 3e-006
18351 3.6375e-006
18352 4.30887e-006
18353 3.7391e-006
18354 3e-006
18355 4.51605e-006
18356 3.99012e-006
18357 4.77028e-006
18358 4.66508e-006
18359 3.67137e-006
18360 3e-006
18361 3e-006
18362 3.6375e-006
18363 3.95625e-006
18364 3.6375e-006
18365 3e-006
18366 3e-006
18367 3e-006
18368 3e-006
18369 4.59375e-006
18370 3.31875e-006
18371 4.94637e-006
18372 3e-006
18373 5.08184e-006
18374 3.35262e-006
18375 3e-006
18376 3.70523e-006
18377 3.35262e-006
18378 3e-006
18379 5.41896e-006
18380 4.44793e-006
18381 3.67137e-006
18382 4.34273e-006
18383 3.31875e-006
18384 3.31875e-006
18385 3.31875e-006
18386 3e-006
18387 3.6375e-006
18388 3e-006
18389 3e-006
18390 3.70523e-006
18391 3.95625e-006
18392 3e-006
18393 5.08903e-006
18394 3.38648e-006
18395 4.66868e-006
18396 3e-006
18397 3.6375e-006
18398 3e-006
18399 3.35262e-006
18400 3e-006
18401 3e-006
18402 4.275e-006
18403 5.37391e-006
18404 3.31875e-006
18405 3e-006
18406 3e-006
18407 3.42471e-006
18408 3.6375e-006
18409 3e-006
18410 3e-006
18411 3e-006
18412 3e-006
18413 3.31875e-006
18414 3e-006
18415 3e-006
18416 3e-006
18417 3.31875e-006
18418 3e-006
18419 4.94322e-006
18420 3e-006
18421 3e-006
18422 3.6375e-006
18423 3e-006
18424 3.67496e-006
18425 3e-006
18426 3e-006
18427 3.31875e-006
18428 3e-006
18429 3.6375e-006
18430 3e-006
18431 4.80813e-006
18432 4.59375e-006
18433 3.6375e-006
18434 4.34273e-006
18435 3e-006
18436 3.31875e-006
18437 3.42035e-006
18438 3.35262e-006
18439 3.31875e-006
18440 3.31875e-006
18441 3.31875e-006
18442 4.02398e-006
18443 3.67137e-006
18444 3e-006
18445 3e-006
18446 3e-006
18447 4.66868e-006
18448 3e-006
18449 3.35262e-006
18450 3.70523e-006
18451 5.6552e-006
18452 3e-006
18453 4.275e-006
18454 3e-006
18455 3e-006
18456 3.31875e-006
18457 3e-006
18458 6.32297e-006
18459 3.67137e-006
18460 3.31875e-006
18461 3.45782e-006
18462 3.31875e-006
18463 3.70883e-006
18464 4.66148e-006
18465 3e-006
18466 3e-006
18467 3.31875e-006
18468 4.66546e-006
18469 3.31875e-006
18470 3.31875e-006
18471 3e-006
18472 3.31875e-006
18473 3e-006
18474 3e-006
18475 3e-006
18476 3.80684e-006
18477 3.95625e-006
18478 3e-006
18479 3e-006
18480 3e-006
18481 3.67137e-006
18482 4.09172e-006
18483 3.99012e-006
18484 3e-006
18485 3.35262e-006
18486 3.31875e-006
18487 3.95625e-006
18488 3e-006
18489 3e-006
18490 3e-006
18491 3.99371e-006
18492 3.35621e-006
18493 3.45782e-006
18494 3.48809e-006
18495 3.6375e-006
18496 3e-006
18497 3e-006
18498 3e-006
18499 4.94637e-006
18500 3.3566e-006
18501 4.44793e-006
18502 3.31875e-006
18503 3.35262e-006
18504 3.78055e-006
18505 3e-006
18506 3.38648e-006
18507 3e-006
18508 4.34273e-006
18509 3e-006
18510 3.70523e-006
18511 3.31875e-006
18512 4.06145e-006
18513 4.34273e-006
18514 3.99012e-006
18515 4.59375e-006
18516 3e-006
18517 5.0141e-006
18518 3.31875e-006
18519 4.66906e-006
18520 3.31875e-006
18521 3e-006
18522 4.41047e-006
18523 3.6375e-006
18524 3.70523e-006
18525 3e-006
18526 3.31875e-006
18527 3.31875e-006
18528 3e-006
18529 4.02758e-006
18530 3e-006
18531 3.31875e-006
18532 3e-006
18533 4.9125e-006
18534 3.6375e-006
18535 3e-006
18536 3e-006
18537 3.45422e-006
18538 3e-006
18539 3.31875e-006
18540 3e-006
18541 3e-006
18542 5.9255e-006
18543 3e-006
18544 3.31875e-006
18545 3.6375e-006
18546 3.99371e-006
18547 3e-006
18548 3.31875e-006
18549 4.02758e-006
18550 3.31875e-006
18551 3e-006
18552 3.6375e-006
18553 3e-006
18554 3e-006
18555 3e-006
18556 3e-006
18557 3e-006
18558 3.6375e-006
18559 4.275e-006
18560 3.95625e-006
18561 4.275e-006
18562 3.31875e-006
18563 5.22128e-006
18564 3.70523e-006
18565 3.95625e-006
18566 3e-006
18567 3.31875e-006
18568 3.99012e-006
18569 4.72922e-006
18570 3e-006
18571 3.67137e-006
18572 3.31875e-006
18573 3e-006
18574 3e-006
18575 3.42035e-006
18576 3.31875e-006
18577 3e-006
18578 3e-006
18579 3e-006
18580 3.6375e-006
18581 5.17116e-006
18582 3.7427e-006
18583 3.78415e-006
18584 4.09532e-006
18585 3.31875e-006
18586 3e-006
18587 3e-006
18588 3.31875e-006
18589 3.77657e-006
18590 3.70523e-006
18591 3e-006
18592 3e-006
18593 3e-006
18594 3e-006
18595 3.31875e-006
18596 3.31875e-006
18597 3.31875e-006
18598 3.31875e-006
18599 3e-006
18600 3e-006
18601 3e-006
18602 3.31875e-006
18603 4.84161e-006
18604 4.59375e-006
18605 4.62762e-006
18606 4.275e-006
18607 3.31875e-006
18608 3e-006
18609 3e-006
18610 3.39008e-006
18611 3e-006
18612 3.6375e-006
18613 3e-006
18614 3e-006
18615 3.31875e-006
18616 3.31875e-006
18617 5.23125e-006
18618 3.42035e-006
18619 3.31875e-006
18620 3e-006
18621 4.09532e-006
18622 3.70523e-006
18623 3.31875e-006
18624 3.31875e-006
18625 3e-006
18626 3e-006
18627 5.41976e-006
18628 3e-006
18629 3e-006
18630 3.31875e-006
18631 3.31875e-006
18632 3e-006
18633 3e-006
18634 3e-006
18635 3.67137e-006
18636 3.31875e-006
18637 3.35262e-006
18638 3e-006
18639 3e-006
18640 3e-006
18641 3.6375e-006
18642 3e-006
18643 5.04797e-006
18644 3.31875e-006
18645 3e-006
18646 3.31875e-006
18647 3e-006
18648 3.67137e-006
18649 3.31875e-006
18650 3e-006
18651 3e-006
18652 3.67137e-006
18653 3.31875e-006
18654 3.31875e-006
18655 3e-006
18656 3e-006
18657 3.31875e-006
18658 3e-006
18659 3.6375e-006
18660 3.31875e-006
18661 3.6375e-006
18662 3.31875e-006
18663 3.31875e-006
18664 3.31875e-006
18665 6.96047e-006
18666 3e-006
18667 3e-006
18668 3e-006
18669 3e-006
18670 3e-006
18671 3e-006
18672 3e-006
18673 3e-006
18674 3e-006
18675 3e-006
18676 3e-006
18677 3e-006
18678 3.31875e-006
18679 3e-006
18680 3.31875e-006
18681 3e-006
18682 3e-006
18683 3e-006
18684 4.275e-006
18685 3.35262e-006
18686 3e-006
18687 5.22527e-006
18688 3.42035e-006
18689 3e-006
18690 3.91204e-006
18691 4.44793e-006
18692 3.31875e-006
18693 4.94637e-006
18694 3.35262e-006
18695 3e-006
18696 3e-006
18697 4.62762e-006
18698 3.91602e-006
18699 3.31875e-006
18700 4.30887e-006
18701 3e-006
18702 3e-006
18703 3e-006
18704 3.77657e-006
18705 3.81403e-006
18706 3.95625e-006
18707 3e-006
18708 3.31875e-006
18709 3e-006
18710 3e-006
18711 3.31875e-006
18712 3.99012e-006
18713 3.39368e-006
18714 3e-006
18715 3.99012e-006
18716 3.35262e-006
18717 3e-006
18718 3e-006
18719 3.6375e-006
18720 3e-006
18721 3.42035e-006
18722 3e-006
18723 3.31875e-006
18724 3e-006
18725 4.39624e-006
18726 3e-006
18727 3e-006
18728 3.6375e-006
18729 3e-006
18730 3e-006
18731 3.67137e-006
18732 3e-006
18733 3e-006
18734 3.67137e-006
18735 3e-006
18736 4.09891e-006
18737 3.6375e-006
18738 3.67137e-006
18739 3e-006
18740 4.05785e-006
18741 3e-006
18742 3e-006
18743 3e-006
18744 3e-006
18745 5.0141e-006
18746 3.31875e-006
18747 3.99012e-006
18748 4.62762e-006
18749 3.95625e-006
18750 3e-006
18751 3e-006
18752 3e-006
18753 3.35262e-006
18754 3e-006
18755 5.23125e-006
18756 3e-006
18757 3.31875e-006
18758 3.70523e-006
18759 3e-006
18760 3e-006
18761 3e-006
18762 3e-006
18763 3.31875e-006
18764 4.06145e-006
18765 3e-006
18766 3.95625e-006
18767 3e-006
18768 3e-006
18769 3.67496e-006
18770 3e-006
18771 4.30887e-006
18772 3.67137e-006
18773 3.35262e-006
18774 3e-006
18775 3.99012e-006
18776 3e-006
18777 3e-006
18778 3.31875e-006
18779 3e-006
18780 3e-006
18781 5.05516e-006
18782 3.3566e-006
18783 4.02398e-006
18784 3e-006
18785 3e-006
18786 3.35262e-006
18787 3e-006
18788 4.30887e-006
18789 3e-006
18790 5.33285e-006
18791 4.41047e-006
18792 4.98383e-006
18793 3.31875e-006
18794 3.67137e-006
18795 3e-006
18796 3.95625e-006
18797 3.6375e-006
18798 3e-006
18799 3e-006
18800 3.35262e-006
18801 3.39008e-006
18802 3e-006
18803 3e-006
18804 3.70523e-006
18805 3e-006
18806 3.6375e-006
18807 3e-006
18808 3.67137e-006
18809 3e-006
18810 3.95625e-006
18811 3.35262e-006
18812 3e-006
18813 3.31875e-006
18814 3e-006
18815 3.31875e-006
18816 3e-006
18817 3e-006
18818 3.31875e-006
18819 3.31875e-006
18820 6.15446e-006
18821 4.275e-006
18822 3.31875e-006
18823 3e-006
18824 3e-006
18825 4.06505e-006
18826 3e-006
18827 3.81043e-006
18828 3.31875e-006
18829 4.30887e-006
18830 3e-006
18831 3.31875e-006
18832 3.67137e-006
18833 3e-006
18834 3.31875e-006
18835 3.31875e-006
18836 3.31875e-006
18837 3e-006
18838 5.8656e-006
18839 3e-006
18840 3e-006
18841 3.6375e-006
18842 3.45422e-006
18843 3.31875e-006
18844 3e-006
18845 3.99012e-006
18846 4.02758e-006
18847 3.31875e-006
18848 3e-006
18849 3.70523e-006
18850 3e-006
18851 3.6375e-006
18852 3.31875e-006
18853 3e-006
18854 3.70883e-006
18855 3e-006
18856 3e-006
18857 4.275e-006
18858 3e-006
18859 3.70523e-006
18860 3e-006
18861 3e-006
18862 3.35262e-006
18863 3.31875e-006
18864 3.6375e-006
18865 3e-006
18866 3e-006
18867 3.6375e-006
18868 3.31875e-006
18869 3e-006
18870 3e-006
18871 4.44434e-006
18872 4.275e-006
18873 3e-006
18874 3.6375e-006
18875 3e-006
18876 3.7427e-006
18877 3e-006
18878 3.31875e-006
18879 3.31875e-006
18880 3.38648e-006
18881 3.31875e-006
18882 3.6375e-006
18883 3.31875e-006
18884 3e-006
18885 3e-006
18886 4.12559e-006
18887 3e-006
18888 3.77657e-006
18889 3e-006
18890 3.6375e-006
18891 3e-006
18892 3e-006
18893 3.38648e-006
18894 3e-006
18895 3.39008e-006
18896 4.29492e-006
18897 3.31875e-006
18898 3e-006
18899 3.7096e-006
18900 3e-006
18901 3e-006
18902 3e-006
18903 3e-006
18904 3e-006
18905 3e-006
18906 3e-006
18907 3.6375e-006
18908 3e-006
18909 3.6375e-006
18910 4.02398e-006
18911 3e-006
18912 3e-006
18913 3.31875e-006
18914 3e-006
18915 3e-006
18916 3.6375e-006
18917 3e-006
18918 4.3874e-006
18919 4.41047e-006
18920 3.31875e-006
18921 3.6375e-006
18922 3.99012e-006
18923 3e-006
18924 3e-006
18925 4.59375e-006
18926 3e-006
18927 3.35621e-006
18928 3e-006
18929 3.31875e-006
18930 3e-006
18931 4.02398e-006
18932 3e-006
18933 3e-006
18934 3e-006
18935 3.6375e-006
18936 3.31875e-006
18937 3.31875e-006
18938 3.70523e-006
18939 3e-006
18940 3.46501e-006
18941 3.31875e-006
18942 3.31875e-006
18943 3.31875e-006
18944 3.31875e-006
18945 6.10582e-006
18946 3e-006
18947 3.31875e-006
18948 4.9125e-006
18949 3.31875e-006
18950 3.67137e-006
18951 6.04575e-006
18952 3e-006
18953 3e-006
18954 3e-006
18955 3e-006
18956 3.31875e-006
18957 3e-006
18958 3e-006
18959 3.31875e-006
18960 3.31875e-006
18961 3.31875e-006
18962 3e-006
18963 3.95625e-006
18964 3.31875e-006
18965 3.35262e-006
18966 4.34273e-006
18967 3.31875e-006
18968 4.94637e-006
18969 3e-006
18970 3e-006
18971 3.67535e-006
18972 4.19332e-006
18973 3e-006
18974 4.03478e-006
18975 3.31875e-006
18976 3.67856e-006
18977 3e-006
18978 4.275e-006
18979 5.36672e-006
18980 3.6375e-006
18981 3.95625e-006
18982 3e-006
18983 3.6375e-006
18984 4.05785e-006
18985 3e-006
18986 3.31875e-006
18987 4.02398e-006
18988 3e-006
18989 3e-006
18990 3.67137e-006
18991 3e-006
18992 3.99012e-006
18993 4.13638e-006
18994 3.99012e-006
18995 4.99103e-006
18996 3e-006
18997 3e-006
18998 3e-006
18999 3e-006
19000 3e-006
19001 4.30887e-006
19002 3e-006
19003 3e-006
19004 3e-006
19005 3.77657e-006
19006 3e-006
19007 3.95625e-006
19008 4.275e-006
19009 3.5634e-006
19010 3e-006
19011 3.67137e-006
19012 4.41047e-006
19013 3e-006
19014 4.02398e-006
19015 6.18075e-006
19016 3.31875e-006
19017 3e-006
19018 3e-006
19019 3.6375e-006
19020 3.46141e-006
19021 3.95625e-006
19022 3.99371e-006
19023 3e-006
19024 3.31875e-006
19025 3.95625e-006
19026 3.35262e-006
19027 3.31875e-006
19028 3e-006
19029 3e-006
19030 3.31875e-006
19031 3e-006
19032 3e-006
19033 3.99012e-006
19034 3.31875e-006
19035 3.31875e-006
19036 3.71603e-006
19037 3.35262e-006
19038 3.38648e-006
19039 3.35262e-006
19040 3e-006
19041 3.31875e-006
19042 3.31875e-006
19043 4.76707e-006
19044 3e-006
19045 3e-006
19046 3.81043e-006
19047 3e-006
19048 3.31875e-006
19049 4.62762e-006
19050 3e-006
19051 3e-006
19052 3.31875e-006
19053 3.31875e-006
19054 3.31875e-006
19055 3.6375e-006
19056 3.6375e-006
19057 3e-006
19058 4.41047e-006
19059 6.12021e-006
19060 3.38648e-006
19061 3e-006
19062 3.31875e-006
19063 3.35262e-006
19064 3.35262e-006
19065 3e-006
19066 3e-006
19067 4.41407e-006
19068 3.31875e-006
19069 3e-006
19070 3.31875e-006
19071 3e-006
19072 3.31875e-006
19073 3.6375e-006
19074 3e-006
19075 3e-006
19076 3e-006
19077 4.51567e-006
19078 3.95625e-006
19079 5.05157e-006
19080 3.67137e-006
19081 4.69895e-006
19082 3.31875e-006
19083 3.67137e-006
19084 3.35262e-006
19085 3e-006
19086 3e-006
19087 3e-006
19088 3e-006
19089 4.66508e-006
19090 3.6375e-006
19091 3.35262e-006
19092 3e-006
19093 3e-006
19094 3.70883e-006
19095 3e-006
19096 3.39046e-006
19097 4.59375e-006
19098 3e-006
19099 3e-006
19100 3e-006
19101 4.275e-006
19102 3e-006
19103 3e-006
19104 3.31875e-006
19105 4.76309e-006
19106 3.31875e-006
19107 3.31875e-006
19108 3.6375e-006
19109 4.275e-006
19110 3e-006
19111 3.77297e-006
19112 3e-006
19113 3e-006
19114 3.31875e-006
19115 3e-006
19116 3.35262e-006
19117 4.62762e-006
19118 3e-006
19119 3e-006
19120 3.31875e-006
19121 3.31875e-006
19122 3e-006
19123 3.31875e-006
19124 3.95625e-006
19125 3.6375e-006
19126 3e-006
19127 3e-006
19128 3e-006
19129 3e-006
19130 3e-006
19131 3.6375e-006
19132 4.86469e-006
19133 3.6375e-006
19134 3.31875e-006
19135 3e-006
19136 3.35262e-006
19137 4.62762e-006
19138 4.66148e-006
19139 3.31875e-006
19140 3e-006
19141 3e-006
19142 3e-006
19143 3e-006
19144 3.35262e-006
19145 3.31875e-006
19146 3.6375e-006
19147 3e-006
19148 3.95625e-006
19149 4.98383e-006
19150 3e-006
19151 3.99012e-006
19152 3.6375e-006
19153 3.31875e-006
19154 3e-006
19155 3e-006
19156 5.09263e-006
19157 3e-006
19158 5.55e-006
19159 4.02758e-006
19160 3e-006
19161 3e-006
19162 3.31875e-006
19163 3.67137e-006
19164 3e-006
19165 3e-006
19166 3e-006
19167 3e-006
19168 3.31875e-006
19169 3.31875e-006
19170 3e-006
19171 3e-006
19172 3e-006
19173 3.7391e-006
19174 3e-006
19175 3e-006
19176 3.31875e-006
19177 3e-006
19178 3.31875e-006
19179 4.02398e-006
19180 3.31875e-006
19181 3e-006
19182 3.38648e-006
19183 4.275e-006
19184 3e-006
19185 3.80684e-006
19186 3.6375e-006
19187 4.09891e-006
19188 3e-006
19189 3e-006
19190 3e-006
19191 3e-006
19192 3.99012e-006
19193 3e-006
19194 3.87817e-006
19195 3.31875e-006
19196 3e-006
19197 3e-006
19198 3e-006
19199 3.95625e-006
19200 3e-006
19201 3.6375e-006
19202 5.05157e-006
19203 4.34273e-006
19204 3e-006
19205 3e-006
19206 3.6375e-006
19207 3e-006
19208 3.31875e-006
19209 3.35262e-006
19210 3.31875e-006
19211 4.34993e-006
19212 3.67137e-006
19213 3.35981e-006
19214 3.99012e-006
19215 3.35621e-006
19216 3e-006
19217 3e-006
19218 3e-006
19219 3e-006
19220 3.31875e-006
19221 3e-006
19222 3e-006
19223 3.31875e-006
19224 3e-006
19225 4.62762e-006
19226 3e-006
19227 4.30887e-006
19228 3.71243e-006
19229 3e-006
19230 3e-006
19231 3.6375e-006
19232 3e-006
19233 3e-006
19234 3e-006
19235 3e-006
19236 4.34273e-006
19237 3.42395e-006
19238 7.28641e-006
19239 3e-006
19240 5.86875e-006
19241 3e-006
19242 3.70523e-006
19243 3.31875e-006
19244 3.31875e-006
19245 3.99012e-006
19246 3e-006
19247 3e-006
19248 3.31875e-006
19249 3.35621e-006
19250 3e-006
19251 3e-006
19252 3.31875e-006
19253 3.35262e-006
19254 3.31875e-006
19255 4.15945e-006
19256 3e-006
19257 3.70523e-006
19258 3e-006
19259 3.35262e-006
19260 3.31875e-006
19261 3e-006
19262 5.34005e-006
19263 4.59375e-006
19264 3e-006
19265 3e-006
19266 3.60806e-006
19267 3.31875e-006
19268 3e-006
19269 3.7391e-006
19270 3e-006
19271 3e-006
19272 3e-006
19273 4.9125e-006
19274 3e-006
19275 4.94637e-006
19276 3e-006
19277 3.35262e-006
19278 4.05785e-006
19279 3e-006
19280 3e-006
19281 3e-006
19282 3.7391e-006
19283 3.38648e-006
19284 4.6316e-006
19285 3.31875e-006
19286 4.41407e-006
19287 3.6375e-006
19288 3.99371e-006
19289 3.31875e-006
19290 3.99012e-006
19291 3e-006
19292 3.6375e-006
19293 3.31875e-006
19294 3.31875e-006
19295 3.35621e-006
19296 3e-006
19297 3e-006
19298 3e-006
19299 3.38648e-006
19300 3e-006
19301 3e-006
19302 3e-006
19303 3e-006
19304 3e-006
19305 3e-006
19306 4.62762e-006
19307 3.67137e-006
19308 3e-006
19309 3e-006
19310 3.31875e-006
19311 3e-006
19312 3.35262e-006
19313 3.6375e-006
19314 3.35262e-006
19315 5.44165e-006
19316 4.59375e-006
19317 6.60785e-006
19318 3e-006
19319 3.59727e-006
19320 3e-006
19321 3.6375e-006
19322 3.99012e-006
19323 3.39008e-006
19324 3.31875e-006
19325 3.95625e-006
19326 3e-006
19327 3.31875e-006
19328 3.67137e-006
19329 3e-006
19330 3e-006
19331 4.03478e-006
19332 3.6375e-006
19333 4.02758e-006
19334 3e-006
19335 3.70926e-006
19336 3.42035e-006
19337 3.31875e-006
19338 3e-006
19339 3.99012e-006
19340 3.99012e-006
19341 3e-006
19342 3.35262e-006
19343 3e-006
19344 4.69535e-006
19345 3.77297e-006
19346 3.67137e-006
19347 3.31875e-006
19348 4.02398e-006
19349 3e-006
19350 3e-006
19351 3e-006
19352 3.6375e-006
19353 3e-006
19354 3.6375e-006
19355 3.31875e-006
19356 3.31875e-006
19357 3e-006
19358 3.70523e-006
19359 3.38648e-006
19360 3.67535e-006
19361 3e-006
19362 4.66148e-006
19363 3e-006
19364 4.02398e-006
19365 4.69535e-006
19366 3e-006
19367 4.02398e-006
19368 5.97035e-006
19369 3.31875e-006
19370 3.31875e-006
19371 3e-006
19372 3e-006
19373 3.31875e-006
19374 3.31875e-006
19375 3.31875e-006
19376 3e-006
19377 3e-006
19378 4.94637e-006
19379 3e-006
19380 3e-006
19381 3.31875e-006
19382 3e-006
19383 3e-006
19384 3.31875e-006
19385 3.35262e-006
19386 4.275e-006
19387 3e-006
19388 3e-006
19389 6.23299e-006
19390 4.63121e-006
19391 3e-006
19392 3e-006
19393 3.35262e-006
19394 3.31875e-006
19395 3.35262e-006
19396 3.6375e-006
19397 3e-006
19398 3e-006
19399 3e-006
19400 3e-006
19401 3.31875e-006
19402 3e-006
19403 3e-006
19404 3.6375e-006
19405 3.31875e-006
19406 3e-006
19407 3.88935e-006
19408 3.6375e-006
19409 4.02398e-006
19410 3.31875e-006
19411 3.31875e-006
19412 4.66508e-006
19413 4.17139e-006
19414 4.41407e-006
19415 3e-006
19416 3.31875e-006
19417 3e-006
19418 4.02758e-006
19419 3e-006
19420 3.31875e-006
19421 3e-006
19422 4.275e-006
19423 3e-006
19424 3e-006
19425 3e-006
19426 3.38648e-006
19427 3e-006
19428 3e-006
19429 3.6375e-006
19430 3.95625e-006
19431 4.275e-006
19432 5.44885e-006
19433 3.6375e-006
19434 3e-006
19435 3e-006
19436 3.31875e-006
19437 3e-006
19438 3.99012e-006
19439 3.6375e-006
19440 3.35262e-006
19441 3e-006
19442 3.31875e-006
19443 3.31875e-006
19444 5.97035e-006
19445 3e-006
19446 3.35262e-006
19447 3.6375e-006
19448 3.67137e-006
19449 3.6375e-006
19450 3e-006
19451 3e-006
19452 3e-006
19453 3.35262e-006
19454 3.31875e-006
19455 3e-006
19456 4.34273e-006
19457 5.62133e-006
19458 3.35262e-006
19459 3.31875e-006
19460 3e-006
19461 5.28864e-006
19462 3e-006
19463 4.70255e-006
19464 3e-006
19465 3e-006
19466 3e-006
19467 3.6375e-006
19468 3e-006
19469 3e-006
19470 5.71933e-006
19471 3e-006
19472 3.67137e-006
19473 3.31875e-006
19474 3e-006
19475 3.6375e-006
19476 4.34273e-006
19477 3e-006
19478 3.31875e-006
19479 3e-006
19480 3.31875e-006
19481 3e-006
19482 3e-006
19483 3.6375e-006
19484 3e-006
19485 3e-006
19486 3.31875e-006
19487 3.70523e-006
19488 3e-006
19489 3.31875e-006
19490 3.31875e-006
19491 3.31875e-006
19492 3e-006
19493 3e-006
19494 3e-006
19495 3e-006
19496 3.35262e-006
19497 3.31875e-006
19498 3e-006
19499 3e-006
19500 3.35621e-006
19501 4.34273e-006
19502 4.02758e-006
19503 4.35031e-006
19504 3e-006
19505 3e-006
19506 3.31875e-006
19507 3e-006
19508 3e-006
19509 4.83082e-006
19510 3.35262e-006
19511 3.31875e-006
19512 4.41047e-006
19513 3e-006
19514 3e-006
19515 3e-006
19516 3.95625e-006
19517 3e-006
19518 3e-006
19519 3e-006
19520 3.35262e-006
19521 3e-006
19522 3.31875e-006
19523 3.70523e-006
19524 3e-006
19525 3.6375e-006
19526 3.6375e-006
19527 3e-006
19528 4.05785e-006
19529 3e-006
19530 3e-006
19531 4.69535e-006
19532 3e-006
19533 4.99501e-006
19534 7.547e-006
19535 3.35262e-006
19536 3e-006
19537 3e-006
19538 3e-006
19539 3e-006
19540 3.31875e-006
19541 3.31875e-006
19542 3.95625e-006
19543 3.31875e-006
19544 3.6375e-006
19545 4.275e-006
19546 3.35262e-006
19547 3e-006
19548 3e-006
19549 4.94637e-006
19550 3e-006
19551 3e-006
19552 3.31875e-006
19553 3.6375e-006
19554 3.70523e-006
19555 3e-006
19556 3.31875e-006
19557 3e-006
19558 3e-006
19559 3.35262e-006
19560 3.95625e-006
19561 3e-006
19562 3.6375e-006
19563 3e-006
19564 3.31875e-006
19565 3e-006
19566 3.6375e-006
19567 3e-006
19568 3.67137e-006
19569 3.70523e-006
19570 3e-006
19571 3.67496e-006
19572 3.31875e-006
19573 3.6375e-006
19574 3e-006
19575 6.07915e-006
19576 3.31875e-006
19577 3.31875e-006
19578 3.70523e-006
19579 3.95625e-006
19580 3.70523e-006
19581 3e-006
19582 3e-006
19583 3e-006
19584 3.31875e-006
19585 3e-006
19586 3e-006
19587 5.08903e-006
19588 3.31875e-006
19589 3e-006
19590 3.67137e-006
19591 3.6375e-006
19592 3.7427e-006
19593 3.95625e-006
19594 3e-006
19595 3.31875e-006
19596 3e-006
19597 3.31875e-006
19598 3e-006
19599 3.31875e-006
19600 3e-006
19601 3.6375e-006
19602 3.31875e-006
19603 3.31875e-006
19604 3e-006
19605 3.35621e-006
19606 3.67496e-006
19607 3e-006
19608 3e-006
19609 3e-006
19610 4.34273e-006
19611 3.31875e-006
19612 3.31875e-006
19613 3e-006
19614 3.67496e-006
19615 3.6375e-006
19616 4.34633e-006
19617 3.31875e-006
19618 4.41047e-006
19619 3.95625e-006
19620 3.6375e-006
19621 3.31875e-006
19622 4.275e-006
19623 4.275e-006
19624 3.67496e-006
19625 3e-006
19626 3e-006
19627 3.31875e-006
19628 3.70883e-006
19629 3.31875e-006
19630 3.40164e-006
19631 3e-006
19632 3.39008e-006
19633 4.05785e-006
19634 3.6375e-006
19635 3.74706e-006
19636 3.95625e-006
19637 3.99012e-006
19638 3.67137e-006
19639 3.99012e-006
19640 3.95625e-006
19641 3e-006
19642 3e-006
19643 3.31875e-006
19644 3e-006
19645 3e-006
19646 3.6375e-006
19647 3e-006
19648 3.6375e-006
19649 3e-006
19650 3e-006
19651 3.95625e-006
19652 3.67137e-006
19653 3e-006
19654 3e-006
19655 3e-006
19656 3.31875e-006
19657 3e-006
19658 3e-006
19659 3.31875e-006
19660 3.6375e-006
19661 3e-006
19662 3.38648e-006
19663 3.77657e-006
19664 3.67137e-006
19665 3.70523e-006
19666 3.31875e-006
19667 3e-006
19668 3e-006
19669 3.6375e-006
19670 3e-006
19671 3e-006
19672 4.59375e-006
19673 3e-006
19674 3e-006
19675 3e-006
19676 4.69535e-006
19677 3e-006
19678 3e-006
19679 3e-006
19680 3.6375e-006
19681 3e-006
19682 3.95625e-006
19683 3.31875e-006
19684 3.31875e-006
19685 3.31875e-006
19686 3e-006
19687 3e-006
19688 3e-006
19689 3e-006
19690 3e-006
19691 3.31875e-006
19692 3e-006
19693 3e-006
19694 3.7391e-006
19695 3.6375e-006
19696 3e-006
19697 3e-006
19698 3e-006
19699 3.35262e-006
19700 3e-006
19701 3e-006
19702 3e-006
19703 3.6375e-006
19704 3.6375e-006
19705 3.31875e-006
19706 4.98383e-006
19707 3e-006
19708 3.67137e-006
19709 3e-006
19710 3e-006
19711 3e-006
19712 3e-006
19713 3e-006
19714 3.31875e-006
19715 3e-006
19716 3e-006
19717 4.3766e-006
19718 3e-006
19719 3e-006
19720 3.95625e-006
19721 3.31875e-006
19722 3e-006
19723 4.02398e-006
19724 3e-006
19725 3.35262e-006
19726 3.31875e-006
19727 3.67137e-006
19728 3.31875e-006
19729 3.35262e-006
19730 3.45824e-006
19731 3e-006
19732 3e-006
19733 3e-006
19734 3e-006
19735 3.31875e-006
19736 3.31875e-006
19737 4.62762e-006
19738 3e-006
19739 3.31875e-006
19740 3.31875e-006
19741 3.39008e-006
19742 4.02398e-006
19743 3e-006
19744 3e-006
19745 3e-006
19746 3.31875e-006
19747 3.95625e-006
19748 3.67137e-006
19749 3e-006
19750 3e-006
19751 3e-006
19752 3e-006
19753 5.26871e-006
19754 3.31875e-006
19755 3e-006
19756 3.81403e-006
19757 3e-006
19758 3e-006
19759 3.31875e-006
19760 3.6375e-006
19761 3e-006
19762 3e-006
19763 3e-006
19764 4.72922e-006
19765 3.95625e-006
19766 3.31875e-006
19767 3.6375e-006
19768 3.35262e-006
19769 3e-006
19770 3.31875e-006
19771 3.67137e-006
19772 4.30887e-006
19773 4.05785e-006
19774 4.62762e-006
19775 3e-006
19776 3e-006
19777 3e-006
19778 3.31875e-006
19779 3e-006
19780 4.275e-006
19781 3.47619e-006
19782 3.6375e-006
19783 4.62762e-006
19784 3.6375e-006
19785 3.35262e-006
19786 3e-006
19787 3.6375e-006
19788 3e-006
19789 3.6375e-006
19790 3e-006
19791 3.70883e-006
19792 3.31875e-006
19793 3.67137e-006
19794 3e-006
19795 3.31875e-006
19796 3e-006
19797 3.31875e-006
19798 3.31875e-006
19799 3.31875e-006
19800 3.35262e-006
19801 3.67137e-006
19802 3.95625e-006
19803 3.6375e-006
19804 3e-006
19805 3.7391e-006
19806 3.35262e-006
19807 3.99012e-006
19808 3.31875e-006
19809 3e-006
19810 4.3766e-006
19811 3e-006
19812 3e-006
19813 3e-006
19814 4.65833e-006
19815 3e-006
19816 3e-006
19817 3e-006
19818 3e-006
19819 3.31875e-006
19820 3.31875e-006
19821 3e-006
19822 3e-006
19823 4.59375e-006
19824 3e-006
19825 3.99012e-006
19826 3e-006
19827 4.41766e-006
19828 3.6375e-006
19829 4.3766e-006
19830 3.31875e-006
19831 3e-006
19832 3e-006
19833 4.66148e-006
19834 7.6729e-006
19835 4.34633e-006
19836 3.31875e-006
19837 3e-006
19838 3.31875e-006
19839 3e-006
19840 3.31875e-006
19841 3.35262e-006
19842 3e-006
19843 3e-006
19844 4.44434e-006
19845 3e-006
19846 3e-006
19847 3.43115e-006
19848 4.62762e-006
19849 3e-006
19850 3e-006
19851 3e-006
19852 5.55e-006
19853 3.95625e-006
19854 3.87817e-006
19855 3.35621e-006
19856 3e-006
19857 3.6375e-006
19858 3.31875e-006
19859 3e-006
19860 3e-006
19861 3.35621e-006
19862 3e-006
19863 4.38058e-006
19864 3.6375e-006
19865 3.31875e-006
19866 3e-006
19867 3.99012e-006
19868 3e-006
19869 3.31875e-006
19870 3.77297e-006
19871 3.99371e-006
19872 3e-006
19873 3.31875e-006
19874 3.7427e-006
19875 3.31875e-006
19876 3e-006
19877 3.35262e-006
19878 3e-006
19879 3e-006
19880 4.02758e-006
19881 3e-006
19882 3.31875e-006
19883 3e-006
19884 4.41449e-006
19885 3e-006
19886 3.67496e-006
19887 3e-006
19888 5.93648e-006
19889 3e-006
19890 3e-006
19891 3e-006
19892 3.6375e-006
19893 3.35621e-006
19894 3e-006
19895 3e-006
19896 4.09891e-006
19897 3.31875e-006
19898 3.7391e-006
19899 3.31875e-006
19900 3.71963e-006
19901 3.95625e-006
19902 3e-006
19903 3.31875e-006
19904 3.35262e-006
19905 3e-006
19906 3e-006
19907 4.30887e-006
19908 3.99012e-006
19909 3.31875e-006
19910 3.6375e-006
19911 3e-006
19912 3.67137e-006
19913 3e-006
19914 3.6375e-006
19915 3e-006
19916 5.05157e-006
19917 3e-006
19918 3e-006
19919 3.31875e-006
19920 3.6375e-006
19921 4.275e-006
19922 3e-006
19923 3.35262e-006
19924 4.09172e-006
19925 3.38648e-006
19926 3.6375e-006
19927 3.39368e-006
19928 4.34273e-006
19929 3e-006
19930 3e-006
19931 3e-006
19932 3e-006
19933 3.31875e-006
19934 3.35621e-006
19935 3e-006
19936 3e-006
19937 3e-006
19938 3.67496e-006
19939 3e-006
19940 3e-006
19941 4.70255e-006
19942 3.31875e-006
19943 3e-006
19944 3e-006
19945 3.6375e-006
19946 5.33285e-006
19947 3.99012e-006
19948 4.59375e-006
19949 3.81763e-006
19950 4.34273e-006
19951 3e-006
19952 4.02398e-006
19953 3e-006
19954 3e-006
19955 3.6375e-006
19956 4.02398e-006
19957 3e-006
19958 3e-006
19959 6.42457e-006
19960 3e-006
19961 3e-006
19962 4.06145e-006
19963 3e-006
19964 3.6375e-006
19965 3.70523e-006
19966 3.95625e-006
19967 3e-006
19968 3.67137e-006
19969 3.31875e-006
19970 3e-006
19971 3e-006
19972 3.77297e-006
19973 3e-006
19974 3.4654e-006
19975 3.31875e-006
19976 3e-006
19977 3e-006
19978 3e-006
19979 3.6375e-006
19980 3e-006
19981 4.62762e-006
19982 3e-006
19983 3.31875e-006
19984 3.31875e-006
19985 4.09172e-006
19986 3.31875e-006
19987 3e-006
19988 3e-006
19989 3e-006
19990 3.31875e-006
19991 3.39368e-006
19992 3e-006
19993 3.35262e-006
19994 3.31875e-006
19995 3e-006
19996 3.31875e-006
19997 3e-006
19998 4.03516e-006
19999 3e-006
20000 4.05785e-006
20001 4.30887e-006
20002 3.31875e-006
20003 3e-006
20004 3e-006
20005 3.67137e-006
20006 3e-006
20007 3.31875e-006
20008 3e-006
20009 3.31875e-006
20010 5.40418e-006
20011 3e-006
20012 3.6375e-006
20013 3e-006
20014 3e-006
20015 3.31875e-006
20016 3e-006
20017 3e-006
20018 3e-006
20019 3.95625e-006
20020 4.30887e-006
20021 4.02398e-006
20022 3e-006
20023 3e-006
20024 3e-006
20025 3.6375e-006
20026 3e-006
20027 3e-006
20028 3.31875e-006
20029 3.6375e-006
20030 3e-006
20031 3.31875e-006
20032 3.99012e-006
20033 3e-006
20034 3e-006
20035 3.81043e-006
20036 3.31875e-006
20037 3e-006
20038 3e-006
20039 3e-006
20040 3.31875e-006
20041 3.31875e-006
20042 4.10611e-006
20043 3e-006
20044 3.31875e-006
20045 3e-006
20046 3.31875e-006
20047 3e-006
20048 3.31875e-006
20049 3e-006
20050 3.6375e-006
20051 3.6375e-006
20052 3.31875e-006
20053 3.99012e-006
20054 3e-006
20055 3e-006
20056 3e-006
20057 3e-006
20058 3e-006
20059 3e-006
20060 3.95625e-006
20061 4.275e-006
20062 3.6375e-006
20063 3e-006
20064 3.31875e-006
20065 4.16665e-006
20066 3e-006
20067 3e-006
20068 3e-006
20069 4.34993e-006
20070 3e-006
20071 4.59375e-006
20072 3e-006
20073 3e-006
20074 3e-006
20075 3e-006
20076 4.05785e-006
20077 3e-006
20078 3e-006
20079 4.44434e-006
20080 3.95625e-006
20081 4.02398e-006
20082 3.99371e-006
20083 3e-006
20084 3.31875e-006
20085 4.94637e-006
20086 3.67137e-006
20087 3.35262e-006
20088 3e-006
20089 3e-006
20090 3.67137e-006
20091 3e-006
20092 3.38648e-006
20093 3e-006
20094 3e-006
20095 3.31875e-006
20096 3e-006
20097 3.31875e-006
20098 3e-006
20099 3e-006
20100 3.31875e-006
20101 3.35262e-006
20102 3e-006
20103 3.38648e-006
20104 3.95625e-006
20105 3.31875e-006
20106 3e-006
20107 3e-006
20108 3e-006
20109 5.1157e-006
20110 3e-006
20111 3e-006
20112 3e-006
20113 3.67137e-006
20114 3e-006
20115 3e-006
20116 3e-006
20117 3e-006
20118 3e-006
20119 3e-006
20120 3.67137e-006
20121 3.38648e-006
20122 3.6375e-006
20123 3e-006
20124 3.78016e-006
20125 3e-006
20126 3e-006
20127 3e-006
20128 4.41047e-006
20129 3e-006
20130 3.31875e-006
20131 3.31875e-006
20132 3.7427e-006
20133 5.58387e-006
20134 3e-006
20135 3e-006
20136 3e-006
20137 3.95625e-006
20138 3e-006
20139 3e-006
20140 4.69535e-006
20141 3.99012e-006
20142 3.31875e-006
20143 3e-006
20144 5.44165e-006
20145 3e-006
20146 3.38648e-006
20147 3.6375e-006
20148 3.7391e-006
20149 3.95625e-006
20150 3.31875e-006
20151 3.95625e-006
20152 3e-006
20153 3.31875e-006
20154 3e-006
20155 3e-006
20156 3e-006
20157 4.9125e-006
20158 3e-006
20159 3e-006
20160 3e-006
20161 3.99371e-006
20162 3e-006
20163 4.06903e-006
20164 3e-006
20165 3.6375e-006
20166 3e-006
20167 3.35262e-006
20168 5.33285e-006
20169 3e-006
20170 3.95625e-006
20171 5.50938e-006
20172 4.02398e-006
20173 3.31875e-006
20174 3e-006
20175 3e-006
20176 3.31875e-006
20177 5.15317e-006
20178 4.41766e-006
20179 3e-006
20180 3e-006
20181 3.31875e-006
20182 3e-006
20183 4.13676e-006
20184 3.31875e-006
20185 3e-006
20186 3.35262e-006
20187 3e-006
20188 3.31875e-006
20189 3e-006
20190 5.37544e-006
20191 3e-006
20192 3.31875e-006
20193 3e-006
20194 3.31875e-006
20195 3.31875e-006
20196 3e-006
20197 4.3802e-006
20198 3.67496e-006
20199 3e-006
20200 3e-006
20201 3.95625e-006
20202 3e-006
20203 3.35262e-006
20204 3.99012e-006
20205 3.77657e-006
20206 3.38648e-006
20207 3.67137e-006
20208 4.275e-006
20209 3e-006
20210 3.31875e-006
20211 3e-006
20212 4.05785e-006
20213 3.35262e-006
20214 4.34273e-006
20215 3.31875e-006
20216 3.67137e-006
20217 3.6375e-006
20218 4.3802e-006
20219 3e-006
20220 3e-006
20221 3.99731e-006
20222 3e-006
20223 3e-006
20224 3.95625e-006
20225 3e-006
20226 3e-006
20227 3e-006
20228 3.35262e-006
20229 3e-006
20230 3e-006
20231 3.35621e-006
20232 3e-006
20233 3e-006
20234 3.95625e-006
20235 3.49528e-006
20236 3e-006
20237 3e-006
20238 3.6375e-006
20239 3.6375e-006
20240 3.31875e-006
20241 3.95625e-006
20242 3.95625e-006
20243 3.70883e-006
20244 3.31875e-006
20245 3e-006
20246 3.31875e-006
20247 3e-006
20248 3e-006
20249 3e-006
20250 3.67496e-006
20251 3.31875e-006
20252 3.6375e-006
20253 3.31875e-006
20254 3e-006
20255 3.35621e-006
20256 3.6375e-006
20257 3e-006
20258 3e-006
20259 3e-006
20260 3.31875e-006
20261 3e-006
20262 3e-006
20263 3.75874e-006
20264 3.31875e-006
20265 3.31875e-006
20266 3e-006
20267 3.31875e-006
20268 3e-006
20269 4.44434e-006
20270 3.31875e-006
20271 3e-006
20272 3.35262e-006
20273 3e-006
20274 3e-006
20275 3e-006
20276 3e-006
20277 3e-006
20278 3e-006
20279 3.6375e-006
20280 3e-006
20281 3e-006
20282 3.6375e-006
20283 3e-006
20284 3.31875e-006
20285 3.31875e-006
20286 3.6375e-006
20287 3.31875e-006
20288 3e-006
20289 3e-006
20290 3.31875e-006
20291 3e-006
20292 3e-006
20293 6.85572e-006
20294 3.70523e-006
20295 3.67137e-006
20296 3.99012e-006
20297 3e-006
20298 3.71243e-006
20299 3.6375e-006
20300 5.14957e-006
20301 3e-006
20302 3e-006
20303 3.31875e-006
20304 3e-006
20305 3e-006
20306 3.31875e-006
20307 4.44434e-006
20308 3.31875e-006
20309 3e-006
20310 3.35262e-006
20311 4.15116e-006
20312 3e-006
20313 3.67137e-006
20314 3.31875e-006
20315 3e-006
20316 5.72293e-006
20317 3e-006
20318 3.31875e-006
20319 3.31875e-006
20320 3e-006
20321 3e-006
20322 3e-006
20323 3.31875e-006
20324 4.09532e-006
20325 3e-006
20326 3.99012e-006
20327 3.35262e-006
20328 3e-006
20329 3.38648e-006
20330 4.62762e-006
20331 3e-006
20332 4.63121e-006
20333 3e-006
20334 3.31875e-006
20335 3e-006
20336 3.6375e-006
20337 3.31875e-006
20338 3.31875e-006
20339 3e-006
20340 3e-006
20341 3.6375e-006
20342 3.6375e-006
20343 3e-006
20344 4.09172e-006
20345 3.35262e-006
20346 3.31875e-006
20347 3e-006
20348 3e-006
20349 4.06145e-006
20350 3.99012e-006
20351 3.31875e-006
20352 3.70523e-006
20353 3e-006
20354 3e-006
20355 3e-006
20356 3e-006
20357 3.31875e-006
20358 3.35621e-006
20359 3e-006
20360 3.31875e-006
20361 3.67137e-006
20362 3e-006
20363 3.31875e-006
20364 3.35262e-006
20365 3e-006
20366 3.80684e-006
20367 3e-006
20368 3.31875e-006
20369 3e-006
20370 3.31875e-006
20371 3e-006
20372 3e-006
20373 3e-006
20374 3.31875e-006
20375 3e-006
20376 3e-006
20377 3e-006
20378 3.31875e-006
20379 5.79105e-006
20380 3e-006
20381 3e-006
20382 3.67137e-006
20383 3e-006
20384 3.31875e-006
20385 3e-006
20386 4.31285e-006
20387 4.30887e-006
20388 3.67137e-006
20389 3.31875e-006
20390 5.40058e-006
20391 3e-006
20392 3.67137e-006
20393 3e-006
20394 3.70523e-006
20395 3.31875e-006
20396 3e-006
20397 3e-006
20398 3e-006
20399 3.6375e-006
20400 3.31875e-006
20401 3.35262e-006
20402 3e-006
20403 6.64532e-006
20404 3.31875e-006
20405 3e-006
20406 3.31875e-006
20407 3e-006
20408 3.31875e-006
20409 3.31875e-006
20410 3.6375e-006
20411 4.275e-006
20412 3e-006
20413 3.67496e-006
20414 3.70523e-006
20415 3e-006
20416 3e-006
20417 3.31875e-006
20418 3e-006
20419 3.7427e-006
20420 3.6375e-006
20421 3e-006
20422 3e-006
20423 3e-006
20424 3.6375e-006
20425 3.31875e-006
20426 3e-006
20427 3e-006
20428 3e-006
20429 3.6375e-006
20430 3e-006
20431 3.67137e-006
20432 4.76309e-006
20433 4.02398e-006
20434 3e-006
20435 3e-006
20436 3.31875e-006
20437 3.6375e-006
20438 3e-006
20439 3e-006
20440 3e-006
20441 3e-006
20442 3e-006
20443 3.31875e-006
20444 3.39008e-006
20445 3.31875e-006
20446 3.35262e-006
20447 3e-006
20448 3.31875e-006
20449 3.31875e-006
20450 3.38648e-006
20451 3.6375e-006
20452 3e-006
20453 3e-006
20454 3e-006
20455 4.06505e-006
20456 3e-006
20457 3.6375e-006
20458 3e-006
20459 3.6375e-006
20460 3.6375e-006
20461 3e-006
20462 3e-006
20463 3.6375e-006
20464 3.31875e-006
20465 3.31875e-006
20466 4.59375e-006
20467 3e-006
20468 3.42755e-006
20469 3.59329e-006
20470 3e-006
20471 3e-006
20472 3.31875e-006
20473 3e-006
20474 3.78016e-006
20475 3.67137e-006
20476 3e-006
20477 3e-006
20478 3.31875e-006
20479 3.31875e-006
20480 3.31875e-006
20481 3.7391e-006
20482 3e-006
20483 5.1229e-006
20484 3.31875e-006
20485 3.31875e-006
20486 3.6375e-006
20487 3e-006
20488 3.43873e-006
20489 3.6375e-006
20490 3e-006
20491 3e-006
20492 3.31875e-006
20493 3.31875e-006
20494 3e-006
20495 3e-006
20496 3.95625e-006
20497 4.34993e-006
20498 4.30887e-006
20499 5.68907e-006
20500 3e-006
20501 3.31875e-006
20502 3.67137e-006
20503 3e-006
20504 3e-006
20505 3e-006
20506 3.38648e-006
20507 3e-006
20508 3e-006
20509 3e-006
20510 3.31875e-006
20511 3e-006
20512 3e-006
20513 3e-006
20514 3e-006
20515 4.45594e-006
20516 3.67137e-006
20517 3e-006
20518 3.67137e-006
20519 3.31875e-006
20520 3e-006
20521 3.31875e-006
20522 3.95625e-006
20523 3.99012e-006
20524 3.31875e-006
20525 3.67137e-006
20526 3.31875e-006
20527 3e-006
20528 3e-006
20529 3e-006
20530 3e-006
20531 3e-006
20532 3.99012e-006
20533 3.77657e-006
20534 3.31875e-006
20535 3.6375e-006
20536 3.35262e-006
20537 3.31875e-006
20538 3e-006
20539 4.34633e-006
20540 4.94637e-006
20541 3.70523e-006
20542 3.95625e-006
20543 3e-006
20544 3e-006
20545 3e-006
20546 3e-006
20547 3e-006
20548 4.66508e-006
20549 3e-006
20550 3.35262e-006
20551 3e-006
20552 3.35621e-006
20553 3.6375e-006
20554 3.31875e-006
20555 3.31875e-006
20556 3e-006
20557 3e-006
20558 3e-006
20559 3e-006
20560 3e-006
20561 3.31875e-006
20562 5.33285e-006
20563 3e-006
20564 3e-006
20565 3.31875e-006
20566 3e-006
20567 3e-006
20568 3.6375e-006
20569 3.31875e-006
20570 3.67137e-006
20571 3.6375e-006
20572 3e-006
20573 3e-006
20574 3.67137e-006
20575 3.67137e-006
20576 3.95625e-006
20577 3.31875e-006
20578 3.31875e-006
20579 3.67137e-006
20580 3.6375e-006
20581 3.31875e-006
20582 3e-006
20583 3e-006
20584 4.98023e-006
20585 3.38648e-006
20586 3.75748e-006
20587 4.02758e-006
20588 3e-006
20589 3.31875e-006
20590 3.38648e-006
20591 3e-006
20592 3.6375e-006
20593 4.275e-006
20594 3.31875e-006
20595 3.70523e-006
20596 3.6375e-006
20597 3e-006
20598 3.67137e-006
20599 3.70883e-006
20600 3e-006
20601 3.31875e-006
20602 3.95625e-006
20603 3e-006
20604 3e-006
20605 3.31875e-006
20606 4.62762e-006
20607 3e-006
20608 3.7427e-006
20609 5.40058e-006
20610 3e-006
20611 3e-006
20612 3.31875e-006
20613 3.95625e-006
20614 3.31875e-006
20615 3e-006
20616 4.02758e-006
20617 3e-006
20618 3e-006
20619 3e-006
20620 3e-006
20621 4.72922e-006
20622 3.67137e-006
20623 3.31875e-006
20624 3.6375e-006
20625 3e-006
20626 5.47954e-006
20627 3e-006
20628 3e-006
20629 3.31875e-006
20630 3e-006
20631 3e-006
20632 3e-006
20633 3e-006
20634 3e-006
20635 3e-006
20636 3e-006
20637 3e-006
20638 3e-006
20639 5.33285e-006
20640 3.99012e-006
20641 3e-006
20642 4.3766e-006
20643 3e-006
20644 3e-006
20645 3.31875e-006
20646 3.38648e-006
20647 3.31875e-006
20648 3e-006
20649 3.6375e-006
20650 4.66508e-006
20651 3.31875e-006
20652 4.94637e-006
20653 3e-006
20654 3e-006
20655 3.31875e-006
20656 3e-006
20657 3e-006
20658 3e-006
20659 3e-006
20660 3.67137e-006
20661 3e-006
20662 3.31875e-006
20663 3e-006
20664 3e-006
20665 3.31875e-006
20666 3e-006
20667 3.95625e-006
20668 3.31875e-006
20669 3.31875e-006
20670 3.6375e-006
20671 4.14113e-006
20672 3.99012e-006
20673 3e-006
20674 5.90981e-006
20675 3e-006
20676 3.6375e-006
20677 3e-006
20678 3.35262e-006
20679 4.59375e-006
20680 3.31875e-006
20681 3.31875e-006
20682 3e-006
20683 3.99012e-006
20684 3.6375e-006
20685 3e-006
20686 3e-006
20687 4.66148e-006
20688 3e-006
20689 3e-006
20690 3e-006
20691 3e-006
20692 3e-006
20693 3e-006
20694 3e-006
20695 3e-006
20696 3.31875e-006
20697 3e-006
20698 3.31875e-006
20699 3.31875e-006
20700 3.47263e-006
20701 3.31875e-006
20702 3.31875e-006
20703 4.72922e-006
20704 3e-006
20705 3.35262e-006
20706 3.31875e-006
20707 3.31875e-006
20708 3e-006
20709 3e-006
20710 3.31875e-006
20711 3.38648e-006
20712 3.42395e-006
20713 3.95625e-006
20714 3.35621e-006
20715 3.67496e-006
20716 3.99371e-006
20717 3.67496e-006
20718 3e-006
20719 3.31875e-006
20720 3.6375e-006
20721 3e-006
20722 3e-006
20723 3.31875e-006
20724 4.63121e-006
20725 3e-006
20726 3e-006
20727 3e-006
20728 3.31875e-006
20729 4.34273e-006
20730 3.67137e-006
20731 3e-006
20732 3e-006
20733 3e-006
20734 3.35262e-006
20735 5.46832e-006
20736 3e-006
20737 3e-006
20738 3e-006
20739 3e-006
20740 3e-006
20741 4.275e-006
20742 3e-006
20743 3e-006
20744 3e-006
20745 3e-006
20746 3e-006
20747 3.67137e-006
20748 3e-006
20749 4.02758e-006
20750 3.31875e-006
20751 3.31875e-006
20752 3e-006
20753 4.02758e-006
20754 3e-006
20755 3e-006
20756 3.31875e-006
20757 3e-006
20758 4.59375e-006
20759 3e-006
20760 4.66868e-006
20761 3e-006
20762 4.30887e-006
20763 3.31875e-006
20764 4.12918e-006
20765 5.73013e-006
20766 3.6375e-006
20767 3e-006
20768 3e-006
20769 4.30887e-006
20770 3.31875e-006
20771 3.67137e-006
20772 3e-006
20773 3.38648e-006
20774 3.35262e-006
20775 4.06865e-006
20776 4.05785e-006
20777 3.70523e-006
20778 3e-006
20779 3.31875e-006
20780 3e-006
20781 3e-006
20782 4.94637e-006
20783 3.6375e-006
20784 3e-006
20785 3.99012e-006
20786 3.38648e-006
20787 3.99012e-006
20788 3e-006
20789 4.30887e-006
20790 3e-006
20791 3e-006
20792 4.4854e-006
20793 3.6375e-006
20794 3e-006
20795 3.95625e-006
20796 3e-006
20797 3e-006
20798 3.6375e-006
20799 3.42035e-006
20800 3e-006
20801 3.6375e-006
20802 3e-006
20803 3.31875e-006
20804 3.67137e-006
20805 3e-006
20806 3e-006
20807 3.67137e-006
20808 3.95625e-006
20809 3.31875e-006
20810 3e-006
20811 3.35621e-006
20812 3.6375e-006
20813 3.35262e-006
20814 3.35262e-006
20815 3.6375e-006
20816 3e-006
20817 3e-006
20818 3e-006
20819 3.95625e-006
20820 3e-006
20821 3e-006
20822 3.35262e-006
20823 3e-006
20824 3.42395e-006
20825 3.6375e-006
20826 4.69895e-006
20827 3e-006
20828 3.38648e-006
20829 3.6375e-006
20830 3e-006
20831 3.6375e-006
20832 3e-006
20833 4.05785e-006
20834 3e-006
20835 3e-006
20836 3.31875e-006
20837 3.31875e-006
20838 3e-006
20839 3e-006
20840 3e-006
20841 3e-006
20842 3e-006
20843 3.31875e-006
20844 3.67539e-006
20845 3e-006
20846 3.7391e-006
20847 3.31875e-006
20848 3.31875e-006
20849 4.05785e-006
20850 3.35262e-006
20851 3e-006
20852 3e-006
20853 3.31875e-006
20854 3e-006
20855 3e-006
20856 3e-006
20857 3e-006
20858 3e-006
20859 3.77297e-006
20860 3e-006
20861 3.6375e-006
20862 3e-006
20863 3.31875e-006
20864 3e-006
20865 3e-006
20866 3.31875e-006
20867 3.35262e-006
20868 3.95625e-006
20869 4.98023e-006
20870 3.6375e-006
20871 3.31875e-006
20872 3e-006
20873 3.31875e-006
20874 3e-006
20875 3.99012e-006
20876 3.6375e-006
20877 3.31875e-006
20878 3.74668e-006
20879 3.31875e-006
20880 3e-006
20881 3e-006
20882 3e-006
20883 3e-006
20884 4.44832e-006
20885 3e-006
20886 3.31875e-006
20887 3.31875e-006
20888 3e-006
20889 3.67137e-006
20890 5.33285e-006
20891 3.31875e-006
20892 3e-006
20893 3e-006
20894 3e-006
20895 3.95625e-006
20896 3.31875e-006
20897 3e-006
20898 3.35262e-006
20899 3e-006
20900 3e-006
20901 3.70523e-006
20902 3.68216e-006
20903 3.6375e-006
20904 3.67137e-006
20905 3e-006
20906 3e-006
20907 3.35621e-006
20908 4.34273e-006
20909 3.6375e-006
20910 3e-006
20911 3.99371e-006
20912 3.31875e-006
20913 3.6375e-006
20914 3.31875e-006
20915 3.31875e-006
20916 3e-006
20917 4.9125e-006
20918 4.02398e-006
20919 3.31875e-006
20920 3e-006
20921 3.31875e-006
20922 3e-006
20923 3.35262e-006
20924 3e-006
20925 3e-006
20926 3e-006
20927 3.31875e-006
20928 3.6375e-006
20929 3.31875e-006
20930 3.6375e-006
20931 3.38648e-006
20932 3.31875e-006
20933 3.67137e-006
20934 3e-006
20935 3.31875e-006
20936 3e-006
20937 3e-006
20938 3.31875e-006
20939 3e-006
20940 4.02398e-006
20941 3.31875e-006
20942 3e-006
20943 3.99012e-006
20944 3e-006
20945 3e-006
20946 3.35262e-006
20947 3.67137e-006
20948 3e-006
20949 3.6375e-006
20950 3.7463e-006
20951 3e-006
20952 3e-006
20953 3e-006
20954 3e-006
20955 3.35262e-006
20956 3e-006
20957 4.66148e-006
20958 3.31875e-006
20959 3e-006
20960 3.99012e-006
20961 3e-006
20962 3e-006
20963 3e-006
20964 3.31875e-006
20965 3.6375e-006
20966 3e-006
20967 3e-006
20968 4.02398e-006
20969 4.3766e-006
20970 3.31875e-006
20971 4.7368e-006
20972 3.31875e-006
20973 4.59375e-006
20974 3e-006
20975 3.31875e-006
20976 3.31875e-006
20977 3e-006
20978 3.31875e-006
20979 3.35262e-006
20980 3e-006
20981 3.68216e-006
20982 3.6375e-006
20983 3.31875e-006
20984 3e-006
20985 3.31875e-006
20986 3e-006
20987 3e-006
20988 3.31875e-006
20989 3e-006
20990 3.31875e-006
20991 3e-006
20992 3.31875e-006
20993 3e-006
20994 3e-006
20995 3e-006
20996 3e-006
20997 5.26512e-006
20998 3.6375e-006
20999 3e-006
21000 3.35262e-006
21001 3.31875e-006
21002 4.66868e-006
21003 3e-006
21004 3.99012e-006
21005 3.95625e-006
21006 3.31875e-006
21007 4.9125e-006
21008 3e-006
21009 3.67895e-006
21010 3.31875e-006
21011 3e-006
21012 3e-006
21013 3e-006
21014 3e-006
21015 4.02398e-006
21016 3e-006
21017 3.6375e-006
21018 3e-006
21019 3.95625e-006
21020 3e-006
21021 3e-006
21022 3e-006
21023 3e-006
21024 3.6375e-006
21025 3e-006
21026 3e-006
21027 4.30887e-006
21028 3.35262e-006
21029 3e-006
21030 3e-006
21031 3e-006
21032 3.45422e-006
21033 4.76668e-006
21034 3e-006
21035 3e-006
21036 3e-006
21037 3.6375e-006
21038 3e-006
21039 3e-006
21040 3.67137e-006
21041 3.67137e-006
21042 3e-006
21043 3e-006
21044 3e-006
21045 3.6375e-006
21046 3.31875e-006
21047 3e-006
21048 3e-006
21049 3.31875e-006
21050 3e-006
21051 3e-006
21052 3.31875e-006
21053 3e-006
21054 3.31875e-006
21055 4.16703e-006
21056 3e-006
21057 3.31875e-006
21058 3.6375e-006
21059 3e-006
21060 4.02398e-006
21061 3.67137e-006
21062 3.67137e-006
21063 3.6375e-006
21064 3.31875e-006
21065 4.275e-006
21066 3.3602e-006
21067 4.62762e-006
21068 3.99012e-006
21069 3e-006
21070 3.6375e-006
21071 3e-006
21072 3.6375e-006
21073 3e-006
21074 3.70523e-006
21075 3.67137e-006
21076 3e-006
21077 3.35262e-006
21078 4.06145e-006
21079 3e-006
21080 3.31875e-006
21081 4.02758e-006
21082 3.6375e-006
21083 3e-006
21084 3.67137e-006
21085 3e-006
21086 3e-006
21087 3e-006
21088 4.02398e-006
21089 3e-006
21090 3e-006
21091 3.67496e-006
21092 4.94637e-006
21093 3e-006
21094 3e-006
21095 3e-006
21096 3.31875e-006
21097 3e-006
21098 4.3802e-006
21099 3e-006
21100 3e-006
21101 3.6375e-006
21102 3e-006
21103 5.05195e-006
21104 3.35262e-006
21105 3.38648e-006
21106 3e-006
21107 3e-006
21108 3e-006
21109 3e-006
21110 4.55313e-006
21111 3e-006
21112 3e-006
21113 3e-006
21114 3e-006
21115 3.31875e-006
21116 3.31875e-006
21117 3.99012e-006
21118 3e-006
21119 3.95625e-006
21120 3.70523e-006
21121 3.42035e-006
21122 3e-006
21123 4.66148e-006
21124 3e-006
21125 3e-006
21126 3e-006
21127 3e-006
21128 3.6375e-006
21129 4.275e-006
21130 3e-006
21131 3e-006
21132 3e-006
21133 3e-006
21134 4.00091e-006
21135 3e-006
21136 3.6375e-006
21137 3e-006
21138 3.31875e-006
21139 3.6375e-006
21140 3e-006
21141 3.31875e-006
21142 4.3802e-006
21143 3.35262e-006
21144 3e-006
21145 4.275e-006
21146 4.59375e-006
21147 3.99012e-006
21148 3e-006
21149 3.31875e-006
21150 3e-006
21151 3e-006
21152 3e-006
21153 3e-006
21154 3e-006
21155 3e-006
21156 4.94637e-006
21157 3e-006
21158 3.35262e-006
21159 3e-006
21160 4.89855e-006
21161 3.35262e-006
21162 3e-006
21163 3.31875e-006
21164 3.31875e-006
21165 3e-006
21166 3e-006
21167 3.6375e-006
21168 4.34273e-006
21169 3.6375e-006
21170 3e-006
21171 4.489e-006
21172 3e-006
21173 3e-006
21174 3e-006
21175 3e-006
21176 3e-006
21177 4.02398e-006
21178 3e-006
21179 3e-006
21180 3e-006
21181 3.31875e-006
21182 4.98023e-006
21183 3e-006
21184 3.31875e-006
21185 3.6375e-006
21186 3.31875e-006
21187 4.59375e-006
21188 4.05785e-006
21189 4.30887e-006
21190 3e-006
21191 3.31875e-006
21192 3.67137e-006
21193 3e-006
21194 3.31875e-006
21195 3.99012e-006
21196 4.62762e-006
21197 3.31875e-006
21198 4.02758e-006
21199 3.35262e-006
21200 3.6375e-006
21201 3e-006
21202 3e-006
21203 4.12918e-006
21204 3e-006
21205 4.62762e-006
21206 3.31875e-006
21207 3.47619e-006
21208 3.31875e-006
21209 3.70523e-006
21210 3e-006
21211 3.31875e-006
21212 3e-006
21213 3e-006
21214 3.95625e-006
21215 3e-006
21216 3e-006
21217 3e-006
21218 3.31875e-006
21219 3e-006
21220 4.34273e-006
21221 3.31875e-006
21222 3.31875e-006
21223 3e-006
21224 3.95625e-006
21225 4.05785e-006
21226 3.35262e-006
21227 3e-006
21228 3e-006
21229 3.68216e-006
21230 3e-006
21231 4.275e-006
21232 3e-006
21233 3e-006
21234 3.6375e-006
21235 3.35262e-006
21236 4.275e-006
21237 3.6375e-006
21238 3.67137e-006
21239 4.30887e-006
21240 3.31875e-006
21241 3e-006
21242 3.67137e-006
21243 3e-006
21244 3.95625e-006
21245 3e-006
21246 3e-006
21247 3e-006
21248 3.35262e-006
21249 3e-006
21250 3e-006
21251 4.09172e-006
21252 3.31875e-006
21253 4.05785e-006
21254 3.35262e-006
21255 4.66508e-006
21256 3e-006
21257 3e-006
21258 3e-006
21259 3e-006
21260 3e-006
21261 3e-006
21262 3e-006
21263 3e-006
21264 3.38648e-006
21265 3e-006
21266 3.31875e-006
21267 3.38648e-006
21268 3.31875e-006
21269 3e-006
21270 3.70883e-006
21271 3e-006
21272 4.63481e-006
21273 3.31875e-006
21274 3e-006
21275 3.6375e-006
21276 3e-006
21277 3.6375e-006
21278 3e-006
21279 3.31875e-006
21280 3.31875e-006
21281 3e-006
21282 3.31875e-006
21283 3e-006
21284 3e-006
21285 3.31875e-006
21286 3e-006
21287 3e-006
21288 3e-006
21289 3.6375e-006
21290 3e-006
21291 3.99012e-006
21292 3.38648e-006
21293 3.31875e-006
21294 3.35262e-006
21295 3e-006
21296 3e-006
21297 3.31875e-006
21298 4.02758e-006
21299 3.31875e-006
21300 4.275e-006
21301 3e-006
21302 3e-006
21303 4.3802e-006
21304 3e-006
21305 3e-006
21306 3.6375e-006
21307 4.10611e-006
21308 3.67137e-006
21309 3e-006
21310 3.95625e-006
21311 3.99371e-006
21312 3e-006
21313 3e-006
21314 3e-006
21315 3.67137e-006
21316 3e-006
21317 4.275e-006
21318 3e-006
21319 3.6375e-006
21320 3.6375e-006
21321 3e-006
21322 3e-006
21323 4.9125e-006
21324 3.70883e-006
21325 3e-006
21326 3e-006
21327 3.31875e-006
21328 3.35621e-006
21329 3e-006
21330 3.31875e-006
21331 3.38648e-006
21332 3e-006
21333 3.35262e-006
21334 3e-006
21335 3.99012e-006
21336 3.31875e-006
21337 3.99012e-006
21338 3e-006
21339 3.31875e-006
21340 3.31875e-006
21341 3.6375e-006
21342 3.31875e-006
21343 3e-006
21344 3e-006
21345 3e-006
21346 3.70523e-006
21347 3.31875e-006
21348 3.31875e-006
21349 3.31875e-006
21350 3.67137e-006
21351 3.31875e-006
21352 3.35621e-006
21353 4.275e-006
21354 3.31875e-006
21355 3.31875e-006
21356 3e-006
21357 3.31875e-006
21358 3e-006
21359 3.6375e-006
21360 4.05785e-006
21361 3e-006
21362 3.95625e-006
21363 3e-006
21364 3.6375e-006
21365 3e-006
21366 3e-006
21367 3e-006
21368 4.38816e-006
21369 3.31875e-006
21370 3e-006
21371 3.35262e-006
21372 3e-006
21373 3.6375e-006
21374 3.31875e-006
21375 3.6375e-006
21376 3e-006
21377 3.95625e-006
21378 3e-006
21379 3.95625e-006
21380 3e-006
21381 3e-006
21382 4.72922e-006
21383 4.69895e-006
21384 3e-006
21385 3.35262e-006
21386 3.6375e-006
21387 4.98743e-006
21388 3e-006
21389 3.31875e-006
21390 3e-006
21391 3e-006
21392 3e-006
21393 3.42471e-006
21394 3.35262e-006
21395 3.6375e-006
21396 3e-006
21397 3.35262e-006
21398 3e-006
21399 3e-006
21400 4.30887e-006
21401 3e-006
21402 3.67137e-006
21403 3.31875e-006
21404 3.31875e-006
21405 3e-006
21406 3.35262e-006
21407 3.31875e-006
21408 3.35262e-006
21409 3e-006
21410 3e-006
21411 3.31875e-006
21412 3e-006
21413 4.30887e-006
21414 3.31875e-006
21415 3e-006
21416 3.35621e-006
21417 3.31875e-006
21418 3e-006
21419 3e-006
21420 3.6375e-006
21421 3.70883e-006
21422 3e-006
21423 3.31875e-006
21424 3e-006
21425 3.7391e-006
21426 3.6375e-006
21427 3.6375e-006
21428 3.38648e-006
21429 3.6375e-006
21430 3.99012e-006
21431 3.31875e-006
21432 3e-006
21433 3e-006
21434 3.38648e-006
21435 3.67137e-006
21436 3.35262e-006
21437 3e-006
21438 3.44232e-006
21439 3.99012e-006
21440 3e-006
21441 3e-006
21442 3.31875e-006
21443 3e-006
21444 3e-006
21445 3e-006
21446 3e-006
21447 3.35262e-006
21448 3e-006
21449 3.31875e-006
21450 3e-006
21451 3e-006
21452 5.0141e-006
21453 5.30258e-006
21454 3e-006
21455 3e-006
21456 3e-006
21457 3.31875e-006
21458 5.61773e-006
21459 3e-006
21460 3e-006
21461 3.95625e-006
21462 3.31875e-006
21463 3.31875e-006
21464 3.31875e-006
21465 3.31875e-006
21466 3e-006
21467 3.6375e-006
21468 3e-006
21469 3e-006
21470 3e-006
21471 3.6375e-006
21472 3e-006
21473 3e-006
21474 3e-006
21475 3e-006
21476 4.3766e-006
21477 3e-006
21478 3e-006
21479 4.3766e-006
21480 3.6375e-006
21481 3e-006
21482 3e-006
21483 3.67137e-006
21484 3.35262e-006
21485 3.31875e-006
21486 4.275e-006
21487 3e-006
21488 3.95625e-006
21489 3.95625e-006
21490 3.35262e-006
21491 3e-006
21492 3.31875e-006
21493 3e-006
21494 3e-006
21495 3e-006
21496 3e-006
21497 3.7427e-006
21498 3.95625e-006
21499 3.31875e-006
21500 4.41766e-006
21501 3.67137e-006
21502 4.62762e-006
21503 4.98023e-006
21504 3e-006
21505 3.31875e-006
21506 3.35262e-006
21507 3.31875e-006
21508 3.35262e-006
21509 3e-006
21510 3e-006
21511 5.33285e-006
21512 3e-006
21513 3e-006
21514 3.31875e-006
21515 3.31875e-006
21516 3e-006
21517 3e-006
21518 4.66148e-006
21519 3e-006
21520 3.6375e-006
21521 3.31875e-006
21522 3.31875e-006
21523 3.31875e-006
21524 3.31875e-006
21525 3.95625e-006
21526 3e-006
21527 3.95625e-006
21528 4.30887e-006
21529 3e-006
21530 3.35262e-006
21531 3e-006
21532 3.99808e-006
21533 3.67137e-006
21534 3.95625e-006
21535 3e-006
21536 3e-006
21537 3e-006
21538 3.71243e-006
21539 3e-006
21540 3e-006
21541 3.6375e-006
21542 3.7391e-006
21543 3e-006
21544 3.6375e-006
21545 3.31875e-006
21546 4.275e-006
21547 3.31875e-006
21548 3.31875e-006
21549 3.6375e-006
21550 3e-006
21551 3.31875e-006
21552 3e-006
21553 3.6375e-006
21554 3.31875e-006
21555 3.99012e-006
21556 3e-006
21557 3e-006
21558 3e-006
21559 3.82483e-006
21560 3.6375e-006
21561 3e-006
21562 3e-006
21563 3.31875e-006
21564 3.31875e-006
21565 3e-006
21566 3.31875e-006
21567 3e-006
21568 3e-006
21569 3e-006
21570 3e-006
21571 3.31875e-006
21572 3.6375e-006
21573 3.70523e-006
21574 3.31875e-006
21575 3.31875e-006
21576 3.6375e-006
21577 3e-006
21578 3.31875e-006
21579 3.31875e-006
21580 3.31875e-006
21581 3.6375e-006
21582 3e-006
21583 3e-006
21584 3e-006
21585 3e-006
21586 3.31875e-006
21587 4.30887e-006
21588 3.31875e-006
21589 3e-006
21590 3.95625e-006
21591 4.59375e-006
21592 5.97035e-006
21593 3e-006
21594 3e-006
21595 3e-006
21596 3.6375e-006
21597 3e-006
21598 3.31875e-006
21599 3e-006
21600 3.39008e-006
21601 3e-006
21602 3e-006
21603 3e-006
21604 3e-006
21605 3.6375e-006
21606 3e-006
21607 3e-006
21608 3.6375e-006
21609 4.44434e-006
21610 3e-006
21611 3.95625e-006
21612 3.6375e-006
21613 3.6375e-006
21614 3.31875e-006
21615 3.31875e-006
21616 3e-006
21617 4.73282e-006
21618 3e-006
21619 3.67137e-006
21620 3e-006
21621 3e-006
21622 3.6375e-006
21623 4.76309e-006
21624 3.31875e-006
21625 3.95625e-006
21626 3e-006
21627 3e-006
21628 3e-006
21629 3e-006
21630 3.39008e-006
21631 4.62762e-006
21632 3.95625e-006
21633 3e-006
21634 3e-006
21635 3e-006
21636 4.00129e-006
21637 3e-006
21638 3.70523e-006
21639 3.6375e-006
21640 3.7463e-006
21641 3e-006
21642 3.95625e-006
21643 3.31875e-006
21644 3e-006
21645 3e-006
21646 4.41805e-006
21647 3e-006
21648 3e-006
21649 3.42035e-006
21650 3e-006
21651 3e-006
21652 3.31875e-006
21653 4.59375e-006
21654 3.31875e-006
21655 3e-006
21656 3e-006
21657 3e-006
21658 3e-006
21659 3e-006
21660 3e-006
21661 3e-006
21662 3.95625e-006
21663 3e-006
21664 3e-006
21665 3e-006
21666 3e-006
21667 4.30887e-006
21668 3e-006
21669 3e-006
21670 3.99012e-006
21671 3.67137e-006
21672 3e-006
21673 3e-006
21674 3e-006
21675 3.6375e-006
21676 3e-006
21677 3e-006
21678 3e-006
21679 3.31875e-006
21680 3e-006
21681 3e-006
21682 3e-006
21683 3.95625e-006
21684 3e-006
21685 3e-006
21686 3.6375e-006
21687 3.31875e-006
21688 3e-006
21689 3.6375e-006
21690 3e-006
21691 3e-006
21692 3.35262e-006
21693 3e-006
21694 3.6375e-006
21695 3e-006
21696 3e-006
21697 4.35468e-006
21698 3e-006
21699 3.35621e-006
21700 3e-006
21701 3e-006
21702 5.62133e-006
21703 3e-006
21704 4.12559e-006
21705 3e-006
21706 3.38648e-006
21707 3.31875e-006
21708 3.95625e-006
21709 3.31875e-006
21710 3e-006
21711 3.42035e-006
21712 3e-006
21713 3e-006
21714 3e-006
21715 3e-006
21716 3e-006
21717 4.275e-006
21718 3.31875e-006
21719 5.50219e-006
21720 3e-006
21721 3.31875e-006
21722 3e-006
21723 3e-006
21724 3e-006
21725 3e-006
21726 3.31875e-006
21727 3.95625e-006
21728 3e-006
21729 3e-006
21730 3.31875e-006
21731 3.31875e-006
21732 3.35621e-006
21733 3e-006
21734 3.6375e-006
21735 4.275e-006
21736 3.6375e-006
21737 3.7391e-006
21738 3.31875e-006
21739 3.31875e-006
21740 3e-006
21741 3e-006
21742 3e-006
21743 3.31875e-006
21744 3e-006
21745 3e-006
21746 3e-006
21747 3.99012e-006
21748 4.62762e-006
21749 3e-006
21750 3e-006
21751 3e-006
21752 3e-006
21753 4.275e-006
21754 3e-006
21755 3.31875e-006
21756 3.31875e-006
21757 3.31875e-006
21758 4.98023e-006
21759 3e-006
21760 3e-006
21761 3e-006
21762 4.31246e-006
21763 3e-006
21764 4.69895e-006
21765 3.31875e-006
21766 4.62762e-006
21767 3e-006
21768 3e-006
21769 3e-006
21770 3e-006
21771 3.71603e-006
21772 3.99012e-006
21773 3.35262e-006
21774 3e-006
21775 3.6375e-006
21776 3e-006
21777 3.31875e-006
21778 3.95625e-006
21779 3.95625e-006
21780 3.67137e-006
21781 3.35262e-006
21782 3e-006
21783 3.31875e-006
21784 3e-006
21785 3e-006
21786 3.35262e-006
21787 4.41047e-006
21788 3e-006
21789 3.35262e-006
21790 3.35262e-006
21791 3.31875e-006
21792 3.31875e-006
21793 3e-006
21794 3.99371e-006
21795 3e-006
21796 3.6375e-006
21797 3.31875e-006
21798 5.6516e-006
21799 3.6375e-006
21800 3.95625e-006
21801 3e-006
21802 3.6375e-006
21803 3e-006
21804 3.31875e-006
21805 3.77657e-006
21806 3e-006
21807 3.6375e-006
21808 3.35262e-006
21809 3e-006
21810 3.31875e-006
21811 3.31875e-006
21812 3e-006
21813 3.95625e-006
21814 3e-006
21815 3e-006
21816 3e-006
21817 3e-006
21818 3e-006
21819 3e-006
21820 3.31875e-006
21821 3.31875e-006
21822 3e-006
21823 3.6375e-006
21824 3.31875e-006
21825 3e-006
21826 3.31875e-006
21827 3.31875e-006
21828 3.70523e-006
21829 3.31875e-006
21830 3.31875e-006
21831 4.02398e-006
21832 3e-006
21833 3e-006
21834 3e-006
21835 3e-006
21836 3e-006
21837 3.35262e-006
21838 3.6375e-006
21839 3e-006
21840 3.95625e-006
21841 3e-006
21842 3e-006
21843 3.6375e-006
21844 3.35262e-006
21845 3.35262e-006
21846 3.71679e-006
21847 3e-006
21848 3.6375e-006
21849 3.39368e-006
21850 3.6375e-006
21851 3e-006
21852 3e-006
21853 3e-006
21854 3.31875e-006
21855 3e-006
21856 3.99012e-006
21857 3.95625e-006
21858 3e-006
21859 3e-006
21860 4.34273e-006
21861 3e-006
21862 3.31875e-006
21863 3e-006
21864 3e-006
21865 3e-006
21866 3.31875e-006
21867 3e-006
21868 4.3802e-006
21869 3.31875e-006
21870 3.31875e-006
21871 3e-006
21872 3.31875e-006
21873 3e-006
21874 3e-006
21875 3e-006
21876 3.31875e-006
21877 3.31875e-006
21878 3e-006
21879 3.6375e-006
21880 3e-006
21881 3.31875e-006
21882 3e-006
21883 4.275e-006
21884 3.31875e-006
21885 3e-006
21886 3.35262e-006
21887 3e-006
21888 3.67137e-006
21889 3e-006
21890 3.31875e-006
21891 3.35262e-006
21892 3.6375e-006
21893 3.6375e-006
21894 3e-006
21895 3.95625e-006
21896 3.42035e-006
21897 3e-006
21898 3e-006
21899 3e-006
21900 3e-006
21901 5.23125e-006
21902 3e-006
21903 4.51965e-006
21904 3.99012e-006
21905 3e-006
21906 3e-006
21907 3e-006
21908 3.31875e-006
21909 3e-006
21910 3e-006
21911 4.05785e-006
21912 3e-006
21913 3.31875e-006
21914 3e-006
21915 3.35262e-006
21916 3e-006
21917 3e-006
21918 3e-006
21919 3.42395e-006
21920 3e-006
21921 3.31875e-006
21922 4.09172e-006
21923 3.70523e-006
21924 3e-006
21925 3e-006
21926 3.31875e-006
21927 3.70523e-006
21928 3e-006
21929 4.10251e-006
21930 3.31875e-006
21931 3.31875e-006
21932 3e-006
21933 3e-006
21934 3e-006
21935 3e-006
21936 3e-006
21937 3.31875e-006
21938 3e-006
21939 3e-006
21940 3e-006
21941 3.31875e-006
21942 3e-006
21943 3.6375e-006
21944 3e-006
21945 3.31875e-006
21946 3e-006
21947 3e-006
21948 3.31875e-006
21949 3e-006
21950 3.35262e-006
21951 3e-006
21952 3e-006
21953 3.31875e-006
21954 3e-006
21955 3.6375e-006
21956 4.06505e-006
21957 3e-006
21958 3e-006
21959 4.44832e-006
21960 3e-006
21961 3e-006
21962 3.67137e-006
21963 3e-006
21964 3.6375e-006
21965 3e-006
21966 3e-006
21967 3.31875e-006
21968 3.31875e-006
21969 3e-006
21970 3.35262e-006
21971 3e-006
21972 3.95625e-006
21973 3e-006
21974 3.6375e-006
21975 3.67137e-006
21976 3e-006
21977 3e-006
21978 3.6375e-006
21979 3e-006
21980 3e-006
21981 3.31875e-006
21982 3e-006
21983 3e-006
21984 3.31875e-006
21985 3e-006
21986 3.67137e-006
21987 3e-006
21988 4.02398e-006
21989 3.67137e-006
21990 3.6375e-006
21991 3e-006
21992 3.95625e-006
21993 3.31875e-006
21994 3e-006
21995 4.98383e-006
21996 3e-006
21997 3.31875e-006
21998 3e-006
21999 3.31875e-006
22000 3.67137e-006
22001 3.99371e-006
22002 3e-006
22003 3.31875e-006
22004 3.67137e-006
22005 3e-006
22006 3.31875e-006
22007 7.18121e-006
22008 3e-006
22009 3e-006
22010 3.6375e-006
22011 3e-006
22012 3e-006
22013 3.67137e-006
22014 5.58387e-006
22015 3e-006
22016 3.35621e-006
22017 3e-006
22018 3.39051e-006
22019 3.95625e-006
22020 3.31875e-006
22021 4.62762e-006
22022 3.35262e-006
22023 3.31875e-006
22024 3.6375e-006
22025 3.67137e-006
22026 3.70883e-006
22027 3.35262e-006
22028 3e-006
22029 3e-006
22030 3.31875e-006
22031 3.6375e-006
22032 3e-006
22033 3e-006
22034 3.31875e-006
22035 3e-006
22036 3.67137e-006
22037 3.31875e-006
22038 3e-006
22039 3e-006
22040 3.31875e-006
22041 3e-006
22042 3e-006
22043 3e-006
22044 3e-006
22045 3.67137e-006
22046 3e-006
22047 3.31875e-006
22048 3e-006
22049 3.31875e-006
22050 3e-006
22051 3.31875e-006
22052 3.35262e-006
22053 4.72922e-006
22054 3e-006
22055 3e-006
22056 3e-006
22057 3.6375e-006
22058 3.31875e-006
22059 3.6375e-006
22060 3e-006
22061 4.34993e-006
22062 3e-006
22063 3.31875e-006
22064 3.31875e-006
22065 3.31875e-006
22066 3e-006
22067 3.70523e-006
22068 3.42035e-006
22069 3e-006
22070 3.99012e-006
22071 3e-006
22072 3e-006
22073 3.31875e-006
22074 3.6375e-006
22075 3.31875e-006
22076 3e-006
22077 3.6375e-006
22078 3.31875e-006
22079 3e-006
22080 3e-006
22081 4.275e-006
22082 3e-006
22083 3.67137e-006
22084 3e-006
22085 6.60785e-006
22086 3e-006
22087 3.35621e-006
22088 3e-006
22089 3e-006
22090 3e-006
22091 5.26914e-006
22092 5.34005e-006
22093 3.67137e-006
22094 3.35621e-006
22095 3e-006
22096 5.0141e-006
22097 3e-006
22098 3e-006
22099 3e-006
22100 3e-006
22101 3.99371e-006
22102 3e-006
22103 3e-006
22104 4.61727e-006
22105 3e-006
22106 3e-006
22107 3.6375e-006
22108 3e-006
22109 3e-006
22110 3e-006
22111 3e-006
22112 3.6375e-006
22113 3e-006
22114 3e-006
22115 3e-006
22116 3e-006
22117 3e-006
22118 3e-006
22119 4.34273e-006
22120 4.72922e-006
22121 3.67137e-006
22122 3e-006
22123 3e-006
22124 3e-006
22125 3.31875e-006
22126 3.31875e-006
22127 3.6375e-006
22128 3e-006
22129 3.67137e-006
22130 3.6375e-006
22131 3.31875e-006
22132 3.35262e-006
22133 3e-006
22134 3.31875e-006
22135 3e-006
22136 4.09891e-006
22137 3.31875e-006
22138 3e-006
22139 3.6375e-006
22140 3.35262e-006
22141 3e-006
22142 3.35621e-006
22143 3.70523e-006
22144 3.31875e-006
22145 3e-006
22146 3.35262e-006
22147 3.77657e-006
22148 3e-006
22149 3e-006
22150 3e-006
22151 3.42433e-006
22152 3e-006
22153 3e-006
22154 3e-006
22155 3e-006
22156 3e-006
22157 3.35262e-006
22158 3e-006
22159 3.7391e-006
22160 3.31875e-006
22161 3.31875e-006
22162 3e-006
22163 3e-006
22164 3.35262e-006
22165 3.31875e-006
22166 3e-006
22167 3.42035e-006
22168 3e-006
22169 3.31875e-006
22170 3.6375e-006
22171 3.31875e-006
22172 3.31875e-006
22173 3e-006
22174 3e-006
22175 3.6375e-006
22176 3e-006
22177 3.35262e-006
22178 3e-006
22179 3.31875e-006
22180 3.31875e-006
22181 3e-006
22182 5.09623e-006
22183 3.31875e-006
22184 3e-006
22185 3.31875e-006
22186 3.6375e-006
22187 3.6375e-006
22188 3e-006
22189 4.02398e-006
22190 3e-006
22191 3e-006
22192 3e-006
22193 3.49528e-006
22194 3e-006
22195 3e-006
22196 3e-006
22197 3e-006
22198 3.42395e-006
22199 3e-006
22200 3e-006
22201 3.6375e-006
22202 3.99012e-006
22203 3.31875e-006
22204 3e-006
22205 3e-006
22206 3.39051e-006
22207 3.95625e-006
22208 3.38648e-006
22209 3.31875e-006
22210 3.6375e-006
22211 3e-006
22212 3e-006
22213 3.35262e-006
22214 3.31875e-006
22215 3e-006
22216 4.02398e-006
22217 3.7391e-006
22218 3e-006
22219 4.62762e-006
22220 3.35262e-006
22221 3.99012e-006
22222 3.31875e-006
22223 3e-006
22224 3e-006
22225 3e-006
22226 3.6375e-006
22227 3e-006
22228 4.3766e-006
22229 3e-006
22230 3.6375e-006
22231 3.67137e-006
22232 3.35262e-006
22233 4.30887e-006
22234 3.95625e-006
22235 3e-006
22236 3e-006
22237 3.67137e-006
22238 3e-006
22239 3.39368e-006
22240 3e-006
22241 3.31875e-006
22242 3e-006
22243 3e-006
22244 3.31875e-006
22245 3e-006
22246 3.95625e-006
22247 3.35621e-006
22248 3e-006
22249 3e-006
22250 3.31875e-006
22251 3.35621e-006
22252 3.31875e-006
22253 3.70883e-006
22254 3e-006
22255 3e-006
22256 3e-006
22257 4.30887e-006
22258 3.3566e-006
22259 3.67137e-006
22260 3e-006
22261 3e-006
22262 3e-006
22263 4.02398e-006
22264 4.62762e-006
22265 3.67137e-006
22266 3e-006
22267 3e-006
22268 3.31875e-006
22269 3.99012e-006
22270 4.31246e-006
22271 3e-006
22272 5.37032e-006
22273 3e-006
22274 3e-006
22275 3e-006
22276 3.31875e-006
22277 3.67137e-006
22278 4.02398e-006
22279 3.95625e-006
22280 4.63841e-006
22281 4.62762e-006
22282 3.6375e-006
22283 3.31875e-006
22284 3e-006
22285 3.31875e-006
22286 3e-006
22287 3.31875e-006
22288 3e-006
22289 3e-006
22290 4.05785e-006
22291 3.6375e-006
22292 3e-006
22293 3.6375e-006
22294 3.6375e-006
22295 3.31875e-006
22296 3.38648e-006
22297 3e-006
22298 3e-006
22299 3.70523e-006
22300 3e-006
22301 3e-006
22302 3e-006
22303 3e-006
22304 3.31875e-006
22305 3.8515e-006
22306 3.99371e-006
22307 3e-006
22308 3e-006
22309 3e-006
22310 3.31875e-006
22311 3e-006
22312 3e-006
22313 3e-006
22314 3e-006
22315 3e-006
22316 3.31875e-006
22317 3.31875e-006
22318 3e-006
22319 3.31875e-006
22320 3.39008e-006
22321 3e-006
22322 3.31875e-006
22323 3e-006
22324 3.31875e-006
22325 3e-006
22326 3.31875e-006
22327 4.02398e-006
22328 3.31875e-006
22329 3.6375e-006
22330 3e-006
22331 3e-006
22332 3e-006
22333 3.6375e-006
22334 3e-006
22335 3e-006
22336 3.70523e-006
22337 3e-006
22338 4.59375e-006
22339 3.67496e-006
22340 3.7427e-006
22341 3e-006
22342 3.7391e-006
22343 3e-006
22344 3.31875e-006
22345 4.02758e-006
22346 4.275e-006
22347 5.33285e-006
22348 3.31875e-006
22349 3e-006
22350 5.41138e-006
22351 3.67137e-006
22352 3e-006
22353 3e-006
22354 3e-006
22355 3e-006
22356 3.52555e-006
22357 3e-006
22358 3e-006
22359 3e-006
22360 3.31875e-006
22361 3.6375e-006
22362 3e-006
22363 3e-006
22364 3e-006
22365 3e-006
22366 3.31875e-006
22367 3.31875e-006
22368 3e-006
22369 3e-006
22370 3e-006
22371 3e-006
22372 3.31875e-006
22373 3e-006
22374 5.68907e-006
22375 3e-006
22376 3.67137e-006
22377 3e-006
22378 4.16343e-006
22379 3e-006
22380 3.6375e-006
22381 3.31875e-006
22382 3e-006
22383 3e-006
22384 3.43115e-006
22385 3e-006
22386 3e-006
22387 3e-006
22388 3e-006
22389 3.95625e-006
22390 3e-006
22391 3.67137e-006
22392 3.31875e-006
22393 3e-006
22394 3e-006
22395 4.30887e-006
22396 3e-006
22397 3e-006
22398 3e-006
22399 3e-006
22400 3e-006
22401 3e-006
22402 3.31875e-006
22403 4.98023e-006
22404 3e-006
22405 3.31875e-006
22406 3.35981e-006
22407 3e-006
22408 5.26512e-006
22409 3.70883e-006
22410 3e-006
22411 4.51567e-006
22412 3.31875e-006
22413 4.34273e-006
22414 3e-006
22415 4.94637e-006
22416 3.35262e-006
22417 4.31246e-006
22418 3e-006
22419 3.31875e-006
22420 3e-006
22421 3e-006
22422 3e-006
22423 3.35262e-006
22424 3e-006
22425 3e-006
22426 4.59375e-006
22427 3e-006
22428 3.31875e-006
22429 3.6375e-006
22430 3e-006
22431 4.09172e-006
22432 3.6375e-006
22433 3.31875e-006
22434 3.31875e-006
22435 3.95625e-006
22436 3e-006
22437 3e-006
22438 3e-006
22439 3e-006
22440 4.30887e-006
22441 3e-006
22442 3.31875e-006
22443 3.31875e-006
22444 3.31875e-006
22445 3.31875e-006
22446 3.31875e-006
22447 3.35262e-006
22448 3e-006
22449 3e-006
22450 3e-006
22451 3e-006
22452 3e-006
22453 3e-006
22454 3.31875e-006
22455 3e-006
22456 4.02398e-006
22457 3.6375e-006
22458 3e-006
22459 3.45422e-006
22460 3.70921e-006
22461 3e-006
22462 3e-006
22463 3e-006
22464 3e-006
22465 3e-006
22466 3.31875e-006
22467 3e-006
22468 3.31875e-006
22469 3.31875e-006
22470 3e-006
22471 3e-006
22472 3.31875e-006
22473 3.31875e-006
22474 3.31875e-006
22475 3.31875e-006
22476 3e-006
22477 3.31875e-006
22478 3e-006
22479 3e-006
22480 3e-006
22481 3.95625e-006
22482 3.70523e-006
22483 3.39406e-006
22484 4.30887e-006
22485 3.35262e-006
22486 3.95625e-006
22487 3e-006
22488 3e-006
22489 3.31875e-006
22490 3.6375e-006
22491 3.31875e-006
22492 3e-006
22493 3.6375e-006
22494 3e-006
22495 3e-006
22496 3e-006
22497 3.67137e-006
22498 3e-006
22499 3.31875e-006
22500 3.31875e-006
22501 3e-006
22502 3.70883e-006
22503 3e-006
22504 3e-006
22505 3.31875e-006
22506 3e-006
22507 3.35262e-006
22508 3.38648e-006
22509 3.31875e-006
22510 4.30887e-006
22511 3.35262e-006
22512 3.35262e-006
22513 3.35262e-006
22514 3e-006
22515 5.1914e-006
22516 3.95625e-006
22517 4.44434e-006
22518 3e-006
22519 3e-006
22520 3.31875e-006
22521 4.05785e-006
22522 3.31875e-006
22523 3.31875e-006
22524 3e-006
22525 4.74078e-006
22526 3e-006
22527 3.31875e-006
22528 3.6375e-006
22529 3e-006
22530 3.95625e-006
22531 4.9125e-006
22532 3e-006
22533 3.43153e-006
22534 3e-006
22535 3e-006
22536 3.31875e-006
22537 3e-006
22538 3.31875e-006
22539 3.31875e-006
22540 3e-006
22541 3.45782e-006
22542 3e-006
22543 3e-006
22544 3.31875e-006
22545 3.31875e-006
22546 3.6375e-006
22547 3.31875e-006
22548 3.31875e-006
22549 3.35262e-006
22550 3e-006
22551 3.31875e-006
22552 3.70523e-006
22553 3e-006
22554 3.35262e-006
22555 4.02398e-006
22556 3.6375e-006
22557 3.31875e-006
22558 3.31875e-006
22559 3e-006
22560 3.99012e-006
22561 3e-006
22562 3.31875e-006
22563 3.6375e-006
22564 3e-006
22565 4.34273e-006
22566 3e-006
22567 3e-006
22568 4.3802e-006
22569 3.31875e-006
22570 3.95625e-006
22571 3.31875e-006
22572 3e-006
22573 3.6375e-006
22574 3e-006
22575 3e-006
22576 3.31875e-006
22577 3.31875e-006
22578 3.99012e-006
22579 3e-006
22580 3e-006
22581 3e-006
22582 3e-006
22583 3e-006
22584 3e-006
22585 3e-006
22586 3.31875e-006
22587 3.35262e-006
22588 3.99012e-006
22589 3e-006
22590 4.05785e-006
22591 3e-006
22592 3.31875e-006
22593 3.31875e-006
22594 4.62762e-006
22595 4.98023e-006
22596 3.6375e-006
22597 3.31875e-006
22598 3.95625e-006
22599 3e-006
22600 3e-006
22601 3e-006
22602 3e-006
22603 3e-006
22604 4.09172e-006
22605 3e-006
22606 3e-006
22607 3e-006
22608 3.42035e-006
22609 3.31875e-006
22610 3.67137e-006
22611 3.6375e-006
22612 3.31875e-006
22613 3.31875e-006
22614 3.67137e-006
22615 3e-006
22616 3.46141e-006
22617 3.31875e-006
22618 3.31875e-006
22619 3e-006
22620 3e-006
22621 3e-006
22622 3.35262e-006
22623 3e-006
22624 3e-006
22625 3.38648e-006
22626 3e-006
22627 4.02758e-006
22628 3.35262e-006
22629 3e-006
22630 3e-006
22631 3e-006
22632 4.02398e-006
22633 3e-006
22634 3.31875e-006
22635 3e-006
22636 3e-006
22637 5.04797e-006
22638 3.99012e-006
22639 3e-006
22640 3.31875e-006
22641 3e-006
22642 3.99012e-006
22643 3.6375e-006
22644 3.31875e-006
22645 3.31875e-006
22646 3e-006
22647 3.31875e-006
22648 3.67895e-006
22649 3e-006
22650 3e-006
22651 3e-006
22652 3e-006
22653 3.6375e-006
22654 3e-006
22655 3.6375e-006
22656 3e-006
22657 3e-006
22658 3e-006
22659 3.31875e-006
22660 3e-006
22661 3e-006
22662 3e-006
22663 4.02398e-006
22664 3.31875e-006
22665 3e-006
22666 3e-006
22667 3e-006
22668 3.31875e-006
22669 3e-006
22670 3e-006
22671 3.31875e-006
22672 3.31875e-006
22673 3.39008e-006
22674 3.35981e-006
22675 4.10251e-006
22676 3.31875e-006
22677 3.35262e-006
22678 3.31875e-006
22679 3e-006
22680 3e-006
22681 3e-006
22682 3e-006
22683 3e-006
22684 3.31875e-006
22685 3.31875e-006
22686 3.43115e-006
22687 3.35262e-006
22688 3.67137e-006
22689 3.6375e-006
22690 3.80684e-006
22691 3e-006
22692 3.31875e-006
22693 3e-006
22694 3.67137e-006
22695 3e-006
22696 3.31875e-006
22697 3.31875e-006
22698 3e-006
22699 3.35262e-006
22700 3e-006
22701 3e-006
22702 3.31875e-006
22703 3e-006
22704 3.31875e-006
22705 3.6375e-006
22706 3.31875e-006
22707 3.67856e-006
22708 3e-006
22709 3e-006
22710 3e-006
22711 3e-006
22712 3e-006
22713 3e-006
22714 3.6375e-006
22715 3e-006
22716 3e-006
22717 3.67137e-006
22718 3.99012e-006
22719 3e-006
22720 4.31246e-006
22721 3e-006
22722 3.31875e-006
22723 3e-006
22724 3.31875e-006
22725 3e-006
22726 3.31875e-006
22727 4.03478e-006
22728 3.67137e-006
22729 3.31875e-006
22730 3.6375e-006
22731 3e-006
22732 3e-006
22733 3e-006
22734 3.31875e-006
22735 3e-006
22736 3e-006
22737 4.02398e-006
22738 3e-006
22739 3e-006
22740 3.67137e-006
22741 3e-006
22742 3e-006
22743 3e-006
22744 3e-006
22745 3.31875e-006
22746 3e-006
22747 3e-006
22748 4.9125e-006
22749 3e-006
22750 3e-006
22751 3e-006
22752 3.6375e-006
22753 3.45422e-006
22754 3.31875e-006
22755 3.31875e-006
22756 3e-006
22757 3e-006
22758 3e-006
22759 3e-006
22760 3e-006
22761 3e-006
22762 3.35262e-006
22763 3e-006
22764 3e-006
22765 4.31246e-006
22766 3.6375e-006
22767 3.31875e-006
22768 3.31875e-006
22769 4.275e-006
22770 3.31875e-006
22771 3e-006
22772 3e-006
22773 3e-006
22774 3.35262e-006
22775 3.31875e-006
22776 3.31875e-006
22777 3e-006
22778 3.31875e-006
22779 3e-006
22780 3e-006
22781 3e-006
22782 3.95625e-006
22783 3.95625e-006
22784 5.33285e-006
22785 3.31875e-006
22786 3e-006
22787 3e-006
22788 3e-006
22789 3e-006
22790 3.31875e-006
22791 3.31875e-006
22792 4.3766e-006
22793 3.31875e-006
22794 3.6375e-006
22795 3e-006
22796 3e-006
22797 3.67137e-006
22798 4.59375e-006
22799 3e-006
22800 3.31875e-006
22801 3.35262e-006
22802 4.275e-006
22803 3.6375e-006
22804 3.31875e-006
22805 3e-006
22806 3.35262e-006
22807 3e-006
22808 3e-006
22809 3e-006
22810 3.35262e-006
22811 3e-006
22812 4.06145e-006
22813 3e-006
22814 3.31875e-006
22815 3.99012e-006
22816 3e-006
22817 3.31875e-006
22818 3e-006
22819 3e-006
22820 3.35262e-006
22821 3e-006
22822 3.6375e-006
22823 3.95625e-006
22824 3e-006
22825 3e-006
22826 3e-006
22827 3e-006
22828 3e-006
22829 3.6375e-006
22830 3e-006
22831 3e-006
22832 3.31875e-006
22833 3e-006
22834 3e-006
22835 3.31875e-006
22836 3.31875e-006
22837 3e-006
22838 3e-006
22839 3e-006
22840 4.1029e-006
22841 3.67137e-006
22842 3e-006
22843 3e-006
22844 3.95625e-006
22845 3e-006
22846 3e-006
22847 3e-006
22848 3.6375e-006
22849 3e-006
22850 3.95625e-006
22851 4.275e-006
22852 3e-006
22853 3e-006
22854 3.31875e-006
22855 3e-006
22856 4.23477e-006
22857 3.95625e-006
22858 3e-006
22859 3.95625e-006
22860 3e-006
22861 3e-006
22862 3.35621e-006
22863 3e-006
22864 3e-006
22865 3e-006
22866 3.99012e-006
22867 3.31875e-006
22868 3.31875e-006
22869 3e-006
22870 3e-006
22871 3.31875e-006
22872 3e-006
22873 3e-006
22874 3.31875e-006
22875 3.38648e-006
22876 3.31875e-006
22877 3e-006
22878 4.09532e-006
22879 3.6375e-006
22880 3.95625e-006
22881 3.6375e-006
22882 3.31875e-006
22883 3e-006
22884 4.05785e-006
22885 3e-006
22886 3e-006
22887 3.99371e-006
22888 3.6375e-006
22889 3e-006
22890 3e-006
22891 3e-006
22892 3e-006
22893 3.6375e-006
22894 3e-006
22895 3e-006
22896 4.05785e-006
22897 3e-006
22898 3e-006
22899 3e-006
22900 3e-006
22901 3e-006
22902 3e-006
22903 3e-006
22904 3e-006
22905 3e-006
22906 3.95625e-006
22907 3.31875e-006
22908 3.6375e-006
22909 3.6375e-006
22910 3.31875e-006
22911 3.31875e-006
22912 3e-006
22913 3e-006
22914 3e-006
22915 3e-006
22916 3.31875e-006
22917 3.31875e-006
22918 3e-006
22919 3.6375e-006
22920 3e-006
22921 3.6375e-006
22922 3.31875e-006
22923 3e-006
22924 3.31875e-006
22925 3e-006
22926 3e-006
22927 3.6375e-006
22928 3.31875e-006
22929 3.99012e-006
22930 3.31875e-006
22931 3e-006
22932 3.67137e-006
22933 3e-006
22934 3e-006
22935 4.94637e-006
22936 4.59375e-006
22937 5.62133e-006
22938 3.35262e-006
22939 3e-006
22940 3e-006
22941 3e-006
22942 3e-006
22943 3e-006
22944 5.36672e-006
22945 3e-006
22946 3.31875e-006
22947 3.31875e-006
22948 3e-006
22949 3.99012e-006
22950 3e-006
22951 3.38648e-006
22952 4.34633e-006
22953 3e-006
22954 3.31875e-006
22955 3.77657e-006
22956 3e-006
22957 3e-006
22958 3e-006
22959 5.0213e-006
22960 3e-006
22961 3.31875e-006
22962 4.30887e-006
22963 3.77297e-006
22964 3.99012e-006
22965 3e-006
22966 3.31875e-006
22967 3e-006
22968 3e-006
22969 3e-006
22970 3.42035e-006
22971 3.31875e-006
22972 3e-006
22973 3e-006
22974 3.70523e-006
22975 3e-006
22976 3.31875e-006
22977 5.26512e-006
22978 3.31875e-006
22979 3e-006
22980 3e-006
22981 5.04797e-006
22982 3.67137e-006
22983 3e-006
22984 3e-006
22985 3e-006
22986 3.6375e-006
22987 3.31875e-006
22988 3.67137e-006
22989 3e-006
22990 3e-006
22991 3.45422e-006
22992 3e-006
22993 3.31875e-006
22994 3.6375e-006
22995 4.62762e-006
22996 3e-006
22997 3e-006
22998 4.31246e-006
22999 3e-006
23000 3e-006
23001 3.31875e-006
23002 3.35621e-006
23003 3.6375e-006
23004 3.31875e-006
23005 3e-006
23006 3.31875e-006
23007 3.6375e-006
23008 3.6375e-006
23009 4.30887e-006
23010 3.31875e-006
23011 3.31875e-006
23012 3.31875e-006
23013 3.67137e-006
23014 3.31875e-006
23015 3.31875e-006
23016 3.35262e-006
23017 3.95625e-006
23018 3.31875e-006
23019 3e-006
23020 3e-006
23021 3e-006
23022 3.6375e-006
23023 3e-006
23024 3e-006
23025 3.31875e-006
23026 3.31875e-006
23027 3e-006
23028 3.31875e-006
23029 3e-006
23030 3.31875e-006
23031 3e-006
23032 3.31875e-006
23033 3.31875e-006
23034 3e-006
23035 5.58387e-006
23036 3.31875e-006
23037 3.67856e-006
23038 3e-006
23039 3e-006
23040 3e-006
23041 3e-006
23042 3.77297e-006
23043 3e-006
23044 3.31875e-006
23045 3.67137e-006
23046 3e-006
23047 3.31875e-006
23048 3e-006
23049 3e-006
23050 3e-006
23051 3.31875e-006
23052 3.31875e-006
23053 3e-006
23054 3e-006
23055 3e-006
23056 3.31875e-006
23057 3e-006
23058 3.31875e-006
23059 3e-006
23060 3e-006
23061 3e-006
23062 3.31875e-006
23063 3e-006
23064 3.6375e-006
23065 3e-006
23066 3e-006
23067 3e-006
23068 3e-006
23069 3e-006
23070 3.31875e-006
23071 3e-006
23072 3.31875e-006
23073 3e-006
23074 3e-006
23075 3e-006
23076 3e-006
23077 4.34273e-006
23078 3e-006
23079 3.31875e-006
23080 3e-006
23081 3.31875e-006
23082 3e-006
23083 3e-006
23084 3.31875e-006
23085 3.67137e-006
23086 3.31875e-006
23087 3e-006
23088 3e-006
23089 4.62762e-006
23090 5.26512e-006
23091 4.30887e-006
23092 3e-006
23093 3e-006
23094 3.31875e-006
23095 3e-006
23096 4.34633e-006
23097 3e-006
23098 3e-006
23099 3.35262e-006
23100 4.3802e-006
23101 3.31875e-006
23102 3.4654e-006
23103 3.6375e-006
23104 3e-006
23105 3.31875e-006
23106 3e-006
23107 3.77297e-006
23108 3e-006
23109 3.31875e-006
23110 3e-006
23111 3e-006
23112 3e-006
23113 3e-006
23114 3.31875e-006
23115 3.31875e-006
23116 3e-006
23117 3e-006
23118 3.67137e-006
23119 3.6375e-006
23120 3.31875e-006
23121 3.35262e-006
23122 3.31875e-006
23123 3e-006
23124 3e-006
23125 3e-006
23126 3.6375e-006
23127 3e-006
23128 3e-006
23129 3.67137e-006
23130 3e-006
23131 3.6375e-006
23132 3e-006
23133 4.59375e-006
23134 3.6375e-006
23135 3e-006
23136 3e-006
23137 6.22137e-006
23138 3e-006
23139 3e-006
23140 3e-006
23141 3.38648e-006
23142 3.31875e-006
23143 3e-006
23144 3.31875e-006
23145 3.6375e-006
23146 4.3766e-006
23147 3e-006
23148 3.31875e-006
23149 3e-006
23150 3e-006
23151 3e-006
23152 3e-006
23153 4.02398e-006
23154 3e-006
23155 3.31875e-006
23156 3e-006
23157 3e-006
23158 3e-006
23159 3e-006
23160 3.35262e-006
23161 3e-006
23162 3e-006
23163 3e-006
23164 3e-006
23165 3e-006
23166 3e-006
23167 3.67137e-006
23168 4.3838e-006
23169 3e-006
23170 3.6375e-006
23171 3e-006
23172 3e-006
23173 3.95625e-006
23174 4.4782e-006
23175 3.31875e-006
23176 3.95625e-006
23177 3e-006
23178 5.0141e-006
23179 3.6375e-006
23180 4.275e-006
23181 3.6375e-006
23182 4.30887e-006
23183 3e-006
23184 3e-006
23185 3e-006
23186 3.6375e-006
23187 3e-006
23188 3.52915e-006
23189 3e-006
23190 3.35262e-006
23191 3e-006
23192 4.02398e-006
23193 4.275e-006
23194 3.35621e-006
23195 3.31875e-006
23196 3e-006
23197 3.95625e-006
23198 3.31875e-006
23199 3.35262e-006
23200 3.31875e-006
23201 3e-006
23202 3.35262e-006
23203 3e-006
23204 3e-006
23205 3.31875e-006
23206 3.67137e-006
23207 3.38648e-006
23208 3e-006
23209 3e-006
23210 3.31875e-006
23211 3e-006
23212 3.99012e-006
23213 3e-006
23214 3.31875e-006
23215 4.02398e-006
23216 4.09532e-006
23217 3e-006
23218 3e-006
23219 4.275e-006
23220 3.71281e-006
23221 3.99012e-006
23222 3e-006
23223 3e-006
23224 3e-006
23225 3e-006
23226 3e-006
23227 5.29898e-006
23228 4.10251e-006
23229 3e-006
23230 3e-006
23231 3e-006
23232 3.31875e-006
23233 3.31875e-006
23234 3e-006
23235 3.35262e-006
23236 3e-006
23237 3e-006
23238 3.35262e-006
23239 3e-006
23240 3e-006
23241 4.275e-006
23242 3e-006
23243 3.67137e-006
23244 3.48809e-006
23245 4.3802e-006
23246 3.6375e-006
23247 4.94637e-006
23248 3.31875e-006
23249 3.31875e-006
23250 3e-006
23251 3.35621e-006
23252 3.31875e-006
23253 3e-006
23254 3.35262e-006
23255 4.34671e-006
23256 3e-006
23257 3e-006
23258 4.34273e-006
23259 3e-006
23260 3e-006
23261 3.6375e-006
23262 3e-006
23263 3.31875e-006
23264 3.35262e-006
23265 3.31875e-006
23266 3.35262e-006
23267 3.31875e-006
23268 3.99012e-006
23269 3.31875e-006
23270 3e-006
23271 3.31875e-006
23272 3e-006
23273 3.6375e-006
23274 3e-006
23275 3.70523e-006
23276 4.02398e-006
23277 3e-006
23278 3.31875e-006
23279 3.35262e-006
23280 3e-006
23281 3e-006
23282 3.67496e-006
23283 3.31875e-006
23284 3.95625e-006
23285 3e-006
23286 3.31875e-006
23287 3.67137e-006
23288 3e-006
23289 3.6375e-006
23290 3.7391e-006
23291 3e-006
23292 3.95625e-006
23293 3e-006
23294 3e-006
23295 3.39008e-006
23296 3.95625e-006
23297 3.6375e-006
23298 3e-006
23299 3.31875e-006
23300 3.6375e-006
23301 4.80415e-006
23302 3e-006
23303 3e-006
23304 3.42395e-006
23305 3e-006
23306 3e-006
23307 3e-006
23308 3e-006
23309 3.31875e-006
23310 3e-006
23311 3.77657e-006
23312 3e-006
23313 3e-006
23314 3e-006
23315 4.98023e-006
23316 3.31875e-006
23317 3.31875e-006
23318 4.69535e-006
23319 3.95625e-006
23320 3e-006
23321 3e-006
23322 3.95625e-006
23323 3.31875e-006
23324 3e-006
23325 3e-006
23326 3.67496e-006
23327 3.31875e-006
23328 3e-006
23329 3e-006
23330 3e-006
23331 3.35262e-006
23332 3e-006
23333 3e-006
23334 3e-006
23335 3.67137e-006
23336 3e-006
23337 3e-006
23338 3e-006
23339 3e-006
23340 3.7391e-006
23341 3.31875e-006
23342 3.67137e-006
23343 3e-006
23344 3e-006
23345 3.6375e-006
23346 3e-006
23347 3e-006
23348 3.31875e-006
23349 3e-006
23350 3e-006
23351 3e-006
23352 3.31875e-006
23353 3e-006
23354 3.35262e-006
23355 3.31875e-006
23356 3.31875e-006
23357 3.35262e-006
23358 3.31875e-006
23359 3e-006
23360 3e-006
23361 3e-006
23362 3e-006
23363 3.31875e-006
23364 3.35698e-006
23365 3.67137e-006
23366 3.6375e-006
23367 3.6375e-006
23368 3.35262e-006
23369 3.6375e-006
23370 3e-006
23371 3e-006
23372 3e-006
23373 3.31875e-006
23374 3e-006
23375 3e-006
23376 3.31875e-006
23377 3.38648e-006
23378 4.62762e-006
23379 4.38778e-006
23380 3e-006
23381 3e-006
23382 3.6375e-006
23383 3.67137e-006
23384 3.6375e-006
23385 3e-006
23386 3.6375e-006
23387 3.70883e-006
23388 3.99012e-006
23389 3.35981e-006
23390 3e-006
23391 3.67137e-006
23392 3e-006
23393 3.31875e-006
23394 3.38648e-006
23395 3e-006
23396 3e-006
23397 4.02758e-006
23398 3e-006
23399 3e-006
23400 3.31875e-006
23401 3e-006
23402 3e-006
23403 3.31875e-006
23404 3.35262e-006
23405 3.31875e-006
23406 3.35262e-006
23407 3e-006
23408 3.35262e-006
23409 3.47259e-006
23410 3.35262e-006
23411 3.31875e-006
23412 3e-006
23413 3.31875e-006
23414 3e-006
23415 3.31875e-006
23416 3.31875e-006
23417 3.35262e-006
23418 3.6375e-006
23419 3.6375e-006
23420 3e-006
23421 3.31875e-006
23422 3e-006
23423 3e-006
23424 3e-006
23425 3e-006
23426 3e-006
23427 3.6375e-006
23428 3e-006
23429 3.95625e-006
23430 3e-006
23431 3e-006
23432 3.42035e-006
23433 3e-006
23434 3.31875e-006
23435 3e-006
23436 3e-006
23437 3e-006
23438 5.29898e-006
23439 3.67535e-006
23440 3e-006
23441 3e-006
23442 3e-006
23443 3.35262e-006
23444 3e-006
23445 3e-006
23446 3e-006
23447 3e-006
23448 3.31875e-006
23449 3.39368e-006
23450 3e-006
23451 3.6375e-006
23452 3e-006
23453 3.6375e-006
23454 3.31875e-006
23455 3.31875e-006
23456 3e-006
23457 3e-006
23458 3.31875e-006
23459 4.02398e-006
23460 3.31875e-006
23461 3.31875e-006
23462 3e-006
23463 3.31875e-006
23464 3e-006
23465 3.31875e-006
23466 3e-006
23467 3.31875e-006
23468 3.31875e-006
23469 3.68216e-006
23470 3.31875e-006
23471 3.31875e-006
23472 3e-006
23473 3.6375e-006
23474 4.275e-006
23475 3e-006
23476 5.6552e-006
23477 3.31875e-006
23478 3e-006
23479 3.31875e-006
23480 3e-006
23481 3.31875e-006
23482 3e-006
23483 3e-006
23484 3e-006
23485 3.6375e-006
23486 5.29898e-006
23487 3.31875e-006
23488 3.99012e-006
23489 3e-006
23490 3.6375e-006
23491 3e-006
23492 3e-006
23493 3e-006
23494 3e-006
23495 3.31875e-006
23496 3e-006
23497 3.70523e-006
23498 3e-006
23499 3e-006
23500 3e-006
23501 3e-006
23502 3e-006
23503 3e-006
23504 3.31875e-006
23505 3e-006
23506 3.31875e-006
23507 3.31875e-006
23508 3.31875e-006
23509 3e-006
23510 3.95625e-006
23511 3.67535e-006
23512 3e-006
23513 3e-006
23514 4.34633e-006
23515 3.31875e-006
23516 3e-006
23517 3.95625e-006
23518 3e-006
23519 4.275e-006
23520 3.35981e-006
23521 3e-006
23522 4.3802e-006
23523 3.31875e-006
23524 3e-006
23525 3e-006
23526 3e-006
23527 3.67137e-006
23528 3.6375e-006
23529 3e-006
23530 3e-006
23531 3.6375e-006
23532 3e-006
23533 3e-006
23534 3e-006
23535 3e-006
23536 3.31875e-006
23537 3e-006
23538 3.31875e-006
23539 3.67137e-006
23540 3.39008e-006
23541 3.6375e-006
23542 3.6375e-006
23543 3.31875e-006
23544 3.31875e-006
23545 3e-006
23546 3e-006
23547 3e-006
23548 3e-006
23549 3e-006
23550 3e-006
23551 4.12918e-006
23552 3e-006
23553 3.35262e-006
23554 3e-006
23555 3.31875e-006
23556 3e-006
23557 3.31875e-006
23558 4.275e-006
23559 3.67137e-006
23560 3e-006
23561 3e-006
23562 3e-006
23563 3.31875e-006
23564 3.7427e-006
23565 3e-006
23566 3.31875e-006
23567 3.31875e-006
23568 3e-006
23569 4.275e-006
23570 3.31875e-006
23571 3e-006
23572 3e-006
23573 4.38782e-006
23574 3e-006
23575 3.95625e-006
23576 3e-006
23577 3.31875e-006
23578 3e-006
23579 4.04917e-006
23580 3e-006
23581 3.31875e-006
23582 3.6375e-006
23583 3e-006
23584 3.35262e-006
23585 3.99012e-006
23586 3e-006
23587 3.35262e-006
23588 3.31875e-006
23589 3e-006
23590 3e-006
23591 3.67137e-006
23592 3e-006
23593 3.6375e-006
23594 3e-006
23595 3e-006
23596 3e-006
23597 3.6375e-006
23598 3.6375e-006
23599 3.38648e-006
23600 3.70968e-006
23601 4.02758e-006
23602 3e-006
23603 3e-006
23604 3.38648e-006
23605 3.31875e-006
23606 3.99012e-006
23607 3e-006
23608 3.31875e-006
23609 3e-006
23610 3e-006
23611 3.31875e-006
23612 3.6375e-006
23613 3e-006
23614 3.31875e-006
23615 3e-006
23616 3e-006
23617 4.275e-006
23618 3.42035e-006
23619 3e-006
23620 3e-006
23621 3e-006
23622 3e-006
23623 3.35262e-006
23624 3e-006
23625 3.99012e-006
23626 3e-006
23627 3.95625e-006
23628 3e-006
23629 3e-006
23630 3.6375e-006
23631 3e-006
23632 3e-006
23633 3.31875e-006
23634 3e-006
23635 3e-006
23636 3e-006
23637 3.95625e-006
23638 3e-006
23639 4.76309e-006
23640 3e-006
23641 4.41805e-006
23642 3.31875e-006
23643 3e-006
23644 3e-006
23645 3.6375e-006
23646 3.6375e-006
23647 3.6375e-006
23648 4.98023e-006
23649 3e-006
23650 3e-006
23651 3.35262e-006
23652 3.95625e-006
23653 3e-006
23654 3e-006
23655 3.35262e-006
23656 3.31875e-006
23657 3e-006
23658 3e-006
23659 3e-006
23660 3e-006
23661 3e-006
23662 3e-006
23663 3.6375e-006
23664 3.7427e-006
23665 3.99012e-006
23666 3e-006
23667 3.31875e-006
23668 3e-006
23669 3e-006
23670 3e-006
23671 3e-006
23672 3.31875e-006
23673 3e-006
23674 3.6375e-006
23675 3e-006
23676 3.95625e-006
23677 3e-006
23678 3e-006
23679 3.6375e-006
23680 3e-006
23681 3e-006
23682 3e-006
23683 3e-006
23684 3.6375e-006
23685 3.31875e-006
23686 4.0957e-006
23687 4.94637e-006
23688 3e-006
23689 3e-006
23690 3e-006
23691 3e-006
23692 3e-006
23693 3e-006
23694 3.31875e-006
23695 3.31875e-006
23696 3e-006
23697 3.31875e-006
23698 3.6375e-006
23699 3.35262e-006
23700 3e-006
23701 3.67496e-006
23702 3e-006
23703 3e-006
23704 3.6375e-006
23705 3.31875e-006
23706 3e-006
23707 3e-006
23708 5.0141e-006
23709 3e-006
23710 3e-006
23711 3.38648e-006
23712 3e-006
23713 3e-006
23714 3e-006
23715 3.99012e-006
23716 3e-006
23717 3e-006
23718 3.67137e-006
23719 3.31875e-006
23720 3e-006
23721 3e-006
23722 4.09608e-006
23723 3e-006
23724 3.31875e-006
23725 4.275e-006
23726 3e-006
23727 3e-006
23728 3.31875e-006
23729 3e-006
23730 3.31875e-006
23731 3e-006
23732 3.95625e-006
23733 3.31875e-006
23734 3.6375e-006
23735 4.80415e-006
23736 3.35262e-006
23737 3e-006
23738 3e-006
23739 3.6375e-006
23740 3e-006
23741 3.7391e-006
23742 3e-006
23743 3e-006
23744 3.67137e-006
23745 3.31875e-006
23746 3e-006
23747 3e-006
23748 3e-006
23749 3e-006
23750 3e-006
23751 3e-006
23752 3e-006
23753 3.31875e-006
23754 3e-006
23755 3.3602e-006
23756 3.31875e-006
23757 3e-006
23758 3.31875e-006
23759 3.31875e-006
23760 3e-006
23761 3e-006
23762 3.31875e-006
23763 3.31875e-006
23764 3e-006
23765 3.31875e-006
23766 3e-006
23767 3e-006
23768 3.31875e-006
23769 3.31875e-006
23770 3e-006
23771 3e-006
23772 3.67979e-006
23773 3.6375e-006
23774 3e-006
23775 3.95625e-006
23776 3e-006
23777 3.31875e-006
23778 3e-006
23779 3e-006
23780 3.95625e-006
23781 3.99012e-006
23782 3e-006
23783 3e-006
23784 3e-006
23785 3.38648e-006
23786 3e-006
23787 3.31875e-006
23788 3.31875e-006
23789 3.95625e-006
23790 3e-006
23791 3e-006
23792 3.31875e-006
23793 3e-006
23794 3.45422e-006
23795 3.95625e-006
23796 3.99012e-006
23797 3.35262e-006
23798 3e-006
23799 4.30887e-006
23800 3.31875e-006
23801 3.95625e-006
23802 3e-006
23803 3e-006
23804 3.70523e-006
23805 3.67137e-006
23806 3e-006
23807 3.95625e-006
23808 3.31875e-006
23809 3e-006
23810 3e-006
23811 3e-006
23812 3e-006
23813 3e-006
23814 3e-006
23815 3.6375e-006
23816 3.6375e-006
23817 3e-006
23818 3e-006
23819 3.67496e-006
23820 3.35621e-006
23821 3.35262e-006
23822 3e-006
23823 3.31875e-006
23824 3e-006
23825 3e-006
23826 3.31875e-006
23827 3e-006
23828 3.95625e-006
23829 3.31875e-006
23830 3e-006
23831 3e-006
23832 3.45782e-006
23833 3.95625e-006
23834 3.95625e-006
23835 3.70523e-006
23836 3.39008e-006
23837 3.31875e-006
23838 3e-006
23839 3.31875e-006
23840 3.31875e-006
23841 3e-006
23842 3.31875e-006
23843 3e-006
23844 3.31875e-006
23845 3e-006
23846 3.31875e-006
23847 3e-006
23848 4.14113e-006
23849 3e-006
23850 3e-006
23851 3.31875e-006
23852 3.67137e-006
23853 3e-006
23854 3.31875e-006
23855 3.95625e-006
23856 3e-006
23857 3.31875e-006
23858 3.31875e-006
23859 3e-006
23860 3.6375e-006
23861 3e-006
23862 3.35262e-006
23863 3.31875e-006
23864 3.35621e-006
23865 3e-006
23866 3.95625e-006
23867 3.31875e-006
23868 3e-006
23869 3e-006
23870 3.6375e-006
23871 3e-006
23872 3e-006
23873 3e-006
23874 3e-006
23875 3.42395e-006
23876 3e-006
23877 3e-006
23878 3.31875e-006
23879 3e-006
23880 3e-006
23881 3e-006
23882 3.31875e-006
23883 3e-006
23884 3e-006
23885 3e-006
23886 3e-006
23887 3e-006
23888 3.31875e-006
23889 3e-006
23890 3.39008e-006
23891 3.6375e-006
23892 3.31875e-006
23893 3.70883e-006
23894 3.6375e-006
23895 3.31875e-006
23896 3.31875e-006
23897 3e-006
23898 3.6375e-006
23899 3e-006
23900 5.62171e-006
23901 3e-006
23902 3.31875e-006
23903 3e-006
23904 3e-006
23905 3.70523e-006
23906 4.34273e-006
23907 3e-006
23908 3e-006
23909 3.35262e-006
23910 3.39008e-006
23911 3e-006
23912 3e-006
23913 3e-006
23914 3.31875e-006
23915 3.95625e-006
23916 3e-006
23917 3.31875e-006
23918 3e-006
23919 4.3802e-006
23920 3.31875e-006
23921 3.31875e-006
23922 3.99012e-006
23923 3e-006
23924 3.31875e-006
23925 3e-006
23926 3e-006
23927 3e-006
23928 3.6375e-006
23929 3e-006
23930 3.35621e-006
23931 3.31875e-006
23932 3.31875e-006
23933 3e-006
23934 3.35262e-006
23935 3e-006
23936 3e-006
23937 3.31875e-006
23938 3e-006
23939 3e-006
23940 3e-006
23941 3.31875e-006
23942 4.3838e-006
23943 3.95625e-006
23944 3e-006
23945 3.6375e-006
23946 3.38648e-006
23947 3.95625e-006
23948 3.31875e-006
23949 3.31875e-006
23950 3.6375e-006
23951 3e-006
23952 3.42035e-006
23953 3.95625e-006
23954 3e-006
23955 3e-006
23956 3e-006
23957 3e-006
23958 3e-006
23959 3e-006
23960 3e-006
23961 4.34273e-006
23962 3.31875e-006
23963 3e-006
23964 3e-006
23965 3.35262e-006
23966 4.30887e-006
23967 3e-006
23968 5.26512e-006
23969 3e-006
23970 3.70883e-006
23971 3e-006
23972 3e-006
23973 3e-006
23974 3e-006
23975 3e-006
23976 3.31875e-006
23977 3.31875e-006
23978 3e-006
23979 3e-006
23980 3e-006
23981 3e-006
23982 3e-006
23983 3e-006
23984 3e-006
23985 3.31875e-006
23986 3.67137e-006
23987 3.6375e-006
23988 3e-006
23989 3.31875e-006
23990 3e-006
23991 3e-006
23992 3e-006
23993 3e-006
23994 3.31875e-006
23995 3e-006
23996 3.70523e-006
23997 3e-006
23998 4.23079e-006
23999 3e-006
24000 3.31875e-006
24001 3e-006
24002 3.70523e-006
24003 3.99012e-006
24004 3e-006
24005 3e-006
24006 3e-006
24007 3.31875e-006
24008 3.31875e-006
24009 3e-006
24010 3e-006
24011 3.31875e-006
24012 3e-006
24013 3e-006
24014 3e-006
24015 3.31875e-006
24016 3e-006
24017 3e-006
24018 3.31875e-006
24019 3e-006
24020 3e-006
24021 3e-006
24022 3.67137e-006
24023 3.67137e-006
24024 3e-006
24025 3e-006
24026 3.31875e-006
24027 3.31875e-006
24028 3.67137e-006
24029 3.31875e-006
24030 3.99012e-006
24031 3e-006
24032 3.31875e-006
24033 3.31875e-006
24034 3e-006
24035 3e-006
24036 3.31875e-006
24037 4.59375e-006
24038 3.95625e-006
24039 3.6375e-006
24040 3e-006
24041 3e-006
24042 3.99012e-006
24043 3e-006
24044 3e-006
24045 3.31875e-006
24046 3.67137e-006
24047 3e-006
24048 3e-006
24049 3.67137e-006
24050 3e-006
24051 3.67137e-006
24052 3e-006
24053 3.31875e-006
24054 3.6375e-006
24055 3e-006
24056 3.31875e-006
24057 3.6375e-006
24058 3e-006
24059 3.35262e-006
24060 3.35262e-006
24061 3.95625e-006
24062 3e-006
24063 3e-006
24064 3e-006
24065 4.69535e-006
24066 4.74001e-006
24067 3.67137e-006
24068 3e-006
24069 3e-006
24070 3e-006
24071 3e-006
24072 3e-006
24073 3e-006
24074 3e-006
24075 3e-006
24076 3e-006
24077 3e-006
24078 3e-006
24079 3.31875e-006
24080 3.6375e-006
24081 3e-006
24082 4.59375e-006
24083 3.31875e-006
24084 3e-006
24085 3.31875e-006
24086 3e-006
24087 3e-006
24088 3.31875e-006
24089 3.6375e-006
24090 3.95625e-006
24091 3e-006
24092 3e-006
24093 3e-006
24094 3e-006
24095 3e-006
24096 3e-006
24097 3.77297e-006
24098 3e-006
24099 3.67137e-006
24100 3e-006
24101 3.31875e-006
24102 3.31875e-006
24103 3e-006
24104 3e-006
24105 3e-006
24106 3e-006
24107 3e-006
24108 3.99012e-006
24109 3e-006
24110 4.275e-006
24111 3e-006
24112 4.59375e-006
24113 3.31875e-006
24114 3e-006
24115 3.31875e-006
24116 3.70523e-006
24117 3.31875e-006
24118 3.6375e-006
24119 4.13278e-006
24120 3.6375e-006
24121 3e-006
24122 3e-006
24123 3e-006
24124 3e-006
24125 3e-006
24126 3.67137e-006
24127 3.31875e-006
24128 3.31875e-006
24129 3e-006
24130 3e-006
24131 3.6375e-006
24132 3e-006
24133 3e-006
24134 3e-006
24135 3e-006
24136 3e-006
24137 3e-006
24138 3e-006
24139 3e-006
24140 3.67137e-006
24141 3.42035e-006
24142 3.35262e-006
24143 3e-006
24144 3.31875e-006
24145 4.94637e-006
24146 3.31875e-006
24147 3.95625e-006
24148 3e-006
24149 3.31875e-006
24150 3.67137e-006
24151 3e-006
24152 3e-006
24153 3e-006
24154 3.67137e-006
24155 3.95625e-006
24156 3e-006
24157 3.31875e-006
24158 4.34273e-006
24159 3e-006
24160 4.06505e-006
24161 3e-006
24162 3e-006
24163 3.99731e-006
24164 3.95625e-006
24165 3.31875e-006
24166 3e-006
24167 3.31875e-006
24168 4.02398e-006
24169 3.70883e-006
24170 3.35262e-006
24171 3e-006
24172 3.31875e-006
24173 3.7391e-006
24174 3e-006
24175 3e-006
24176 3.31875e-006
24177 4.79695e-006
24178 3e-006
24179 3.67496e-006
24180 3e-006
24181 3.99012e-006
24182 3e-006
24183 3e-006
24184 3e-006
24185 3e-006
24186 3e-006
24187 3.6375e-006
24188 3e-006
24189 3e-006
24190 3.31875e-006
24191 3.31875e-006
24192 3e-006
24193 3.6375e-006
24194 3.31875e-006
24195 3.6375e-006
24196 3e-006
24197 3.31875e-006
24198 3.67137e-006
24199 3e-006
24200 3e-006
24201 3e-006
24202 3e-006
24203 3.31875e-006
24204 3.31875e-006
24205 3e-006
24206 3e-006
24207 3.31875e-006
24208 3e-006
24209 3e-006
24210 4.275e-006
24211 4.59375e-006
24212 3.6375e-006
24213 3.31875e-006
24214 3e-006
24215 3e-006
24216 3e-006
24217 3.99012e-006
24218 3e-006
24219 3e-006
24220 3e-006
24221 4.275e-006
24222 4.09172e-006
24223 3e-006
24224 3.95625e-006
24225 3e-006
24226 3.31875e-006
24227 3.6375e-006
24228 3e-006
24229 3.67137e-006
24230 3e-006
24231 3e-006
24232 3.6375e-006
24233 3e-006
24234 3e-006
24235 3e-006
24236 3.67137e-006
24237 3e-006
24238 3.31875e-006
24239 3.35262e-006
24240 3.6375e-006
24241 4.66148e-006
24242 3e-006
24243 3e-006
24244 3e-006
24245 3.42395e-006
24246 3.67137e-006
24247 3e-006
24248 3e-006
24249 3.31875e-006
24250 3.31875e-006
24251 3e-006
24252 3.6375e-006
24253 3.6375e-006
24254 3.67137e-006
24255 3.6375e-006
24256 3e-006
24257 3.31875e-006
24258 3e-006
24259 3e-006
24260 3e-006
24261 3.35262e-006
24262 3.31875e-006
24263 3e-006
24264 3e-006
24265 3e-006
24266 3e-006
24267 3e-006
24268 3e-006
24269 3.6375e-006
24270 3e-006
24271 4.31246e-006
24272 3.31875e-006
24273 3e-006
24274 3e-006
24275 3.95625e-006
24276 3e-006
24277 3.31875e-006
24278 4.02398e-006
24279 3e-006
24280 3e-006
24281 3e-006
24282 3.31875e-006
24283 3.87817e-006
24284 3e-006
24285 3.99371e-006
24286 3e-006
24287 3e-006
24288 3e-006
24289 3e-006
24290 4.66508e-006
24291 3.31875e-006
24292 3.31875e-006
24293 4.30887e-006
24294 3e-006
24295 3e-006
24296 3.31875e-006
24297 3.70523e-006
24298 3.6375e-006
24299 4.66508e-006
24300 3.31875e-006
24301 3e-006
24302 3e-006
24303 3.35621e-006
24304 3e-006
24305 4.34273e-006
24306 3e-006
24307 3e-006
24308 3.31875e-006
24309 3e-006
24310 3e-006
24311 3.31875e-006
24312 3e-006
24313 3e-006
24314 4.02398e-006
24315 3e-006
24316 3.31875e-006
24317 3.31875e-006
24318 3e-006
24319 3e-006
24320 3e-006
24321 3.31875e-006
24322 3.31875e-006
24323 3.95625e-006
24324 3e-006
24325 3e-006
24326 3.31875e-006
24327 3e-006
24328 4.275e-006
24329 3.67496e-006
24330 3e-006
24331 3e-006
24332 3e-006
24333 4.41766e-006
24334 3e-006
24335 3e-006
24336 3.6375e-006
24337 3e-006
24338 4.38778e-006
24339 3e-006
24340 3.31875e-006
24341 3e-006
24342 3e-006
24343 3.67137e-006
24344 3e-006
24345 3e-006
24346 4.66508e-006
24347 3.6375e-006
24348 3e-006
24349 3e-006
24350 3.99012e-006
24351 3.6375e-006
24352 3.31875e-006
24353 3e-006
24354 3e-006
24355 3.6375e-006
24356 3.31875e-006
24357 3e-006
24358 4.13278e-006
24359 3.42471e-006
24360 3e-006
24361 3.31875e-006
24362 3.95625e-006
24363 3e-006
24364 3e-006
24365 3e-006
24366 3.67137e-006
24367 3.67137e-006
24368 3.35262e-006
24369 3.70523e-006
24370 3e-006
24371 3e-006
24372 3e-006
24373 3.67137e-006
24374 3.35621e-006
24375 3e-006
24376 3e-006
24377 3.6375e-006
24378 3e-006
24379 3e-006
24380 3e-006
24381 3e-006
24382 3e-006
24383 3.99012e-006
24384 3.95625e-006
24385 4.34633e-006
24386 3e-006
24387 3.6375e-006
24388 3e-006
24389 3e-006
24390 3e-006
24391 3e-006
24392 3.6375e-006
24393 3.31875e-006
24394 3.31875e-006
24395 3e-006
24396 3.6375e-006
24397 3.7463e-006
24398 3e-006
24399 3e-006
24400 3e-006
24401 3e-006
24402 3e-006
24403 3.70523e-006
24404 3e-006
24405 3.31875e-006
24406 3e-006
24407 3e-006
24408 3.39728e-006
24409 3.35262e-006
24410 3.35262e-006
24411 3.31875e-006
24412 3e-006
24413 3.95625e-006
24414 3.6375e-006
24415 3e-006
24416 3e-006
24417 3.31875e-006
24418 3e-006
24419 3.6375e-006
24420 3e-006
24421 3.31875e-006
24422 3.31875e-006
24423 3e-006
24424 3e-006
24425 3.95625e-006
24426 3.31875e-006
24427 3e-006
24428 3e-006
24429 3e-006
24430 3e-006
24431 3.67137e-006
24432 3e-006
24433 3e-006
24434 3e-006
24435 3.31875e-006
24436 3e-006
24437 3e-006
24438 3e-006
24439 3.31875e-006
24440 3e-006
24441 3.31875e-006
24442 3.6375e-006
24443 3e-006
24444 3.31875e-006
24445 3e-006
24446 3.31875e-006
24447 3e-006
24448 3e-006
24449 4.66148e-006
24450 3.31875e-006
24451 3.35262e-006
24452 3e-006
24453 3.70921e-006
24454 3e-006
24455 3.31875e-006
24456 3e-006
24457 3.31875e-006
24458 3e-006
24459 3.78016e-006
24460 3.31875e-006
24461 3.31875e-006
24462 3.31875e-006
24463 3e-006
24464 3e-006
24465 3e-006
24466 3e-006
24467 3.6375e-006
24468 3e-006
24469 3.31875e-006
24470 3.31875e-006
24471 3.95625e-006
24472 3e-006
24473 3.31875e-006
24474 3e-006
24475 3.6375e-006
24476 3e-006
24477 3e-006
24478 3.95625e-006
24479 3e-006
24480 3.31875e-006
24481 3e-006
24482 3.31875e-006
24483 3.35262e-006
24484 3.31875e-006
24485 3e-006
24486 3.6375e-006
24487 3.31875e-006
24488 3e-006
24489 3.31875e-006
24490 3.35621e-006
24491 3.31875e-006
24492 3e-006
24493 3e-006
24494 3e-006
24495 3e-006
24496 3e-006
24497 3e-006
24498 3.31875e-006
24499 3.31875e-006
24500 3.95625e-006
24501 3.31875e-006
24502 3.35262e-006
24503 3e-006
24504 3e-006
24505 4.94637e-006
24506 3.67137e-006
24507 3e-006
24508 3e-006
24509 3.31875e-006
24510 3.95625e-006
24511 3e-006
24512 4.59375e-006
24513 3e-006
24514 3.31875e-006
24515 3e-006
24516 3.31875e-006
24517 3e-006
24518 3e-006
24519 3e-006
24520 3.31875e-006
24521 3.31875e-006
24522 3.31875e-006
24523 3.35621e-006
24524 3e-006
24525 3.67137e-006
24526 3.67137e-006
24527 3e-006
24528 3e-006
24529 3e-006
24530 3e-006
24531 4.31246e-006
24532 3e-006
24533 3.31875e-006
24534 3e-006
24535 3.31875e-006
24536 3.31875e-006
24537 3e-006
24538 3e-006
24539 3.31875e-006
24540 3.31875e-006
24541 3.31875e-006
24542 3e-006
24543 3.31875e-006
24544 3e-006
24545 3e-006
24546 3e-006
24547 3.31875e-006
24548 3e-006
24549 3e-006
24550 3.31875e-006
24551 3.31875e-006
24552 3.31875e-006
24553 5.29898e-006
24554 3e-006
24555 3e-006
24556 3.70523e-006
24557 3.6375e-006
24558 3e-006
24559 3e-006
24560 3.31875e-006
24561 3.31875e-006
24562 3.31875e-006
24563 3.31875e-006
24564 3e-006
24565 3e-006
24566 3.95625e-006
24567 4.05785e-006
24568 3e-006
24569 3.67137e-006
24570 3e-006
24571 3.6375e-006
24572 4.76309e-006
24573 3e-006
24574 3e-006
24575 3e-006
24576 3e-006
24577 3.6375e-006
24578 4.02758e-006
24579 3e-006
24580 3e-006
24581 3e-006
24582 4.34273e-006
24583 3e-006
24584 3e-006
24585 3e-006
24586 3.99012e-006
24587 3e-006
24588 3e-006
24589 5.0141e-006
24590 4.3766e-006
24591 3e-006
24592 3e-006
24593 3e-006
24594 3.99012e-006
24595 3e-006
24596 3e-006
24597 3.31875e-006
24598 3.31875e-006
24599 3e-006
24600 4.73641e-006
24601 3e-006
24602 3.31875e-006
24603 3.31875e-006
24604 3e-006
24605 3.6375e-006
24606 3.74312e-006
24607 3e-006
24608 3.31875e-006
24609 3.35262e-006
24610 3e-006
24611 3e-006
24612 3.95625e-006
24613 3e-006
24614 3e-006
24615 3.38648e-006
24616 3e-006
24617 3e-006
24618 3.6375e-006
24619 3.6375e-006
24620 3e-006
24621 3e-006
24622 3e-006
24623 3.67137e-006
24624 3e-006
24625 3.99012e-006
24626 3e-006
24627 3e-006
24628 3.31875e-006
24629 3.35262e-006
24630 3.35262e-006
24631 3.67137e-006
24632 3.38648e-006
24633 3e-006
24634 3.35262e-006
24635 3.31875e-006
24636 3.77657e-006
24637 3e-006
24638 3e-006
24639 3e-006
24640 3e-006
24641 3e-006
24642 3.6375e-006
24643 3e-006
24644 3.67137e-006
24645 3e-006
24646 3.6375e-006
24647 3e-006
24648 3.6375e-006
24649 4.62762e-006
24650 3.6375e-006
24651 3e-006
24652 3.35262e-006
24653 3e-006
24654 3e-006
24655 3e-006
24656 3e-006
24657 3e-006
24658 3e-006
24659 3.31875e-006
24660 3e-006
24661 3.67137e-006
24662 3.6375e-006
24663 3e-006
24664 3e-006
24665 3e-006
24666 3.70523e-006
24667 3.99012e-006
24668 4.02796e-006
24669 3.35262e-006
24670 4.69895e-006
24671 3e-006
24672 3e-006
24673 3.35262e-006
24674 3e-006
24675 3.95625e-006
24676 3.31875e-006
24677 3.31875e-006
24678 3e-006
24679 3e-006
24680 4.69895e-006
24681 3e-006
24682 3e-006
24683 3.31875e-006
24684 3e-006
24685 3.35262e-006
24686 3e-006
24687 3e-006
24688 3e-006
24689 3e-006
24690 3e-006
24691 3.31875e-006
24692 3.67496e-006
24693 4.03118e-006
24694 3.31875e-006
24695 3e-006
24696 3e-006
24697 4.62762e-006
24698 3.31875e-006
24699 3.31875e-006
24700 3e-006
24701 3e-006
24702 3.31875e-006
24703 3e-006
24704 3.99371e-006
24705 3e-006
24706 3.31875e-006
24707 3e-006
24708 3e-006
24709 4.09172e-006
24710 3e-006
24711 3e-006
24712 3.31875e-006
24713 3e-006
24714 3e-006
24715 3e-006
24716 3e-006
24717 3e-006
24718 3.67137e-006
24719 3.67137e-006
24720 3e-006
24721 3.31875e-006
24722 3e-006
24723 3e-006
24724 3e-006
24725 3.6375e-006
24726 3e-006
24727 3.6375e-006
24728 3.31875e-006
24729 3e-006
24730 4.94637e-006
24731 3.31875e-006
24732 3e-006
24733 4.02398e-006
24734 3.99012e-006
24735 3e-006
24736 3.31875e-006
24737 3.31875e-006
24738 3.31875e-006
24739 3e-006
24740 3.35262e-006
24741 3.31875e-006
24742 3.31875e-006
24743 3.67137e-006
24744 3e-006
24745 3e-006
24746 3e-006
24747 3.35621e-006
24748 3.67137e-006
24749 3.31875e-006
24750 3e-006
24751 3.31875e-006
24752 3.38648e-006
24753 3e-006
24754 3e-006
24755 3e-006
24756 3e-006
24757 3e-006
24758 3e-006
24759 4.30887e-006
24760 3.38648e-006
24761 3e-006
24762 3e-006
24763 4.20052e-006
24764 3.31875e-006
24765 3e-006
24766 3e-006
24767 3.31875e-006
24768 3e-006
24769 3.31875e-006
24770 3e-006
24771 3.31875e-006
24772 3.67496e-006
24773 3e-006
24774 3e-006
24775 3.31875e-006
24776 3.99012e-006
24777 3.31875e-006
24778 3.31875e-006
24779 3e-006
24780 3e-006
24781 3e-006
24782 3.31875e-006
24783 3e-006
24784 3e-006
24785 3.6375e-006
24786 3e-006
24787 3e-006
24788 3.99012e-006
24789 3e-006
24790 3e-006
24791 3e-006
24792 3e-006
24793 3e-006
24794 3e-006
24795 3e-006
24796 3.95625e-006
24797 3.31875e-006
24798 3e-006
24799 3.31875e-006
24800 3.31875e-006
24801 3e-006
24802 3.35262e-006
24803 3e-006
24804 3e-006
24805 3.31875e-006
24806 3e-006
24807 3e-006
24808 3e-006
24809 3e-006
24810 4.66868e-006
24811 3.31875e-006
24812 3e-006
24813 5.26512e-006
24814 3e-006
24815 3e-006
24816 3e-006
24817 3.67137e-006
24818 3e-006
24819 3e-006
24820 3.31875e-006
24821 3e-006
24822 3.95625e-006
24823 3.31875e-006
24824 3e-006
24825 3e-006
24826 3e-006
24827 3.6375e-006
24828 3.6375e-006
24829 3.95625e-006
24830 3.31875e-006
24831 3e-006
24832 3.38648e-006
24833 3.99371e-006
24834 3e-006
24835 3.31875e-006
24836 3e-006
24837 3.6375e-006
24838 3.31875e-006
24839 3e-006
24840 4.94637e-006
24841 3.35262e-006
24842 3.31875e-006
24843 3.31875e-006
24844 3e-006
24845 3.6375e-006
24846 3e-006
24847 3e-006
24848 3e-006
24849 3e-006
24850 3e-006
24851 3e-006
24852 3e-006
24853 3e-006
24854 3.31875e-006
24855 3.31875e-006
24856 3e-006
24857 3.35262e-006
24858 3.31875e-006
24859 3e-006
24860 3.31875e-006
24861 3.38648e-006
24862 3.31875e-006
24863 3.6375e-006
24864 3.31875e-006
24865 3.95625e-006
24866 4.20814e-006
24867 3e-006
24868 3.6375e-006
24869 3e-006
24870 3e-006
24871 3e-006
24872 3e-006
24873 3.6375e-006
24874 3.31875e-006
24875 3e-006
24876 3e-006
24877 3e-006
24878 3e-006
24879 3e-006
24880 3e-006
24881 3e-006
24882 3.31875e-006
24883 3e-006
24884 3e-006
24885 3.6375e-006
24886 4.34273e-006
24887 3.99012e-006
24888 3e-006
24889 3e-006
24890 3e-006
24891 3e-006
24892 3.95625e-006
24893 3.35262e-006
24894 3.92283e-006
24895 3.45422e-006
24896 3.31875e-006
24897 3e-006
24898 3e-006
24899 3e-006
24900 3.35262e-006
24901 3.31875e-006
24902 3.31875e-006
24903 3.31875e-006
24904 3e-006
24905 3.6375e-006
24906 3.31875e-006
24907 3e-006
24908 3e-006
24909 3.35262e-006
24910 3e-006
24911 3e-006
24912 5.68547e-006
24913 3e-006
24914 3e-006
24915 3.31875e-006
24916 3.31875e-006
24917 4.66148e-006
24918 3e-006
24919 3e-006
24920 3e-006
24921 3e-006
24922 3e-006
24923 3e-006
24924 3.70883e-006
24925 3.6375e-006
24926 3e-006
24927 3e-006
24928 3e-006
24929 3.78453e-006
24930 5.29898e-006
24931 3e-006
24932 3.31875e-006
24933 3e-006
24934 3e-006
24935 3.31875e-006
24936 3.31875e-006
24937 3.99012e-006
24938 3.6375e-006
24939 3e-006
24940 5.30258e-006
24941 3e-006
24942 3.31875e-006
24943 3.35262e-006
24944 3e-006
24945 3.31875e-006
24946 3e-006
24947 3.31875e-006
24948 3.35262e-006
24949 3.31875e-006
24950 3.31875e-006
24951 3e-006
24952 3e-006
24953 3e-006
24954 3.95625e-006
24955 3e-006
24956 3.35262e-006
24957 3e-006
24958 3e-006
24959 3e-006
24960 3.31875e-006
24961 3e-006
24962 3.31875e-006
24963 3e-006
24964 3e-006
24965 3e-006
24966 3.6375e-006
24967 3e-006
24968 3.31875e-006
24969 3e-006
24970 3e-006
24971 3e-006
24972 3.6375e-006
24973 3e-006
24974 3e-006
24975 4.275e-006
24976 3e-006
24977 3.31875e-006
24978 3e-006
24979 3e-006
24980 3.31875e-006
24981 3e-006
24982 3e-006
24983 3.67137e-006
24984 3e-006
24985 3.99731e-006
24986 3.99012e-006
24987 3e-006
24988 3e-006
24989 3e-006
24990 3e-006
24991 3e-006
24992 3e-006
24993 3.31875e-006
24994 4.275e-006
24995 3e-006
24996 3.31875e-006
24997 3.95625e-006
24998 3.70883e-006
24999 3e-006
25000 3.95625e-006
25001 3e-006
25002 3e-006
25003 3.6375e-006
25004 4.275e-006
25005 3e-006
25006 3e-006
25007 4.06145e-006
25008 3e-006
25009 3e-006
25010 3.67496e-006
25011 3e-006
25012 3.31875e-006
25013 4.62762e-006
25014 3.31875e-006
25015 3e-006
25016 3e-006
25017 3e-006
25018 3.31875e-006
25019 3.31875e-006
25020 3e-006
25021 3.99414e-006
25022 3e-006
25023 3e-006
25024 3e-006
25025 3e-006
25026 3e-006
25027 3e-006
25028 3e-006
25029 3.31875e-006
25030 3e-006
25031 3e-006
25032 3.31875e-006
25033 3e-006
25034 3.35262e-006
25035 3e-006
25036 3.31875e-006
25037 4.70293e-006
25038 3.31875e-006
25039 3.31875e-006
25040 3.31875e-006
25041 3e-006
25042 3e-006
25043 3e-006
25044 3e-006
25045 3.6375e-006
25046 3e-006
25047 3e-006
25048 3.31875e-006
25049 3.31875e-006
25050 3e-006
25051 3e-006
25052 3e-006
25053 3e-006
25054 5.08184e-006
25055 3e-006
25056 3.31875e-006
25057 3e-006
25058 3e-006
25059 4.02398e-006
25060 3e-006
25061 3e-006
25062 3.38648e-006
25063 3e-006
25064 3.31875e-006
25065 4.16305e-006
25066 3e-006
25067 3.99012e-006
25068 3e-006
25069 3e-006
25070 3e-006
25071 3e-006
25072 3e-006
25073 4.31246e-006
25074 3.31875e-006
25075 3e-006
25076 3.35262e-006
25077 3.31875e-006
25078 3e-006
25079 3.31875e-006
25080 3e-006
25081 3.6375e-006
25082 3e-006
25083 3.95625e-006
25084 4.02398e-006
25085 3e-006
25086 3.31875e-006
25087 3e-006
25088 3e-006
25089 3.70523e-006
25090 3e-006
25091 3e-006
25092 4.02758e-006
25093 3e-006
25094 3.31875e-006
25095 3.31875e-006
25096 3e-006
25097 3e-006
25098 3.31875e-006
25099 3.31875e-006
25100 3.31875e-006
25101 3.35262e-006
25102 3.67137e-006
25103 3e-006
25104 3.31875e-006
25105 3.6375e-006
25106 3e-006
25107 3e-006
25108 3e-006
25109 3e-006
25110 3.31875e-006
25111 3e-006
25112 3e-006
25113 3e-006
25114 3.67496e-006
25115 3e-006
25116 3.31875e-006
25117 3e-006
25118 3e-006
25119 3.67137e-006
25120 3.95625e-006
25121 3e-006
25122 3e-006
25123 3e-006
25124 3e-006
25125 3e-006
25126 3.31875e-006
25127 3e-006
25128 3e-006
25129 3.6375e-006
25130 3e-006
25131 3e-006
25132 3e-006
25133 3e-006
25134 4.02398e-006
25135 3.67496e-006
25136 3.31875e-006
25137 3.95625e-006
25138 3e-006
25139 3.31875e-006
25140 3.31875e-006
25141 3e-006
25142 3e-006
25143 3e-006
25144 3.31875e-006
25145 3e-006
25146 3e-006
25147 3e-006
25148 3e-006
25149 3e-006
25150 3e-006
25151 3.6375e-006
25152 3.31875e-006
25153 3e-006
25154 3e-006
25155 3.35262e-006
25156 3.31875e-006
25157 3.70523e-006
25158 3.70523e-006
25159 3e-006
25160 3e-006
25161 3.35262e-006
25162 3.31875e-006
25163 3.31875e-006
25164 3e-006
25165 3e-006
25166 4.30887e-006
25167 3e-006
25168 3e-006
25169 3e-006
25170 3e-006
25171 3e-006
25172 3.67137e-006
25173 3e-006
25174 3e-006
25175 4.34633e-006
25176 3.31875e-006
25177 3e-006
25178 3e-006
25179 3e-006
25180 3e-006
25181 3e-006
25182 3e-006
25183 3e-006
25184 3.67137e-006
25185 3.38648e-006
25186 3e-006
25187 3.31875e-006
25188 3.31875e-006
25189 3.67137e-006
25190 3e-006
25191 3e-006
25192 3e-006
25193 3.31875e-006
25194 3e-006
25195 3e-006
25196 4.02398e-006
25197 3e-006
25198 3.6375e-006
25199 3e-006
25200 3e-006
25201 3.31875e-006
25202 3e-006
25203 3.31875e-006
25204 3e-006
25205 5.0177e-006
25206 3e-006
25207 3.95625e-006
25208 3.31875e-006
25209 3e-006
25210 3e-006
25211 3e-006
25212 3.31875e-006
25213 3e-006
25214 3e-006
25215 3.42035e-006
25216 3.31875e-006
25217 3e-006
25218 3e-006
25219 3e-006
25220 3e-006
25221 3.6375e-006
25222 3.67137e-006
25223 3.6375e-006
25224 3e-006
25225 3.31875e-006
25226 3e-006
25227 4.66148e-006
25228 3e-006
25229 3e-006
25230 3.6375e-006
25231 3.31875e-006
25232 3e-006
25233 3e-006
25234 3e-006
25235 3e-006
25236 3e-006
25237 3e-006
25238 3.35262e-006
25239 3e-006
25240 3.67137e-006
25241 3.31875e-006
25242 4.44793e-006
25243 3.6375e-006
25244 3e-006
25245 3e-006
25246 3.31875e-006
25247 3e-006
25248 3.6375e-006
25249 3e-006
25250 4.5798e-006
25251 3e-006
25252 3e-006
25253 3.31875e-006
25254 3e-006
25255 3e-006
25256 3e-006
25257 3e-006
25258 3.45422e-006
25259 3.35262e-006
25260 3.31875e-006
25261 4.30887e-006
25262 3e-006
25263 3.70523e-006
25264 3.31875e-006
25265 3.6375e-006
25266 3.6375e-006
25267 3e-006
25268 3.70523e-006
25269 3e-006
25270 3e-006
25271 3e-006
25272 3e-006
25273 3.35621e-006
25274 3e-006
25275 4.12918e-006
25276 3.6375e-006
25277 3.6375e-006
25278 3e-006
25279 3e-006
25280 3e-006
25281 3e-006
25282 3.6375e-006
25283 3.31875e-006
25284 3.67137e-006
25285 3e-006
25286 3e-006
25287 4.275e-006
25288 5.04797e-006
25289 3.4618e-006
25290 3.35262e-006
25291 3e-006
25292 3.67137e-006
25293 3e-006
25294 3.67535e-006
25295 3e-006
25296 3e-006
25297 4.275e-006
25298 3.31875e-006
25299 3e-006
25300 3e-006
25301 4.30887e-006
25302 3e-006
25303 3e-006
25304 3.31875e-006
25305 3.95625e-006
25306 3e-006
25307 3e-006
25308 3e-006
25309 3.70523e-006
25310 3e-006
25311 3.31875e-006
25312 3e-006
25313 3.31875e-006
25314 3.95625e-006
25315 3.31875e-006
25316 3.42035e-006
25317 3.35621e-006
25318 3e-006
25319 3e-006
25320 4.275e-006
25321 3.31875e-006
25322 3.95625e-006
25323 3.31875e-006
25324 3e-006
25325 3e-006
25326 3e-006
25327 3e-006
25328 3.31875e-006
25329 3e-006
25330 3e-006
25331 3e-006
25332 3.67137e-006
25333 3e-006
25334 3e-006
25335 4.62762e-006
25336 3e-006
25337 3e-006
25338 3e-006
25339 3e-006
25340 3.78055e-006
25341 3.31875e-006
25342 3.31875e-006
25343 4.59375e-006
25344 3.6375e-006
25345 3e-006
25346 3e-006
25347 3.6375e-006
25348 3e-006
25349 3.38648e-006
25350 3.6375e-006
25351 3.31875e-006
25352 3.31875e-006
25353 3e-006
25354 3.6375e-006
25355 3e-006
25356 3e-006
25357 3.39008e-006
25358 3e-006
25359 3e-006
25360 3.6375e-006
25361 3e-006
25362 3.31875e-006
25363 3e-006
25364 3e-006
25365 3.31875e-006
25366 3e-006
25367 4.03156e-006
25368 3.31875e-006
25369 3e-006
25370 3.31875e-006
25371 3e-006
25372 3e-006
25373 3e-006
25374 3e-006
25375 3e-006
25376 3.35262e-006
25377 3e-006
25378 3.31875e-006
25379 3.31875e-006
25380 3e-006
25381 3e-006
25382 3e-006
25383 3e-006
25384 3e-006
25385 4.30887e-006
25386 3.35262e-006
25387 3.6375e-006
25388 3e-006
25389 4.66508e-006
25390 4.3766e-006
25391 3.47657e-006
25392 3.31875e-006
25393 3e-006
25394 3e-006
25395 3.35262e-006
25396 3e-006
25397 3e-006
25398 3e-006
25399 3e-006
25400 4.30887e-006
25401 3e-006
25402 3.70523e-006
25403 3e-006
25404 3e-006
25405 3e-006
25406 3e-006
25407 3e-006
25408 3.67137e-006
25409 3e-006
25410 3e-006
25411 3e-006
25412 3.67137e-006
25413 3e-006
25414 3e-006
25415 3.31875e-006
25416 3.31875e-006
25417 3.31875e-006
25418 3e-006
25419 3.31875e-006
25420 3.6375e-006
25421 3e-006
25422 3.99012e-006
25423 3e-006
25424 3e-006
25425 3e-006
25426 3e-006
25427 3.6375e-006
25428 3.35621e-006
25429 3.67137e-006
25430 3.35262e-006
25431 3.31875e-006
25432 3e-006
25433 4.31246e-006
25434 3e-006
25435 3e-006
25436 3e-006
25437 3e-006
25438 3e-006
25439 3e-006
25440 3e-006
25441 3.35262e-006
25442 3.31875e-006
25443 3e-006
25444 3e-006
25445 3.31875e-006
25446 4.9125e-006
25447 3e-006
25448 3.31875e-006
25449 3.6375e-006
25450 3e-006
25451 3e-006
25452 3.31875e-006
25453 3e-006
25454 3e-006
25455 3e-006
25456 3e-006
25457 3e-006
25458 3.6375e-006
25459 3.31875e-006
25460 3e-006
25461 3.6375e-006
25462 3e-006
25463 3.95625e-006
25464 3.67137e-006
25465 3.31875e-006
25466 3.38648e-006
25467 3e-006
25468 3e-006
25469 3e-006
25470 3e-006
25471 3e-006
25472 3e-006
25473 3.31875e-006
25474 3.6375e-006
25475 3e-006
25476 3.95625e-006
25477 3.6375e-006
25478 3e-006
25479 3e-006
25480 4.30887e-006
25481 3.38648e-006
25482 3e-006
25483 3e-006
25484 3.31875e-006
25485 3.35262e-006
25486 3e-006
25487 3e-006
25488 4.66148e-006
25489 3e-006
25490 3.67137e-006
25491 3e-006
25492 3e-006
25493 3e-006
25494 3e-006
25495 3e-006
25496 3e-006
25497 3.31875e-006
25498 3.95625e-006
25499 3.67137e-006
25500 3e-006
25501 3e-006
25502 4.30887e-006
25503 3.6375e-006
25504 3e-006
25505 3e-006
25506 3e-006
25507 3.99012e-006
25508 3e-006
25509 3e-006
25510 3.31875e-006
25511 3e-006
25512 3.6375e-006
25513 3e-006
25514 3.95625e-006
25515 3e-006
25516 3.6375e-006
25517 3e-006
25518 3.6375e-006
25519 4.275e-006
25520 3.31875e-006
25521 3.35262e-006
25522 3.95625e-006
25523 3.31875e-006
25524 3e-006
25525 3e-006
25526 3.95625e-006
25527 3.99012e-006
25528 3.31875e-006
25529 3e-006
25530 3e-006
25531 3.31875e-006
25532 3e-006
25533 3e-006
25534 5.1157e-006
25535 3e-006
25536 3.68293e-006
25537 3.6375e-006
25538 3e-006
25539 3.70523e-006
25540 3e-006
25541 3e-006
25542 3.31875e-006
25543 3e-006
25544 3.6375e-006
25545 3.31875e-006
25546 3.35262e-006
25547 3e-006
25548 3e-006
25549 3e-006
25550 3.6375e-006
25551 3e-006
25552 3.6375e-006
25553 3.31875e-006
25554 3e-006
25555 3e-006
25556 3.31875e-006
25557 3e-006
25558 3e-006
25559 3e-006
25560 3e-006
25561 3.95625e-006
25562 3e-006
25563 4.05785e-006
25564 3e-006
25565 3.31875e-006
25566 3e-006
25567 3e-006
25568 3.35262e-006
25569 3e-006
25570 3e-006
25571 3.31875e-006
25572 3.6375e-006
25573 3e-006
25574 3.31875e-006
25575 3e-006
25576 3e-006
25577 3.67137e-006
25578 3.31875e-006
25579 3.31875e-006
25580 3e-006
25581 3e-006
25582 4.72922e-006
25583 3e-006
25584 3.31875e-006
25585 3e-006
25586 3.31875e-006
25587 5.41498e-006
25588 3e-006
25589 3e-006
25590 3e-006
25591 3e-006
25592 3.31875e-006
25593 3.35262e-006
25594 4.02398e-006
25595 3e-006
25596 3e-006
25597 3e-006
25598 3e-006
25599 3.31875e-006
25600 3e-006
25601 3e-006
25602 3e-006
25603 3.35262e-006
25604 3.31875e-006
25605 3e-006
25606 3e-006
25607 3e-006
25608 3.31875e-006
25609 4.275e-006
25610 3e-006
25611 3e-006
25612 3e-006
25613 3.31875e-006
25614 3e-006
25615 4.02398e-006
25616 3.67137e-006
25617 3.6375e-006
25618 3.31875e-006
25619 3.31875e-006
25620 3e-006
25621 3.6375e-006
25622 3.35262e-006
25623 3e-006
25624 3.95625e-006
25625 3e-006
25626 3.6375e-006
25627 3.31875e-006
25628 3e-006
25629 3e-006
25630 3e-006
25631 3e-006
25632 3.31875e-006
25633 3.6375e-006
25634 3.67535e-006
25635 3.31875e-006
25636 3e-006
25637 3.99371e-006
25638 3e-006
25639 3.31875e-006
25640 3e-006
25641 3e-006
25642 3.31875e-006
25643 3e-006
25644 3e-006
25645 3e-006
25646 3e-006
25647 3e-006
25648 3e-006
25649 3.31875e-006
25650 3.95625e-006
25651 3e-006
25652 3e-006
25653 3e-006
25654 3.35262e-006
25655 3e-006
25656 3.31875e-006
25657 3e-006
25658 3e-006
25659 3e-006
25660 3.31875e-006
25661 3.35262e-006
25662 3e-006
25663 3.35262e-006
25664 3e-006
25665 3.95625e-006
25666 3.31875e-006
25667 3e-006
25668 3e-006
25669 3.99012e-006
25670 3e-006
25671 3e-006
25672 3.31875e-006
25673 3e-006
25674 3e-006
25675 3e-006
25676 3e-006
25677 4.34671e-006
25678 3e-006
25679 3e-006
25680 3e-006
25681 3e-006
25682 3.35262e-006
25683 3.6375e-006
25684 3e-006
25685 3e-006
25686 3e-006
25687 3.31875e-006
25688 3e-006
25689 3.95625e-006
25690 3.31875e-006
25691 3e-006
25692 3.31875e-006
25693 3.67137e-006
25694 3.35262e-006
25695 3e-006
25696 3e-006
25697 3e-006
25698 3e-006
25699 3.95625e-006
25700 3e-006
25701 3e-006
25702 3e-006
25703 3.95625e-006
25704 3e-006
25705 3e-006
25706 3e-006
25707 3e-006
25708 3e-006
25709 3e-006
25710 3.31875e-006
25711 3e-006
25712 3e-006
25713 3e-006
25714 3e-006
25715 3.31875e-006
25716 3e-006
25717 3e-006
25718 3e-006
25719 3.6375e-006
25720 3e-006
25721 3e-006
25722 3.6375e-006
25723 3.31875e-006
25724 3e-006
25725 3.31875e-006
25726 3e-006
25727 3e-006
25728 3.31875e-006
25729 3.31875e-006
25730 3e-006
25731 3.31875e-006
25732 3.6375e-006
25733 3e-006
25734 3e-006
25735 3e-006
25736 3e-006
25737 3.60125e-006
25738 3.31875e-006
25739 4.275e-006
25740 3e-006
25741 3e-006
25742 3e-006
25743 3.95625e-006
25744 3.31875e-006
25745 3.35262e-006
25746 3.35621e-006
25747 3e-006
25748 3.31875e-006
25749 3e-006
25750 3e-006
25751 3e-006
25752 3.31875e-006
25753 3e-006
25754 3e-006
25755 3e-006
25756 3e-006
25757 3e-006
25758 3e-006
25759 3e-006
25760 4.02398e-006
25761 3e-006
25762 3e-006
25763 4.275e-006
25764 3e-006
25765 3e-006
25766 3.6375e-006
25767 3.31875e-006
25768 3e-006
25769 3e-006
25770 4.275e-006
25771 3.31875e-006
25772 3.31875e-006
25773 3e-006
25774 3e-006
25775 3.31875e-006
25776 3.31875e-006
25777 3e-006
25778 3e-006
25779 3e-006
25780 3e-006
25781 3e-006
25782 3e-006
25783 3e-006
25784 3.31875e-006
25785 3.6375e-006
25786 3.6375e-006
25787 4.30887e-006
25788 3.31875e-006
25789 4.275e-006
25790 3e-006
25791 3.6375e-006
25792 3e-006
25793 3e-006
25794 3.6375e-006
25795 3.6375e-006
25796 3.35262e-006
25797 3e-006
25798 3e-006
25799 3e-006
25800 3.35262e-006
25801 3e-006
25802 3e-006
25803 3e-006
25804 3.35262e-006
25805 3e-006
25806 3e-006
25807 3e-006
25808 3.6375e-006
25809 3e-006
25810 3.35262e-006
25811 3e-006
25812 3e-006
25813 5.04797e-006
25814 3.35262e-006
25815 3.35262e-006
25816 3.95625e-006
25817 3.31875e-006
25818 3e-006
25819 3e-006
25820 3e-006
25821 3e-006
25822 3e-006
25823 3e-006
25824 3e-006
25825 3.6375e-006
25826 3.31875e-006
25827 3.38648e-006
25828 3e-006
25829 3.42755e-006
25830 3.99012e-006
25831 3e-006
25832 3e-006
25833 3.31875e-006
25834 4.62762e-006
25835 3e-006
25836 3.99012e-006
25837 3.31875e-006
25838 3.6375e-006
25839 3.31875e-006
25840 3e-006
25841 4.42165e-006
25842 3e-006
25843 4.275e-006
25844 3e-006
25845 3.31875e-006
25846 4.06145e-006
25847 3.31875e-006
25848 3.6375e-006
25849 3.31875e-006
25850 4.30887e-006
25851 3e-006
25852 3.38648e-006
25853 3.31875e-006
25854 3e-006
25855 4.69895e-006
25856 3e-006
25857 3e-006
25858 3e-006
25859 4.05785e-006
25860 3e-006
25861 3e-006
25862 3e-006
25863 3.31875e-006
25864 3e-006
25865 3e-006
25866 3e-006
25867 3e-006
25868 3.99012e-006
25869 3.77297e-006
25870 3e-006
25871 4.02398e-006
25872 3e-006
25873 3e-006
25874 3e-006
25875 3e-006
25876 3.95625e-006
25877 3e-006
25878 3e-006
25879 3e-006
25880 3.31875e-006
25881 3e-006
25882 5.26512e-006
25883 3e-006
25884 3e-006
25885 3e-006
25886 3.6375e-006
25887 3.95625e-006
25888 3e-006
25889 3.70523e-006
25890 3e-006
25891 3.35262e-006
25892 3e-006
25893 3e-006
25894 3e-006
25895 3.31875e-006
25896 3.99012e-006
25897 3e-006
25898 3e-006
25899 3e-006
25900 3.6375e-006
25901 3e-006
25902 3e-006
25903 3.67137e-006
25904 3.99012e-006
25905 3.31875e-006
25906 3.31875e-006
25907 3.6375e-006
25908 3.77297e-006
25909 3e-006
25910 3e-006
25911 3.31875e-006
25912 3e-006
25913 3e-006
25914 3e-006
25915 5.58387e-006
25916 4.02758e-006
25917 3.35262e-006
25918 3e-006
25919 3.31875e-006
25920 3e-006
25921 3e-006
25922 3e-006
25923 3.67137e-006
25924 3e-006
25925 3e-006
25926 3e-006
25927 3.99012e-006
25928 3.31875e-006
25929 4.02398e-006
25930 4.06145e-006
25931 4.59375e-006
25932 3e-006
25933 3e-006
25934 3.31875e-006
25935 3.31875e-006
25936 3e-006
25937 3.31875e-006
25938 3.35262e-006
25939 3.38648e-006
25940 3e-006
25941 3.31875e-006
25942 3e-006
25943 3e-006
25944 3.31875e-006
25945 3e-006
25946 3.31875e-006
25947 3e-006
25948 3.99012e-006
25949 3.35262e-006
25950 3.31875e-006
25951 4.32326e-006
25952 3.31875e-006
25953 3e-006
25954 3.35262e-006
25955 3e-006
25956 3.6375e-006
25957 3.6375e-006
25958 3e-006
25959 3.31875e-006
25960 3.31875e-006
25961 3e-006
25962 3e-006
25963 3.31875e-006
25964 3.35262e-006
25965 3e-006
25966 3e-006
25967 3e-006
25968 3.31875e-006
25969 3.31875e-006
25970 3e-006
25971 3e-006
25972 3.31875e-006
25973 3e-006
25974 3e-006
25975 3e-006
25976 3e-006
25977 3e-006
25978 3e-006
25979 3.99012e-006
25980 3.31875e-006
25981 3.35262e-006
25982 3.99012e-006
25983 3e-006
25984 4.02398e-006
25985 4.06145e-006
25986 4.66148e-006
25987 3e-006
25988 3e-006
25989 3e-006
25990 3.31875e-006
25991 3e-006
25992 3e-006
25993 3e-006
25994 3.99731e-006
25995 3e-006
25996 3.31875e-006
25997 3.7391e-006
25998 3e-006
25999 3.31875e-006
26000 3.67137e-006
26001 3e-006
26002 3.31875e-006
26003 3.6375e-006
26004 3e-006
26005 3e-006
26006 3.6375e-006
26007 3e-006
26008 3.35262e-006
26009 5.29898e-006
26010 3e-006
26011 3.31875e-006
26012 3e-006
26013 3.31875e-006
26014 3.31875e-006
26015 3e-006
26016 3.38648e-006
26017 3.31875e-006
26018 3e-006
26019 3e-006
26020 3.35262e-006
26021 3e-006
26022 4.275e-006
26023 3e-006
26024 3e-006
26025 3.42395e-006
26026 3.31875e-006
26027 3.31875e-006
26028 3.31875e-006
26029 3.35262e-006
26030 3e-006
26031 3e-006
26032 3.67137e-006
26033 4.275e-006
26034 3.99012e-006
26035 3e-006
26036 3e-006
26037 3.95625e-006
26038 3.31875e-006
26039 3e-006
26040 4.34273e-006
26041 3e-006
26042 3e-006
26043 3e-006
26044 3e-006
26045 3e-006
26046 3e-006
26047 3.67137e-006
26048 3e-006
26049 3e-006
26050 3e-006
26051 3.38648e-006
26052 3.6375e-006
26053 3.99012e-006
26054 3e-006
26055 3.70523e-006
26056 3e-006
26057 3.31875e-006
26058 3e-006
26059 3e-006
26060 3e-006
26061 3e-006
26062 3e-006
26063 3.31875e-006
26064 3.6375e-006
26065 3.6375e-006
26066 3e-006
26067 3.31875e-006
26068 3.31875e-006
26069 3e-006
26070 3.31875e-006
26071 3.6375e-006
26072 3.35262e-006
26073 3e-006
26074 4.05785e-006
26075 3e-006
26076 3.35262e-006
26077 3e-006
26078 3e-006
26079 3.6375e-006
26080 3.67137e-006
26081 3e-006
26082 4.66508e-006
26083 3e-006
26084 3.31875e-006
26085 3.70523e-006
26086 3e-006
26087 3.31875e-006
26088 3.31875e-006
26089 3e-006
26090 3e-006
26091 3e-006
26092 3.31875e-006
26093 3.31875e-006
26094 3.95625e-006
26095 3e-006
26096 3.70883e-006
26097 3e-006
26098 3e-006
26099 3.95625e-006
26100 3.31875e-006
26101 3e-006
26102 3e-006
26103 3.70523e-006
26104 3.31875e-006
26105 3e-006
26106 3e-006
26107 3e-006
26108 3e-006
26109 3e-006
26110 3.6375e-006
26111 3.67137e-006
26112 3e-006
26113 3e-006
26114 3.31875e-006
26115 3.31875e-006
26116 3.31875e-006
26117 3e-006
26118 3e-006
26119 3.31875e-006
26120 3e-006
26121 3.31875e-006
26122 3e-006
26123 3.31875e-006
26124 3e-006
26125 3e-006
26126 3.38648e-006
26127 3e-006
26128 3.6375e-006
26129 3e-006
26130 3.31875e-006
26131 3.31875e-006
26132 3.6375e-006
26133 3.31875e-006
26134 3e-006
26135 3e-006
26136 3.35262e-006
26137 3.31875e-006
26138 3.31875e-006
26139 3e-006
26140 3e-006
26141 3.31875e-006
26142 3e-006
26143 3e-006
26144 3.67137e-006
26145 3e-006
26146 3.31875e-006
26147 3e-006
26148 3e-006
26149 3e-006
26150 3e-006
26151 3e-006
26152 3e-006
26153 3e-006
26154 3e-006
26155 3e-006
26156 4.98743e-006
26157 3.31875e-006
26158 3e-006
26159 3.6375e-006
26160 3e-006
26161 3e-006
26162 3e-006
26163 3.31875e-006
26164 4.83442e-006
26165 3e-006
26166 3e-006
26167 3e-006
26168 3e-006
26169 3.31875e-006
26170 3e-006
26171 3.31875e-006
26172 3.6375e-006
26173 3.31875e-006
26174 3e-006
26175 3e-006
26176 3e-006
26177 3e-006
26178 3.39008e-006
26179 3e-006
26180 3e-006
26181 3e-006
26182 4.275e-006
26183 3e-006
26184 3e-006
26185 3.35262e-006
26186 3.31875e-006
26187 3e-006
26188 3.6375e-006
26189 3e-006
26190 3e-006
26191 3e-006
26192 5.23125e-006
26193 3e-006
26194 3e-006
26195 3e-006
26196 4.9125e-006
26197 4.275e-006
26198 3.31875e-006
26199 3e-006
26200 3e-006
26201 3.38648e-006
26202 3.38648e-006
26203 3.31875e-006
26204 3.6375e-006
26205 3.31875e-006
26206 3.31875e-006
26207 3e-006
26208 3e-006
26209 3.6375e-006
26210 3e-006
26211 3.31875e-006
26212 3.31875e-006
26213 3e-006
26214 3.31875e-006
26215 3e-006
26216 3.31875e-006
26217 3.35262e-006
26218 3.67137e-006
26219 3.95625e-006
26220 3e-006
26221 3e-006
26222 3.31875e-006
26223 3.31875e-006
26224 3e-006
26225 3.31875e-006
26226 3.95625e-006
26227 3e-006
26228 3e-006
26229 3.6375e-006
26230 3.7391e-006
26231 3e-006
26232 3e-006
26233 3e-006
26234 3e-006
26235 3e-006
26236 3e-006
26237 3e-006
26238 3e-006
26239 3e-006
26240 3e-006
26241 3e-006
26242 3.38648e-006
26243 3.31875e-006
26244 3e-006
26245 3e-006
26246 3e-006
26247 3e-006
26248 3.6375e-006
26249 3e-006
26250 4.31246e-006
26251 3.35262e-006
26252 3.31875e-006
26253 3.35262e-006
26254 4.275e-006
26255 3e-006
26256 3e-006
26257 3.31875e-006
26258 3e-006
26259 3e-006
26260 3e-006
26261 4.06145e-006
26262 3e-006
26263 3e-006
26264 3.38648e-006
26265 3.31875e-006
26266 3e-006
26267 3e-006
26268 3e-006
26269 3.6375e-006
26270 3e-006
26271 3e-006
26272 3e-006
26273 3.67496e-006
26274 3e-006
26275 3.31875e-006
26276 4.275e-006
26277 3.6375e-006
26278 3.99012e-006
26279 3.35262e-006
26280 3e-006
26281 3.6375e-006
26282 3e-006
26283 3e-006
26284 3e-006
26285 3e-006
26286 3e-006
26287 3.31875e-006
26288 3.35621e-006
26289 3.67137e-006
26290 3.99012e-006
26291 4.34273e-006
26292 3e-006
26293 3.95625e-006
26294 3.95625e-006
26295 3e-006
26296 3e-006
26297 3e-006
26298 3e-006
26299 3.6375e-006
26300 3e-006
26301 3.67137e-006
26302 3.31875e-006
26303 3e-006
26304 3.31875e-006
26305 3e-006
26306 3e-006
26307 3.6375e-006
26308 3e-006
26309 3e-006
26310 3e-006
26311 3.31875e-006
26312 3e-006
26313 3.70523e-006
26314 3.31875e-006
26315 4.06145e-006
26316 3e-006
26317 3.95625e-006
26318 3.95625e-006
26319 3e-006
26320 3e-006
26321 3.99012e-006
26322 3.31875e-006
26323 3e-006
26324 3.6375e-006
26325 4.34633e-006
26326 3e-006
26327 3e-006
26328 3e-006
26329 3.67137e-006
26330 3.39008e-006
26331 3e-006
26332 3e-006
26333 3e-006
26334 3e-006
26335 3.31875e-006
26336 5.0141e-006
26337 3e-006
26338 3e-006
26339 3.31875e-006
26340 4.69535e-006
26341 3e-006
26342 3.31875e-006
26343 3.99012e-006
26344 3e-006
26345 3e-006
26346 3e-006
26347 3.67496e-006
26348 3.67137e-006
26349 3e-006
26350 3.6375e-006
26351 4.94637e-006
26352 3.6375e-006
26353 3.35262e-006
26354 3.6375e-006
26355 3.6375e-006
26356 3.31875e-006
26357 3.70523e-006
26358 3e-006
26359 3.6375e-006
26360 3.31875e-006
26361 3.35262e-006
26362 4.02398e-006
26363 3e-006
26364 3.31875e-006
26365 3.31875e-006
26366 3.70523e-006
26367 3.31875e-006
26368 3e-006
26369 3.31875e-006
26370 3e-006
26371 3.31875e-006
26372 3e-006
26373 3.31875e-006
26374 3.35262e-006
26375 3e-006
26376 3e-006
26377 3e-006
26378 3e-006
26379 3.31875e-006
26380 3.31875e-006
26381 3.31875e-006
26382 3.31875e-006
26383 3e-006
26384 3.31875e-006
26385 3e-006
26386 3.99371e-006
26387 3e-006
26388 3.35262e-006
26389 3.39008e-006
26390 4.94637e-006
26391 3e-006
26392 3.6375e-006
26393 3e-006
26394 3e-006
26395 3.99012e-006
26396 3.99371e-006
26397 3e-006
26398 3.6375e-006
26399 3e-006
26400 3.35262e-006
26401 3e-006
26402 3.31875e-006
26403 3.31875e-006
26404 3.70883e-006
26405 3e-006
26406 4.09172e-006
26407 3e-006
26408 3.31875e-006
26409 3.31875e-006
26410 3e-006
26411 3e-006
26412 3.6375e-006
26413 3e-006
26414 3e-006
26415 3e-006
26416 3e-006
26417 3.31875e-006
26418 3e-006
26419 3e-006
26420 3e-006
26421 4.02398e-006
26422 3e-006
26423 3e-006
26424 3e-006
26425 3e-006
26426 3.35621e-006
26427 3e-006
26428 3e-006
26429 3.31875e-006
26430 3.31875e-006
26431 3.31875e-006
26432 3.31875e-006
26433 3e-006
26434 3e-006
26435 3e-006
26436 4.275e-006
26437 3e-006
26438 3e-006
26439 3e-006
26440 3e-006
26441 5.0177e-006
26442 4.0316e-006
26443 3e-006
26444 3e-006
26445 3e-006
26446 3e-006
26447 3.31875e-006
26448 3.6375e-006
26449 3e-006
26450 3.6375e-006
26451 3e-006
26452 3.38648e-006
26453 3.39368e-006
26454 3.6375e-006
26455 3e-006
26456 3.31875e-006
26457 3.31875e-006
26458 3.35262e-006
26459 3e-006
26460 3e-006
26461 3.35262e-006
26462 3e-006
26463 3e-006
26464 3e-006
26465 3.31875e-006
26466 3e-006
26467 3e-006
26468 3e-006
26469 4.62762e-006
26470 3.95625e-006
26471 3e-006
26472 3.31875e-006
26473 3e-006
26474 3.31875e-006
26475 3e-006
26476 3e-006
26477 3.67137e-006
26478 3e-006
26479 4.34273e-006
26480 3.31875e-006
26481 3e-006
26482 3e-006
26483 3e-006
26484 3.31875e-006
26485 3e-006
26486 3e-006
26487 3.31875e-006
26488 3e-006
26489 3e-006
26490 3e-006
26491 3e-006
26492 3e-006
26493 3e-006
26494 3e-006
26495 3.35262e-006
26496 4.30887e-006
26497 3.67137e-006
26498 3e-006
26499 3e-006
26500 3e-006
26501 3e-006
26502 3e-006
26503 3e-006
26504 3.31875e-006
26505 3e-006
26506 3e-006
26507 3e-006
26508 3e-006
26509 3e-006
26510 3e-006
26511 3.31875e-006
26512 3e-006
26513 4.275e-006
26514 3.31875e-006
26515 3e-006
26516 3e-006
26517 3e-006
26518 3.99012e-006
26519 3.35262e-006
26520 3e-006
26521 3.6375e-006
26522 3e-006
26523 3.31875e-006
26524 3e-006
26525 3e-006
26526 4.275e-006
26527 3e-006
26528 3.35262e-006
26529 3e-006
26530 3e-006
26531 3e-006
26532 4.66148e-006
26533 3e-006
26534 3e-006
26535 3.95625e-006
26536 3e-006
26537 3e-006
26538 3.6375e-006
26539 3e-006
26540 3.31875e-006
26541 3e-006
26542 3.70523e-006
26543 3e-006
26544 3e-006
26545 3e-006
26546 3e-006
26547 3e-006
26548 3.95625e-006
26549 3e-006
26550 3.31875e-006
26551 3e-006
26552 3e-006
26553 3e-006
26554 3e-006
26555 3.31875e-006
26556 3.35262e-006
26557 3.6375e-006
26558 3e-006
26559 3e-006
26560 3.31875e-006
26561 3e-006
26562 3e-006
26563 3e-006
26564 4.59375e-006
26565 3.35621e-006
26566 3e-006
26567 3e-006
26568 3.35262e-006
26569 3e-006
26570 3e-006
26571 3e-006
26572 3e-006
26573 3e-006
26574 3e-006
26575 3.31875e-006
26576 3.35262e-006
26577 3.35262e-006
26578 3e-006
26579 3e-006
26580 3e-006
26581 3.6375e-006
26582 3e-006
26583 3e-006
26584 3e-006
26585 3.31875e-006
26586 3e-006
26587 3.31875e-006
26588 3e-006
26589 3e-006
26590 3e-006
26591 3e-006
26592 3.31875e-006
26593 3e-006
26594 3e-006
26595 3e-006
26596 3e-006
26597 3.35262e-006
26598 3e-006
26599 3.6375e-006
26600 3e-006
26601 3e-006
26602 3e-006
26603 3e-006
26604 3e-006
26605 3e-006
26606 3e-006
26607 3e-006
26608 3.6375e-006
26609 3e-006
26610 3.35262e-006
26611 3e-006
26612 3.39804e-006
26613 3e-006
26614 3e-006
26615 3.95625e-006
26616 3e-006
26617 3e-006
26618 3e-006
26619 3e-006
26620 3e-006
26621 3.31875e-006
26622 3e-006
26623 3.6375e-006
26624 3.6375e-006
26625 3.31875e-006
26626 3.95625e-006
26627 4.275e-006
26628 3e-006
26629 3e-006
26630 3e-006
26631 3.99012e-006
26632 3e-006
26633 3.31875e-006
26634 3.31875e-006
26635 3.6375e-006
26636 3e-006
26637 3e-006
26638 3.31875e-006
26639 3e-006
26640 3e-006
26641 3e-006
26642 3e-006
26643 3e-006
26644 3.99012e-006
26645 3e-006
26646 3.31875e-006
26647 3.6375e-006
26648 3e-006
26649 3.31875e-006
26650 3.31875e-006
26651 3.70523e-006
26652 3e-006
26653 3.31875e-006
26654 3e-006
26655 3.31875e-006
26656 3.6375e-006
26657 3e-006
26658 3e-006
26659 3.31875e-006
26660 3e-006
26661 3.35262e-006
26662 3e-006
26663 3e-006
26664 4.275e-006
26665 3e-006
26666 4.30887e-006
26667 3e-006
26668 3e-006
26669 3e-006
26670 3.70523e-006
26671 3.6375e-006
26672 3.35262e-006
26673 3.70523e-006
26674 3e-006
26675 4.59375e-006
26676 3e-006
26677 3.31875e-006
26678 3e-006
26679 3.6375e-006
26680 3.95625e-006
26681 3e-006
26682 3.35262e-006
26683 3e-006
26684 3e-006
26685 3e-006
26686 3e-006
26687 3e-006
26688 3e-006
26689 3e-006
26690 3e-006
26691 3.6375e-006
26692 3.35262e-006
26693 3.31875e-006
26694 3.6375e-006
26695 3.67137e-006
26696 3.39368e-006
26697 3e-006
26698 3e-006
26699 3e-006
26700 3e-006
26701 3.35262e-006
26702 3e-006
26703 3.31875e-006
26704 3e-006
26705 3.31875e-006
26706 3e-006
26707 3e-006
26708 3e-006
26709 3e-006
26710 3.70523e-006
26711 3e-006
26712 3e-006
26713 3e-006
26714 3e-006
26715 3e-006
26716 3.6375e-006
26717 3.6375e-006
26718 3.31875e-006
26719 3.31875e-006
26720 3.95625e-006
26721 3e-006
26722 3e-006
26723 4.09532e-006
26724 3.99012e-006
26725 3.67137e-006
26726 3e-006
26727 3e-006
26728 3e-006
26729 3.99012e-006
26730 3.7427e-006
26731 3e-006
26732 3.31875e-006
26733 3.6375e-006
26734 3.31875e-006
26735 3e-006
26736 3e-006
26737 3e-006
26738 3.31875e-006
26739 3.31875e-006
26740 3.6375e-006
26741 3e-006
26742 3e-006
26743 3.31875e-006
26744 3e-006
26745 3.6375e-006
26746 3.31875e-006
26747 3.31875e-006
26748 3.31875e-006
26749 3e-006
26750 3.31875e-006
26751 3e-006
26752 3.35262e-006
26753 3.31875e-006
26754 3.35262e-006
26755 3e-006
26756 3e-006
26757 3e-006
26758 3e-006
26759 3e-006
26760 3.31875e-006
26761 3.35262e-006
26762 3.31875e-006
26763 3.6375e-006
26764 3.6375e-006
26765 3e-006
26766 3.31875e-006
26767 3e-006
26768 3.31875e-006
26769 3.67137e-006
26770 3e-006
26771 3.31875e-006
26772 3e-006
26773 3e-006
26774 3e-006
26775 3.31875e-006
26776 3e-006
26777 3e-006
26778 3.67137e-006
26779 3e-006
26780 3.6375e-006
26781 3.67137e-006
26782 3e-006
26783 3.95625e-006
26784 3.31875e-006
26785 3.35262e-006
26786 3e-006
26787 3e-006
26788 3e-006
26789 3.35621e-006
26790 3e-006
26791 3e-006
26792 3e-006
26793 3.7391e-006
26794 3e-006
26795 3e-006
26796 3e-006
26797 3.35262e-006
26798 3.6375e-006
26799 3e-006
26800 3e-006
26801 3e-006
26802 3.95625e-006
26803 3e-006
26804 3.6375e-006
26805 3.31875e-006
26806 3e-006
26807 3.31875e-006
26808 3e-006
26809 3e-006
26810 3.31875e-006
26811 4.30887e-006
26812 3.31875e-006
26813 3.31875e-006
26814 3e-006
26815 3.6375e-006
26816 3e-006
26817 3.6375e-006
26818 3.31875e-006
26819 3.6375e-006
26820 3e-006
26821 3e-006
26822 3e-006
26823 3.35262e-006
26824 3.31875e-006
26825 3e-006
26826 3e-006
26827 3.31875e-006
26828 3e-006
26829 3e-006
26830 3e-006
26831 3e-006
26832 3e-006
26833 3.31875e-006
26834 3e-006
26835 3e-006
26836 3e-006
26837 3.6375e-006
26838 3.31875e-006
26839 3e-006
26840 3.99012e-006
26841 3.6375e-006
26842 3e-006
26843 3.6375e-006
26844 3.67137e-006
26845 3e-006
26846 3.31875e-006
26847 3e-006
26848 3.31875e-006
26849 3e-006
26850 3e-006
26851 3e-006
26852 3e-006
26853 3.31875e-006
26854 3.95625e-006
26855 3e-006
26856 3.31875e-006
26857 3e-006
26858 3.31875e-006
26859 3.39008e-006
26860 3.6375e-006
26861 3.6375e-006
26862 3e-006
26863 3e-006
26864 3.31875e-006
26865 3e-006
26866 3e-006
26867 3.6375e-006
26868 3e-006
26869 3.31875e-006
26870 3.31875e-006
26871 3.70523e-006
26872 3e-006
26873 3e-006
26874 3e-006
26875 3e-006
26876 3.31875e-006
26877 3.31875e-006
26878 3.6375e-006
26879 3e-006
26880 3e-006
26881 4.275e-006
26882 3e-006
26883 3e-006
26884 3e-006
26885 3.67137e-006
26886 3.95625e-006
26887 3e-006
26888 3e-006
26889 3.70523e-006
26890 3.31875e-006
26891 3e-006
26892 3e-006
26893 4.34633e-006
26894 3.31875e-006
26895 3e-006
26896 3e-006
26897 3e-006
26898 3.31875e-006
26899 3e-006
26900 3e-006
26901 3.95625e-006
26902 3e-006
26903 3e-006
26904 3e-006
26905 3e-006
26906 3e-006
26907 3e-006
26908 3e-006
26909 3e-006
26910 3.31875e-006
26911 3e-006
26912 3e-006
26913 3.31875e-006
26914 3e-006
26915 3.31875e-006
26916 3.6375e-006
26917 3.31875e-006
26918 3e-006
26919 3e-006
26920 3e-006
26921 3e-006
26922 3e-006
26923 4.69535e-006
26924 3e-006
26925 3e-006
26926 3e-006
26927 3.6375e-006
26928 3.6375e-006
26929 3e-006
26930 3e-006
26931 3e-006
26932 3e-006
26933 3.31875e-006
26934 3e-006
26935 3e-006
26936 3.31875e-006
26937 3.31875e-006
26938 4.34273e-006
26939 3.35262e-006
26940 3e-006
26941 3.31875e-006
26942 3e-006
26943 3e-006
26944 3.31875e-006
26945 3e-006
26946 3.95625e-006
26947 3e-006
26948 3e-006
26949 3.6375e-006
26950 3e-006
26951 3.31875e-006
26952 3e-006
26953 3.70523e-006
26954 3e-006
26955 3.31875e-006
26956 3e-006
26957 3.31875e-006
26958 3e-006
26959 3e-006
26960 3e-006
26961 3.95625e-006
26962 3e-006
26963 3.31875e-006
26964 3e-006
26965 3e-006
26966 3.95625e-006
26967 3e-006
26968 3e-006
26969 3e-006
26970 3e-006
26971 3.31875e-006
26972 3.35262e-006
26973 3e-006
26974 4.9125e-006
26975 3.31875e-006
26976 4.09532e-006
26977 3e-006
26978 3e-006
26979 3e-006
26980 3e-006
26981 3e-006
26982 5.23125e-006
26983 3e-006
26984 3e-006
26985 3e-006
26986 3e-006
26987 3.35621e-006
26988 3e-006
26989 3e-006
26990 3e-006
26991 3e-006
26992 3e-006
26993 3e-006
26994 3e-006
26995 3.31875e-006
26996 3e-006
26997 3.31875e-006
26998 3e-006
26999 3.67137e-006
27000 3e-006
27001 3.31875e-006
27002 3e-006
27003 3e-006
27004 3e-006
27005 3.31875e-006
27006 3e-006
27007 3e-006
27008 3e-006
27009 3e-006
27010 3e-006
27011 3e-006
27012 4.34273e-006
27013 3.31875e-006
27014 3e-006
27015 3e-006
27016 3.67137e-006
27017 3e-006
27018 3.31875e-006
27019 3.31875e-006
27020 3e-006
27021 3.70883e-006
27022 3e-006
27023 4.30887e-006
27024 3e-006
27025 3e-006
27026 3e-006
27027 3e-006
27028 3e-006
27029 3e-006
27030 3e-006
27031 3e-006
27032 4.62762e-006
27033 3.31875e-006
27034 3.31875e-006
27035 3.35262e-006
27036 3e-006
27037 3e-006
27038 3e-006
27039 3.6375e-006
27040 3.31875e-006
27041 3e-006
27042 3e-006
27043 3.31875e-006
27044 3.31875e-006
27045 3e-006
27046 3e-006
27047 3.31875e-006
27048 3e-006
27049 3e-006
27050 3.6375e-006
27051 3e-006
27052 3.99012e-006
27053 3e-006
27054 3e-006
27055 3e-006
27056 3.35262e-006
27057 3.95625e-006
27058 3.6375e-006
27059 3.31875e-006
27060 3.31875e-006
27061 4.98023e-006
27062 3.31875e-006
27063 3.31875e-006
27064 3e-006
27065 3e-006
27066 3e-006
27067 3.70523e-006
27068 3e-006
27069 3e-006
27070 3e-006
27071 3e-006
27072 3.31875e-006
27073 3e-006
27074 3e-006
27075 3e-006
27076 3e-006
27077 3e-006
27078 3.6375e-006
27079 3e-006
27080 3.95625e-006
27081 3e-006
27082 3e-006
27083 3e-006
27084 3e-006
27085 3.31875e-006
27086 3e-006
27087 3e-006
27088 3e-006
27089 3.31875e-006
27090 3e-006
27091 3e-006
27092 3e-006
27093 3e-006
27094 3e-006
27095 3e-006
27096 3e-006
27097 3.67137e-006
27098 3.42755e-006
27099 3e-006
27100 3e-006
27101 3e-006
27102 3e-006
27103 3.31875e-006
27104 3.35262e-006
27105 3e-006
27106 3e-006
27107 3e-006
27108 3e-006
27109 3.38648e-006
27110 3.31875e-006
27111 3.31875e-006
27112 3.31875e-006
27113 3.67137e-006
27114 3.31875e-006
27115 3e-006
27116 3.31875e-006
27117 3.35262e-006
27118 3.31875e-006
27119 3e-006
27120 3.31875e-006
27121 3e-006
27122 3e-006
27123 3e-006
27124 3e-006
27125 3e-006
27126 3e-006
27127 3e-006
27128 3e-006
27129 3.31875e-006
27130 3.6375e-006
27131 3.6375e-006
27132 3.31875e-006
27133 3e-006
27134 3e-006
27135 3e-006
27136 3e-006
27137 3e-006
27138 3e-006
27139 3e-006
27140 3e-006
27141 3e-006
27142 3.67137e-006
27143 3e-006
27144 3e-006
27145 3e-006
27146 3.31875e-006
27147 3e-006
27148 3.31875e-006
27149 3e-006
27150 3e-006
27151 3e-006
27152 3e-006
27153 3.67137e-006
27154 4.31246e-006
27155 3.35262e-006
27156 3.31875e-006
27157 3e-006
27158 3e-006
27159 3.31875e-006
27160 3e-006
27161 3.31875e-006
27162 3.67137e-006
27163 3.31875e-006
27164 3e-006
27165 3.67137e-006
27166 3e-006
27167 3.6375e-006
27168 3e-006
27169 3.35262e-006
27170 3e-006
27171 3e-006
27172 3.38648e-006
27173 3e-006
27174 3e-006
27175 3.31875e-006
27176 3e-006
27177 3e-006
27178 3e-006
27179 3.31875e-006
27180 3e-006
27181 3.31875e-006
27182 3e-006
27183 3.31875e-006
27184 3e-006
27185 3e-006
27186 3.31875e-006
27187 3.67137e-006
27188 3.31875e-006
27189 3e-006
27190 3e-006
27191 3e-006
27192 3.31875e-006
27193 3.67137e-006
27194 3e-006
27195 3.31875e-006
27196 3.31875e-006
27197 3e-006
27198 3e-006
27199 3.31875e-006
27200 3.31875e-006
27201 3e-006
27202 4.06145e-006
27203 3.31875e-006
27204 3e-006
27205 3e-006
27206 3e-006
27207 3e-006
27208 3e-006
27209 3e-006
27210 3e-006
27211 3e-006
27212 3.31875e-006
27213 3e-006
27214 3.6375e-006
27215 3.31875e-006
27216 3e-006
27217 3e-006
27218 3.6375e-006
27219 3.31875e-006
27220 3.6375e-006
27221 4.30887e-006
27222 3.95625e-006
27223 3e-006
27224 3.31875e-006
27225 3.31875e-006
27226 3e-006
27227 3.31875e-006
27228 3e-006
27229 3e-006
27230 3.7391e-006
27231 3.31875e-006
27232 3e-006
27233 3e-006
27234 3.6375e-006
27235 3.31875e-006
27236 3e-006
27237 3e-006
27238 3.31875e-006
27239 3e-006
27240 3e-006
27241 3.99012e-006
27242 3e-006
27243 3e-006
27244 3e-006
27245 3e-006
27246 3e-006
27247 3e-006
27248 3e-006
27249 3e-006
27250 3e-006
27251 3e-006
27252 3e-006
27253 3e-006
27254 3.35262e-006
27255 3e-006
27256 3.39008e-006
27257 4.34273e-006
27258 3.70523e-006
27259 3.31875e-006
27260 3.95625e-006
27261 3e-006
27262 3.6375e-006
27263 3e-006
27264 3e-006
27265 3e-006
27266 3e-006
27267 3.31875e-006
27268 3e-006
27269 3e-006
27270 3e-006
27271 3.31875e-006
27272 3e-006
27273 3.31875e-006
27274 3e-006
27275 3e-006
27276 3.6375e-006
27277 3.6375e-006
27278 3e-006
27279 3e-006
27280 3e-006
27281 3.6375e-006
27282 3e-006
27283 3e-006
27284 3e-006
27285 3e-006
27286 3.31875e-006
27287 3e-006
27288 3e-006
27289 3e-006
27290 3e-006
27291 3e-006
27292 3e-006
27293 3.35262e-006
27294 3.6375e-006
27295 3e-006
27296 3e-006
27297 3.31875e-006
27298 3e-006
27299 3e-006
27300 3e-006
27301 3.38648e-006
27302 3e-006
27303 3e-006
27304 3e-006
27305 3e-006
27306 3.31875e-006
27307 4.275e-006
27308 3.31875e-006
27309 3e-006
27310 3e-006
27311 3e-006
27312 3e-006
27313 4.34633e-006
27314 3.6375e-006
27315 3e-006
27316 3.31875e-006
27317 3e-006
27318 3.31875e-006
27319 3e-006
27320 3e-006
27321 3.67137e-006
27322 3.6375e-006
27323 3e-006
27324 3e-006
27325 4.02398e-006
27326 3.95625e-006
27327 3e-006
27328 3.31875e-006
27329 3e-006
27330 3e-006
27331 3.6375e-006
27332 3e-006
27333 3e-006
27334 3e-006
27335 3.6375e-006
27336 3.6375e-006
27337 3e-006
27338 3e-006
27339 3e-006
27340 3e-006
27341 4.30887e-006
27342 3.31875e-006
27343 3e-006
27344 3e-006
27345 3.67137e-006
27346 3e-006
27347 3.31875e-006
27348 3e-006
27349 3e-006
27350 3.67137e-006
27351 3.31875e-006
27352 3.6375e-006
27353 3.31875e-006
27354 3e-006
27355 3e-006
27356 3e-006
27357 5.29898e-006
27358 3.31875e-006
27359 3e-006
27360 3e-006
27361 3e-006
27362 3e-006
27363 3.31875e-006
27364 3e-006
27365 3e-006
27366 3e-006
27367 3.6375e-006
27368 3.99012e-006
27369 3.31875e-006
27370 3e-006
27371 3.31875e-006
27372 3e-006
27373 3.95625e-006
27374 3e-006
27375 3e-006
27376 3e-006
27377 3e-006
27378 3.95625e-006
27379 3e-006
27380 3.31875e-006
27381 3e-006
27382 3e-006
27383 3.31875e-006
27384 3e-006
27385 3e-006
27386 3e-006
27387 3e-006
27388 3e-006
27389 3e-006
27390 3e-006
27391 3.67137e-006
27392 3.6375e-006
27393 3.31875e-006
27394 3e-006
27395 3e-006
27396 3e-006
27397 3.6375e-006
27398 3.31875e-006
27399 3e-006
27400 3.6375e-006
27401 3e-006
27402 3e-006
27403 3.35621e-006
27404 3e-006
27405 3e-006
27406 3e-006
27407 3e-006
27408 4.12559e-006
27409 3e-006
27410 3e-006
27411 3.95625e-006
27412 3.31875e-006
27413 3e-006
27414 3e-006
27415 3.6375e-006
27416 3e-006
27417 3.31875e-006
27418 3e-006
27419 3.67137e-006
27420 3e-006
27421 5.02168e-006
27422 3e-006
27423 3.31875e-006
27424 4.02398e-006
27425 3e-006
27426 3.70523e-006
27427 3.7391e-006
27428 3e-006
27429 3e-006
27430 3e-006
27431 3.6375e-006
27432 3e-006
27433 3.31875e-006
27434 3.99012e-006
27435 3e-006
27436 3.6375e-006
27437 3e-006
27438 3e-006
27439 3.35262e-006
27440 3e-006
27441 4.02398e-006
27442 3.70883e-006
27443 3e-006
27444 3e-006
27445 3e-006
27446 3e-006
27447 3e-006
27448 3e-006
27449 3.31875e-006
27450 3.67137e-006
27451 3e-006
27452 3e-006
27453 3e-006
27454 3e-006
27455 3e-006
27456 3.45422e-006
27457 3e-006
27458 3.31875e-006
27459 3.35262e-006
27460 3.38648e-006
27461 3.95625e-006
27462 3e-006
27463 3e-006
27464 3.31875e-006
27465 3e-006
27466 3e-006
27467 3e-006
27468 3.6375e-006
27469 3e-006
27470 3.31875e-006
27471 3e-006
27472 3e-006
27473 3.67137e-006
27474 3e-006
27475 3e-006
27476 4.275e-006
27477 3e-006
27478 3e-006
27479 3e-006
27480 3e-006
27481 3.31875e-006
27482 3e-006
27483 3e-006
27484 3e-006
27485 3.31875e-006
27486 3e-006
27487 4.06145e-006
27488 3e-006
27489 3.95625e-006
27490 3e-006
27491 3e-006
27492 3.38648e-006
27493 3.6375e-006
27494 3.6375e-006
27495 3e-006
27496 3.31875e-006
27497 3.6375e-006
27498 3e-006
27499 3.31875e-006
27500 3e-006
27501 3.31875e-006
27502 3e-006
27503 3.31875e-006
27504 3e-006
27505 3e-006
27506 3.31875e-006
27507 3e-006
27508 4.62762e-006
27509 3.31875e-006
27510 3e-006
27511 3e-006
27512 3e-006
27513 3e-006
27514 3e-006
27515 3e-006
27516 3e-006
27517 3e-006
27518 3e-006
27519 3.31875e-006
27520 4.275e-006
27521 3.6375e-006
27522 3e-006
27523 3.31875e-006
27524 3e-006
27525 3.31875e-006
27526 3e-006
27527 3e-006
27528 3.38648e-006
27529 3e-006
27530 5.19423e-006
27531 3e-006
27532 3e-006
27533 3e-006
27534 3e-006
27535 3.31875e-006
27536 4.02398e-006
27537 3e-006
27538 3e-006
27539 3e-006
27540 3e-006
27541 3.95625e-006
27542 3.6375e-006
27543 3.31875e-006
27544 3e-006
27545 3.31875e-006
27546 3.31875e-006
27547 3.31875e-006
27548 3e-006
27549 3e-006
27550 3e-006
27551 3e-006
27552 3e-006
27553 3e-006
27554 3e-006
27555 3.31875e-006
27556 3.95625e-006
27557 3e-006
27558 3e-006
27559 3e-006
27560 3.35262e-006
27561 3.31875e-006
27562 3e-006
27563 3e-006
27564 3e-006
27565 3e-006
27566 3e-006
27567 3e-006
27568 3e-006
27569 3e-006
27570 3.95625e-006
27571 3e-006
27572 3.99012e-006
27573 3e-006
27574 3.95625e-006
27575 3e-006
27576 3e-006
27577 3e-006
27578 3.67137e-006
27579 3.31875e-006
27580 3e-006
27581 3e-006
27582 3.67137e-006
27583 3.95625e-006
27584 3.31875e-006
27585 3e-006
27586 3.6375e-006
27587 3e-006
27588 3e-006
27589 3e-006
27590 3e-006
27591 3e-006
27592 3.31875e-006
27593 3e-006
27594 3e-006
27595 4.09532e-006
27596 3.35621e-006
27597 3e-006
27598 3.31875e-006
27599 3e-006
27600 3e-006
27601 3e-006
27602 3.31875e-006
27603 3e-006
27604 3.31875e-006
27605 3.95625e-006
27606 3.6375e-006
27607 3e-006
27608 3e-006
27609 3e-006
27610 3.31875e-006
27611 3e-006
27612 3.31875e-006
27613 4.66508e-006
27614 3.31875e-006
27615 3.31875e-006
27616 3e-006
27617 3.67137e-006
27618 3e-006
27619 3e-006
27620 3e-006
27621 3.31875e-006
27622 3.42395e-006
27623 3e-006
27624 3.67137e-006
27625 3e-006
27626 3e-006
27627 3.6375e-006
27628 4.98743e-006
27629 3e-006
27630 3.31875e-006
27631 3e-006
27632 3.6375e-006
27633 3e-006
27634 3.31875e-006
27635 3e-006
27636 3e-006
27637 3e-006
27638 3.31875e-006
27639 3.6375e-006
27640 3e-006
27641 3e-006
27642 3e-006
27643 3.9941e-006
27644 3.31875e-006
27645 3e-006
27646 3e-006
27647 3e-006
27648 3e-006
27649 3.35262e-006
27650 3.31875e-006
27651 3e-006
27652 3.31875e-006
27653 3e-006
27654 3.31875e-006
27655 3e-006
27656 3.31875e-006
27657 3.43233e-006
27658 3.31875e-006
27659 3e-006
27660 3e-006
27661 3.35621e-006
27662 3.35262e-006
27663 3e-006
27664 3e-006
27665 3e-006
27666 4.62762e-006
27667 3e-006
27668 3.31875e-006
27669 3e-006
27670 3e-006
27671 3.6375e-006
27672 3.70523e-006
27673 3e-006
27674 3e-006
27675 3e-006
27676 3.6375e-006
27677 3e-006
27678 3.31875e-006
27679 3.42755e-006
27680 3e-006
27681 3e-006
27682 3.95625e-006
27683 3.35262e-006
27684 3e-006
27685 3e-006
27686 3e-006
27687 3e-006
27688 3.31875e-006
27689 3.6375e-006
27690 3e-006
27691 3e-006
27692 3e-006
27693 3.6375e-006
27694 3e-006
27695 3e-006
27696 3e-006
27697 3e-006
27698 3e-006
27699 3e-006
27700 3.31875e-006
27701 3.31875e-006
27702 3.6375e-006
27703 3.6375e-006
27704 3e-006
27705 3e-006
27706 3e-006
27707 3e-006
27708 3.35621e-006
27709 3e-006
27710 3e-006
27711 3.45782e-006
27712 3e-006
27713 3.6375e-006
27714 3e-006
27715 3e-006
27716 3.6375e-006
27717 3e-006
27718 3.67137e-006
27719 3e-006
27720 3e-006
27721 3e-006
27722 3e-006
27723 3e-006
27724 3.31875e-006
27725 3e-006
27726 3.31875e-006
27727 3e-006
27728 3.31875e-006
27729 3e-006
27730 3e-006
27731 3e-006
27732 3e-006
27733 3.31875e-006
27734 3.6375e-006
27735 3e-006
27736 3.31875e-006
27737 3e-006
27738 3.67933e-006
27739 3.6375e-006
27740 3e-006
27741 3e-006
27742 3e-006
27743 3.31875e-006
27744 3e-006
27745 3.67137e-006
27746 3e-006
27747 3e-006
27748 3e-006
27749 3.67137e-006
27750 3e-006
27751 3e-006
27752 3e-006
27753 3e-006
27754 3.95625e-006
27755 3.95625e-006
27756 4.275e-006
27757 3e-006
27758 3e-006
27759 3e-006
27760 3e-006
27761 3.31875e-006
27762 3e-006
27763 3e-006
27764 3.31875e-006
27765 4.275e-006
27766 3.95625e-006
27767 3e-006
27768 3.31875e-006
27769 3.31875e-006
27770 3e-006
27771 3e-006
27772 3.31875e-006
27773 3.35262e-006
27774 3e-006
27775 3e-006
27776 3e-006
27777 3e-006
27778 3.6375e-006
27779 3.31875e-006
27780 4.3802e-006
27781 3e-006
27782 3e-006
27783 3.67137e-006
27784 3.35262e-006
27785 3e-006
27786 3e-006
27787 3e-006
27788 3e-006
27789 3.67496e-006
27790 3.31875e-006
27791 5.19063e-006
27792 3e-006
27793 3e-006
27794 3.31875e-006
27795 3.31875e-006
27796 3e-006
27797 3e-006
27798 3.6375e-006
27799 3e-006
27800 3e-006
27801 3e-006
27802 3.35262e-006
27803 4.3838e-006
27804 3e-006
27805 3e-006
27806 3e-006
27807 3.6375e-006
27808 3e-006
27809 4.30887e-006
27810 3e-006
27811 3.31875e-006
27812 3e-006
27813 3.31875e-006
27814 3.6375e-006
27815 3e-006
27816 3e-006
27817 3.6375e-006
27818 3e-006
27819 3e-006
27820 3e-006
27821 3e-006
27822 3e-006
27823 3e-006
27824 3.31875e-006
27825 3.31875e-006
27826 3e-006
27827 3e-006
27828 3.74668e-006
27829 3e-006
27830 3e-006
27831 3e-006
27832 3e-006
27833 3.31875e-006
27834 3e-006
27835 4.02398e-006
27836 3e-006
27837 3e-006
27838 3.31875e-006
27839 3e-006
27840 3e-006
27841 3e-006
27842 4.3802e-006
27843 3e-006
27844 3e-006
27845 3e-006
27846 3.6375e-006
27847 3e-006
27848 3.31875e-006
27849 3.31875e-006
27850 3e-006
27851 3.35262e-006
27852 3e-006
27853 3.31875e-006
27854 3.31875e-006
27855 3e-006
27856 3e-006
27857 3e-006
27858 3e-006
27859 3.31875e-006
27860 3e-006
27861 3e-006
27862 3.67137e-006
27863 3e-006
27864 3e-006
27865 3e-006
27866 3.31875e-006
27867 3e-006
27868 3.31875e-006
27869 3e-006
27870 3.6375e-006
27871 3e-006
27872 3.6375e-006
27873 3e-006
27874 3.31875e-006
27875 3e-006
27876 3e-006
27877 3.31875e-006
27878 4.94996e-006
27879 3e-006
27880 3.6375e-006
27881 3.6375e-006
27882 3.6375e-006
27883 3e-006
27884 3e-006
27885 3e-006
27886 3e-006
27887 3e-006
27888 3.6375e-006
27889 3.70883e-006
27890 3e-006
27891 3e-006
27892 3e-006
27893 3.95625e-006
27894 3.35262e-006
27895 3e-006
27896 3e-006
27897 3e-006
27898 3.6375e-006
27899 3e-006
27900 3e-006
27901 3e-006
27902 3e-006
27903 3e-006
27904 3e-006
27905 3e-006
27906 3.31875e-006
27907 3e-006
27908 3e-006
27909 3e-006
27910 3e-006
27911 3e-006
27912 3e-006
27913 3.6375e-006
27914 3.6375e-006
27915 3.6375e-006
27916 3e-006
27917 4.34273e-006
27918 3.6375e-006
27919 3e-006
27920 3e-006
27921 3.6375e-006
27922 3e-006
27923 3e-006
27924 3.39008e-006
27925 3e-006
27926 3e-006
27927 3.70523e-006
27928 3e-006
27929 3e-006
27930 3.31875e-006
27931 3.99012e-006
27932 3e-006
27933 3.31875e-006
27934 3e-006
27935 3e-006
27936 3e-006
27937 3.31875e-006
27938 3e-006
27939 3e-006
27940 3e-006
27941 3e-006
27942 3.6375e-006
27943 3.31875e-006
27944 3e-006
27945 3e-006
27946 3.31875e-006
27947 3e-006
27948 3.31875e-006
27949 3e-006
27950 3e-006
27951 3e-006
27952 3.31875e-006
27953 3e-006
27954 3e-006
27955 3e-006
27956 3e-006
27957 3e-006
27958 3e-006
27959 3e-006
27960 3e-006
27961 3e-006
27962 3e-006
27963 3e-006
27964 3.31875e-006
27965 3.31875e-006
27966 3e-006
27967 3e-006
27968 3.31875e-006
27969 3e-006
27970 3.67137e-006
27971 4.30887e-006
27972 3e-006
27973 3e-006
27974 3e-006
27975 3.6375e-006
27976 3e-006
27977 3e-006
27978 3e-006
27979 3e-006
27980 3.31875e-006
27981 3.6375e-006
27982 3e-006
27983 3e-006
27984 3e-006
27985 3.31875e-006
27986 3e-006
27987 3.31875e-006
27988 3e-006
27989 3e-006
27990 3e-006
27991 3.31875e-006
27992 3e-006
27993 3.31875e-006
27994 3.31875e-006
27995 3e-006
27996 3.99012e-006
27997 3e-006
27998 3e-006
27999 3.67137e-006
28000 3e-006
28001 5.0141e-006
28002 3e-006
28003 3.99371e-006
28004 3e-006
28005 3e-006
28006 3e-006
28007 3e-006
28008 3e-006
28009 3.6375e-006
28010 3e-006
28011 3.99012e-006
28012 3e-006
28013 3.35262e-006
28014 3e-006
28015 3e-006
28016 3.31875e-006
28017 3e-006
28018 3e-006
28019 3.6375e-006
28020 3.95625e-006
28021 3e-006
28022 4.4818e-006
28023 3e-006
28024 3e-006
28025 3e-006
28026 3e-006
28027 3e-006
28028 3.31875e-006
28029 3.31875e-006
28030 3.31875e-006
28031 3.31875e-006
28032 3e-006
28033 3e-006
28034 3.67137e-006
28035 4.62762e-006
28036 3e-006
28037 3e-006
28038 3e-006
28039 3.31875e-006
28040 3e-006
28041 3e-006
28042 3e-006
28043 4.4854e-006
28044 3.6375e-006
28045 3.99012e-006
28046 3e-006
28047 3.31875e-006
28048 3e-006
28049 3.31875e-006
28050 3e-006
28051 3.31875e-006
28052 3e-006
28053 3.31875e-006
28054 3.31875e-006
28055 3e-006
28056 3.6375e-006
28057 3.31875e-006
28058 3e-006
28059 3e-006
28060 3e-006
28061 3.31875e-006
28062 3.35262e-006
28063 3.6375e-006
28064 3.6375e-006
28065 3e-006
28066 3e-006
28067 3e-006
28068 5.33645e-006
28069 3e-006
28070 4.30887e-006
28071 3.35262e-006
28072 4.30887e-006
28073 3e-006
28074 3e-006
28075 3.70921e-006
28076 3e-006
28077 3e-006
28078 3.31875e-006
28079 3e-006
28080 3e-006
28081 3.67137e-006
28082 3.35262e-006
28083 3.99012e-006
28084 3e-006
28085 3.31875e-006
28086 3e-006
28087 3e-006
28088 3e-006
28089 3.31875e-006
28090 3.6375e-006
28091 3e-006
28092 3e-006
28093 3e-006
28094 3.31875e-006
28095 3.88177e-006
28096 3e-006
28097 3e-006
28098 3e-006
28099 3e-006
28100 3.31875e-006
28101 3e-006
28102 3.31875e-006
28103 3e-006
28104 3e-006
28105 3e-006
28106 3.35262e-006
28107 3e-006
28108 3.31875e-006
28109 3e-006
28110 3.31875e-006
28111 3e-006
28112 3.31875e-006
28113 3.35262e-006
28114 3e-006
28115 3.31875e-006
28116 3.67137e-006
28117 3.31875e-006
28118 3e-006
28119 3.31875e-006
28120 3e-006
28121 3.6375e-006
28122 3e-006
28123 3.6375e-006
28124 3e-006
28125 3e-006
28126 3.71641e-006
28127 3e-006
28128 3.31875e-006
28129 3.31875e-006
28130 3e-006
28131 3.35262e-006
28132 3e-006
28133 3e-006
28134 3e-006
28135 3e-006
28136 3e-006
28137 3.42035e-006
28138 3e-006
28139 3e-006
28140 3e-006
28141 3e-006
28142 3.31875e-006
28143 3e-006
28144 3.31875e-006
28145 3e-006
28146 3.6375e-006
28147 3e-006
28148 3e-006
28149 3e-006
28150 3.31875e-006
28151 3.31875e-006
28152 3e-006
28153 3e-006
28154 3e-006
28155 3.31875e-006
28156 3.6375e-006
28157 3e-006
28158 3e-006
28159 3e-006
28160 3.31875e-006
28161 3.6375e-006
28162 3e-006
28163 3.6375e-006
28164 3e-006
28165 3e-006
28166 3.31875e-006
28167 3e-006
28168 3.35262e-006
28169 3e-006
28170 3e-006
28171 4.275e-006
28172 3e-006
28173 3e-006
28174 3.31875e-006
28175 3e-006
28176 3.31875e-006
28177 3e-006
28178 3e-006
28179 5.30258e-006
28180 3e-006
28181 3.6375e-006
28182 3e-006
28183 3e-006
28184 3.31875e-006
28185 3e-006
28186 3.38648e-006
28187 3.31875e-006
28188 3e-006
28189 3e-006
28190 3e-006
28191 3.31875e-006
28192 3.31875e-006
28193 3e-006
28194 3.31875e-006
28195 4.34273e-006
28196 3.35262e-006
28197 3.31875e-006
28198 3e-006
28199 3.6375e-006
28200 3.38648e-006
28201 3.31875e-006
28202 3e-006
28203 3e-006
28204 3e-006
28205 3e-006
28206 3.31875e-006
28207 3.31875e-006
28208 3e-006
28209 3.67137e-006
28210 3e-006
28211 3e-006
28212 3e-006
28213 3e-006
28214 3e-006
28215 3.31875e-006
28216 3e-006
28217 3e-006
28218 3e-006
28219 3.31875e-006
28220 3e-006
28221 3e-006
28222 3e-006
28223 3.31875e-006
28224 3e-006
28225 3e-006
28226 3e-006
28227 3.31875e-006
28228 3.31875e-006
28229 3.35262e-006
28230 3e-006
28231 3.31875e-006
28232 3.31875e-006
28233 4.30887e-006
28234 3e-006
28235 3.95625e-006
28236 3e-006
28237 3.31875e-006
28238 3e-006
28239 3e-006
28240 3.31875e-006
28241 3.6375e-006
28242 3.6375e-006
28243 3.38648e-006
28244 3e-006
28245 3.95625e-006
28246 3e-006
28247 3.38648e-006
28248 3e-006
28249 3e-006
28250 3e-006
28251 3e-006
28252 3e-006
28253 3e-006
28254 3e-006
28255 3e-006
28256 3e-006
28257 3.67137e-006
28258 3e-006
28259 3.38648e-006
28260 3.38648e-006
28261 3e-006
28262 3e-006
28263 3e-006
28264 3e-006
28265 3.6375e-006
28266 3e-006
28267 3e-006
28268 3e-006
28269 3e-006
28270 3.31875e-006
28271 3.6375e-006
28272 4.3766e-006
28273 3e-006
28274 3e-006
28275 3e-006
28276 3e-006
28277 3e-006
28278 3e-006
28279 3e-006
28280 3e-006
28281 3e-006
28282 3e-006
28283 3e-006
28284 3e-006
28285 3e-006
28286 3e-006
28287 3e-006
28288 3e-006
28289 3e-006
28290 3e-006
28291 3.6375e-006
28292 3e-006
28293 3e-006
28294 3e-006
28295 3.6375e-006
28296 3e-006
28297 3e-006
28298 4.02398e-006
28299 3e-006
28300 3e-006
28301 3e-006
28302 3e-006
28303 3e-006
28304 3e-006
28305 3.31875e-006
28306 3e-006
28307 3.99012e-006
28308 3e-006
28309 3.6375e-006
28310 3e-006
28311 4.275e-006
28312 3.35262e-006
28313 3e-006
28314 3e-006
28315 3e-006
28316 3e-006
28317 3e-006
28318 3.70523e-006
28319 3e-006
28320 4.62762e-006
28321 3e-006
28322 3e-006
28323 4.94996e-006
28324 3e-006
28325 3e-006
28326 3e-006
28327 3.31875e-006
28328 3.31875e-006
28329 3e-006
28330 3e-006
28331 3.31875e-006
28332 3.31875e-006
28333 3e-006
28334 5.23125e-006
28335 3e-006
28336 3e-006
28337 3e-006
28338 3e-006
28339 3e-006
28340 3.31875e-006
28341 3.31875e-006
28342 3.99012e-006
28343 3.31875e-006
28344 3e-006
28345 3e-006
28346 3e-006
28347 3e-006
28348 3.67137e-006
28349 3e-006
28350 3e-006
28351 3e-006
28352 3e-006
28353 3.35262e-006
28354 3.31875e-006
28355 3e-006
28356 3.31875e-006
28357 3e-006
28358 3e-006
28359 3e-006
28360 3.31875e-006
28361 3.95625e-006
28362 3.31875e-006
28363 3.35262e-006
28364 3.6375e-006
28365 3e-006
28366 3.35621e-006
28367 3e-006
28368 3e-006
28369 3e-006
28370 3e-006
28371 3e-006
28372 3.31875e-006
28373 3.31875e-006
28374 3e-006
28375 3e-006
28376 3.6375e-006
28377 3e-006
28378 3.35262e-006
28379 3e-006
28380 3e-006
28381 3.67137e-006
28382 3.31875e-006
28383 3e-006
28384 3e-006
28385 3e-006
28386 3e-006
28387 3e-006
28388 3e-006
28389 3e-006
28390 3.35262e-006
28391 3.35262e-006
28392 3e-006
28393 3e-006
28394 3e-006
28395 3.31875e-006
28396 3.31875e-006
28397 3.95625e-006
28398 3e-006
28399 3e-006
28400 3e-006
28401 3.6375e-006
28402 3.99012e-006
28403 3.6375e-006
28404 3e-006
28405 3e-006
28406 3e-006
28407 3e-006
28408 3.6375e-006
28409 3e-006
28410 3e-006
28411 3.6375e-006
28412 3.31875e-006
28413 3.31875e-006
28414 4.66148e-006
28415 3e-006
28416 3.31875e-006
28417 3e-006
28418 3e-006
28419 3e-006
28420 3e-006
28421 3.6375e-006
28422 3e-006
28423 3e-006
28424 3e-006
28425 3e-006
28426 3e-006
28427 3.71679e-006
28428 3.31875e-006
28429 3e-006
28430 3.35262e-006
28431 3e-006
28432 3e-006
28433 3e-006
28434 3e-006
28435 3.31875e-006
28436 3e-006
28437 3e-006
28438 3e-006
28439 3.31875e-006
28440 4.275e-006
28441 3.95625e-006
28442 3.6375e-006
28443 3.95625e-006
28444 3e-006
28445 3e-006
28446 3.6375e-006
28447 3.31875e-006
28448 3.31875e-006
28449 3e-006
28450 3.67496e-006
28451 3e-006
28452 3e-006
28453 3.31875e-006
28454 3e-006
28455 3e-006
28456 3e-006
28457 3e-006
28458 3e-006
28459 3e-006
28460 3.31875e-006
28461 4.98023e-006
28462 3e-006
28463 3.6375e-006
28464 3e-006
28465 3e-006
28466 3e-006
28467 3.31875e-006
28468 3e-006
28469 3e-006
28470 3e-006
28471 3e-006
28472 3e-006
28473 3.31875e-006
28474 3e-006
28475 3.6375e-006
28476 3.6375e-006
28477 3e-006
28478 3.31875e-006
28479 3.67137e-006
28480 3.6375e-006
28481 3.7463e-006
28482 3e-006
28483 3.31875e-006
28484 3e-006
28485 3.6375e-006
28486 3.31875e-006
28487 3e-006
28488 3e-006
28489 3.6375e-006
28490 3e-006
28491 3.6375e-006
28492 3.67137e-006
28493 3.70523e-006
28494 3e-006
28495 3e-006
28496 3e-006
28497 3.31875e-006
28498 3.31875e-006
28499 3e-006
28500 3.31875e-006
28501 3e-006
28502 3e-006
28503 3.6375e-006
28504 3.6375e-006
28505 3e-006
28506 3.31875e-006
28507 3e-006
28508 3.31875e-006
28509 3.31875e-006
28510 3e-006
28511 3e-006
28512 3e-006
28513 3.31875e-006
28514 3e-006
28515 3e-006
28516 3e-006
28517 3e-006
28518 3e-006
28519 3e-006
28520 3e-006
28521 3e-006
28522 3e-006
28523 3e-006
28524 3.31875e-006
28525 3e-006
28526 3e-006
28527 4.34273e-006
28528 3e-006
28529 3e-006
28530 3e-006
28531 3.67137e-006
28532 3e-006
28533 3e-006
28534 3.35262e-006
28535 3.31875e-006
28536 3.95625e-006
28537 3e-006
28538 3e-006
28539 3e-006
28540 3.67137e-006
28541 3.31875e-006
28542 3e-006
28543 3.38648e-006
28544 3.6375e-006
28545 3e-006
28546 3e-006
28547 3e-006
28548 3.35262e-006
28549 3e-006
28550 3e-006
28551 3e-006
28552 3e-006
28553 3e-006
28554 3e-006
28555 3e-006
28556 3e-006
28557 3e-006
28558 3e-006
28559 3.31875e-006
28560 5.33645e-006
28561 3e-006
28562 3e-006
28563 3.35262e-006
28564 3e-006
28565 3e-006
28566 3.31875e-006
28567 3.31875e-006
28568 3e-006
28569 3e-006
28570 3e-006
28571 3e-006
28572 3e-006
28573 3e-006
28574 3e-006
28575 3.31875e-006
28576 3e-006
28577 3e-006
28578 3.31875e-006
28579 3e-006
28580 3.31875e-006
28581 3e-006
28582 3e-006
28583 3e-006
28584 3e-006
28585 3.95625e-006
28586 3e-006
28587 3e-006
28588 3.31875e-006
28589 3e-006
28590 3e-006
28591 3.31875e-006
28592 3e-006
28593 3e-006
28594 3e-006
28595 3e-006
28596 3e-006
28597 3e-006
28598 3e-006
28599 3.31875e-006
28600 3.31875e-006
28601 3e-006
28602 3.31875e-006
28603 3.31875e-006
28604 3.6375e-006
28605 3e-006
28606 3e-006
28607 4.275e-006
28608 3.31875e-006
28609 3e-006
28610 3e-006
28611 3e-006
28612 3e-006
28613 3e-006
28614 3e-006
28615 3e-006
28616 3e-006
28617 3e-006
28618 3.31875e-006
28619 3.7427e-006
28620 3e-006
28621 3.31875e-006
28622 3.31875e-006
28623 3e-006
28624 3e-006
28625 3.31875e-006
28626 3e-006
28627 3e-006
28628 3e-006
28629 3e-006
28630 3e-006
28631 3e-006
28632 3e-006
28633 3.31875e-006
28634 3e-006
28635 3e-006
28636 3.31875e-006
28637 3e-006
28638 3e-006
28639 5.1157e-006
28640 3e-006
28641 3.31875e-006
28642 3e-006
28643 4.275e-006
28644 3e-006
28645 3e-006
28646 3e-006
28647 3e-006
28648 3e-006
28649 3e-006
28650 3e-006
28651 3.31875e-006
28652 3e-006
28653 3e-006
28654 3e-006
28655 3e-006
28656 3.31875e-006
28657 3.31875e-006
28658 3.31875e-006
28659 3e-006
28660 3.35262e-006
28661 3e-006
28662 3.31875e-006
28663 3e-006
28664 3e-006
28665 4.02398e-006
28666 3e-006
28667 3.31875e-006
28668 3e-006
28669 3e-006
28670 3e-006
28671 3e-006
28672 3e-006
28673 3e-006
28674 3.6375e-006
28675 3e-006
28676 3e-006
28677 3e-006
28678 3e-006
28679 3e-006
28680 3e-006
28681 3e-006
28682 3.31875e-006
28683 3e-006
28684 3e-006
28685 3.6375e-006
28686 3e-006
28687 3e-006
28688 4.05785e-006
28689 3.31875e-006
28690 3.31875e-006
28691 3e-006
28692 3.39008e-006
28693 4.06903e-006
28694 3e-006
28695 3e-006
28696 3e-006
28697 3.99012e-006
28698 3.31875e-006
28699 3e-006
28700 3.31875e-006
28701 3e-006
28702 3e-006
28703 3.95625e-006
28704 3e-006
28705 3e-006
28706 3e-006
28707 3e-006
28708 3.31875e-006
28709 3e-006
28710 3.31875e-006
28711 3e-006
28712 3e-006
28713 3e-006
28714 3e-006
28715 3.31875e-006
28716 3.31875e-006
28717 3.31875e-006
28718 3e-006
28719 3e-006
28720 3.35262e-006
28721 3.7463e-006
28722 3e-006
28723 3e-006
28724 3e-006
28725 3e-006
28726 3.31875e-006
28727 3e-006
28728 3e-006
28729 3e-006
28730 3.35262e-006
28731 3.35262e-006
28732 3e-006
28733 3e-006
28734 3e-006
28735 3e-006
28736 3e-006
28737 3e-006
28738 3e-006
28739 3.31875e-006
28740 3.31875e-006
28741 4.275e-006
28742 3e-006
28743 3e-006
28744 3.31875e-006
28745 3e-006
28746 3e-006
28747 3e-006
28748 3.31875e-006
28749 3.67137e-006
28750 3.67137e-006
28751 3.6375e-006
28752 3e-006
28753 3e-006
28754 3e-006
28755 3e-006
28756 3e-006
28757 3.31875e-006
28758 3.31875e-006
28759 3e-006
28760 3.31875e-006
28761 3.31875e-006
28762 3e-006
28763 3e-006
28764 3e-006
28765 3.6375e-006
28766 3e-006
28767 3e-006
28768 3e-006
28769 3.70523e-006
28770 3e-006
28771 3e-006
28772 3e-006
28773 3e-006
28774 3.42035e-006
28775 3.31875e-006
28776 3.67137e-006
28777 3e-006
28778 3e-006
28779 3e-006
28780 3.31875e-006
28781 3.31875e-006
28782 4.63121e-006
28783 3e-006
28784 3e-006
28785 3e-006
28786 3.31875e-006
28787 3e-006
28788 3.6375e-006
28789 3e-006
28790 3.31875e-006
28791 3.31875e-006
28792 3e-006
28793 3e-006
28794 3e-006
28795 3.31875e-006
28796 3e-006
28797 3e-006
28798 3.99012e-006
28799 3.31875e-006
28800 3e-006
28801 3e-006
28802 3.31875e-006
28803 3e-006
28804 3e-006
28805 3e-006
28806 3e-006
28807 3.35262e-006
28808 3e-006
28809 3e-006
28810 3e-006
28811 3e-006
28812 3e-006
28813 3.31875e-006
28814 3.31875e-006
28815 3e-006
28816 3.31875e-006
28817 3.31875e-006
28818 3e-006
28819 3e-006
28820 3e-006
28821 3.31875e-006
28822 3.31875e-006
28823 3.31875e-006
28824 3e-006
28825 3e-006
28826 3e-006
28827 3e-006
28828 4.02398e-006
28829 3e-006
28830 3e-006
28831 3e-006
28832 3.67137e-006
28833 3.31875e-006
28834 3e-006
28835 3e-006
28836 3e-006
28837 3e-006
28838 3.39008e-006
28839 3.99012e-006
28840 3.35262e-006
28841 4.3766e-006
28842 3.70523e-006
28843 3e-006
28844 3e-006
28845 3.95625e-006
28846 3e-006
28847 3e-006
28848 3e-006
28849 3e-006
28850 3e-006
28851 3e-006
28852 3.31875e-006
28853 3.71243e-006
28854 3.6375e-006
28855 3e-006
28856 3e-006
28857 3e-006
28858 3e-006
28859 3.31875e-006
28860 3e-006
28861 3.35262e-006
28862 3e-006
28863 4.30887e-006
28864 3.95625e-006
28865 3e-006
28866 3e-006
28867 3.31875e-006
28868 3e-006
28869 3e-006
28870 3.67137e-006
28871 3e-006
28872 3.35262e-006
28873 3.38648e-006
28874 3e-006
28875 3.31875e-006
28876 3.31875e-006
28877 3e-006
28878 3.31875e-006
28879 3e-006
28880 3e-006
28881 3e-006
28882 3.31875e-006
28883 4.34273e-006
28884 3e-006
28885 3e-006
28886 3.67496e-006
28887 3.6375e-006
28888 3e-006
28889 3e-006
28890 3e-006
28891 3e-006
28892 3.31875e-006
28893 3e-006
28894 3e-006
28895 3.35262e-006
28896 3e-006
28897 3e-006
28898 3e-006
28899 3.31875e-006
28900 3.70883e-006
28901 3e-006
28902 3.67137e-006
28903 3e-006
28904 3e-006
28905 3e-006
28906 3e-006
28907 3e-006
28908 4.30887e-006
28909 3e-006
28910 3.31875e-006
28911 3e-006
28912 3e-006
28913 3e-006
28914 3.31875e-006
28915 3e-006
28916 3.31875e-006
28917 3e-006
28918 3e-006
28919 3.42035e-006
28920 3e-006
28921 3e-006
28922 3e-006
28923 3e-006
28924 3.95625e-006
28925 3.35262e-006
28926 3.31875e-006
28927 3.6375e-006
28928 3e-006
28929 3.31875e-006
28930 3.31875e-006
28931 3e-006
28932 3e-006
28933 3.31875e-006
28934 3e-006
28935 3e-006
28936 3e-006
28937 3e-006
28938 3e-006
28939 3e-006
28940 3.31875e-006
28941 3e-006
28942 3e-006
28943 3.99012e-006
28944 3.70523e-006
28945 3e-006
28946 3e-006
28947 3e-006
28948 3e-006
28949 3e-006
28950 3e-006
28951 3.95625e-006
28952 3.35262e-006
28953 3e-006
28954 3e-006
28955 3e-006
28956 3.31875e-006
28957 3.31875e-006
28958 3e-006
28959 3e-006
28960 3.31875e-006
28961 3.31875e-006
28962 3e-006
28963 3.6375e-006
28964 3e-006
28965 3.31875e-006
28966 3e-006
28967 3e-006
28968 3e-006
28969 3.6375e-006
28970 3e-006
28971 3e-006
28972 3e-006
28973 3e-006
28974 3e-006
28975 3e-006
28976 3.6375e-006
28977 3e-006
28978 3.42035e-006
28979 3e-006
28980 3e-006
28981 3e-006
28982 3.35262e-006
28983 3e-006
28984 3e-006
28985 3e-006
28986 3e-006
28987 3.95625e-006
28988 3e-006
28989 3e-006
28990 3.35262e-006
28991 3e-006
28992 4.02398e-006
28993 3e-006
28994 3e-006
28995 3.31875e-006
28996 3.31875e-006
28997 3.67137e-006
28998 3.36058e-006
28999 3e-006
29000 3e-006
29001 3e-006
29002 3.31875e-006
29003 3e-006
29004 3e-006
29005 3e-006
29006 3e-006
29007 3e-006
29008 3e-006
29009 3e-006
29010 3e-006
29011 3e-006
29012 3.31875e-006
29013 3e-006
29014 3e-006
29015 3e-006
29016 3e-006
29017 3e-006
29018 3e-006
29019 3e-006
29020 3e-006
29021 3e-006
29022 3e-006
29023 3e-006
29024 3e-006
29025 4.275e-006
29026 3e-006
29027 3e-006
29028 3e-006
29029 3.31875e-006
29030 3.31875e-006
29031 3e-006
29032 3e-006
29033 3e-006
29034 3e-006
29035 3.6375e-006
29036 3e-006
29037 3.95625e-006
29038 3e-006
29039 3e-006
29040 3e-006
29041 3.67137e-006
29042 3e-006
29043 3.6375e-006
29044 3e-006
29045 3.31875e-006
29046 3e-006
29047 3e-006
29048 3e-006
29049 3e-006
29050 3e-006
29051 3e-006
29052 3.6375e-006
29053 3.31875e-006
29054 3.31875e-006
29055 3e-006
29056 3e-006
29057 4.4818e-006
29058 3.70523e-006
29059 3.31875e-006
29060 3e-006
29061 3e-006
29062 3e-006
29063 3e-006
29064 3e-006
29065 3e-006
29066 3.31875e-006
29067 3.35981e-006
29068 3e-006
29069 3.31875e-006
29070 3e-006
29071 3.31875e-006
29072 3.31875e-006
29073 3e-006
29074 3e-006
29075 3e-006
29076 3e-006
29077 3e-006
29078 3.6375e-006
29079 3e-006
29080 3.31875e-006
29081 3.31875e-006
29082 3.31875e-006
29083 3e-006
29084 3e-006
29085 3e-006
29086 3.31875e-006
29087 3e-006
29088 3e-006
29089 3e-006
29090 3e-006
29091 3e-006
29092 3.31875e-006
29093 3e-006
29094 3e-006
29095 3e-006
29096 3e-006
29097 3e-006
29098 3.31875e-006
29099 3.99012e-006
29100 3.6375e-006
29101 3e-006
29102 3e-006
29103 3.99012e-006
29104 3e-006
29105 3.31875e-006
29106 3.31875e-006
29107 3.31875e-006
29108 3e-006
29109 3e-006
29110 3e-006
29111 3e-006
29112 3e-006
29113 3e-006
29114 3e-006
29115 3e-006
29116 3e-006
29117 3e-006
29118 3.31875e-006
29119 3e-006
29120 3.31875e-006
29121 3e-006
29122 3e-006
29123 3e-006
29124 3.31875e-006
29125 3.35262e-006
29126 4.30887e-006
29127 4.02398e-006
29128 3e-006
29129 3e-006
29130 3e-006
29131 3e-006
29132 3.31875e-006
29133 3e-006
29134 3.95625e-006
29135 3e-006
29136 3e-006
29137 3e-006
29138 3e-006
29139 3e-006
29140 3.35262e-006
29141 3e-006
29142 3.31875e-006
29143 3e-006
29144 3e-006
29145 4.66148e-006
29146 3e-006
29147 3e-006
29148 3.35262e-006
29149 3e-006
29150 3.6375e-006
29151 3.67137e-006
29152 3e-006
29153 3e-006
29154 3e-006
29155 3.6375e-006
29156 3e-006
29157 3e-006
29158 3e-006
29159 3e-006
29160 3e-006
29161 3e-006
29162 3e-006
29163 3e-006
29164 3e-006
29165 3.31875e-006
29166 3.6375e-006
29167 3e-006
29168 3e-006
29169 3e-006
29170 3.31875e-006
29171 3e-006
29172 3e-006
29173 3e-006
29174 3e-006
29175 3e-006
29176 3.31875e-006
29177 3.67137e-006
29178 3e-006
29179 3e-006
29180 3e-006
29181 3.31875e-006
29182 3e-006
29183 3e-006
29184 3.38648e-006
29185 3e-006
29186 3.31875e-006
29187 3.31875e-006
29188 3e-006
29189 3.31875e-006
29190 3e-006
29191 3.46141e-006
29192 3e-006
29193 3.38648e-006
29194 3e-006
29195 3.6375e-006
29196 3.6375e-006
29197 3e-006
29198 3.31875e-006
29199 3.6375e-006
29200 3e-006
29201 3e-006
29202 3e-006
29203 3e-006
29204 3.31875e-006
29205 3.99012e-006
29206 3.31875e-006
29207 3e-006
29208 3e-006
29209 3.35262e-006
29210 3e-006
29211 3.31875e-006
29212 3.31875e-006
29213 3.31875e-006
29214 3e-006
29215 3e-006
29216 3e-006
29217 3e-006
29218 3.31875e-006
29219 3e-006
29220 3.31875e-006
29221 3e-006
29222 3e-006
29223 3e-006
29224 3e-006
29225 3.6375e-006
29226 3.6375e-006
29227 3e-006
29228 3.99731e-006
29229 3e-006
29230 3e-006
29231 3e-006
29232 3e-006
29233 3e-006
29234 3e-006
29235 3.31875e-006
29236 3.35621e-006
29237 3e-006
29238 3.31875e-006
29239 3.31875e-006
29240 3.67137e-006
29241 3e-006
29242 4.05785e-006
29243 3.31875e-006
29244 3e-006
29245 3.70523e-006
29246 3e-006
29247 3.31875e-006
29248 3e-006
29249 3e-006
29250 3e-006
29251 3e-006
29252 3e-006
29253 3e-006
29254 3e-006
29255 3e-006
29256 3.38648e-006
29257 3.31875e-006
29258 3.31875e-006
29259 3.35621e-006
29260 3.99012e-006
29261 3e-006
29262 4.275e-006
29263 3e-006
29264 3.99012e-006
29265 3e-006
29266 3e-006
29267 3.95625e-006
29268 3.67137e-006
29269 3.67137e-006
29270 3.31875e-006
29271 3e-006
29272 4.02398e-006
29273 3.35262e-006
29274 3e-006
29275 3.31875e-006
29276 3e-006
29277 3.6375e-006
29278 3.67496e-006
29279 3e-006
29280 3.31875e-006
29281 3e-006
29282 3e-006
29283 3.38648e-006
29284 3e-006
29285 3e-006
29286 3.6375e-006
29287 3e-006
29288 3.31875e-006
29289 3e-006
29290 3e-006
29291 3e-006
29292 3e-006
29293 3e-006
29294 3e-006
29295 3.31875e-006
29296 3e-006
29297 3.31875e-006
29298 3.31875e-006
29299 3e-006
29300 3.6375e-006
29301 3.67137e-006
29302 3.31875e-006
29303 3e-006
29304 3e-006
29305 3e-006
29306 3e-006
29307 3.31875e-006
29308 3.95625e-006
29309 3e-006
29310 3e-006
29311 3e-006
29312 4.59375e-006
29313 3e-006
29314 3.31875e-006
29315 3e-006
29316 3e-006
29317 3.6375e-006
29318 3.67137e-006
29319 3e-006
29320 3e-006
29321 3e-006
29322 3e-006
29323 3.31875e-006
29324 3e-006
29325 3e-006
29326 3.67137e-006
29327 3.31875e-006
29328 3e-006
29329 3e-006
29330 3.31875e-006
29331 3.6375e-006
29332 3e-006
29333 3e-006
29334 3e-006
29335 4.30887e-006
29336 3e-006
29337 3.35262e-006
29338 3e-006
29339 3.67137e-006
29340 3e-006
29341 3e-006
29342 3e-006
29343 3e-006
29344 3e-006
29345 3.31875e-006
29346 3e-006
29347 3.31875e-006
29348 3.31875e-006
29349 3e-006
29350 3e-006
29351 3.6375e-006
29352 3e-006
29353 3e-006
29354 3.31875e-006
29355 3.35262e-006
29356 3.31875e-006
29357 3e-006
29358 3e-006
29359 3e-006
29360 3e-006
29361 3.95625e-006
29362 3e-006
29363 3.6375e-006
29364 3e-006
29365 3.31875e-006
29366 3e-006
29367 3.38648e-006
29368 3e-006
29369 3e-006
29370 3e-006
29371 3.31875e-006
29372 3e-006
29373 3.67137e-006
29374 3e-006
29375 3.31875e-006
29376 3.71243e-006
29377 3e-006
29378 3.31875e-006
29379 3e-006
29380 3e-006
29381 3e-006
29382 3e-006
29383 3e-006
29384 3e-006
29385 3e-006
29386 3e-006
29387 3e-006
29388 3e-006
29389 3e-006
29390 3e-006
29391 3.35262e-006
29392 3e-006
29393 3e-006
29394 3.31875e-006
29395 3.31875e-006
29396 3e-006
29397 3.31875e-006
29398 3.35262e-006
29399 3e-006
29400 3e-006
29401 3e-006
29402 3e-006
29403 3.31875e-006
29404 3e-006
29405 3e-006
29406 3.95625e-006
29407 3.35262e-006
29408 3e-006
29409 3e-006
29410 3e-006
29411 3e-006
29412 3e-006
29413 3e-006
29414 3e-006
29415 3e-006
29416 3e-006
29417 3.31875e-006
29418 3.31875e-006
29419 3e-006
29420 3.31875e-006
29421 3e-006
29422 3e-006
29423 3e-006
29424 3e-006
29425 3.31875e-006
29426 3.99371e-006
29427 3.31875e-006
29428 3.95625e-006
29429 3e-006
29430 3e-006
29431 3e-006
29432 3.95625e-006
29433 3.45782e-006
29434 3.6375e-006
29435 3e-006
29436 3e-006
29437 3e-006
29438 3e-006
29439 3e-006
29440 4.02398e-006
29441 3e-006
29442 3e-006
29443 3.31875e-006
29444 3e-006
29445 4.05785e-006
29446 3.31875e-006
29447 3.95625e-006
29448 3e-006
29449 3e-006
29450 3.31875e-006
29451 3e-006
29452 3.31875e-006
29453 3e-006
29454 3e-006
29455 3.31875e-006
29456 3e-006
29457 3.31875e-006
29458 3.31875e-006
29459 3e-006
29460 3.95625e-006
29461 3e-006
29462 3e-006
29463 3e-006
29464 3e-006
29465 3e-006
29466 3e-006
29467 3e-006
29468 3.95625e-006
29469 3.31875e-006
29470 3e-006
29471 3e-006
29472 3e-006
29473 3.31875e-006
29474 3e-006
29475 3e-006
29476 3.6375e-006
29477 3e-006
29478 3.95625e-006
29479 4.30887e-006
29480 3.35262e-006
29481 3e-006
29482 3.35262e-006
29483 3.31875e-006
29484 3e-006
29485 3e-006
29486 3e-006
29487 3e-006
29488 3e-006
29489 3e-006
29490 3.31875e-006
29491 3.31875e-006
29492 3e-006
29493 3e-006
29494 3e-006
29495 3.35621e-006
29496 3e-006
29497 3.6375e-006
29498 3.35621e-006
29499 3.31875e-006
29500 3.6375e-006
29501 3e-006
29502 3.31875e-006
29503 3.6375e-006
29504 3e-006
29505 3e-006
29506 3.35262e-006
29507 3.6375e-006
29508 3.35262e-006
29509 3.35262e-006
29510 3e-006
29511 3e-006
29512 3e-006
29513 3.31875e-006
29514 3e-006
29515 3.6375e-006
29516 3e-006
29517 3e-006
29518 3e-006
29519 3e-006
29520 3e-006
29521 3e-006
29522 3.42035e-006
29523 3e-006
29524 3.31875e-006
29525 3.31875e-006
29526 3e-006
29527 3e-006
29528 3.31875e-006
29529 3e-006
29530 3e-006
29531 3e-006
29532 3.35262e-006
29533 3e-006
29534 3e-006
29535 3e-006
29536 3.99012e-006
29537 3e-006
29538 3.31875e-006
29539 3.70523e-006
29540 3.35262e-006
29541 3e-006
29542 3e-006
29543 3e-006
29544 3e-006
29545 3.6375e-006
29546 3.31875e-006
29547 3.31875e-006
29548 3e-006
29549 3e-006
29550 3e-006
29551 3.31875e-006
29552 3e-006
29553 3.6375e-006
29554 3e-006
29555 3e-006
29556 3e-006
29557 3e-006
29558 3e-006
29559 3e-006
29560 3e-006
29561 3.6375e-006
29562 3e-006
29563 3e-006
29564 3.38648e-006
29565 3.35262e-006
29566 3e-006
29567 3.31875e-006
29568 3e-006
29569 3.31875e-006
29570 3.31875e-006
29571 3.31875e-006
29572 3e-006
29573 3e-006
29574 3e-006
29575 3e-006
29576 3.6375e-006
29577 3e-006
29578 3e-006
29579 3.35621e-006
29580 3e-006
29581 3e-006
29582 3e-006
29583 3e-006
29584 3.67137e-006
29585 3e-006
29586 3e-006
29587 3.31875e-006
29588 3e-006
29589 3e-006
29590 3e-006
29591 3e-006
29592 3e-006
29593 3e-006
29594 3.70523e-006
29595 3e-006
29596 3.31875e-006
29597 3.31875e-006
29598 3e-006
29599 3e-006
29600 3.6375e-006
29601 3.31875e-006
29602 3e-006
29603 3e-006
29604 3e-006
29605 3.35262e-006
29606 3e-006
29607 3.31875e-006
29608 3e-006
29609 3e-006
29610 3e-006
29611 3e-006
29612 3.95625e-006
29613 3.31875e-006
29614 3e-006
29615 3e-006
29616 3e-006
29617 3e-006
29618 3e-006
29619 3e-006
29620 3e-006
29621 3e-006
29622 3.31875e-006
29623 4.34273e-006
29624 4.3802e-006
29625 3.31875e-006
29626 3e-006
29627 3e-006
29628 3e-006
29629 3e-006
29630 3e-006
29631 4.275e-006
29632 3e-006
29633 3e-006
29634 3e-006
29635 3e-006
29636 3e-006
29637 3e-006
29638 3e-006
29639 3e-006
29640 3e-006
29641 3e-006
29642 3.6375e-006
29643 3.31875e-006
29644 3e-006
29645 3.31875e-006
29646 3e-006
29647 3e-006
29648 3e-006
29649 3.31875e-006
29650 3e-006
29651 3e-006
29652 3.95625e-006
29653 3.31875e-006
29654 3.31875e-006
29655 3e-006
29656 3.31875e-006
29657 3e-006
29658 3.31875e-006
29659 3e-006
29660 4.3802e-006
29661 3.99012e-006
29662 3.31875e-006
29663 3.35262e-006
29664 3.31875e-006
29665 3.31875e-006
29666 3e-006
29667 3e-006
29668 3e-006
29669 3e-006
29670 4.30887e-006
29671 3e-006
29672 3e-006
29673 3.78415e-006
29674 3.6375e-006
29675 3e-006
29676 3e-006
29677 3e-006
29678 3e-006
29679 3e-006
29680 3e-006
29681 3.95625e-006
29682 3e-006
29683 3.67137e-006
29684 3e-006
29685 3e-006
29686 3e-006
29687 3.6375e-006
29688 3e-006
29689 3.31875e-006
29690 3e-006
29691 3e-006
29692 3e-006
29693 3e-006
29694 3.31875e-006
29695 3e-006
29696 3e-006
29697 3e-006
29698 3e-006
29699 3e-006
29700 3.31875e-006
29701 3e-006
29702 3e-006
29703 3.31875e-006
29704 3.31875e-006
29705 3.31875e-006
29706 3e-006
29707 3.6375e-006
29708 3.31875e-006
29709 3.6375e-006
29710 3e-006
29711 3e-006
29712 3.6375e-006
29713 3e-006
29714 3.39008e-006
29715 3e-006
29716 3e-006
29717 3e-006
29718 3.31875e-006
29719 3.6375e-006
29720 3e-006
29721 3e-006
29722 3e-006
29723 3.31875e-006
29724 3.31875e-006
29725 3e-006
29726 3e-006
29727 3.31875e-006
29728 3e-006
29729 3e-006
29730 3e-006
29731 3.6375e-006
29732 3.35262e-006
29733 3e-006
29734 3e-006
29735 3e-006
29736 3.6375e-006
29737 3e-006
29738 3.67137e-006
29739 3e-006
29740 3e-006
29741 3.95625e-006
29742 3e-006
29743 3e-006
29744 3e-006
29745 3.67137e-006
29746 3e-006
29747 3e-006
29748 3e-006
29749 3.31875e-006
29750 3e-006
29751 3e-006
29752 3e-006
29753 3e-006
29754 3e-006
29755 3e-006
29756 3e-006
29757 3.6375e-006
29758 3e-006
29759 3.67137e-006
29760 3.6375e-006
29761 3.31875e-006
29762 3.31875e-006
29763 3e-006
29764 3e-006
29765 3e-006
29766 3e-006
29767 3.35262e-006
29768 3.31875e-006
29769 3.31875e-006
29770 3e-006
29771 3e-006
29772 3.31875e-006
29773 3.31875e-006
29774 3e-006
29775 3.6375e-006
29776 3e-006
29777 3.31875e-006
29778 3e-006
29779 3e-006
29780 3.31875e-006
29781 3e-006
29782 3e-006
29783 3.35262e-006
29784 3.31875e-006
29785 3e-006
29786 4.30887e-006
29787 3e-006
29788 3e-006
29789 3.31875e-006
29790 3.31875e-006
29791 3e-006
29792 3.31875e-006
29793 3.6375e-006
29794 3.31875e-006
29795 3e-006
29796 3.31875e-006
29797 3e-006
29798 3e-006
29799 3e-006
29800 3e-006
29801 3e-006
29802 3e-006
29803 3.6375e-006
29804 3e-006
29805 3.31875e-006
29806 3.6375e-006
29807 3.6375e-006
29808 3e-006
29809 3.67137e-006
29810 3e-006
29811 3e-006
29812 3e-006
29813 3e-006
29814 3e-006
29815 3.31875e-006
29816 3.99012e-006
29817 3e-006
29818 3.31875e-006
29819 3e-006
29820 3.6375e-006
29821 3.6375e-006
29822 3e-006
29823 3.31875e-006
29824 3e-006
29825 4.02758e-006
29826 3e-006
29827 3e-006
29828 3e-006
29829 3e-006
29830 3e-006
29831 3e-006
29832 3e-006
29833 3.35262e-006
29834 3.67137e-006
29835 3.99012e-006
29836 3e-006
29837 3e-006
29838 3.31875e-006
29839 3e-006
29840 3.31875e-006
29841 3.31875e-006
29842 3e-006
29843 3e-006
29844 3e-006
29845 3.31875e-006
29846 3e-006
29847 3e-006
29848 3e-006
29849 3e-006
29850 3e-006
29851 3.6375e-006
29852 3e-006
29853 3e-006
29854 3.31875e-006
29855 3e-006
29856 3e-006
29857 3.95625e-006
29858 3e-006
29859 3e-006
29860 3.6375e-006
29861 3e-006
29862 3.31875e-006
29863 3e-006
29864 3.67496e-006
29865 3.31875e-006
29866 3.35262e-006
29867 3e-006
29868 3e-006
29869 3.31875e-006
29870 3e-006
29871 3e-006
29872 3e-006
29873 3e-006
29874 3e-006
29875 3.6375e-006
29876 3e-006
29877 3e-006
29878 3.67137e-006
29879 3e-006
29880 3e-006
29881 3e-006
29882 3.31875e-006
29883 3e-006
29884 3e-006
29885 3e-006
29886 3e-006
29887 3.31875e-006
29888 3e-006
29889 3e-006
29890 3.39008e-006
29891 3e-006
29892 3e-006
29893 3e-006
29894 3e-006
29895 3.31875e-006
29896 3.35262e-006
29897 3.95625e-006
29898 3e-006
29899 3e-006
29900 3e-006
29901 3.31875e-006
29902 3.31875e-006
29903 3.31875e-006
29904 3e-006
29905 3e-006
29906 3e-006
29907 3.6375e-006
29908 3.31875e-006
29909 3e-006
29910 3e-006
29911 3e-006
29912 3e-006
29913 3e-006
29914 3e-006
29915 3.99012e-006
29916 3e-006
29917 3e-006
29918 3e-006
29919 3e-006
29920 3.6375e-006
29921 4.275e-006
29922 3e-006
29923 3.31875e-006
29924 3e-006
29925 3e-006
29926 3e-006
29927 3e-006
29928 3.6375e-006
29929 3.31875e-006
29930 3e-006
29931 3e-006
29932 3e-006
29933 3e-006
29934 3e-006
29935 3e-006
29936 3e-006
29937 3e-006
29938 3e-006
29939 3e-006
29940 3e-006
29941 3e-006
29942 3e-006
29943 3e-006
29944 3e-006
29945 3e-006
29946 3.67137e-006
29947 3e-006
29948 3.31875e-006
29949 3.31875e-006
29950 3.35262e-006
29951 3.31875e-006
29952 3e-006
29953 3.38648e-006
29954 3e-006
29955 3e-006
29956 3.31875e-006
29957 3e-006
29958 3e-006
29959 3.31875e-006
29960 3e-006
29961 3e-006
29962 3.31875e-006
29963 3e-006
29964 3e-006
29965 3e-006
29966 3.95625e-006
29967 3.6375e-006
29968 3e-006
29969 3.95625e-006
29970 3.35262e-006
29971 3.6375e-006
29972 3e-006
29973 3e-006
29974 3.67137e-006
29975 3e-006
29976 3e-006
29977 3.6375e-006
29978 3e-006
29979 3e-006
29980 3e-006
29981 3e-006
29982 3.31875e-006
29983 3e-006
29984 3e-006
29985 3e-006
29986 3.31875e-006
29987 3.6375e-006
29988 3e-006
29989 3.31875e-006
29990 3e-006
29991 3e-006
29992 3.31875e-006
29993 3.31875e-006
29994 3e-006
29995 3.6375e-006
29996 3e-006
29997 3e-006
29998 3e-006
29999 3e-006
30000 3.31875e-006
30001 3.31875e-006
30002 3.35262e-006
30003 3e-006
30004 3.67137e-006
30005 3e-006
30006 3e-006
30007 3e-006
30008 3.31875e-006
30009 3e-006
30010 3e-006
30011 3e-006
30012 3.6375e-006
30013 3.31875e-006
30014 3.6375e-006
30015 3.6375e-006
30016 3e-006
30017 3e-006
30018 3e-006
30019 3.31875e-006
30020 3e-006
30021 3.31875e-006
30022 3e-006
30023 3e-006
30024 3.31875e-006
30025 3e-006
30026 3e-006
30027 3e-006
30028 3e-006
30029 3e-006
30030 3.31875e-006
30031 3.35262e-006
30032 3e-006
30033 3.6375e-006
30034 3e-006
30035 3.99012e-006
30036 3e-006
30037 3e-006
30038 3.35262e-006
30039 3e-006
30040 3e-006
30041 3e-006
30042 3.6375e-006
30043 3e-006
30044 3.31875e-006
30045 3.31875e-006
30046 3e-006
30047 3.31875e-006
30048 3.31875e-006
30049 3.31875e-006
30050 3e-006
30051 3e-006
30052 3.31875e-006
30053 3.6375e-006
30054 3.31875e-006
30055 3e-006
30056 3.31875e-006
30057 3e-006
30058 3e-006
30059 3e-006
30060 3e-006
30061 3e-006
30062 3e-006
30063 3e-006
30064 3e-006
30065 3.31875e-006
30066 3.6375e-006
30067 3.31875e-006
30068 3.42395e-006
30069 3e-006
30070 3.67137e-006
30071 3.31875e-006
30072 3.31875e-006
30073 3.31875e-006
30074 3e-006
30075 3e-006
30076 3e-006
30077 3.70523e-006
30078 4.63481e-006
30079 3e-006
30080 3.31875e-006
30081 3e-006
30082 3.95625e-006
30083 3e-006
30084 3.31875e-006
30085 3e-006
30086 3.31875e-006
30087 3.31875e-006
30088 3e-006
30089 3e-006
30090 3e-006
30091 3e-006
30092 3e-006
30093 3.9941e-006
30094 3.99012e-006
30095 3.31875e-006
30096 3.35262e-006
30097 3e-006
30098 3e-006
30099 3e-006
30100 3e-006
30101 3.31875e-006
30102 3.35262e-006
30103 3.31875e-006
30104 3e-006
30105 3.31875e-006
30106 3.31875e-006
30107 3.31875e-006
30108 3e-006
30109 3e-006
30110 3e-006
30111 3e-006
30112 3e-006
30113 3e-006
30114 3.31875e-006
30115 3.31875e-006
30116 3.31875e-006
30117 3e-006
30118 3.31875e-006
30119 3.35262e-006
30120 3e-006
30121 3e-006
30122 3e-006
30123 3.67137e-006
30124 3e-006
30125 3e-006
30126 3.31875e-006
30127 3.31875e-006
30128 3.6375e-006
30129 3e-006
30130 3.67137e-006
30131 3e-006
30132 3e-006
30133 3e-006
30134 3.31875e-006
30135 3.35262e-006
30136 3e-006
30137 3e-006
30138 3.67137e-006
30139 3.39008e-006
30140 3.31875e-006
30141 3e-006
30142 3e-006
30143 3e-006
30144 3.95625e-006
30145 3.31875e-006
30146 3.38648e-006
30147 3e-006
30148 3e-006
30149 3e-006
30150 3e-006
30151 3e-006
30152 3.35262e-006
30153 3.6375e-006
30154 3.6375e-006
30155 3e-006
30156 3.6375e-006
30157 3e-006
30158 3e-006
30159 3e-006
30160 3.95625e-006
30161 3e-006
30162 3.31875e-006
30163 4.71372e-006
30164 3.99371e-006
30165 3.31875e-006
30166 3e-006
30167 3.38648e-006
30168 3e-006
30169 3.67137e-006
30170 3.67496e-006
30171 3.31875e-006
30172 3.31875e-006
30173 3.31875e-006
30174 3.31875e-006
30175 3e-006
30176 3e-006
30177 3.67137e-006
30178 3e-006
30179 3.70523e-006
30180 3e-006
30181 3e-006
30182 3.6375e-006
30183 3.31875e-006
30184 3e-006
30185 3e-006
30186 3.31875e-006
30187 3e-006
30188 3.31875e-006
30189 3e-006
30190 3.6375e-006
30191 3.7427e-006
30192 3e-006
30193 3.31875e-006
30194 3e-006
30195 3e-006
30196 3.31875e-006
30197 3e-006
30198 3.6375e-006
30199 3.95625e-006
30200 3.31875e-006
30201 3e-006
30202 3.67137e-006
30203 3.6375e-006
30204 3.39368e-006
30205 3e-006
30206 3.31875e-006
30207 3.35262e-006
30208 3.31875e-006
30209 4.275e-006
30210 3.31875e-006
30211 3.31875e-006
30212 3e-006
30213 3e-006
30214 3e-006
30215 3.31875e-006
30216 3.31875e-006
30217 3e-006
30218 3.31875e-006
30219 3e-006
30220 3e-006
30221 3.31875e-006
30222 3.67137e-006
30223 3e-006
30224 3e-006
30225 3e-006
30226 3.67137e-006
30227 3e-006
30228 3e-006
30229 3e-006
30230 3.35262e-006
30231 3e-006
30232 3e-006
30233 3.35262e-006
30234 3e-006
30235 3e-006
30236 3e-006
30237 3e-006
30238 3e-006
30239 3e-006
30240 3.35262e-006
30241 3e-006
30242 3.31875e-006
30243 3.6375e-006
30244 3.35262e-006
30245 3e-006
30246 3e-006
30247 3e-006
30248 3e-006
30249 3.31875e-006
30250 3.38648e-006
30251 3e-006
30252 3e-006
30253 3e-006
30254 3e-006
30255 3e-006
30256 3.31875e-006
30257 3e-006
30258 3.6375e-006
30259 3.31875e-006
30260 3e-006
30261 3.31875e-006
30262 3.99012e-006
30263 3e-006
30264 3.31875e-006
30265 3e-006
30266 3e-006
30267 3e-006
30268 3.95625e-006
30269 3e-006
30270 3e-006
30271 3.31875e-006
30272 3.6375e-006
30273 3.31875e-006
30274 3e-006
30275 3.35262e-006
30276 3.31875e-006
30277 3e-006
30278 3e-006
30279 3.95625e-006
30280 3.31875e-006
30281 3e-006
30282 3e-006
30283 3e-006
30284 3e-006
30285 3.35262e-006
30286 3.6375e-006
30287 3.31875e-006
30288 3e-006
30289 3.31875e-006
30290 3.99012e-006
30291 3e-006
30292 3.31875e-006
30293 3e-006
30294 3.31875e-006
30295 3e-006
30296 3.70523e-006
30297 3e-006
30298 3.31875e-006
30299 3.31875e-006
30300 3.31875e-006
30301 3.31875e-006
30302 3e-006
30303 3.95625e-006
30304 3e-006
30305 3.31875e-006
30306 3.67137e-006
30307 3.31875e-006
30308 3e-006
30309 3e-006
30310 3e-006
30311 3e-006
30312 3e-006
30313 3e-006
30314 3e-006
30315 3.31875e-006
30316 3e-006
30317 3e-006
30318 3.6375e-006
30319 3e-006
30320 3.7427e-006
30321 3.6375e-006
30322 3.31875e-006
30323 3e-006
30324 3e-006
30325 3e-006
30326 3.31875e-006
30327 3e-006
30328 3.67137e-006
30329 3e-006
30330 3.31875e-006
30331 3e-006
30332 3.31875e-006
30333 3e-006
30334 3e-006
30335 3.31875e-006
30336 3.6375e-006
30337 3.38648e-006
30338 3e-006
30339 3e-006
30340 3e-006
30341 3e-006
30342 3.31875e-006
30343 3e-006
30344 3e-006
30345 3e-006
30346 3.31875e-006
30347 3e-006
30348 3e-006
30349 3.31875e-006
30350 3.31875e-006
30351 3.31875e-006
30352 3.31875e-006
30353 3e-006
30354 3e-006
30355 3e-006
30356 3e-006
30357 3e-006
30358 3e-006
30359 3e-006
30360 3.35262e-006
30361 3e-006
30362 3e-006
30363 3.6375e-006
30364 3e-006
30365 3e-006
30366 3e-006
30367 3e-006
30368 3e-006
30369 3.6375e-006
30370 3.99012e-006
30371 3e-006
30372 3e-006
30373 3.35621e-006
30374 3e-006
30375 3e-006
30376 3e-006
30377 3e-006
30378 3.31875e-006
30379 3.31875e-006
30380 3e-006
30381 3e-006
30382 3.31875e-006
30383 4.275e-006
30384 3e-006
30385 3e-006
30386 3e-006
30387 3e-006
30388 3.31875e-006
30389 3.6375e-006
30390 3e-006
30391 3e-006
30392 3e-006
30393 3.35262e-006
30394 3.31875e-006
30395 3e-006
30396 3e-006
30397 3.35262e-006
30398 3e-006
30399 3.31875e-006
30400 3e-006
30401 3e-006
30402 3e-006
30403 3.95625e-006
30404 3e-006
30405 3.31875e-006
30406 3e-006
30407 3.31875e-006
30408 3.35262e-006
30409 3.95625e-006
30410 3e-006
30411 3e-006
30412 3.31875e-006
30413 3.31875e-006
30414 3e-006
30415 3e-006
30416 3e-006
30417 3e-006
30418 3e-006
30419 3e-006
30420 3.31875e-006
30421 3.31875e-006
30422 3e-006
30423 3.95625e-006
30424 3e-006
30425 3e-006
30426 3e-006
30427 3.31875e-006
30428 3e-006
30429 3e-006
30430 3e-006
30431 3e-006
30432 3.95625e-006
30433 3e-006
30434 3.95625e-006
30435 3e-006
30436 3.6375e-006
30437 3e-006
30438 3.67137e-006
30439 3e-006
30440 3.31875e-006
30441 3e-006
30442 3e-006
30443 3.35262e-006
30444 3.38648e-006
30445 3.31875e-006
30446 3.31875e-006
30447 3.31875e-006
30448 3e-006
30449 3.31875e-006
30450 3e-006
30451 3e-006
30452 3.95625e-006
30453 3.67137e-006
30454 3e-006
30455 3e-006
30456 3e-006
30457 3e-006
30458 3e-006
30459 3.6375e-006
30460 3e-006
30461 3e-006
30462 3e-006
30463 4.275e-006
30464 3e-006
30465 3.31875e-006
30466 3e-006
30467 3.6375e-006
30468 3e-006
30469 3e-006
30470 3.99012e-006
30471 3e-006
30472 3e-006
30473 3.31875e-006
30474 3e-006
30475 3e-006
30476 3e-006
30477 3e-006
30478 3.31875e-006
30479 3e-006
30480 3.31875e-006
30481 3e-006
30482 3.39368e-006
30483 3e-006
30484 3.31875e-006
30485 3.31875e-006
30486 3.31875e-006
30487 3e-006
30488 3.31875e-006
30489 3.31875e-006
30490 3e-006
30491 3.6375e-006
30492 3e-006
30493 3e-006
30494 3.67535e-006
30495 3.70523e-006
30496 3e-006
30497 3e-006
30498 3.31875e-006
30499 3e-006
30500 3e-006
30501 3e-006
30502 3e-006
30503 3e-006
30504 3e-006
30505 3.31875e-006
30506 3.95625e-006
30507 3e-006
30508 3e-006
30509 3e-006
30510 3e-006
30511 3.31875e-006
30512 3e-006
30513 3e-006
30514 3.6375e-006
30515 3e-006
30516 3e-006
30517 3.48809e-006
30518 3e-006
30519 3e-006
30520 3e-006
30521 3.38648e-006
30522 3e-006
30523 4.38058e-006
30524 3e-006
30525 3e-006
30526 3.31875e-006
30527 3.6375e-006
30528 3e-006
30529 3e-006
30530 3.35262e-006
30531 3.81043e-006
30532 3e-006
30533 3e-006
30534 3e-006
30535 3e-006
30536 3.35621e-006
30537 3e-006
30538 3e-006
30539 3.67137e-006
30540 3e-006
30541 3e-006
30542 3.31875e-006
30543 3e-006
30544 3e-006
30545 3e-006
30546 3.35262e-006
30547 3e-006
30548 3e-006
30549 4.34273e-006
30550 3e-006
30551 3e-006
30552 3e-006
30553 3e-006
30554 4.03156e-006
30555 3e-006
30556 3e-006
30557 3e-006
30558 3.31875e-006
30559 3e-006
30560 3e-006
30561 3e-006
30562 3.35262e-006
30563 3.35262e-006
30564 4.02398e-006
30565 3e-006
30566 3.6375e-006
30567 3.67137e-006
30568 3e-006
30569 3e-006
30570 3e-006
30571 3e-006
30572 3.35262e-006
30573 3.31875e-006
30574 3e-006
30575 3e-006
30576 3.95625e-006
30577 3.95625e-006
30578 3e-006
30579 3e-006
30580 3e-006
30581 3e-006
30582 3.31875e-006
30583 3e-006
30584 3.6375e-006
30585 3e-006
30586 3e-006
30587 3e-006
30588 3.95625e-006
30589 3.6375e-006
30590 3.31875e-006
30591 3e-006
30592 3.31875e-006
30593 3e-006
30594 3.31875e-006
30595 3e-006
30596 3e-006
30597 3e-006
30598 3e-006
30599 3e-006
30600 3.99012e-006
30601 3e-006
30602 3e-006
30603 3e-006
30604 3e-006
30605 3e-006
30606 3e-006
30607 3e-006
30608 3e-006
30609 3.31875e-006
30610 3e-006
30611 3e-006
30612 3e-006
30613 3.31875e-006
30614 3.31875e-006
30615 3e-006
30616 3e-006
30617 3e-006
30618 3e-006
30619 3e-006
30620 3e-006
30621 3e-006
30622 3.35262e-006
30623 3.31875e-006
30624 3e-006
30625 3.31875e-006
30626 3e-006
30627 3.99012e-006
30628 3.31875e-006
30629 3.31875e-006
30630 3.31875e-006
30631 3e-006
30632 3e-006
30633 3e-006
30634 3.95625e-006
30635 3e-006
30636 3e-006
30637 3e-006
30638 3e-006
30639 3.42395e-006
30640 3e-006
30641 3e-006
30642 4.275e-006
30643 3e-006
30644 3e-006
30645 3.31875e-006
30646 3.31875e-006
30647 3e-006
30648 3e-006
30649 3.42035e-006
30650 3e-006
30651 3.31875e-006
30652 3.38648e-006
30653 3.31875e-006
30654 3e-006
30655 3.31875e-006
30656 3e-006
30657 3e-006
30658 3.35262e-006
30659 3e-006
30660 3.67137e-006
30661 3e-006
30662 3.6375e-006
30663 3e-006
30664 3e-006
30665 3e-006
30666 3e-006
30667 3e-006
30668 3e-006
30669 3e-006
30670 3.6375e-006
30671 3.31875e-006
30672 3e-006
30673 3e-006
30674 3.7391e-006
30675 3e-006
30676 3e-006
30677 3.31875e-006
30678 3e-006
30679 3e-006
30680 3.6375e-006
30681 3.31875e-006
30682 3e-006
30683 3.67137e-006
30684 3e-006
30685 4.30887e-006
30686 3e-006
30687 3e-006
30688 3.6375e-006
30689 3e-006
30690 3.31875e-006
30691 3.42395e-006
30692 3.6375e-006
30693 3.31875e-006
30694 3e-006
30695 3.67137e-006
30696 3e-006
30697 3e-006
30698 3.6375e-006
30699 3e-006
30700 3e-006
30701 3.6375e-006
30702 3e-006
30703 3e-006
30704 3.6375e-006
30705 3.95625e-006
30706 3.31875e-006
30707 3.95625e-006
30708 3e-006
30709 3.6375e-006
30710 3e-006
30711 3e-006
30712 3e-006
30713 3e-006
30714 3e-006
30715 3.31875e-006
30716 3e-006
30717 3e-006
30718 3e-006
30719 3.31875e-006
30720 3e-006
30721 3e-006
30722 3e-006
30723 3e-006
30724 3e-006
30725 3e-006
30726 3e-006
30727 3e-006
30728 3.6375e-006
30729 3e-006
30730 3e-006
30731 4.34273e-006
30732 3e-006
30733 3e-006
30734 3e-006
30735 3e-006
30736 3.31875e-006
30737 3e-006
30738 3e-006
30739 3e-006
30740 3e-006
30741 3e-006
30742 3.95625e-006
30743 3.38648e-006
30744 3e-006
30745 3.42035e-006
30746 3.31875e-006
30747 3e-006
30748 3.31875e-006
30749 3e-006
30750 3.31875e-006
30751 4.05785e-006
30752 3e-006
30753 3e-006
30754 3.31875e-006
30755 3e-006
30756 3.31875e-006
30757 3.6375e-006
30758 3e-006
30759 3e-006
30760 3e-006
30761 3e-006
30762 3.31875e-006
30763 3e-006
30764 3e-006
30765 3e-006
30766 3e-006
30767 3.6375e-006
30768 3.31875e-006
30769 3.6375e-006
30770 3e-006
30771 3e-006
30772 3e-006
30773 3e-006
30774 3e-006
30775 3e-006
30776 3.31875e-006
30777 3.31875e-006
30778 3.31875e-006
30779 3e-006
30780 3.31875e-006
30781 3e-006
30782 3e-006
30783 3e-006
30784 3.6375e-006
30785 3e-006
30786 3.6375e-006
30787 3e-006
30788 3.67856e-006
30789 3e-006
30790 3.31875e-006
30791 3.31875e-006
30792 3.31875e-006
30793 3e-006
30794 3e-006
30795 3.6375e-006
30796 3e-006
30797 3e-006
30798 3e-006
30799 3e-006
30800 3.31875e-006
30801 3.67137e-006
30802 3e-006
30803 3e-006
30804 3e-006
30805 3e-006
30806 3.35262e-006
30807 3e-006
30808 3e-006
30809 3.99012e-006
30810 3e-006
30811 3e-006
30812 3.35621e-006
30813 3e-006
30814 3e-006
30815 3.31875e-006
30816 3e-006
30817 3e-006
30818 3.6375e-006
30819 3e-006
30820 3e-006
30821 3.6375e-006
30822 3e-006
30823 3e-006
30824 5.26512e-006
30825 3e-006
30826 3e-006
30827 3.39008e-006
30828 3e-006
30829 3e-006
30830 3e-006
30831 3e-006
30832 3.31875e-006
30833 3e-006
30834 3.31875e-006
30835 3e-006
30836 3.31875e-006
30837 3.31875e-006
30838 3e-006
30839 3e-006
30840 3e-006
30841 3.31875e-006
30842 3e-006
30843 3.35621e-006
30844 3e-006
30845 3.6375e-006
30846 3.7391e-006
30847 3e-006
30848 5.6588e-006
30849 3e-006
30850 3e-006
30851 3.31875e-006
30852 3e-006
30853 3.31875e-006
30854 3e-006
30855 3e-006
30856 3e-006
30857 3e-006
30858 3.31875e-006
30859 3e-006
30860 3e-006
30861 3e-006
30862 3e-006
30863 3e-006
30864 3e-006
30865 3e-006
30866 3.31875e-006
30867 3.31875e-006
30868 3e-006
30869 3.31875e-006
30870 3e-006
30871 3e-006
30872 3e-006
30873 3.31875e-006
30874 3e-006
30875 3.31875e-006
30876 3e-006
30877 3e-006
30878 3e-006
30879 3e-006
30880 3.31875e-006
30881 3e-006
30882 3e-006
30883 3e-006
30884 3e-006
30885 3.31875e-006
30886 3e-006
30887 3e-006
30888 3e-006
30889 3e-006
30890 3.31875e-006
30891 3e-006
30892 3.31875e-006
30893 3.95625e-006
30894 3e-006
30895 3e-006
30896 3e-006
30897 3.6375e-006
30898 3e-006
30899 3e-006
30900 3e-006
30901 3e-006
30902 3e-006
30903 3e-006
30904 3.31875e-006
30905 3e-006
30906 3.6375e-006
30907 3e-006
30908 3e-006
30909 3e-006
30910 3e-006
30911 3.31875e-006
30912 3e-006
30913 3.31875e-006
30914 3e-006
30915 3.31875e-006
30916 3e-006
30917 3e-006
30918 3e-006
30919 3e-006
30920 3e-006
30921 3e-006
30922 3.31875e-006
30923 3e-006
30924 3e-006
30925 3.31875e-006
30926 3e-006
30927 3.6375e-006
30928 3e-006
30929 3e-006
30930 3e-006
30931 3e-006
30932 3e-006
30933 3e-006
30934 3e-006
30935 3e-006
30936 3.31875e-006
30937 3e-006
30938 3.31875e-006
30939 3e-006
30940 3e-006
30941 3e-006
30942 3e-006
30943 3e-006
30944 3.35262e-006
30945 3e-006
30946 3.31875e-006
30947 3.95625e-006
30948 3e-006
30949 3.67137e-006
30950 3e-006
30951 3e-006
30952 3e-006
30953 3.95625e-006
30954 3e-006
30955 3.31875e-006
30956 3e-006
30957 3e-006
30958 3.31875e-006
30959 3e-006
30960 3.31875e-006
30961 3.31875e-006
30962 3e-006
30963 3e-006
30964 3e-006
30965 3e-006
30966 3.31875e-006
30967 3e-006
30968 3e-006
30969 3.31875e-006
30970 3.31875e-006
30971 3e-006
30972 3e-006
30973 3e-006
30974 3.31875e-006
30975 3e-006
30976 3e-006
30977 3e-006
30978 3.35262e-006
30979 3.31875e-006
30980 3e-006
30981 3.35262e-006
30982 3.31875e-006
30983 3e-006
30984 3.31875e-006
30985 3e-006
30986 3.6375e-006
30987 3e-006
30988 3e-006
30989 3.31875e-006
30990 3e-006
30991 3.6375e-006
30992 3e-006
30993 3e-006
30994 3.31875e-006
30995 3e-006
30996 3e-006
30997 3e-006
30998 3e-006
30999 3e-006
31000 3.6375e-006
31001 3e-006
31002 3e-006
31003 3.31875e-006
31004 4.275e-006
31005 3.6375e-006
31006 3e-006
31007 3e-006
31008 3.99371e-006
31009 3.35262e-006
31010 3.67137e-006
31011 4.3766e-006
31012 3e-006
31013 3e-006
31014 3.31875e-006
31015 3e-006
31016 3e-006
31017 3e-006
31018 3e-006
31019 3e-006
31020 3.95625e-006
31021 3e-006
31022 3.6375e-006
31023 3e-006
31024 3.31875e-006
31025 3e-006
31026 3e-006
31027 4.275e-006
31028 3.31875e-006
31029 3e-006
31030 3.31875e-006
31031 3e-006
31032 3e-006
31033 3.67137e-006
31034 3e-006
31035 3.31875e-006
31036 3e-006
31037 3.6375e-006
31038 3.31875e-006
31039 3e-006
31040 3e-006
31041 3e-006
31042 5.30258e-006
31043 3e-006
31044 3e-006
31045 4.34993e-006
31046 3.31875e-006
31047 3e-006
31048 3e-006
31049 3e-006
31050 3.31875e-006
31051 3.31875e-006
31052 3.67137e-006
31053 3e-006
31054 3.31875e-006
31055 3e-006
31056 3.35262e-006
31057 3e-006
31058 3e-006
31059 3e-006
31060 3e-006
31061 3e-006
31062 3.31875e-006
31063 3e-006
31064 3.31875e-006
31065 3e-006
31066 3e-006
31067 3.38648e-006
31068 3.67137e-006
31069 3e-006
31070 3e-006
31071 3e-006
31072 3.6375e-006
31073 3.31875e-006
31074 3e-006
31075 3e-006
31076 3e-006
31077 3.31875e-006
31078 3.31875e-006
31079 3e-006
31080 3e-006
31081 3.38648e-006
31082 3.31875e-006
31083 3e-006
31084 3e-006
31085 3e-006
31086 3.31875e-006
31087 3e-006
31088 3.67137e-006
31089 3.67137e-006
31090 3.31875e-006
31091 4.34671e-006
31092 3.31875e-006
31093 3e-006
31094 3.31875e-006
31095 3e-006
31096 3e-006
31097 3e-006
31098 3e-006
31099 3e-006
31100 5.61773e-006
31101 3e-006
31102 3e-006
31103 3e-006
31104 3e-006
31105 3e-006
31106 3.31875e-006
31107 3.31875e-006
31108 3e-006
31109 3.31875e-006
31110 3e-006
31111 3.31875e-006
31112 3.35262e-006
31113 3e-006
31114 3.99012e-006
31115 3e-006
31116 3e-006
31117 3e-006
31118 3.31875e-006
31119 3e-006
31120 3.35262e-006
31121 3.38648e-006
31122 3e-006
31123 3e-006
31124 3e-006
31125 3e-006
31126 3e-006
31127 3e-006
31128 3.35262e-006
31129 3.31875e-006
31130 3.31875e-006
31131 3.67137e-006
31132 3e-006
31133 3e-006
31134 3e-006
31135 3e-006
31136 3e-006
31137 3e-006
31138 4.275e-006
31139 3e-006
31140 3e-006
31141 3e-006
31142 3e-006
31143 3e-006
31144 3e-006
31145 3.35262e-006
31146 3e-006
31147 3e-006
31148 3.35262e-006
31149 3e-006
31150 3e-006
31151 3e-006
31152 3e-006
31153 3.31875e-006
31154 3e-006
31155 3e-006
31156 3e-006
31157 3e-006
31158 3.35262e-006
31159 3e-006
31160 3.31875e-006
31161 3e-006
31162 3.6375e-006
31163 4.30887e-006
31164 3.31875e-006
31165 3e-006
31166 3.31875e-006
31167 3.31875e-006
31168 3e-006
31169 3e-006
31170 3e-006
31171 3.31875e-006
31172 3e-006
31173 3e-006
31174 3e-006
31175 3e-006
31176 4.30887e-006
31177 3e-006
31178 3.31875e-006
31179 3.70523e-006
31180 3e-006
31181 3e-006
31182 3.31875e-006
31183 3.31875e-006
31184 3.31875e-006
31185 3e-006
31186 3e-006
31187 3.31875e-006
31188 3.6375e-006
31189 3e-006
31190 3.31875e-006
31191 3.31875e-006
31192 3e-006
31193 3e-006
31194 3e-006
31195 3e-006
31196 3.31875e-006
31197 3.67137e-006
31198 3e-006
31199 4.62762e-006
31200 3.35262e-006
31201 3.31875e-006
31202 3.31875e-006
31203 3e-006
31204 3e-006
31205 3e-006
31206 3e-006
31207 3e-006
31208 3e-006
31209 3.31875e-006
31210 3.6375e-006
31211 3.31875e-006
31212 3e-006
31213 3e-006
31214 3.31875e-006
31215 3.31875e-006
31216 3.6375e-006
31217 3e-006
31218 3.95625e-006
31219 3.31875e-006
31220 3e-006
31221 3e-006
31222 3.67496e-006
31223 3e-006
31224 3e-006
31225 3.31875e-006
31226 3e-006
31227 3e-006
31228 3e-006
31229 3e-006
31230 3.38648e-006
31231 3e-006
31232 3.31875e-006
31233 3e-006
31234 3e-006
31235 3e-006
31236 3.31875e-006
31237 3e-006
31238 3.6375e-006
31239 3.42035e-006
31240 3e-006
31241 3.31875e-006
31242 3e-006
31243 3.35981e-006
31244 3e-006
31245 3e-006
31246 3e-006
31247 3e-006
31248 3e-006
31249 3e-006
31250 3e-006
31251 3e-006
31252 3.6375e-006
31253 3e-006
31254 3e-006
31255 3e-006
31256 3e-006
31257 3e-006
31258 3e-006
31259 3e-006
31260 3.31875e-006
31261 3e-006
31262 3e-006
31263 3e-006
31264 3e-006
31265 3e-006
31266 3e-006
31267 3e-006
31268 3.31875e-006
31269 3.31875e-006
31270 3.31875e-006
31271 3e-006
31272 3e-006
31273 3.67496e-006
31274 3e-006
31275 3e-006
31276 3e-006
31277 3e-006
31278 3e-006
31279 3e-006
31280 3e-006
31281 3e-006
31282 3e-006
31283 3.35262e-006
31284 3.31875e-006
31285 3e-006
31286 3e-006
31287 3.31875e-006
31288 3e-006
31289 3.31875e-006
31290 3e-006
31291 3.31875e-006
31292 3e-006
31293 3.6375e-006
31294 3e-006
31295 3e-006
31296 3e-006
31297 3e-006
31298 3e-006
31299 3.31875e-006
31300 3e-006
31301 3.6375e-006
31302 3.31875e-006
31303 3e-006
31304 3e-006
31305 3e-006
31306 3e-006
31307 3e-006
31308 3e-006
31309 3.35262e-006
31310 3e-006
31311 3e-006
31312 3e-006
31313 3e-006
31314 3e-006
31315 3e-006
31316 3e-006
31317 3e-006
31318 3.31875e-006
31319 3.31875e-006
31320 3e-006
31321 3e-006
31322 3e-006
31323 3e-006
31324 3e-006
31325 3.31875e-006
31326 3.35262e-006
31327 3.31875e-006
31328 3e-006
31329 3e-006
31330 3.6375e-006
31331 3e-006
31332 3e-006
31333 3.67137e-006
31334 3e-006
31335 3.31875e-006
31336 3e-006
31337 3e-006
31338 3e-006
31339 3.31875e-006
31340 3e-006
31341 3e-006
31342 3.31875e-006
31343 3e-006
31344 3.31875e-006
31345 3e-006
31346 3e-006
31347 3e-006
31348 3e-006
31349 3e-006
31350 3e-006
31351 3e-006
31352 3.31875e-006
31353 3.31875e-006
31354 3.31875e-006
31355 3e-006
31356 3.70523e-006
31357 4.275e-006
31358 3e-006
31359 3.31875e-006
31360 3.31875e-006
31361 3.31875e-006
31362 3.6375e-006
31363 3e-006
31364 3e-006
31365 3.6375e-006
31366 3.99012e-006
31367 3e-006
31368 3.67137e-006
31369 3.31875e-006
31370 3.35621e-006
31371 3e-006
31372 3.31875e-006
31373 3e-006
31374 3e-006
31375 3.67137e-006
31376 3.31875e-006
31377 3e-006
31378 3.35262e-006
31379 3e-006
31380 3e-006
31381 3.35262e-006
31382 3e-006
31383 3e-006
31384 3.31875e-006
31385 3.67137e-006
31386 3e-006
31387 3e-006
31388 3e-006
31389 3e-006
31390 3.99012e-006
31391 3e-006
31392 3e-006
31393 3.31875e-006
31394 3e-006
31395 3e-006
31396 3e-006
31397 3e-006
31398 3e-006
31399 3e-006
31400 3.6375e-006
31401 3e-006
31402 3e-006
31403 3e-006
31404 3e-006
31405 3e-006
31406 3e-006
31407 3.31875e-006
31408 3e-006
31409 3e-006
31410 3e-006
31411 3.31875e-006
31412 3.31875e-006
31413 3.38648e-006
31414 3e-006
31415 3e-006
31416 3e-006
31417 3e-006
31418 3.6375e-006
31419 3.31875e-006
31420 3.31875e-006
31421 3.31875e-006
31422 3.35621e-006
31423 3e-006
31424 3e-006
31425 3.31875e-006
31426 3e-006
31427 3e-006
31428 3.31875e-006
31429 3e-006
31430 3.6375e-006
31431 3e-006
31432 3e-006
31433 3e-006
31434 3.31875e-006
31435 3.6375e-006
31436 3e-006
31437 3.6375e-006
31438 3e-006
31439 3e-006
31440 3e-006
31441 3.31875e-006
31442 3e-006
31443 3e-006
31444 3e-006
31445 3e-006
31446 3e-006
31447 3.31875e-006
31448 3e-006
31449 3e-006
31450 3e-006
31451 3e-006
31452 3e-006
31453 3e-006
31454 3e-006
31455 3e-006
31456 3e-006
31457 3e-006
31458 3e-006
31459 3.31875e-006
31460 3.31875e-006
31461 3.31875e-006
31462 3e-006
31463 3e-006
31464 3e-006
31465 3e-006
31466 3e-006
31467 4.02758e-006
31468 3e-006
31469 3e-006
31470 3.31875e-006
31471 3e-006
31472 3e-006
31473 3.31875e-006
31474 3.31875e-006
31475 3e-006
31476 3.31875e-006
31477 3e-006
31478 3e-006
31479 3e-006
31480 3.31875e-006
31481 3e-006
31482 3e-006
31483 4.3766e-006
31484 3e-006
31485 3e-006
31486 3e-006
31487 3e-006
31488 3e-006
31489 3e-006
31490 4.30887e-006
31491 3e-006
31492 3e-006
31493 3.35262e-006
31494 3e-006
31495 3.31875e-006
31496 3e-006
31497 3.99012e-006
31498 3e-006
31499 3.31875e-006
31500 3.31875e-006
31501 3e-006
31502 3e-006
31503 3.31875e-006
31504 3e-006
31505 3e-006
31506 3.38648e-006
31507 3e-006
31508 3e-006
31509 3e-006
31510 3.31875e-006
31511 3e-006
31512 3.31875e-006
31513 3.31875e-006
31514 3e-006
31515 3e-006
31516 3e-006
31517 3e-006
31518 3e-006
31519 3e-006
31520 3e-006
31521 3e-006
31522 3e-006
31523 3e-006
31524 3e-006
31525 3e-006
31526 3e-006
31527 3e-006
31528 3e-006
31529 3e-006
31530 3e-006
31531 3e-006
31532 4.62762e-006
31533 3e-006
31534 3.31875e-006
31535 3e-006
31536 3.6375e-006
31537 3.31875e-006
31538 3.6375e-006
31539 3e-006
31540 3e-006
31541 3e-006
31542 3e-006
31543 3e-006
31544 3.6375e-006
31545 3e-006
31546 3.31875e-006
31547 3e-006
31548 3e-006
31549 3.31875e-006
31550 3e-006
31551 3e-006
31552 3.6375e-006
31553 3e-006
31554 3e-006
31555 3e-006
31556 3e-006
31557 3e-006
31558 3e-006
31559 3e-006
31560 3e-006
31561 3e-006
31562 3.31875e-006
31563 3.6375e-006
31564 3e-006
31565 3e-006
31566 3.6375e-006
31567 3e-006
31568 3e-006
31569 3.31875e-006
31570 3.31875e-006
31571 3e-006
31572 3e-006
31573 3.31875e-006
31574 3e-006
31575 3e-006
31576 3e-006
31577 3e-006
31578 3e-006
31579 3e-006
31580 3.35262e-006
31581 3.31875e-006
31582 3.6375e-006
31583 3.31875e-006
31584 3e-006
31585 3e-006
31586 3e-006
31587 3e-006
31588 3e-006
31589 3e-006
31590 3.31875e-006
31591 3e-006
31592 3e-006
31593 3e-006
31594 3e-006
31595 3e-006
31596 3e-006
31597 3e-006
31598 3e-006
31599 3e-006
31600 3e-006
31601 3e-006
31602 3e-006
31603 3.67137e-006
31604 3e-006
31605 3e-006
31606 3e-006
31607 3e-006
31608 3.31875e-006
31609 3.31875e-006
31610 3e-006
31611 3e-006
31612 3.31875e-006
31613 3.31875e-006
31614 3e-006
31615 3e-006
31616 3.31875e-006
31617 3.31875e-006
31618 3.31875e-006
31619 3e-006
31620 3.31875e-006
31621 3.31875e-006
31622 3e-006
31623 3.31875e-006
31624 3e-006
31625 3.6375e-006
31626 3.35262e-006
31627 3.67137e-006
31628 3e-006
31629 3e-006
31630 3e-006
31631 3e-006
31632 3e-006
31633 3e-006
31634 3.31875e-006
31635 3e-006
31636 3e-006
31637 3e-006
31638 3e-006
31639 3e-006
31640 3e-006
31641 3e-006
31642 3e-006
31643 3e-006
31644 3e-006
31645 3e-006
31646 3.31875e-006
31647 3.31875e-006
31648 3e-006
31649 3e-006
31650 3e-006
31651 3.35262e-006
31652 3e-006
31653 3e-006
31654 3.70523e-006
31655 3e-006
31656 3e-006
31657 3.6375e-006
31658 3e-006
31659 3.6375e-006
31660 3e-006
31661 3.31875e-006
31662 3e-006
31663 3e-006
31664 3.31875e-006
31665 3e-006
31666 3e-006
31667 3.31875e-006
31668 3e-006
31669 3e-006
31670 3e-006
31671 3.31875e-006
31672 3e-006
31673 3e-006
31674 3e-006
31675 3e-006
31676 3e-006
31677 3.31875e-006
31678 3.35621e-006
31679 3e-006
31680 3e-006
31681 3e-006
31682 3e-006
31683 3e-006
31684 3e-006
31685 3.31875e-006
31686 3e-006
31687 3.99012e-006
31688 3e-006
31689 3e-006
31690 3e-006
31691 3.31875e-006
31692 3e-006
31693 3e-006
31694 3e-006
31695 3.95625e-006
31696 3e-006
31697 3e-006
31698 3e-006
31699 3.31875e-006
31700 3.6375e-006
31701 3.31875e-006
31702 3.31875e-006
31703 3.31875e-006
31704 3.35262e-006
31705 3e-006
31706 3e-006
31707 3.7463e-006
31708 3.6375e-006
31709 3e-006
31710 3.31875e-006
31711 3e-006
31712 3.31875e-006
31713 3.35262e-006
31714 3.31875e-006
31715 3e-006
31716 3e-006
31717 3e-006
31718 3.6375e-006
31719 3.67137e-006
31720 3e-006
31721 3.70883e-006
31722 3.31875e-006
31723 3.31875e-006
31724 3e-006
31725 3e-006
31726 3e-006
31727 3e-006
31728 3e-006
31729 3e-006
31730 3e-006
31731 3e-006
31732 3e-006
31733 4.30887e-006
31734 3e-006
31735 3e-006
31736 3.31875e-006
31737 3e-006
31738 3.31875e-006
31739 3e-006
31740 4.275e-006
31741 3e-006
31742 3.6375e-006
31743 3e-006
31744 3.31875e-006
31745 3.31875e-006
31746 3e-006
31747 3e-006
31748 3.31875e-006
31749 3e-006
31750 3.6375e-006
31751 4.59375e-006
31752 3e-006
31753 3e-006
31754 3e-006
31755 3e-006
31756 3e-006
31757 3.31875e-006
31758 3.31875e-006
31759 3.35262e-006
31760 3e-006
31761 3e-006
31762 3e-006
31763 4.66148e-006
31764 3.31875e-006
31765 3.31875e-006
31766 3.6375e-006
31767 3.31875e-006
31768 3e-006
31769 3e-006
31770 3.31875e-006
31771 4.02398e-006
31772 3e-006
31773 3.6375e-006
31774 3e-006
31775 3e-006
31776 3.31875e-006
31777 3.31875e-006
31778 3e-006
31779 3e-006
31780 3.31875e-006
31781 3e-006
31782 3e-006
31783 3.31875e-006
31784 3e-006
31785 3e-006
31786 3.6375e-006
31787 3e-006
31788 3.31875e-006
31789 3e-006
31790 3e-006
31791 3e-006
31792 3.95625e-006
31793 3.31875e-006
31794 3.67137e-006
31795 3.31875e-006
31796 3.31875e-006
31797 3.35262e-006
31798 3.31875e-006
31799 3e-006
31800 3e-006
31801 3e-006
31802 3e-006
31803 3e-006
31804 3.42395e-006
31805 3e-006
31806 3e-006
31807 3e-006
31808 3e-006
31809 3.31875e-006
31810 3e-006
31811 3.31875e-006
31812 3e-006
31813 3e-006
31814 3e-006
31815 3e-006
31816 3e-006
31817 3.67496e-006
31818 3e-006
31819 3e-006
31820 3e-006
31821 3.31875e-006
31822 3e-006
31823 3.31875e-006
31824 3.31875e-006
31825 3e-006
31826 3e-006
31827 3e-006
31828 3e-006
31829 3.31875e-006
31830 3e-006
31831 3e-006
31832 3.31875e-006
31833 3e-006
31834 3.6375e-006
31835 3.38648e-006
31836 3.48809e-006
31837 3e-006
31838 3e-006
31839 3.31875e-006
31840 3e-006
31841 3e-006
31842 3e-006
31843 3e-006
31844 4.30887e-006
31845 3e-006
31846 3.31875e-006
31847 3e-006
31848 3e-006
31849 3e-006
31850 3e-006
31851 3e-006
31852 3.31875e-006
31853 3e-006
31854 3e-006
31855 3e-006
31856 3e-006
31857 3e-006
31858 3.95625e-006
31859 3.31875e-006
31860 3e-006
31861 3e-006
31862 3.35262e-006
31863 3e-006
31864 3.99012e-006
31865 3e-006
31866 3e-006
31867 3e-006
31868 3.31875e-006
31869 3e-006
31870 3.31875e-006
31871 3.31875e-006
31872 3e-006
31873 3e-006
31874 3e-006
31875 3e-006
31876 3e-006
31877 3.31875e-006
31878 3e-006
31879 3e-006
31880 3.31875e-006
31881 3e-006
31882 3e-006
31883 3.6375e-006
31884 3e-006
31885 3.31875e-006
31886 3.6375e-006
31887 3e-006
31888 3e-006
31889 3e-006
31890 3e-006
31891 3.31875e-006
31892 3e-006
31893 3.67137e-006
31894 3e-006
31895 3.31875e-006
31896 3e-006
31897 3e-006
31898 3e-006
31899 3e-006
31900 3.31875e-006
31901 3.31875e-006
31902 3e-006
31903 3e-006
31904 3e-006
31905 3e-006
31906 3e-006
31907 3e-006
31908 3e-006
31909 3.35262e-006
31910 3e-006
31911 3.31875e-006
31912 3e-006
31913 3.6375e-006
31914 3e-006
31915 3.31875e-006
31916 3.70523e-006
31917 3e-006
31918 3.95625e-006
31919 3e-006
31920 3e-006
31921 3e-006
31922 3e-006
31923 3e-006
31924 3.95625e-006
31925 3e-006
31926 3e-006
31927 3.31875e-006
31928 3e-006
31929 3.35621e-006
31930 3e-006
31931 3.6375e-006
31932 3e-006
31933 3e-006
31934 4.02758e-006
31935 3e-006
31936 3e-006
31937 3e-006
31938 3e-006
31939 3e-006
31940 3e-006
31941 3.31875e-006
31942 3e-006
31943 3e-006
31944 3e-006
31945 3e-006
31946 3.35262e-006
31947 3e-006
31948 3e-006
31949 3e-006
31950 3.35262e-006
31951 3e-006
31952 3e-006
31953 3e-006
31954 3.31875e-006
31955 3.31875e-006
31956 3e-006
31957 3e-006
31958 3.95625e-006
31959 3e-006
31960 3e-006
31961 3e-006
31962 3e-006
31963 3e-006
31964 3.70523e-006
31965 3.6375e-006
31966 3e-006
31967 3e-006
31968 3e-006
31969 3e-006
31970 3e-006
31971 3e-006
31972 3e-006
31973 3e-006
31974 3.31875e-006
31975 3e-006
31976 3e-006
31977 3e-006
31978 3e-006
31979 3e-006
31980 3e-006
31981 3.87457e-006
31982 4.275e-006
31983 3.31875e-006
31984 3e-006
31985 3e-006
31986 3e-006
31987 3e-006
31988 3e-006
31989 3e-006
31990 3.42395e-006
31991 3.99012e-006
31992 3e-006
31993 3.31875e-006
31994 3.35262e-006
31995 3e-006
31996 3.31875e-006
31997 3e-006
31998 3.31875e-006
31999 3e-006
32000 3e-006
32001 3.6375e-006
32002 3e-006
32003 3.31875e-006
32004 3.67137e-006
32005 3e-006
32006 3e-006
32007 3.6375e-006
32008 3e-006
32009 3e-006
32010 3e-006
32011 3e-006
32012 3e-006
32013 3.31875e-006
32014 3e-006
32015 3e-006
32016 3.31875e-006
32017 3e-006
32018 3e-006
32019 3e-006
32020 3e-006
32021 3e-006
32022 3e-006
32023 3e-006
32024 3e-006
32025 3e-006
32026 3e-006
32027 3e-006
32028 3e-006
32029 3e-006
32030 3.35262e-006
32031 3e-006
32032 3e-006
32033 3e-006
32034 3e-006
32035 3e-006
32036 3e-006
32037 3e-006
32038 3.31875e-006
32039 3e-006
32040 3.99012e-006
32041 3.31875e-006
32042 3e-006
32043 3e-006
32044 3e-006
32045 3.6375e-006
32046 3.31875e-006
32047 3e-006
32048 3e-006
32049 3e-006
32050 3e-006
32051 3.6375e-006
32052 3.67137e-006
32053 3e-006
32054 3e-006
32055 3e-006
32056 3.6375e-006
32057 3e-006
32058 3e-006
32059 3e-006
32060 3e-006
32061 3e-006
32062 3e-006
32063 3e-006
32064 3.31875e-006
32065 3.31875e-006
32066 3e-006
32067 3.31875e-006
32068 3.6375e-006
32069 3e-006
32070 3e-006
32071 3.99012e-006
32072 3.31875e-006
32073 3e-006
32074 3.31875e-006
32075 3.31875e-006
32076 3e-006
32077 3e-006
32078 3.31875e-006
32079 3e-006
32080 3e-006
32081 3e-006
32082 3e-006
32083 3e-006
32084 3e-006
32085 3e-006
32086 3.31875e-006
32087 3e-006
32088 3e-006
32089 3e-006
32090 3.35262e-006
32091 3e-006
32092 3.6375e-006
32093 3.31875e-006
32094 3e-006
32095 3e-006
32096 3e-006
32097 3.99012e-006
32098 3e-006
32099 3.35262e-006
32100 3e-006
32101 3.31875e-006
32102 3.31875e-006
32103 3.31875e-006
32104 3e-006
32105 3e-006
32106 3e-006
32107 3e-006
32108 3.31875e-006
32109 3e-006
32110 3e-006
32111 3.48809e-006
32112 3e-006
32113 3e-006
32114 3e-006
32115 3e-006
32116 3.31875e-006
32117 3e-006
32118 3e-006
32119 3e-006
32120 3.31875e-006
32121 3e-006
32122 3e-006
32123 3e-006
32124 3.31875e-006
32125 3e-006
32126 3e-006
32127 3e-006
32128 3e-006
32129 3.31875e-006
32130 3e-006
32131 3.31875e-006
32132 3e-006
32133 3e-006
32134 3e-006
32135 3e-006
32136 3.35262e-006
32137 3e-006
32138 3.6375e-006
32139 3e-006
32140 3.31875e-006
32141 3.31875e-006
32142 3.31875e-006
32143 3e-006
32144 3e-006
32145 3e-006
32146 3.31875e-006
32147 3.38648e-006
32148 3e-006
32149 3.39368e-006
32150 3e-006
32151 3e-006
32152 3e-006
32153 3e-006
32154 3e-006
32155 3e-006
32156 3e-006
32157 3e-006
32158 3e-006
32159 3.6375e-006
32160 3e-006
32161 3e-006
32162 3.31875e-006
32163 3e-006
32164 3e-006
32165 3.31875e-006
32166 3e-006
32167 3.6375e-006
32168 3e-006
32169 3e-006
32170 3e-006
32171 3e-006
32172 3e-006
32173 3.31875e-006
32174 3e-006
32175 3.67137e-006
32176 3.31875e-006
32177 3e-006
32178 3e-006
32179 3.31875e-006
32180 3.35262e-006
32181 3e-006
32182 3.35262e-006
32183 3e-006
32184 3e-006
32185 3e-006
32186 3e-006
32187 3e-006
32188 4.94637e-006
32189 3e-006
32190 3.31875e-006
32191 3e-006
32192 3.31875e-006
32193 3e-006
32194 3.31875e-006
32195 3.99012e-006
32196 3.31875e-006
32197 3.35262e-006
32198 3e-006
32199 3e-006
32200 3.31875e-006
32201 3e-006
32202 3e-006
32203 3e-006
32204 3e-006
32205 3.31875e-006
32206 3e-006
32207 3.31875e-006
32208 3e-006
32209 3e-006
32210 3e-006
32211 3.31875e-006
32212 3.6375e-006
32213 3e-006
32214 3e-006
32215 3.95625e-006
32216 3e-006
32217 3e-006
32218 3e-006
32219 3.31875e-006
32220 3e-006
32221 3.31875e-006
32222 3e-006
32223 3.31875e-006
32224 3e-006
32225 3e-006
32226 3.31875e-006
32227 3e-006
32228 3e-006
32229 3e-006
32230 3e-006
32231 3e-006
32232 3e-006
32233 3.67137e-006
32234 3e-006
32235 3e-006
32236 3e-006
32237 3.6375e-006
32238 3e-006
32239 3e-006
32240 3e-006
32241 3e-006
32242 3e-006
32243 3e-006
32244 3e-006
32245 3.31875e-006
32246 3e-006
32247 3.31875e-006
32248 3e-006
32249 3e-006
32250 3.31875e-006
32251 3.31875e-006
32252 3.31875e-006
32253 3e-006
32254 3e-006
32255 3.6375e-006
32256 3e-006
32257 3e-006
32258 3e-006
32259 3.31875e-006
32260 3e-006
32261 3e-006
32262 3.31875e-006
32263 3e-006
32264 3e-006
32265 3e-006
32266 3e-006
32267 3e-006
32268 3e-006
32269 3e-006
32270 3e-006
32271 3.31875e-006
32272 3e-006
32273 3.31875e-006
32274 3e-006
32275 3e-006
32276 3.70883e-006
32277 3e-006
32278 3e-006
32279 3.35621e-006
32280 3e-006
32281 3.99012e-006
32282 3.7427e-006
32283 3e-006
32284 3.31875e-006
32285 3e-006
32286 3e-006
32287 3e-006
32288 3e-006
32289 3.6375e-006
32290 3e-006
32291 3e-006
32292 3.6375e-006
32293 3e-006
32294 3.31875e-006
32295 3.31875e-006
32296 3.31875e-006
32297 3e-006
32298 3.31875e-006
32299 3.31875e-006
32300 3e-006
32301 3e-006
32302 3.95625e-006
32303 3e-006
32304 3.7391e-006
32305 3e-006
32306 3e-006
32307 3e-006
32308 3e-006
32309 3e-006
32310 3.31875e-006
32311 3.6375e-006
32312 3.99012e-006
32313 3e-006
32314 3e-006
32315 3e-006
32316 3.31875e-006
32317 3e-006
32318 3.31875e-006
32319 3e-006
32320 3e-006
32321 3e-006
32322 3e-006
32323 3e-006
32324 3.31875e-006
32325 3e-006
32326 3.31875e-006
32327 3e-006
32328 3e-006
32329 3.31875e-006
32330 3e-006
32331 3e-006
32332 3e-006
32333 3e-006
32334 3.95625e-006
32335 3.31875e-006
32336 3e-006
32337 3e-006
32338 3.38648e-006
32339 3e-006
32340 3e-006
32341 3.31875e-006
32342 3.35262e-006
32343 3e-006
32344 3e-006
32345 4.275e-006
32346 3e-006
32347 3.6375e-006
32348 3e-006
32349 3e-006
32350 3e-006
32351 3.31875e-006
32352 3e-006
32353 3e-006
32354 3.31875e-006
32355 3e-006
32356 3e-006
32357 3e-006
32358 3.31875e-006
32359 3e-006
32360 3e-006
32361 3e-006
32362 3e-006
32363 3e-006
32364 3.31875e-006
32365 3.38648e-006
32366 3.95625e-006
32367 3.6375e-006
32368 3e-006
32369 3e-006
32370 3.6375e-006
32371 3e-006
32372 3.95625e-006
32373 3e-006
32374 3e-006
32375 3e-006
32376 3e-006
32377 3.31875e-006
32378 3.31875e-006
32379 3e-006
32380 3e-006
32381 3e-006
32382 3.31875e-006
32383 3.6375e-006
32384 3e-006
32385 3.31875e-006
32386 3e-006
32387 3.31875e-006
32388 3.31875e-006
32389 3.31875e-006
32390 3e-006
32391 3e-006
32392 3e-006
32393 3e-006
32394 3.6375e-006
32395 3e-006
32396 3e-006
32397 3.67137e-006
32398 3e-006
32399 3e-006
32400 3e-006
32401 3.31875e-006
32402 3e-006
32403 3.67137e-006
32404 3e-006
32405 3e-006
32406 3e-006
32407 3e-006
32408 3e-006
32409 3e-006
32410 3e-006
32411 3.6375e-006
32412 3e-006
32413 3.31875e-006
32414 3e-006
32415 3e-006
32416 3.67137e-006
32417 3.6375e-006
32418 3.6375e-006
32419 3.31875e-006
32420 3e-006
32421 3.31875e-006
32422 3.31875e-006
32423 3.31875e-006
32424 3e-006
32425 3e-006
32426 3e-006
32427 3e-006
32428 3e-006
32429 3e-006
32430 3.31875e-006
32431 3e-006
32432 3.31875e-006
32433 3e-006
32434 3e-006
32435 3e-006
32436 3e-006
32437 3e-006
32438 4.275e-006
32439 3.31875e-006
32440 3e-006
32441 3.31875e-006
32442 3.67137e-006
32443 3e-006
32444 3e-006
32445 3.6375e-006
32446 3e-006
32447 3e-006
32448 3e-006
32449 3.31875e-006
32450 3e-006
32451 3.31875e-006
32452 3.6375e-006
32453 3.31875e-006
32454 3e-006
32455 3e-006
32456 3.35262e-006
32457 3.99012e-006
32458 3e-006
32459 3e-006
32460 3.31875e-006
32461 5.29898e-006
32462 3e-006
32463 3e-006
32464 3e-006
32465 3e-006
32466 3e-006
32467 3e-006
32468 3.31875e-006
32469 3e-006
32470 3e-006
32471 4.06145e-006
32472 3e-006
32473 3e-006
32474 3e-006
32475 3e-006
32476 3.31875e-006
32477 3e-006
32478 3e-006
32479 3e-006
32480 3.31875e-006
32481 3e-006
32482 3e-006
32483 3.6375e-006
32484 3e-006
32485 3.31875e-006
32486 3e-006
32487 3e-006
32488 3.31875e-006
32489 3e-006
32490 3.31875e-006
32491 3e-006
32492 3e-006
32493 3e-006
32494 3e-006
32495 3e-006
32496 3.6375e-006
32497 3e-006
32498 3e-006
32499 3.31875e-006
32500 3e-006
32501 3e-006
32502 3e-006
32503 3e-006
32504 3.67137e-006
32505 3.6375e-006
32506 3.31875e-006
32507 3e-006
32508 3e-006
32509 3e-006
32510 3e-006
32511 3.6375e-006
32512 3e-006
32513 3e-006
32514 3e-006
32515 3.31875e-006
32516 3e-006
32517 3.31875e-006
32518 3e-006
32519 3e-006
32520 3e-006
32521 3e-006
32522 4.3766e-006
32523 3.67137e-006
32524 3e-006
32525 3e-006
32526 3.6375e-006
32527 3.31875e-006
32528 3e-006
32529 3.31875e-006
32530 3e-006
32531 3.6375e-006
32532 3e-006
32533 3e-006
32534 3.6375e-006
32535 3e-006
32536 3e-006
32537 3e-006
32538 3e-006
32539 3e-006
32540 3e-006
32541 3e-006
32542 3e-006
32543 3e-006
32544 3.31875e-006
32545 3e-006
32546 3e-006
32547 3.6375e-006
32548 3.6375e-006
32549 3e-006
32550 3.31875e-006
32551 3e-006
32552 3.31875e-006
32553 3.6375e-006
32554 3e-006
32555 3e-006
32556 3e-006
32557 3e-006
32558 3e-006
32559 3.31875e-006
32560 3.35262e-006
32561 3.31875e-006
32562 3.31875e-006
32563 3.31875e-006
32564 3.6375e-006
32565 3e-006
32566 3e-006
32567 3e-006
32568 3e-006
32569 3.31875e-006
32570 3e-006
32571 3e-006
32572 3e-006
32573 3e-006
32574 3.31875e-006
32575 3.6375e-006
32576 3.67137e-006
32577 3.35262e-006
32578 3e-006
32579 3e-006
32580 3e-006
32581 3.35262e-006
32582 3e-006
32583 3.31875e-006
32584 3e-006
32585 3e-006
32586 3.35262e-006
32587 3.31875e-006
32588 3e-006
32589 3e-006
32590 3e-006
32591 3e-006
32592 3.6375e-006
32593 3.31875e-006
32594 3e-006
32595 3.67137e-006
32596 3.31875e-006
32597 3e-006
32598 3.6375e-006
32599 3.31875e-006
32600 3.31875e-006
32601 3e-006
32602 3.31875e-006
32603 3.67137e-006
32604 3e-006
32605 3.6375e-006
32606 3.31875e-006
32607 3e-006
32608 3e-006
32609 5.58387e-006
32610 3e-006
32611 3.67137e-006
32612 3e-006
32613 3.70523e-006
32614 3e-006
32615 3e-006
32616 3e-006
32617 3e-006
32618 3.6375e-006
32619 3e-006
32620 3e-006
32621 3e-006
32622 3.31875e-006
32623 3e-006
32624 3e-006
32625 3e-006
32626 3e-006
32627 3e-006
32628 3.35262e-006
32629 3e-006
32630 3e-006
32631 3e-006
32632 3e-006
32633 3e-006
32634 3.6375e-006
32635 3.31875e-006
32636 3.67137e-006
32637 3.6375e-006
32638 3e-006
32639 3e-006
32640 3.67137e-006
32641 3.31875e-006
32642 3e-006
32643 3e-006
32644 3e-006
32645 3.35262e-006
32646 3.31875e-006
32647 3e-006
32648 3.31875e-006
32649 3e-006
32650 3e-006
32651 3.31875e-006
32652 3e-006
32653 3e-006
32654 3e-006
32655 3e-006
32656 3e-006
32657 3e-006
32658 3.6375e-006
32659 3.31875e-006
32660 3e-006
32661 3e-006
32662 3e-006
32663 3e-006
32664 3e-006
32665 3.35262e-006
32666 3e-006
32667 3e-006
32668 3.42035e-006
32669 3.31875e-006
32670 3.31875e-006
32671 3e-006
32672 3e-006
32673 3.31875e-006
32674 3e-006
32675 3.67137e-006
32676 3e-006
32677 3e-006
32678 3e-006
32679 3e-006
32680 3.6375e-006
32681 3e-006
32682 3e-006
32683 3.31875e-006
32684 3.31875e-006
32685 3.31875e-006
32686 3e-006
32687 3e-006
32688 3e-006
32689 3e-006
32690 3e-006
32691 3e-006
32692 3e-006
32693 3e-006
32694 3.95625e-006
32695 3e-006
32696 3.31875e-006
32697 3e-006
32698 3e-006
32699 3e-006
32700 3e-006
32701 3e-006
32702 3.31875e-006
32703 3.78016e-006
32704 3e-006
32705 3.31875e-006
32706 3e-006
32707 3e-006
32708 3e-006
32709 3.67137e-006
32710 3.31875e-006
32711 3e-006
32712 3.31875e-006
32713 3e-006
32714 3e-006
32715 3e-006
32716 3.31875e-006
32717 3e-006
32718 3e-006
32719 3e-006
32720 3e-006
32721 3e-006
32722 3.35262e-006
32723 3.31875e-006
32724 3e-006
32725 3e-006
32726 3e-006
32727 3e-006
32728 3e-006
32729 4.02398e-006
32730 3e-006
32731 3e-006
32732 3e-006
32733 3e-006
32734 3e-006
32735 3.31875e-006
32736 3e-006
32737 3.6375e-006
32738 3e-006
32739 3e-006
32740 3.31875e-006
32741 3e-006
32742 3.31875e-006
32743 3e-006
32744 3.31875e-006
32745 3e-006
32746 3e-006
32747 3e-006
32748 3e-006
32749 3.31875e-006
32750 3.31875e-006
32751 3e-006
32752 3e-006
32753 3.31875e-006
32754 3e-006
32755 3e-006
32756 3.31875e-006
32757 3e-006
32758 3.31875e-006
32759 3e-006
32760 3.31875e-006
32761 3e-006
32762 3e-006
32763 3.31875e-006
32764 3.67137e-006
32765 3e-006
32766 3.6375e-006
32767 3e-006
32768 3e-006
32769 3e-006
32770 3e-006
32771 3.31875e-006
32772 3e-006
32773 3e-006
32774 3.6375e-006
32775 3e-006
32776 3e-006
32777 3.6375e-006
32778 3.6375e-006
32779 3e-006
32780 3e-006
32781 3.31875e-006
32782 3.31875e-006
32783 3e-006
32784 3.6375e-006
32785 3.31875e-006
32786 3e-006
32787 3e-006
32788 3e-006
32789 3e-006
32790 3e-006
32791 3.67137e-006
32792 3.31875e-006
32793 3e-006
32794 3e-006
32795 3.70523e-006
32796 3e-006
32797 3e-006
32798 3e-006
32799 3.31875e-006
32800 3.31875e-006
32801 3e-006
32802 3.31875e-006
32803 3e-006
32804 3e-006
32805 3.31875e-006
32806 3e-006
32807 3.31875e-006
32808 3e-006
32809 3e-006
32810 3.6375e-006
32811 3e-006
32812 3e-006
32813 3.31875e-006
32814 3e-006
32815 3e-006
32816 3.31875e-006
32817 3.6375e-006
32818 3e-006
32819 3e-006
32820 3.95625e-006
32821 3e-006
32822 3e-006
32823 3.31875e-006
32824 3.31875e-006
32825 3e-006
32826 3e-006
32827 3e-006
32828 3.6375e-006
32829 3e-006
32830 3e-006
32831 3e-006
32832 3.31875e-006
32833 3e-006
32834 3e-006
32835 3e-006
32836 3e-006
32837 3.6375e-006
32838 3e-006
32839 3e-006
32840 3e-006
32841 3.31875e-006
32842 3.31875e-006
32843 3e-006
32844 3e-006
32845 3e-006
32846 3e-006
32847 3e-006
32848 3e-006
32849 3e-006
32850 3e-006
32851 3e-006
32852 3e-006
32853 3.31875e-006
32854 3.31875e-006
32855 3.31875e-006
32856 3e-006
32857 3e-006
32858 3.67137e-006
32859 3.6375e-006
32860 3e-006
32861 3.31875e-006
32862 3.35621e-006
32863 3e-006
32864 3e-006
32865 3e-006
32866 3e-006
32867 3.6375e-006
32868 3e-006
32869 3e-006
32870 3e-006
32871 3e-006
32872 3.31875e-006
32873 3.31875e-006
32874 3e-006
32875 3.31875e-006
32876 3e-006
32877 3e-006
32878 3e-006
32879 3.6375e-006
32880 3e-006
32881 3e-006
32882 3e-006
32883 3e-006
32884 4.05785e-006
32885 3e-006
32886 3.31875e-006
32887 3.6375e-006
32888 3.31875e-006
32889 3.31875e-006
32890 3e-006
32891 3.6375e-006
32892 3.31875e-006
32893 3.31875e-006
32894 3.31875e-006
32895 3e-006
32896 3e-006
32897 3e-006
32898 3e-006
32899 3e-006
32900 3e-006
32901 3.31875e-006
32902 3e-006
32903 3e-006
32904 3e-006
32905 3.31875e-006
32906 3.31875e-006
32907 3e-006
32908 3.31875e-006
32909 3e-006
32910 3e-006
32911 3e-006
32912 3e-006
32913 3e-006
32914 3e-006
32915 3e-006
32916 3.99012e-006
32917 3e-006
32918 3e-006
32919 3e-006
32920 3e-006
32921 3.31875e-006
32922 3e-006
32923 3.35262e-006
32924 3e-006
32925 3e-006
32926 3e-006
32927 3e-006
32928 3.31875e-006
32929 3e-006
32930 3e-006
32931 3.31875e-006
32932 3e-006
32933 3.31875e-006
32934 3e-006
32935 3e-006
32936 3e-006
32937 3.31875e-006
32938 3e-006
32939 3.31875e-006
32940 3.6375e-006
32941 3e-006
32942 4.275e-006
32943 3e-006
32944 3e-006
32945 3e-006
32946 3e-006
32947 3e-006
32948 3.35262e-006
32949 3.67137e-006
32950 3e-006
32951 3.6375e-006
32952 3e-006
32953 3e-006
32954 3e-006
32955 3e-006
32956 3e-006
32957 3e-006
32958 3e-006
32959 3e-006
32960 3e-006
32961 3e-006
32962 3e-006
32963 3e-006
32964 3e-006
32965 3.31875e-006
32966 3e-006
32967 3e-006
32968 3e-006
32969 3e-006
32970 3e-006
32971 3e-006
32972 3.31875e-006
32973 3.35262e-006
32974 3e-006
32975 3e-006
32976 3e-006
32977 3e-006
32978 3.95625e-006
32979 3.31875e-006
32980 3e-006
32981 3e-006
32982 3e-006
32983 3e-006
32984 3e-006
32985 3e-006
32986 3e-006
32987 3e-006
32988 3e-006
32989 3e-006
32990 3.31875e-006
32991 3e-006
32992 3.31875e-006
32993 4.31285e-006
32994 3e-006
32995 3.31875e-006
32996 3e-006
32997 3e-006
32998 3e-006
32999 3e-006
33000 3e-006
33001 3e-006
33002 3e-006
33003 3e-006
33004 3e-006
33005 3e-006
33006 3e-006
33007 3e-006
33008 3e-006
33009 3e-006
33010 3e-006
33011 3e-006
33012 3e-006
33013 3.31875e-006
33014 3.31875e-006
33015 3e-006
33016 3e-006
33017 3e-006
33018 3e-006
33019 3e-006
33020 3e-006
33021 3.31875e-006
33022 3.35262e-006
33023 3.31875e-006
33024 3.31875e-006
33025 3e-006
33026 3e-006
33027 3e-006
33028 3e-006
33029 3e-006
33030 3e-006
33031 3e-006
33032 3.31875e-006
33033 3.31875e-006
33034 3e-006
33035 3.67137e-006
33036 3e-006
33037 3e-006
33038 3e-006
33039 3e-006
33040 3e-006
33041 3e-006
33042 3.67137e-006
33043 3e-006
33044 3e-006
33045 3e-006
33046 3e-006
33047 3e-006
33048 3e-006
33049 3e-006
33050 3e-006
33051 3e-006
33052 3e-006
33053 3e-006
33054 3.31875e-006
33055 3e-006
33056 3e-006
33057 3e-006
33058 3e-006
33059 3e-006
33060 3e-006
33061 3e-006
33062 3e-006
33063 3.31875e-006
33064 3e-006
33065 3e-006
33066 3.35262e-006
33067 3e-006
33068 3e-006
33069 3e-006
33070 3.31875e-006
33071 3e-006
33072 3e-006
33073 3e-006
33074 3e-006
33075 3e-006
33076 3e-006
33077 3e-006
33078 3e-006
33079 3.31875e-006
33080 3.31875e-006
33081 3e-006
33082 3e-006
33083 3e-006
33084 3e-006
33085 3e-006
33086 3.6375e-006
33087 3e-006
33088 3e-006
33089 3.31875e-006
33090 3.31875e-006
33091 3e-006
33092 3e-006
33093 3e-006
33094 3e-006
33095 3e-006
33096 3.35262e-006
33097 3e-006
33098 3e-006
33099 3e-006
33100 3.31875e-006
33101 3.31875e-006
33102 3e-006
33103 3e-006
33104 3.31875e-006
33105 3.35262e-006
33106 3.35262e-006
33107 3.31875e-006
33108 3e-006
33109 3e-006
33110 3.31875e-006
33111 3.31875e-006
33112 3e-006
33113 3.31875e-006
33114 3e-006
33115 3e-006
33116 3.70523e-006
33117 3.6375e-006
33118 3e-006
33119 3.31875e-006
33120 3e-006
33121 3.31875e-006
33122 3e-006
33123 3e-006
33124 3.31875e-006
33125 3e-006
33126 3e-006
33127 3e-006
33128 3e-006
33129 3e-006
33130 3.35262e-006
33131 3e-006
33132 3e-006
33133 3e-006
33134 3e-006
33135 3e-006
33136 3.31875e-006
33137 3e-006
33138 3e-006
33139 3e-006
33140 3e-006
33141 3e-006
33142 3e-006
33143 3e-006
33144 3e-006
33145 3e-006
33146 3e-006
33147 3.31875e-006
33148 3e-006
33149 3e-006
33150 3e-006
33151 3e-006
33152 3e-006
33153 3e-006
33154 3.31875e-006
33155 3e-006
33156 3e-006
33157 3e-006
33158 3e-006
33159 3.35262e-006
33160 3e-006
33161 3e-006
33162 3e-006
33163 3.31875e-006
33164 3.31875e-006
33165 3e-006
33166 3.35262e-006
33167 3.31875e-006
33168 3.31875e-006
33169 3e-006
33170 3.6375e-006
33171 3e-006
33172 3.35262e-006
33173 3e-006
33174 3e-006
33175 3.35262e-006
33176 3.6375e-006
33177 3e-006
33178 3e-006
33179 3e-006
33180 3.31875e-006
33181 3e-006
33182 3.31875e-006
33183 3e-006
33184 3e-006
33185 3.35262e-006
33186 3e-006
33187 3.6375e-006
33188 3.31875e-006
33189 3.67137e-006
33190 3e-006
33191 3e-006
33192 3.31875e-006
33193 3e-006
33194 3.6375e-006
33195 3e-006
33196 3e-006
33197 3.35262e-006
33198 3e-006
33199 4.275e-006
33200 3e-006
33201 3.6375e-006
33202 3e-006
33203 3e-006
33204 3e-006
33205 3.31875e-006
33206 3e-006
33207 3e-006
33208 3e-006
33209 3e-006
33210 3e-006
33211 3e-006
33212 3.6375e-006
33213 3e-006
33214 3.6375e-006
33215 3e-006
33216 3.6375e-006
33217 3e-006
33218 3.6375e-006
33219 3e-006
33220 3e-006
33221 3e-006
33222 3e-006
33223 3.99012e-006
33224 3e-006
33225 3e-006
33226 3e-006
33227 3e-006
33228 3e-006
33229 3e-006
33230 3e-006
33231 3e-006
33232 3e-006
33233 3e-006
33234 3e-006
33235 3.31875e-006
33236 3e-006
33237 3e-006
33238 3.67137e-006
33239 3e-006
33240 3e-006
33241 3e-006
33242 3e-006
33243 3e-006
33244 3e-006
33245 3e-006
33246 3e-006
33247 3.31875e-006
33248 3e-006
33249 3e-006
33250 3e-006
33251 3.31875e-006
33252 3e-006
33253 3.31875e-006
33254 3e-006
33255 3e-006
33256 3e-006
33257 3.31875e-006
33258 3e-006
33259 3.31875e-006
33260 3e-006
33261 3e-006
33262 3.31875e-006
33263 3e-006
33264 3e-006
33265 3e-006
33266 3e-006
33267 3e-006
33268 3.35262e-006
33269 3.31875e-006
33270 3e-006
33271 3e-006
33272 3e-006
33273 3.31875e-006
33274 3e-006
33275 3e-006
33276 3.6375e-006
33277 3.31875e-006
33278 3e-006
33279 3.35262e-006
33280 3e-006
33281 3e-006
33282 3e-006
33283 3e-006
33284 3.67137e-006
33285 3e-006
33286 3e-006
33287 3e-006
33288 3e-006
33289 3e-006
33290 3e-006
33291 3e-006
33292 3e-006
33293 3.31875e-006
33294 3e-006
33295 3e-006
33296 3e-006
33297 3.67496e-006
33298 3e-006
33299 3e-006
33300 3e-006
33301 3e-006
33302 3e-006
33303 3e-006
33304 3.31875e-006
33305 3e-006
33306 3e-006
33307 3e-006
33308 3.31875e-006
33309 3e-006
33310 3.31875e-006
33311 3e-006
33312 3e-006
33313 3.35262e-006
33314 3e-006
33315 3e-006
33316 3e-006
33317 3.6375e-006
33318 3e-006
33319 3.31875e-006
33320 3e-006
33321 3e-006
33322 3e-006
33323 3e-006
33324 3e-006
33325 3e-006
33326 3.35262e-006
33327 3e-006
33328 3e-006
33329 3e-006
33330 3.31875e-006
33331 3e-006
33332 3e-006
33333 3e-006
33334 3.31875e-006
33335 3e-006
33336 3e-006
33337 3e-006
33338 3.31875e-006
33339 3e-006
33340 3.31875e-006
33341 3e-006
33342 3e-006
33343 3e-006
33344 3e-006
33345 3e-006
33346 3e-006
33347 3.31875e-006
33348 3e-006
33349 3e-006
33350 3e-006
33351 3e-006
33352 3e-006
33353 3e-006
33354 3.31875e-006
33355 3e-006
33356 3e-006
33357 3e-006
33358 3e-006
33359 3e-006
33360 3e-006
33361 3e-006
33362 3.31875e-006
33363 3.31875e-006
33364 3.31875e-006
33365 3.6375e-006
33366 3.31875e-006
33367 3e-006
33368 3.31875e-006
33369 3e-006
33370 3e-006
33371 3e-006
33372 3e-006
33373 3e-006
33374 3e-006
33375 3e-006
33376 3e-006
33377 3e-006
33378 3.31875e-006
33379 3e-006
33380 3e-006
33381 3e-006
33382 3e-006
33383 3e-006
33384 3.67137e-006
33385 3e-006
33386 3e-006
33387 3.6375e-006
33388 3.35262e-006
33389 3e-006
33390 3e-006
33391 3e-006
33392 3e-006
33393 3e-006
33394 3.31875e-006
33395 3e-006
33396 3e-006
33397 3e-006
33398 3e-006
33399 3.31875e-006
33400 3e-006
33401 3e-006
33402 3e-006
33403 3e-006
33404 3e-006
33405 3e-006
33406 3e-006
33407 3e-006
33408 3e-006
33409 3e-006
33410 3e-006
33411 3e-006
33412 3e-006
33413 3e-006
33414 3e-006
33415 3e-006
33416 3e-006
33417 3e-006
33418 3e-006
33419 3e-006
33420 3e-006
33421 3e-006
33422 3.6375e-006
33423 3e-006
33424 3.6375e-006
33425 3e-006
33426 3e-006
33427 3e-006
33428 3.31875e-006
33429 3e-006
33430 3e-006
33431 3e-006
33432 3e-006
33433 3e-006
33434 3e-006
33435 3e-006
33436 3e-006
33437 3e-006
33438 3.31875e-006
33439 3e-006
33440 3e-006
33441 3.67137e-006
33442 3.6375e-006
33443 3e-006
33444 3e-006
33445 3.35262e-006
33446 3.31875e-006
33447 3e-006
33448 3e-006
33449 3.6375e-006
33450 3e-006
33451 3e-006
33452 3e-006
33453 3e-006
33454 3e-006
33455 3.31875e-006
33456 3e-006
33457 3e-006
33458 3.31875e-006
33459 3e-006
33460 3e-006
33461 3e-006
33462 3e-006
33463 3e-006
33464 3e-006
33465 3e-006
33466 3e-006
33467 3.31875e-006
33468 3e-006
33469 3.38648e-006
33470 3e-006
33471 3.31875e-006
33472 3e-006
33473 3e-006
33474 3e-006
33475 3e-006
33476 3e-006
33477 3e-006
33478 3e-006
33479 3e-006
33480 3e-006
33481 3.31875e-006
33482 3.31875e-006
33483 3e-006
33484 3.31875e-006
33485 3.31875e-006
33486 3e-006
33487 3.31875e-006
33488 3e-006
33489 3e-006
33490 3e-006
33491 3.6375e-006
33492 3.70883e-006
33493 3e-006
33494 3.31875e-006
33495 3.6375e-006
33496 3e-006
33497 3e-006
33498 4.69535e-006
33499 3.31875e-006
33500 3e-006
33501 3e-006
33502 3.31875e-006
33503 3e-006
33504 3e-006
33505 3.31875e-006
33506 3e-006
33507 3e-006
33508 3.31875e-006
33509 3e-006
33510 3e-006
33511 3e-006
33512 3e-006
33513 3.35262e-006
33514 3e-006
33515 3e-006
33516 3e-006
33517 3e-006
33518 3e-006
33519 3e-006
33520 3e-006
33521 3e-006
33522 3.31875e-006
33523 3e-006
33524 3.31875e-006
33525 3e-006
33526 3e-006
33527 3.31875e-006
33528 3e-006
33529 3e-006
33530 3.99012e-006
33531 3e-006
33532 3e-006
33533 3.35262e-006
33534 3.31875e-006
33535 3e-006
33536 3.6375e-006
33537 3e-006
33538 3.35262e-006
33539 3e-006
33540 3e-006
33541 3.31875e-006
33542 3e-006
33543 3e-006
33544 3e-006
33545 3e-006
33546 3e-006
33547 3.35262e-006
33548 3e-006
33549 3e-006
33550 3e-006
33551 3e-006
33552 3e-006
33553 3e-006
33554 3.67137e-006
33555 3.99012e-006
33556 3e-006
33557 3e-006
33558 3e-006
33559 3e-006
33560 3e-006
33561 3.31875e-006
33562 3e-006
33563 3e-006
33564 3e-006
33565 3e-006
33566 3.6375e-006
33567 3.6375e-006
33568 3.31875e-006
33569 3e-006
33570 3e-006
33571 3e-006
33572 3e-006
33573 3e-006
33574 3e-006
33575 3e-006
33576 3e-006
33577 3.35262e-006
33578 3e-006
33579 3.31875e-006
33580 3e-006
33581 3e-006
33582 3e-006
33583 3.95625e-006
33584 3e-006
33585 3.31875e-006
33586 3e-006
33587 3e-006
33588 3e-006
33589 3e-006
33590 3e-006
33591 3e-006
33592 3e-006
33593 3.35262e-006
33594 3e-006
33595 3e-006
33596 3.31875e-006
33597 3e-006
33598 3e-006
33599 3e-006
33600 3e-006
33601 3e-006
33602 3e-006
33603 3.31875e-006
33604 3e-006
33605 3e-006
33606 3e-006
33607 3.99012e-006
33608 3e-006
33609 3e-006
33610 3e-006
33611 3e-006
33612 3e-006
33613 3e-006
33614 3.31875e-006
33615 3.31875e-006
33616 3e-006
33617 3e-006
33618 3e-006
33619 3.6375e-006
33620 3.31875e-006
33621 3e-006
33622 3e-006
33623 3.31875e-006
33624 3e-006
33625 4.30887e-006
33626 3.31875e-006
33627 3e-006
33628 3e-006
33629 3e-006
33630 3e-006
33631 3e-006
33632 3.31875e-006
33633 3e-006
33634 3e-006
33635 3.67137e-006
33636 3e-006
33637 3e-006
33638 3e-006
33639 3e-006
33640 3e-006
33641 3.35262e-006
33642 3e-006
33643 3e-006
33644 3.67137e-006
33645 3e-006
33646 3e-006
33647 3.31875e-006
33648 3.31875e-006
33649 3e-006
33650 3.31875e-006
33651 3e-006
33652 3e-006
33653 3e-006
33654 3e-006
33655 3.31875e-006
33656 3e-006
33657 3.31875e-006
33658 3.31875e-006
33659 3e-006
33660 3e-006
33661 3e-006
33662 3e-006
33663 3e-006
33664 3e-006
33665 3.31875e-006
33666 3.31875e-006
33667 3e-006
33668 3e-006
33669 3e-006
33670 3e-006
33671 3e-006
33672 3e-006
33673 3e-006
33674 3e-006
33675 3e-006
33676 3e-006
33677 3e-006
33678 3e-006
33679 3e-006
33680 3.31875e-006
33681 3e-006
33682 3e-006
33683 3.35262e-006
33684 3e-006
33685 3e-006
33686 3.31875e-006
33687 3.6375e-006
33688 3.31875e-006
33689 3e-006
33690 3e-006
33691 3e-006
33692 3e-006
33693 3.31875e-006
33694 3e-006
33695 3.6375e-006
33696 3.95625e-006
33697 3e-006
33698 3e-006
33699 3e-006
33700 3e-006
33701 3e-006
33702 3e-006
33703 3e-006
33704 3e-006
33705 3e-006
33706 3e-006
33707 3.6375e-006
33708 3e-006
33709 3.31875e-006
33710 3e-006
33711 3e-006
33712 3e-006
33713 3.35262e-006
33714 3e-006
33715 3.31875e-006
33716 3e-006
33717 3.31875e-006
33718 3e-006
33719 3e-006
33720 3e-006
33721 3.95625e-006
33722 3e-006
33723 3e-006
33724 3e-006
33725 3e-006
33726 3e-006
33727 3e-006
33728 3.95625e-006
33729 3e-006
33730 3e-006
33731 3e-006
33732 3e-006
33733 3e-006
33734 3.6375e-006
33735 3.35262e-006
33736 3.31875e-006
33737 3e-006
33738 3.31875e-006
33739 3e-006
33740 3.31875e-006
33741 3e-006
33742 3e-006
33743 3e-006
33744 3.31875e-006
33745 3.6375e-006
33746 3e-006
33747 3.6375e-006
33748 3e-006
33749 3.31875e-006
33750 3e-006
33751 4.275e-006
33752 3e-006
33753 3e-006
33754 3e-006
33755 3e-006
33756 3.6375e-006
33757 3.31875e-006
33758 3.31875e-006
33759 3e-006
33760 3e-006
33761 3e-006
33762 3e-006
33763 3e-006
33764 3e-006
33765 3e-006
33766 3e-006
33767 3.6375e-006
33768 3e-006
33769 3e-006
33770 3e-006
33771 3e-006
33772 3e-006
33773 3e-006
33774 3.31875e-006
33775 3e-006
33776 3e-006
33777 3e-006
33778 3.35262e-006
33779 3e-006
33780 3e-006
33781 3e-006
33782 3.31875e-006
33783 3.31875e-006
33784 3.31875e-006
33785 3.6375e-006
33786 3e-006
33787 3.31875e-006
33788 3e-006
33789 3e-006
33790 3e-006
33791 3.67137e-006
33792 3.31875e-006
33793 3.31875e-006
33794 3.35262e-006
33795 3e-006
33796 3.67137e-006
33797 3e-006
33798 3.31875e-006
33799 3.31875e-006
33800 3e-006
33801 3.95625e-006
33802 3.67137e-006
33803 4.3802e-006
33804 3e-006
33805 3e-006
33806 3e-006
33807 3e-006
33808 3e-006
33809 3e-006
33810 4.275e-006
33811 3e-006
33812 3e-006
33813 3e-006
33814 3e-006
33815 3.31875e-006
33816 3e-006
33817 3.31875e-006
33818 3e-006
33819 3.31875e-006
33820 3e-006
33821 3e-006
33822 3.31875e-006
33823 3e-006
33824 3.31875e-006
33825 3e-006
33826 3e-006
33827 3e-006
33828 3e-006
33829 3e-006
33830 3e-006
33831 3e-006
33832 3e-006
33833 3.6375e-006
33834 3e-006
33835 3e-006
33836 3e-006
33837 3e-006
33838 3e-006
33839 3.31875e-006
33840 3e-006
33841 3e-006
33842 3.31875e-006
33843 3.6375e-006
33844 3e-006
33845 3.67137e-006
33846 3.31875e-006
33847 3.31875e-006
33848 3e-006
33849 3e-006
33850 3e-006
33851 3e-006
33852 3e-006
33853 3e-006
33854 3e-006
33855 3e-006
33856 3e-006
33857 3e-006
33858 3.31875e-006
33859 3e-006
33860 3.31875e-006
33861 3e-006
33862 3e-006
33863 3e-006
33864 3e-006
33865 3.95625e-006
33866 3e-006
33867 3e-006
33868 3e-006
33869 3e-006
33870 3e-006
33871 3e-006
33872 3.95625e-006
33873 3e-006
33874 3e-006
33875 3.31875e-006
33876 3e-006
33877 3e-006
33878 3.95625e-006
33879 3e-006
33880 3.6375e-006
33881 3e-006
33882 3.31875e-006
33883 3.31875e-006
33884 3.31875e-006
33885 3e-006
33886 3e-006
33887 3e-006
33888 3e-006
33889 3e-006
33890 3.31875e-006
33891 3.31875e-006
33892 3e-006
33893 3e-006
33894 3e-006
33895 3e-006
33896 3e-006
33897 3e-006
33898 3e-006
33899 3.31875e-006
33900 3e-006
33901 3e-006
33902 3e-006
33903 3e-006
33904 3e-006
33905 3e-006
33906 3e-006
33907 3e-006
33908 3.35262e-006
33909 3.31875e-006
33910 3.31875e-006
33911 3e-006
33912 3e-006
33913 3e-006
33914 3e-006
33915 3.31875e-006
33916 3e-006
33917 3.6375e-006
33918 3e-006
33919 3e-006
33920 3e-006
33921 3e-006
33922 3e-006
33923 3e-006
33924 3e-006
33925 3.31875e-006
33926 3.31875e-006
33927 3.31875e-006
33928 3e-006
33929 3e-006
33930 3.35262e-006
33931 3.31875e-006
33932 3e-006
33933 3e-006
33934 3e-006
33935 3.6375e-006
33936 3e-006
33937 3e-006
33938 3e-006
33939 3.31875e-006
33940 3e-006
33941 3e-006
33942 3e-006
33943 3e-006
33944 3e-006
33945 3e-006
33946 3e-006
33947 3e-006
33948 3e-006
33949 4.98023e-006
33950 3.31875e-006
33951 3e-006
33952 3.35621e-006
33953 3.31875e-006
33954 3e-006
33955 3e-006
33956 3.95625e-006
33957 3.31875e-006
33958 3.31875e-006
33959 3e-006
33960 3e-006
33961 3.31875e-006
33962 4.59375e-006
33963 3.6375e-006
33964 3e-006
33965 3e-006
33966 3e-006
33967 3.95625e-006
33968 3.95625e-006
33969 3e-006
33970 3.6375e-006
33971 3e-006
33972 3e-006
33973 3e-006
33974 3e-006
33975 3.67137e-006
33976 3e-006
33977 3.35262e-006
33978 3.31875e-006
33979 3.31875e-006
33980 3e-006
33981 3e-006
33982 3.31875e-006
33983 3.31875e-006
33984 3e-006
33985 3.95625e-006
33986 3e-006
33987 3.31875e-006
33988 3e-006
33989 3e-006
33990 3e-006
33991 3.31875e-006
33992 3e-006
33993 3e-006
33994 3e-006
33995 3.31875e-006
33996 3.31875e-006
33997 3e-006
33998 3e-006
33999 3e-006
34000 3.31875e-006
34001 3e-006
34002 3e-006
34003 3e-006
34004 3e-006
34005 3e-006
34006 3e-006
34007 3e-006
34008 3e-006
34009 3e-006
34010 3e-006
34011 3e-006
34012 3e-006
34013 3e-006
34014 3e-006
34015 3e-006
34016 3.6375e-006
34017 3e-006
34018 3e-006
34019 3e-006
34020 3e-006
34021 3e-006
34022 3e-006
34023 3.31875e-006
34024 3e-006
34025 3.6375e-006
34026 3e-006
34027 3e-006
34028 3e-006
34029 3.99012e-006
34030 3e-006
34031 3.67137e-006
34032 3e-006
34033 3.31875e-006
34034 3e-006
34035 3.31875e-006
34036 3e-006
34037 3e-006
34038 3e-006
34039 3e-006
34040 3e-006
34041 3.31875e-006
34042 3e-006
34043 3e-006
34044 3.31875e-006
34045 3e-006
34046 3e-006
34047 3e-006
34048 3e-006
34049 3e-006
34050 3e-006
34051 3e-006
34052 3e-006
34053 3e-006
34054 3e-006
34055 3e-006
34056 3.31875e-006
34057 3e-006
34058 3.31875e-006
34059 3e-006
34060 3e-006
34061 3e-006
34062 3e-006
34063 3.6375e-006
34064 3e-006
34065 3e-006
34066 3e-006
34067 3e-006
34068 3e-006
34069 3e-006
34070 3e-006
34071 3e-006
34072 3e-006
34073 3.6375e-006
34074 3.35262e-006
34075 3e-006
34076 3e-006
34077 3.6375e-006
34078 3e-006
34079 3.67137e-006
34080 3.31875e-006
34081 3e-006
34082 3e-006
34083 3e-006
34084 3e-006
34085 3e-006
34086 3.95625e-006
34087 3e-006
34088 3.31875e-006
34089 3e-006
34090 3e-006
34091 3e-006
34092 3e-006
34093 3e-006
34094 3e-006
34095 3e-006
34096 3e-006
34097 3.95625e-006
34098 3.6375e-006
34099 3.31875e-006
34100 3e-006
34101 3e-006
34102 3e-006
34103 3e-006
34104 3e-006
34105 3.99012e-006
34106 3e-006
34107 3e-006
34108 3.7391e-006
34109 3e-006
34110 3.31875e-006
34111 3e-006
34112 3e-006
34113 4.275e-006
34114 3e-006
34115 3e-006
34116 3e-006
34117 3.31875e-006
34118 3.31875e-006
34119 3e-006
34120 3.67496e-006
34121 3e-006
34122 3e-006
34123 3e-006
34124 3.31875e-006
34125 3.31875e-006
34126 3e-006
34127 3e-006
34128 3e-006
34129 3e-006
34130 3e-006
34131 3e-006
34132 3.31875e-006
34133 3.31875e-006
34134 3e-006
34135 3e-006
34136 3e-006
34137 3e-006
34138 3e-006
34139 3e-006
34140 3.31875e-006
34141 3e-006
34142 3e-006
34143 3.67137e-006
34144 3e-006
34145 3.6375e-006
34146 3e-006
34147 3e-006
34148 3e-006
34149 3e-006
34150 3.6375e-006
34151 3e-006
34152 3e-006
34153 3.31875e-006
34154 3e-006
34155 3.6375e-006
34156 3e-006
34157 3e-006
34158 3e-006
34159 3e-006
34160 3e-006
34161 3e-006
34162 3e-006
34163 3.31875e-006
34164 3e-006
34165 3e-006
34166 3e-006
34167 3e-006
34168 3e-006
34169 3.95625e-006
34170 3.35262e-006
34171 3.67137e-006
34172 3e-006
34173 3e-006
34174 3e-006
34175 3e-006
34176 3.31875e-006
34177 3.6375e-006
34178 3.31875e-006
34179 3.6375e-006
34180 3e-006
34181 3e-006
34182 3.31875e-006
34183 3e-006
34184 3e-006
34185 3.31875e-006
34186 3e-006
34187 3e-006
34188 3.31875e-006
34189 3e-006
34190 3e-006
34191 3e-006
34192 3.31875e-006
34193 3.6375e-006
34194 3.31875e-006
34195 3.31875e-006
34196 3.31875e-006
34197 3e-006
34198 3e-006
34199 3e-006
34200 3.39008e-006
34201 3e-006
34202 3.6375e-006
34203 3e-006
34204 3e-006
34205 3e-006
34206 3.31875e-006
34207 3e-006
34208 3e-006
34209 3e-006
34210 3e-006
34211 3e-006
34212 3e-006
34213 3e-006
34214 3e-006
34215 3.67137e-006
34216 3e-006
34217 3e-006
34218 3.31875e-006
34219 3e-006
34220 3e-006
34221 3e-006
34222 3.67137e-006
34223 3e-006
34224 3.31875e-006
34225 3e-006
34226 3.31875e-006
34227 3.31875e-006
34228 3e-006
34229 3e-006
34230 3e-006
34231 3e-006
34232 3.6375e-006
34233 3e-006
34234 3e-006
34235 3e-006
34236 3e-006
34237 3e-006
34238 3e-006
34239 3e-006
34240 3e-006
34241 3e-006
34242 3e-006
34243 3e-006
34244 3.31875e-006
34245 3e-006
34246 3e-006
34247 3.31875e-006
34248 3e-006
34249 3e-006
34250 3.35262e-006
34251 3.6375e-006
34252 3e-006
34253 3.6375e-006
34254 3e-006
34255 3e-006
34256 3e-006
34257 3e-006
34258 3e-006
34259 3e-006
34260 3e-006
34261 3e-006
34262 3.31875e-006
34263 3.31875e-006
34264 3e-006
34265 3e-006
34266 3e-006
34267 3.31875e-006
34268 3.67137e-006
34269 3e-006
34270 3.31875e-006
34271 3.31875e-006
34272 3e-006
34273 3e-006
34274 3e-006
34275 3e-006
34276 3e-006
34277 3e-006
34278 3e-006
34279 3e-006
34280 3.31875e-006
34281 3e-006
34282 3e-006
34283 3.31875e-006
34284 3e-006
34285 3e-006
34286 3e-006
34287 3e-006
34288 3.31875e-006
34289 3.31875e-006
34290 3e-006
34291 3e-006
34292 3e-006
34293 3e-006
34294 3e-006
34295 3e-006
34296 3e-006
34297 3e-006
34298 3e-006
34299 3.31875e-006
34300 3e-006
34301 3e-006
34302 3e-006
34303 3e-006
34304 3e-006
34305 3.31875e-006
34306 3e-006
34307 3e-006
34308 3e-006
34309 3e-006
34310 3.67137e-006
34311 3e-006
34312 3.31875e-006
34313 3e-006
34314 3e-006
34315 3.99012e-006
34316 3e-006
34317 3e-006
34318 3e-006
34319 3e-006
34320 3e-006
34321 3.31875e-006
34322 3.6375e-006
34323 3e-006
34324 3e-006
34325 3.31875e-006
34326 3e-006
34327 3.31875e-006
34328 3.67137e-006
34329 3e-006
34330 3e-006
34331 3.31875e-006
34332 3.31875e-006
34333 3e-006
34334 3e-006
34335 3e-006
34336 3e-006
34337 3e-006
34338 3e-006
34339 3e-006
34340 3e-006
34341 3e-006
34342 3e-006
34343 3e-006
34344 3e-006
34345 3e-006
34346 3.31875e-006
34347 3e-006
34348 3e-006
34349 3e-006
34350 3e-006
34351 3.6375e-006
34352 3e-006
34353 3e-006
34354 3e-006
34355 3e-006
34356 3e-006
34357 3e-006
34358 3e-006
34359 3e-006
34360 3e-006
34361 3e-006
34362 3e-006
34363 3e-006
34364 3.31875e-006
34365 3e-006
34366 3e-006
34367 3e-006
34368 3e-006
34369 3.31875e-006
34370 4.34273e-006
34371 3.31875e-006
34372 3.6375e-006
34373 3e-006
34374 4.72922e-006
34375 3.31875e-006
34376 3e-006
34377 3.6375e-006
34378 3.31875e-006
34379 3.67137e-006
34380 3e-006
34381 3e-006
34382 3e-006
34383 3e-006
34384 3e-006
34385 3e-006
34386 3.31875e-006
34387 3e-006
34388 3e-006
34389 3e-006
34390 3e-006
34391 3e-006
34392 3.31875e-006
34393 3.31875e-006
34394 3e-006
34395 3e-006
34396 3e-006
34397 3e-006
34398 3e-006
34399 3e-006
34400 3.31875e-006
34401 3e-006
34402 3.6375e-006
34403 3e-006
34404 3.6375e-006
34405 3e-006
34406 3.31875e-006
34407 3.35262e-006
34408 3e-006
34409 3e-006
34410 3e-006
34411 3e-006
34412 3e-006
34413 3e-006
34414 3.31875e-006
34415 3e-006
34416 3.31875e-006
34417 3.35262e-006
34418 3e-006
34419 3e-006
34420 3.31875e-006
34421 3.31875e-006
34422 3.35262e-006
34423 3e-006
34424 3.31875e-006
34425 3e-006
34426 3e-006
34427 3e-006
34428 3e-006
34429 3e-006
34430 3e-006
34431 3e-006
34432 3e-006
34433 3e-006
34434 3.6375e-006
34435 3e-006
34436 3e-006
34437 3e-006
34438 3e-006
34439 3e-006
34440 3e-006
34441 3e-006
34442 3e-006
34443 3e-006
34444 3e-006
34445 3.31875e-006
34446 3.67137e-006
34447 3e-006
34448 3.67137e-006
34449 3e-006
34450 3.6375e-006
34451 3e-006
34452 3e-006
34453 3e-006
34454 3e-006
34455 4.275e-006
34456 3e-006
34457 3e-006
34458 3.31875e-006
34459 3e-006
34460 3e-006
34461 3e-006
34462 3.31875e-006
34463 3e-006
34464 3e-006
34465 3e-006
34466 3e-006
34467 3e-006
34468 3e-006
34469 3.31875e-006
34470 3e-006
34471 3.31875e-006
34472 3.6375e-006
34473 3e-006
34474 4.62762e-006
34475 3e-006
34476 3e-006
34477 3.70523e-006
34478 3e-006
34479 3e-006
34480 3e-006
34481 3.31875e-006
34482 3e-006
34483 3e-006
34484 3e-006
34485 3e-006
34486 3e-006
34487 3.31875e-006
34488 3e-006
34489 3e-006
34490 3e-006
34491 3e-006
34492 3e-006
34493 3e-006
34494 3.35262e-006
34495 3.31875e-006
34496 3e-006
34497 3e-006
34498 3.31875e-006
34499 3e-006
34500 3e-006
34501 3e-006
34502 3.7391e-006
34503 3e-006
34504 3.31875e-006
34505 3e-006
34506 3e-006
34507 3.31875e-006
34508 3e-006
34509 3e-006
34510 3e-006
34511 3e-006
34512 3e-006
34513 3.67137e-006
34514 3e-006
34515 3e-006
34516 3e-006
34517 3e-006
34518 3e-006
34519 3e-006
34520 3e-006
34521 3e-006
34522 3e-006
34523 3e-006
34524 3e-006
34525 3e-006
34526 3e-006
34527 3.31875e-006
34528 3.31875e-006
34529 3e-006
34530 3e-006
34531 3e-006
34532 3.35621e-006
34533 3e-006
34534 3e-006
34535 3.38648e-006
34536 3e-006
34537 3e-006
34538 3.31875e-006
34539 3.31875e-006
34540 3e-006
34541 3.6375e-006
34542 3e-006
34543 3e-006
34544 3.31875e-006
34545 3e-006
34546 3e-006
34547 3.31875e-006
34548 3.6375e-006
34549 3e-006
34550 3.31875e-006
34551 3e-006
34552 3e-006
34553 3.67137e-006
34554 3.31875e-006
34555 3e-006
34556 3.31875e-006
34557 3e-006
34558 3.31875e-006
34559 3e-006
34560 3e-006
34561 3.31875e-006
34562 3.31875e-006
34563 3.6375e-006
34564 3e-006
34565 3e-006
34566 3e-006
34567 3e-006
34568 3e-006
34569 3e-006
34570 3e-006
34571 3e-006
34572 3.35262e-006
34573 3e-006
34574 3e-006
34575 3e-006
34576 3.6375e-006
34577 3.6375e-006
34578 4.02398e-006
34579 3.31875e-006
34580 3e-006
34581 3e-006
34582 3e-006
34583 3e-006
34584 3e-006
34585 3e-006
34586 3.6375e-006
34587 3e-006
34588 3e-006
34589 3e-006
34590 3e-006
34591 3.31875e-006
34592 3.31875e-006
34593 3e-006
34594 3.6375e-006
34595 3e-006
34596 3e-006
34597 3e-006
34598 3e-006
34599 3.31875e-006
34600 3e-006
34601 3e-006
34602 3e-006
34603 3.31875e-006
34604 3.7427e-006
34605 3e-006
34606 3.31875e-006
34607 3e-006
34608 3e-006
34609 3e-006
34610 3e-006
34611 3e-006
34612 3.31875e-006
34613 3e-006
34614 3e-006
34615 3.35262e-006
34616 3e-006
34617 3.35262e-006
34618 3.6375e-006
34619 3.31875e-006
34620 3.3566e-006
34621 3.35262e-006
34622 3e-006
34623 3.31875e-006
34624 3e-006
34625 3e-006
34626 3e-006
34627 3e-006
34628 3e-006
34629 3e-006
34630 3.35262e-006
34631 3e-006
34632 3.6375e-006
34633 3.31875e-006
34634 3e-006
34635 3e-006
34636 3e-006
34637 3e-006
34638 3e-006
34639 3e-006
34640 3e-006
34641 3e-006
34642 3e-006
34643 3e-006
34644 3e-006
34645 3.31875e-006
34646 3e-006
34647 3.31875e-006
34648 3e-006
34649 3e-006
34650 3e-006
34651 3e-006
34652 3e-006
34653 3e-006
34654 3e-006
34655 3e-006
34656 3.6375e-006
34657 3e-006
34658 3e-006
34659 3e-006
34660 3e-006
34661 3.31875e-006
34662 3.31875e-006
34663 3e-006
34664 3e-006
34665 3.99371e-006
34666 3e-006
34667 3e-006
34668 3e-006
34669 3e-006
34670 3e-006
34671 3.35262e-006
34672 3.31875e-006
34673 3.31875e-006
34674 3.31875e-006
34675 3.67137e-006
34676 3e-006
34677 3e-006
34678 3e-006
34679 3e-006
34680 3e-006
34681 3e-006
34682 3e-006
34683 3e-006
34684 3e-006
34685 3e-006
34686 3.31875e-006
34687 3e-006
34688 3e-006
34689 3.31875e-006
34690 3e-006
34691 3e-006
34692 3e-006
34693 3e-006
34694 3e-006
34695 3.67137e-006
34696 3.6375e-006
34697 3e-006
34698 3.31875e-006
34699 3e-006
34700 3e-006
34701 3e-006
34702 3e-006
34703 3.31875e-006
34704 3e-006
34705 3e-006
34706 3e-006
34707 3e-006
34708 3.6375e-006
34709 3e-006
34710 3.70523e-006
34711 3e-006
34712 3e-006
34713 3e-006
34714 3e-006
34715 3e-006
34716 4.30887e-006
34717 3.31875e-006
34718 3e-006
34719 3e-006
34720 3e-006
34721 3e-006
34722 3e-006
34723 3e-006
34724 3e-006
34725 3e-006
34726 3.35262e-006
34727 3.31875e-006
34728 3e-006
34729 3.95625e-006
34730 3e-006
34731 3e-006
34732 3e-006
34733 3e-006
34734 3e-006
34735 3e-006
34736 3e-006
34737 3e-006
34738 3e-006
34739 3.31875e-006
34740 3e-006
34741 3.31875e-006
34742 3e-006
34743 3e-006
34744 3e-006
34745 3.31875e-006
34746 3.6375e-006
34747 3e-006
34748 3e-006
34749 3e-006
34750 3e-006
34751 3e-006
34752 3e-006
34753 3e-006
34754 3e-006
34755 3e-006
34756 3e-006
34757 3e-006
34758 3e-006
34759 3e-006
34760 3.95625e-006
34761 3e-006
34762 3.31875e-006
34763 3e-006
34764 3e-006
34765 3e-006
34766 3.31875e-006
34767 3e-006
34768 3.31875e-006
34769 3e-006
34770 3e-006
34771 3e-006
34772 3e-006
34773 3.38648e-006
34774 3e-006
34775 3.31875e-006
34776 3e-006
34777 3.35262e-006
34778 3e-006
34779 3e-006
34780 3e-006
34781 3e-006
34782 3e-006
34783 3e-006
34784 3.31875e-006
34785 3e-006
34786 3e-006
34787 3e-006
34788 3.31875e-006
34789 3.31875e-006
34790 3e-006
34791 3e-006
34792 3e-006
34793 3e-006
34794 3e-006
34795 3.35262e-006
34796 3e-006
34797 3e-006
34798 3.31875e-006
34799 3.31875e-006
34800 3e-006
34801 3e-006
34802 3e-006
34803 3e-006
34804 3e-006
34805 3.31875e-006
34806 3e-006
34807 3e-006
34808 3e-006
34809 3.70523e-006
34810 3e-006
34811 3.31875e-006
34812 3.35262e-006
34813 3.6375e-006
34814 3e-006
34815 3e-006
34816 3.31875e-006
34817 3.31875e-006
34818 3.31875e-006
34819 3.35262e-006
34820 3e-006
34821 3e-006
34822 3e-006
34823 3e-006
34824 3e-006
34825 3e-006
34826 3e-006
34827 3e-006
34828 3e-006
34829 3e-006
34830 3e-006
34831 3e-006
34832 3e-006
34833 3e-006
34834 3.35262e-006
34835 3e-006
34836 3e-006
34837 3.31875e-006
34838 3e-006
34839 3e-006
34840 3.31875e-006
34841 3.31875e-006
34842 3e-006
34843 3e-006
34844 3e-006
34845 3.31875e-006
34846 3e-006
34847 3e-006
34848 3.6375e-006
34849 3e-006
34850 3e-006
34851 3.31875e-006
34852 3e-006
34853 3.6375e-006
34854 3e-006
34855 3e-006
34856 3e-006
34857 3e-006
34858 3.31875e-006
34859 3e-006
34860 3e-006
34861 3e-006
34862 3e-006
34863 3e-006
34864 3e-006
34865 3e-006
34866 3e-006
34867 3.35262e-006
34868 3e-006
34869 3e-006
34870 3e-006
34871 3e-006
34872 3e-006
34873 3e-006
34874 3e-006
34875 3.31875e-006
34876 3.6375e-006
34877 3e-006
34878 3e-006
34879 3e-006
34880 3.35262e-006
34881 3e-006
34882 3e-006
34883 3e-006
34884 3e-006
34885 3e-006
34886 3.31875e-006
34887 3.6375e-006
34888 3e-006
34889 3e-006
34890 3e-006
34891 3.31875e-006
34892 3e-006
34893 3e-006
34894 3.31875e-006
34895 3e-006
34896 3.31875e-006
34897 3e-006
34898 3e-006
34899 3.35262e-006
34900 3e-006
34901 3e-006
34902 3e-006
34903 3e-006
34904 3e-006
34905 3e-006
34906 3e-006
34907 3.31875e-006
34908 3e-006
34909 3.31875e-006
34910 3e-006
34911 3.31875e-006
34912 3.35262e-006
34913 3e-006
34914 3e-006
34915 3e-006
34916 3.6375e-006
34917 3e-006
34918 3.31875e-006
34919 3e-006
34920 3.67137e-006
34921 3.31875e-006
34922 3e-006
34923 3e-006
34924 3.31875e-006
34925 3.31875e-006
34926 3.6375e-006
34927 3e-006
34928 3e-006
34929 3.31875e-006
34930 3.35621e-006
34931 3.31875e-006
34932 3e-006
34933 3.31875e-006
34934 3e-006
34935 3e-006
34936 3e-006
34937 3e-006
34938 3e-006
34939 3e-006
34940 3e-006
34941 3e-006
34942 3e-006
34943 3e-006
34944 3.35262e-006
34945 3e-006
34946 3.31875e-006
34947 3e-006
34948 3.31875e-006
34949 3e-006
34950 3e-006
34951 3e-006
34952 3e-006
34953 3e-006
34954 3e-006
34955 3.70523e-006
34956 3.31875e-006
34957 3e-006
34958 3.67137e-006
34959 3e-006
34960 3.31875e-006
34961 3e-006
34962 3.31875e-006
34963 3.31875e-006
34964 3e-006
34965 3.31875e-006
34966 3e-006
34967 3e-006
34968 3.35262e-006
34969 3e-006
34970 3e-006
34971 3e-006
34972 3e-006
34973 3e-006
34974 3e-006
34975 3e-006
34976 3.67137e-006
34977 3e-006
34978 3.31875e-006
34979 3e-006
34980 3e-006
34981 3e-006
34982 3.31875e-006
34983 3e-006
34984 3e-006
34985 3e-006
34986 3e-006
34987 3e-006
34988 3e-006
34989 3.31875e-006
34990 3e-006
34991 3e-006
34992 3e-006
34993 3e-006
34994 3.6375e-006
34995 3.31875e-006
34996 3e-006
34997 3e-006
34998 3.38648e-006
34999 3e-006
35000 3e-006
35001 3e-006
35002 3e-006
35003 3.31875e-006
35004 3.35262e-006
35005 3e-006
35006 3e-006
35007 3e-006
35008 3e-006
35009 3e-006
35010 3e-006
35011 3.6375e-006
35012 3e-006
35013 3e-006
35014 3.6375e-006
35015 3e-006
35016 3e-006
35017 3e-006
35018 3e-006
35019 3e-006
35020 3.31875e-006
35021 3e-006
35022 3e-006
35023 3e-006
35024 3.31875e-006
35025 3.31875e-006
35026 3.31875e-006
35027 3e-006
35028 3e-006
35029 3e-006
35030 3.31875e-006
35031 3e-006
35032 3e-006
35033 3.31875e-006
35034 3.6375e-006
35035 3e-006
35036 3e-006
35037 3e-006
35038 3e-006
35039 3e-006
35040 3.31875e-006
35041 3e-006
35042 3e-006
35043 3.31875e-006
35044 3e-006
35045 3e-006
35046 3e-006
35047 3e-006
35048 3e-006
35049 3.35262e-006
35050 3.35262e-006
35051 3e-006
35052 3e-006
35053 3e-006
35054 3e-006
35055 3e-006
35056 3e-006
35057 3e-006
35058 3.31875e-006
35059 3.31875e-006
35060 3e-006
35061 3.31875e-006
35062 3e-006
35063 3e-006
35064 3e-006
35065 3.6375e-006
35066 3.31875e-006
35067 3.99012e-006
35068 3e-006
35069 3.31875e-006
35070 3e-006
35071 3.31875e-006
35072 3e-006
35073 3e-006
35074 3e-006
35075 3.31875e-006
35076 3e-006
35077 3e-006
35078 3e-006
35079 3e-006
35080 3e-006
35081 3.95625e-006
35082 3.6375e-006
35083 3e-006
35084 3.31875e-006
35085 3e-006
35086 3e-006
35087 3e-006
35088 4.34273e-006
35089 3e-006
35090 3e-006
35091 3e-006
35092 3e-006
35093 3.67137e-006
35094 3e-006
35095 3.31875e-006
35096 4.02398e-006
35097 3.31875e-006
35098 3e-006
35099 3e-006
35100 3e-006
35101 3e-006
35102 3.31875e-006
35103 3e-006
35104 3.31875e-006
35105 3.38648e-006
35106 3e-006
35107 3.31875e-006
35108 3e-006
35109 3.6375e-006
35110 3e-006
35111 3.6375e-006
35112 3.6375e-006
35113 3e-006
35114 3e-006
35115 3.35262e-006
35116 3e-006
35117 3.31875e-006
35118 3e-006
35119 3e-006
35120 3e-006
35121 3e-006
35122 3e-006
35123 3.31875e-006
35124 3e-006
35125 3e-006
35126 3e-006
35127 3e-006
35128 3e-006
35129 3.6375e-006
35130 3e-006
35131 3e-006
35132 3e-006
35133 3e-006
35134 3e-006
35135 3e-006
35136 3.31875e-006
35137 3e-006
35138 3e-006
35139 3e-006
35140 3e-006
35141 3.31875e-006
35142 3.31875e-006
35143 3e-006
35144 3.31875e-006
35145 3e-006
35146 3e-006
35147 3e-006
35148 3.31875e-006
35149 3e-006
35150 3e-006
35151 3e-006
35152 3e-006
35153 3e-006
35154 3.35262e-006
35155 3.31875e-006
35156 3e-006
35157 3e-006
35158 3.31875e-006
35159 3.31875e-006
35160 3e-006
35161 3e-006
35162 3e-006
35163 3e-006
35164 3.31875e-006
35165 3e-006
35166 3e-006
35167 4.30887e-006
35168 3e-006
35169 3.6375e-006
35170 3e-006
35171 3e-006
35172 3e-006
35173 3e-006
35174 3e-006
35175 3.31875e-006
35176 3e-006
35177 3e-006
35178 3e-006
35179 3e-006
35180 3e-006
35181 3e-006
35182 3e-006
35183 3.31875e-006
35184 3.67137e-006
35185 3e-006
35186 3e-006
35187 3.31875e-006
35188 3e-006
35189 3e-006
35190 3e-006
35191 3e-006
35192 3e-006
35193 3e-006
35194 3.99012e-006
35195 3.31875e-006
35196 3e-006
35197 3e-006
35198 3e-006
35199 3e-006
35200 3.35262e-006
35201 3.31875e-006
35202 3e-006
35203 4.59375e-006
35204 3.31875e-006
35205 3e-006
35206 3e-006
35207 3e-006
35208 3e-006
35209 3e-006
35210 3.31875e-006
35211 3e-006
35212 3e-006
35213 3.6375e-006
35214 3e-006
35215 3.31875e-006
35216 3e-006
35217 3e-006
35218 3.99012e-006
35219 3e-006
35220 3.31875e-006
35221 3.31875e-006
35222 3.6375e-006
35223 3e-006
35224 3e-006
35225 3e-006
35226 3e-006
35227 3e-006
35228 3e-006
35229 3e-006
35230 3e-006
35231 3.99012e-006
35232 3e-006
35233 3e-006
35234 3e-006
35235 3.31875e-006
35236 3e-006
35237 3e-006
35238 3e-006
35239 3e-006
35240 3e-006
35241 3e-006
35242 3e-006
35243 3e-006
35244 3e-006
35245 3e-006
35246 3e-006
35247 3e-006
35248 3e-006
35249 3.31875e-006
35250 3.31875e-006
35251 3e-006
35252 3e-006
35253 3.31875e-006
35254 3.67137e-006
35255 3e-006
35256 3.31875e-006
35257 3.38648e-006
35258 3e-006
35259 3.6375e-006
35260 3e-006
35261 3e-006
35262 3e-006
35263 3e-006
35264 3.95625e-006
35265 3e-006
35266 3e-006
35267 3e-006
35268 3e-006
35269 3.31875e-006
35270 3e-006
35271 3e-006
35272 3.31875e-006
35273 3e-006
35274 3e-006
35275 3e-006
35276 3e-006
35277 3e-006
35278 3e-006
35279 3e-006
35280 3e-006
35281 3.31875e-006
35282 3.31875e-006
35283 3e-006
35284 3e-006
35285 3e-006
35286 3e-006
35287 3e-006
35288 3.31875e-006
35289 3.31875e-006
35290 3e-006
35291 3e-006
35292 3e-006
35293 3e-006
35294 3.31875e-006
35295 3.6375e-006
35296 3e-006
35297 3e-006
35298 3e-006
35299 3e-006
35300 3e-006
35301 3e-006
35302 3.6375e-006
35303 3e-006
35304 3e-006
35305 3e-006
35306 3e-006
35307 3.31875e-006
35308 3e-006
35309 3e-006
35310 3e-006
35311 3.35262e-006
35312 3.31875e-006
35313 3.31875e-006
35314 3.31875e-006
35315 3e-006
35316 3e-006
35317 3e-006
35318 3e-006
35319 3.6375e-006
35320 3e-006
35321 3.95625e-006
35322 3e-006
35323 3e-006
35324 3.31875e-006
35325 3e-006
35326 3e-006
35327 3e-006
35328 3e-006
35329 3e-006
35330 3e-006
35331 3e-006
35332 3e-006
35333 3e-006
35334 3e-006
35335 3e-006
35336 3e-006
35337 3e-006
35338 3.31875e-006
35339 3e-006
35340 3e-006
35341 3.31875e-006
35342 3.31875e-006
35343 3e-006
35344 3.95625e-006
35345 3.31875e-006
35346 3e-006
35347 3.31875e-006
35348 3e-006
35349 3e-006
35350 3e-006
35351 3e-006
35352 3e-006
35353 3e-006
35354 3e-006
35355 3e-006
35356 3e-006
35357 3e-006
35358 3.31875e-006
35359 3e-006
35360 3e-006
35361 3.31875e-006
35362 3e-006
35363 3e-006
35364 3e-006
35365 3e-006
35366 3e-006
35367 3e-006
35368 3e-006
35369 3e-006
35370 3.31875e-006
35371 3e-006
35372 3.6375e-006
35373 3e-006
35374 3.31875e-006
35375 3e-006
35376 3e-006
35377 3e-006
35378 4.02398e-006
35379 3e-006
35380 3e-006
35381 3e-006
35382 3e-006
35383 3e-006
35384 3e-006
35385 3e-006
35386 3.31875e-006
35387 3e-006
35388 3e-006
35389 3e-006
35390 3.31875e-006
35391 3e-006
35392 3.31875e-006
35393 3.99012e-006
35394 3.6375e-006
35395 3e-006
35396 3e-006
35397 3.95625e-006
35398 3.31875e-006
35399 3e-006
35400 3.31875e-006
35401 3e-006
35402 3.6375e-006
35403 3.31875e-006
35404 3e-006
35405 3.31875e-006
35406 3e-006
35407 3e-006
35408 3e-006
35409 3.31875e-006
35410 3e-006
35411 3e-006
35412 3e-006
35413 3e-006
35414 3.31875e-006
35415 3e-006
35416 3.31875e-006
35417 3e-006
35418 3e-006
35419 3e-006
35420 3e-006
35421 3e-006
35422 3.31875e-006
35423 3e-006
35424 3.31875e-006
35425 3e-006
35426 3e-006
35427 3.6375e-006
35428 3.31875e-006
35429 3e-006
35430 3.31875e-006
35431 3e-006
35432 3.6375e-006
35433 3e-006
35434 3e-006
35435 3e-006
35436 3e-006
35437 3e-006
35438 3e-006
35439 3.31875e-006
35440 3e-006
35441 3.31875e-006
35442 3e-006
35443 3e-006
35444 3e-006
35445 3e-006
35446 3.31875e-006
35447 3e-006
35448 3e-006
35449 3.31875e-006
35450 3.31875e-006
35451 3.6375e-006
35452 3e-006
35453 3e-006
35454 3e-006
35455 3e-006
35456 3e-006
35457 3e-006
35458 3e-006
35459 3e-006
35460 3.6375e-006
35461 3e-006
35462 3e-006
35463 3e-006
35464 3e-006
35465 3e-006
35466 3e-006
35467 3.31875e-006
35468 3.31875e-006
35469 3.35262e-006
35470 3e-006
35471 3e-006
35472 3e-006
35473 3e-006
35474 3e-006
35475 3e-006
35476 3e-006
35477 3e-006
35478 3.31875e-006
35479 3.31875e-006
35480 3e-006
35481 3e-006
35482 3e-006
35483 3e-006
35484 3.95625e-006
35485 3e-006
35486 3e-006
35487 3e-006
35488 3e-006
35489 3e-006
35490 3.31875e-006
35491 3e-006
35492 3e-006
35493 3e-006
35494 3.31875e-006
35495 3e-006
35496 3e-006
35497 3e-006
35498 3e-006
35499 3e-006
35500 3e-006
35501 3e-006
35502 3e-006
35503 3e-006
35504 3e-006
35505 3e-006
35506 3.6375e-006
35507 3e-006
35508 3.35262e-006
35509 3e-006
35510 3e-006
35511 3e-006
35512 3e-006
35513 3.31875e-006
35514 3e-006
35515 3e-006
35516 3e-006
35517 3e-006
35518 3e-006
35519 3e-006
35520 3e-006
35521 3e-006
35522 3.31875e-006
35523 3e-006
35524 3e-006
35525 3e-006
35526 3e-006
35527 3.31875e-006
35528 3e-006
35529 3e-006
35530 3e-006
35531 3.31875e-006
35532 3e-006
35533 3e-006
35534 3e-006
35535 3.31875e-006
35536 3e-006
35537 3.31875e-006
35538 3e-006
35539 3e-006
35540 3.6375e-006
35541 3.70523e-006
35542 3e-006
35543 3.31875e-006
35544 3.31875e-006
35545 3e-006
35546 3e-006
35547 3.67137e-006
35548 3e-006
35549 3.67137e-006
35550 3e-006
35551 3e-006
35552 3e-006
35553 3e-006
35554 3e-006
35555 3e-006
35556 3.31875e-006
35557 3e-006
35558 3.67137e-006
35559 3e-006
35560 3.31875e-006
35561 3.35262e-006
35562 3e-006
35563 3e-006
35564 3e-006
35565 3e-006
35566 3e-006
35567 3e-006
35568 3e-006
35569 3e-006
35570 3.31875e-006
35571 3e-006
35572 3e-006
35573 3e-006
35574 3e-006
35575 3.31875e-006
35576 3e-006
35577 3e-006
35578 3e-006
35579 3.6375e-006
35580 3e-006
35581 3.95625e-006
35582 3e-006
35583 3.35262e-006
35584 3e-006
35585 3e-006
35586 3e-006
35587 3e-006
35588 3e-006
35589 3e-006
35590 3e-006
35591 3.6375e-006
35592 3e-006
35593 3e-006
35594 3e-006
35595 3.31875e-006
35596 3.35262e-006
35597 3e-006
35598 3e-006
35599 3e-006
35600 3.31875e-006
35601 3.67137e-006
35602 3e-006
35603 3.35262e-006
35604 3e-006
35605 3e-006
35606 3e-006
35607 3e-006
35608 3e-006
35609 3e-006
35610 3.67137e-006
35611 3e-006
35612 3e-006
35613 3.31875e-006
35614 3e-006
35615 3.31875e-006
35616 3e-006
35617 3e-006
35618 3e-006
35619 3e-006
35620 3.31875e-006
35621 3e-006
35622 3.31875e-006
35623 3.35262e-006
35624 3e-006
35625 3e-006
35626 3e-006
35627 3e-006
35628 3e-006
35629 3e-006
35630 3e-006
35631 3e-006
35632 3e-006
35633 3.6375e-006
35634 3.31875e-006
35635 3.31875e-006
35636 3e-006
35637 3e-006
35638 3e-006
35639 3.31875e-006
35640 3e-006
35641 3e-006
35642 3e-006
35643 3e-006
35644 3e-006
35645 3e-006
35646 3e-006
35647 3e-006
35648 3e-006
35649 3.31875e-006
35650 3e-006
35651 3e-006
35652 3e-006
35653 3e-006
35654 3e-006
35655 3e-006
35656 3e-006
35657 3e-006
35658 3e-006
35659 3e-006
35660 3e-006
35661 3e-006
35662 3e-006
35663 3e-006
35664 3.31875e-006
35665 3.31875e-006
35666 3.31875e-006
35667 3e-006
35668 3e-006
35669 3.35262e-006
35670 3e-006
35671 3e-006
35672 3e-006
35673 3.31875e-006
35674 3.31875e-006
35675 3e-006
35676 3e-006
35677 3e-006
35678 3e-006
35679 3.31875e-006
35680 3e-006
35681 3e-006
35682 3.31875e-006
35683 3e-006
35684 3e-006
35685 3e-006
35686 3e-006
35687 3e-006
35688 3e-006
35689 3.31875e-006
35690 3e-006
35691 3e-006
35692 3e-006
35693 3e-006
35694 3e-006
35695 3e-006
35696 3e-006
35697 3e-006
35698 3.31875e-006
35699 3e-006
35700 3.31875e-006
35701 3e-006
35702 3e-006
35703 3e-006
35704 3e-006
35705 3.31875e-006
35706 3e-006
35707 3e-006
35708 3e-006
35709 3e-006
35710 3e-006
35711 3.31875e-006
35712 3e-006
35713 3.31875e-006
35714 3.31875e-006
35715 3e-006
35716 3e-006
35717 3e-006
35718 3e-006
35719 3e-006
35720 3e-006
35721 3e-006
35722 3.31875e-006
35723 3e-006
35724 3e-006
35725 3e-006
35726 3e-006
35727 3e-006
35728 3.31875e-006
35729 3e-006
35730 3e-006
35731 3e-006
35732 3e-006
35733 3.99012e-006
35734 3.31875e-006
35735 3e-006
35736 3e-006
35737 3e-006
35738 3e-006
35739 3e-006
35740 3e-006
35741 3.31875e-006
35742 3e-006
35743 3e-006
35744 3e-006
35745 3e-006
35746 3.67137e-006
35747 3e-006
35748 3e-006
35749 3.6375e-006
35750 3e-006
35751 3e-006
35752 3.31875e-006
35753 3e-006
35754 3e-006
35755 3.3566e-006
35756 3e-006
35757 3e-006
35758 3e-006
35759 3.31875e-006
35760 3e-006
35761 3.31875e-006
35762 3e-006
35763 3e-006
35764 3e-006
35765 3e-006
35766 3e-006
35767 3e-006
35768 3e-006
35769 3.6375e-006
35770 3e-006
35771 3e-006
35772 3e-006
35773 3.31875e-006
35774 3.31875e-006
35775 3e-006
35776 3e-006
35777 3e-006
35778 3e-006
35779 3e-006
35780 3e-006
35781 3e-006
35782 3e-006
35783 4.34273e-006
35784 3e-006
35785 3e-006
35786 3.31875e-006
35787 3e-006
35788 3e-006
35789 3e-006
35790 3.6375e-006
35791 3e-006
35792 3.31875e-006
35793 3e-006
35794 3e-006
35795 3e-006
35796 3e-006
35797 3.31875e-006
35798 3.31875e-006
35799 3.31875e-006
35800 3e-006
35801 3.31875e-006
35802 3e-006
35803 3e-006
35804 3.31875e-006
35805 3e-006
35806 3.6375e-006
35807 3e-006
35808 3e-006
35809 3.31875e-006
35810 3e-006
35811 3.31875e-006
35812 3e-006
35813 3.31875e-006
35814 3.31875e-006
35815 3.31875e-006
35816 3.6375e-006
35817 3e-006
35818 3e-006
35819 3e-006
35820 3e-006
35821 3e-006
35822 3e-006
35823 3e-006
35824 3.6375e-006
35825 3e-006
35826 3.31875e-006
35827 3e-006
35828 3.31875e-006
35829 3e-006
35830 3.31875e-006
35831 3.6375e-006
35832 3e-006
35833 3e-006
35834 3e-006
35835 3e-006
35836 3e-006
35837 3e-006
35838 3.31875e-006
35839 3.6375e-006
35840 3e-006
35841 3e-006
35842 3.6375e-006
35843 3.35262e-006
35844 3e-006
35845 3.95625e-006
35846 3.31875e-006
35847 3.6375e-006
35848 3e-006
35849 3e-006
35850 3e-006
35851 3e-006
35852 3e-006
35853 3.31875e-006
35854 3e-006
35855 3e-006
35856 3.6375e-006
35857 3e-006
35858 3.31875e-006
35859 3e-006
35860 3e-006
35861 3e-006
35862 3e-006
35863 3e-006
35864 3.31875e-006
35865 3e-006
35866 3e-006
35867 3e-006
35868 3e-006
35869 3.31875e-006
35870 3e-006
35871 3e-006
35872 3.31875e-006
35873 3e-006
35874 3e-006
35875 3.31875e-006
35876 3.31875e-006
35877 3.31875e-006
35878 3e-006
35879 3.31875e-006
35880 3e-006
35881 3e-006
35882 3e-006
35883 3e-006
35884 3e-006
35885 3e-006
35886 3e-006
35887 3e-006
35888 3e-006
35889 3e-006
35890 3e-006
35891 3e-006
35892 3e-006
35893 3e-006
35894 3e-006
35895 3.6375e-006
35896 3.31875e-006
35897 3e-006
35898 3e-006
35899 3e-006
35900 3e-006
35901 3e-006
35902 3e-006
35903 3e-006
35904 3e-006
35905 3e-006
35906 3e-006
35907 3.31875e-006
35908 3e-006
35909 3e-006
35910 3e-006
35911 3.31875e-006
35912 3e-006
35913 3.35262e-006
35914 3.31875e-006
35915 3e-006
35916 3e-006
35917 3e-006
35918 3.67137e-006
35919 3e-006
35920 3e-006
35921 3e-006
35922 3.31875e-006
35923 3e-006
35924 3e-006
35925 3e-006
35926 3e-006
35927 3e-006
35928 3.31875e-006
35929 3.31875e-006
35930 3e-006
35931 3e-006
35932 3e-006
35933 3e-006
35934 3.35262e-006
35935 3e-006
35936 3e-006
35937 3e-006
35938 3e-006
35939 3.31875e-006
35940 3.31875e-006
35941 3e-006
35942 3.6375e-006
35943 3e-006
35944 3e-006
35945 3e-006
35946 3e-006
35947 3.35262e-006
35948 3e-006
35949 3e-006
35950 3e-006
35951 3e-006
35952 3e-006
35953 3e-006
35954 3e-006
35955 3e-006
35956 3e-006
35957 3e-006
35958 3e-006
35959 3e-006
35960 3e-006
35961 3e-006
35962 3e-006
35963 3e-006
35964 3e-006
35965 3e-006
35966 3.31875e-006
35967 3e-006
35968 4.02758e-006
35969 3e-006
35970 3e-006
35971 3e-006
35972 3.6375e-006
35973 3e-006
35974 3e-006
35975 3e-006
35976 3.31875e-006
35977 3e-006
35978 3e-006
35979 3e-006
35980 3.31875e-006
35981 3.31875e-006
35982 3e-006
35983 3e-006
35984 3e-006
35985 3.31875e-006
35986 3e-006
35987 3e-006
35988 3e-006
35989 3e-006
35990 3e-006
35991 3e-006
35992 3e-006
35993 3.31875e-006
35994 3e-006
35995 3.31875e-006
35996 3e-006
35997 3e-006
35998 3e-006
35999 3e-006
36000 3e-006
36001 3.31875e-006
36002 3.67137e-006
36003 3e-006
36004 3e-006
36005 3e-006
36006 3e-006
36007 3e-006
36008 3.31875e-006
36009 3e-006
36010 3e-006
36011 3e-006
36012 3e-006
36013 3.31875e-006
36014 3.31875e-006
36015 3e-006
36016 3e-006
36017 3e-006
36018 3e-006
36019 3e-006
36020 3e-006
36021 3.31875e-006
36022 3.31875e-006
36023 3.31875e-006
36024 3e-006
36025 3e-006
36026 3e-006
36027 3e-006
36028 3e-006
36029 3.6375e-006
36030 3e-006
36031 3e-006
36032 3e-006
36033 3.67137e-006
36034 3e-006
36035 3e-006
36036 3.31875e-006
36037 3.31875e-006
36038 3e-006
36039 3e-006
36040 3e-006
36041 3e-006
36042 3e-006
36043 3e-006
36044 3e-006
36045 3e-006
36046 3e-006
36047 3.31875e-006
36048 3e-006
36049 3e-006
36050 3e-006
36051 3e-006
36052 3e-006
36053 3.31875e-006
36054 3e-006
36055 3e-006
36056 3e-006
36057 3e-006
36058 3.31875e-006
36059 3e-006
36060 3e-006
36061 3e-006
36062 3.38648e-006
36063 3e-006
36064 3e-006
36065 3e-006
36066 3e-006
36067 3e-006
36068 3.31875e-006
36069 3e-006
36070 3e-006
36071 3e-006
36072 3e-006
36073 3e-006
36074 3.31875e-006
36075 3e-006
36076 3e-006
36077 3.31875e-006
36078 3e-006
36079 3e-006
36080 3.31875e-006
36081 3e-006
36082 3.31875e-006
36083 3e-006
36084 3.6375e-006
36085 3e-006
36086 3e-006
36087 3e-006
36088 3e-006
36089 3e-006
36090 3e-006
36091 3e-006
36092 3.31875e-006
36093 3e-006
36094 3.31875e-006
36095 3.31875e-006
36096 3.31875e-006
36097 3e-006
36098 3e-006
36099 3.31875e-006
36100 3e-006
36101 3.6375e-006
36102 3.31875e-006
36103 3e-006
36104 3e-006
36105 3.95625e-006
36106 3e-006
36107 3e-006
36108 3e-006
36109 3e-006
36110 3e-006
36111 3e-006
36112 3e-006
36113 3e-006
36114 3.31875e-006
36115 3e-006
36116 3e-006
36117 3e-006
36118 3e-006
36119 3.67137e-006
36120 3.70883e-006
36121 3.99012e-006
36122 3e-006
36123 3e-006
36124 3e-006
36125 3e-006
36126 3e-006
36127 3e-006
36128 3.31875e-006
36129 3e-006
36130 3.31875e-006
36131 3e-006
36132 3e-006
36133 3.31875e-006
36134 3e-006
36135 3e-006
36136 3e-006
36137 3e-006
36138 3e-006
36139 3e-006
36140 3.31875e-006
36141 3e-006
36142 3e-006
36143 3e-006
36144 3e-006
36145 3e-006
36146 3e-006
36147 3e-006
36148 3e-006
36149 3e-006
36150 3.31875e-006
36151 3e-006
36152 3.6375e-006
36153 3.70523e-006
36154 3e-006
36155 3.31875e-006
36156 3e-006
36157 3e-006
36158 3e-006
36159 3e-006
36160 3e-006
36161 3e-006
36162 3.67137e-006
36163 3.99012e-006
36164 3e-006
36165 3e-006
36166 3e-006
36167 3.31875e-006
36168 3e-006
36169 3e-006
36170 3.31875e-006
36171 3e-006
36172 3e-006
36173 3.35262e-006
36174 3e-006
36175 3e-006
36176 3e-006
36177 3e-006
36178 3e-006
36179 3e-006
36180 3e-006
36181 3e-006
36182 3.31875e-006
36183 3.31875e-006
36184 3e-006
36185 3.31875e-006
36186 3e-006
36187 3e-006
36188 3e-006
36189 3.31875e-006
36190 3.31875e-006
36191 3.31875e-006
36192 3e-006
36193 3.95625e-006
36194 3e-006
36195 3e-006
36196 3e-006
36197 3e-006
36198 3e-006
36199 3e-006
36200 3.35262e-006
36201 3e-006
36202 3.31875e-006
36203 3e-006
36204 3e-006
36205 3e-006
36206 3e-006
36207 3e-006
36208 3e-006
36209 3e-006
36210 3e-006
36211 3.6375e-006
36212 3.31875e-006
36213 3e-006
36214 3e-006
36215 3.31875e-006
36216 3e-006
36217 3e-006
36218 3e-006
36219 3e-006
36220 3.35262e-006
36221 3e-006
36222 3e-006
36223 3e-006
36224 3e-006
36225 3e-006
36226 3e-006
36227 3e-006
36228 3.6375e-006
36229 3e-006
36230 3e-006
36231 3e-006
36232 3.31875e-006
36233 3.31875e-006
36234 3e-006
36235 3e-006
36236 3.6375e-006
36237 3e-006
36238 3.31875e-006
36239 3e-006
36240 3.31875e-006
36241 3e-006
36242 3e-006
36243 3.70523e-006
36244 3e-006
36245 3e-006
36246 3e-006
36247 3.67137e-006
36248 3e-006
36249 3e-006
36250 3e-006
36251 3e-006
36252 3e-006
36253 3e-006
36254 3.31875e-006
36255 4.05785e-006
36256 3.67137e-006
36257 3e-006
36258 3e-006
36259 3.31875e-006
36260 3.31875e-006
36261 3e-006
36262 3e-006
36263 3e-006
36264 3e-006
36265 3.31875e-006
36266 3e-006
36267 3.35262e-006
36268 3e-006
36269 3e-006
36270 3e-006
36271 3e-006
36272 3e-006
36273 3e-006
36274 3e-006
36275 3e-006
36276 3.35262e-006
36277 3e-006
36278 3e-006
36279 3e-006
36280 3e-006
36281 3.31875e-006
36282 3e-006
36283 3.31875e-006
36284 3.31875e-006
36285 3e-006
36286 3e-006
36287 3e-006
36288 3e-006
36289 3.95625e-006
36290 3e-006
36291 3e-006
36292 3.38648e-006
36293 3.31875e-006
36294 3.6375e-006
36295 3e-006
36296 3e-006
36297 3e-006
36298 3e-006
36299 3.35262e-006
36300 3.31875e-006
36301 3e-006
36302 4.62762e-006
36303 3e-006
36304 3e-006
36305 3e-006
36306 3e-006
36307 3e-006
36308 3.6375e-006
36309 3e-006
36310 3e-006
36311 3e-006
36312 3e-006
36313 3.31875e-006
36314 3.31875e-006
36315 3e-006
36316 3e-006
36317 3e-006
36318 3e-006
36319 3e-006
36320 3e-006
36321 3e-006
36322 3.67137e-006
36323 3.35262e-006
36324 3.31875e-006
36325 3e-006
36326 3.31875e-006
36327 3e-006
36328 3e-006
36329 3e-006
36330 3e-006
36331 3e-006
36332 3e-006
36333 3e-006
36334 3e-006
36335 3e-006
36336 3.67137e-006
36337 3e-006
36338 3.31875e-006
36339 4.02758e-006
36340 3e-006
36341 3e-006
36342 3e-006
36343 3e-006
36344 3e-006
36345 3e-006
36346 3e-006
36347 3.6375e-006
36348 3.31875e-006
36349 3e-006
36350 3e-006
36351 3.31875e-006
36352 3e-006
36353 3e-006
36354 3.6375e-006
36355 3e-006
36356 3e-006
36357 3e-006
36358 3e-006
36359 4.275e-006
36360 3.31875e-006
36361 3e-006
36362 3e-006
36363 3e-006
36364 3.70523e-006
36365 3e-006
36366 3e-006
36367 3e-006
36368 3.6375e-006
36369 3e-006
36370 3e-006
36371 3e-006
36372 3.31875e-006
36373 3e-006
36374 3e-006
36375 3.31875e-006
36376 3e-006
36377 3.31875e-006
36378 3e-006
36379 3.67137e-006
36380 3e-006
36381 3e-006
36382 3e-006
36383 3e-006
36384 3e-006
36385 3.31875e-006
36386 3.31875e-006
36387 3e-006
36388 3e-006
36389 3e-006
36390 3e-006
36391 3e-006
36392 3e-006
36393 3.99012e-006
36394 3.6375e-006
36395 3.31875e-006
36396 3e-006
36397 3e-006
36398 3e-006
36399 3e-006
36400 3e-006
36401 3e-006
36402 3e-006
36403 3e-006
36404 3e-006
36405 3e-006
36406 3e-006
36407 3e-006
36408 3e-006
36409 3e-006
36410 3e-006
36411 3e-006
36412 3e-006
36413 3e-006
36414 3e-006
36415 3e-006
36416 3e-006
36417 3e-006
36418 3e-006
36419 3e-006
36420 3e-006
36421 3.31875e-006
36422 3e-006
36423 3.31875e-006
36424 3e-006
36425 3e-006
36426 3.31875e-006
36427 3e-006
36428 3.31875e-006
36429 3e-006
36430 3.31875e-006
36431 3.31875e-006
36432 3e-006
36433 3e-006
36434 3e-006
36435 3e-006
36436 3e-006
36437 3e-006
36438 3e-006
36439 3e-006
36440 3e-006
36441 3e-006
36442 3e-006
36443 3e-006
36444 3e-006
36445 3e-006
36446 3.6375e-006
36447 3e-006
36448 3e-006
36449 3e-006
36450 3e-006
36451 3e-006
36452 3e-006
36453 3e-006
36454 3e-006
36455 3e-006
36456 3.31875e-006
36457 3e-006
36458 3e-006
36459 3e-006
36460 3.31875e-006
36461 3.6375e-006
36462 3e-006
36463 3e-006
36464 3e-006
36465 3e-006
36466 3e-006
36467 3.38648e-006
36468 3.6375e-006
36469 3e-006
36470 3e-006
36471 3e-006
36472 3e-006
36473 3e-006
36474 3e-006
36475 3e-006
36476 3e-006
36477 3e-006
36478 3e-006
36479 3e-006
36480 3e-006
36481 3.6375e-006
36482 3e-006
36483 3e-006
36484 3e-006
36485 3e-006
36486 3e-006
36487 3e-006
36488 3e-006
36489 3e-006
36490 3e-006
36491 3e-006
36492 3e-006
36493 3.35621e-006
36494 3.38648e-006
36495 3e-006
36496 3e-006
36497 3.31875e-006
36498 3e-006
36499 3e-006
36500 3.35262e-006
36501 3.31875e-006
36502 3e-006
36503 3e-006
36504 3e-006
36505 3e-006
36506 3.31875e-006
36507 3e-006
36508 3e-006
36509 3e-006
36510 3.31875e-006
36511 3.31875e-006
36512 3e-006
36513 3e-006
36514 3e-006
36515 3.31875e-006
36516 3e-006
36517 3e-006
36518 3e-006
36519 3e-006
36520 3e-006
36521 3e-006
36522 3e-006
36523 3e-006
36524 3e-006
36525 3.31875e-006
36526 3e-006
36527 3e-006
36528 3e-006
36529 3e-006
36530 3e-006
36531 3e-006
36532 3e-006
36533 3e-006
36534 3e-006
36535 3e-006
36536 3.31875e-006
36537 3e-006
36538 3e-006
36539 3.31875e-006
36540 3e-006
36541 3e-006
36542 3e-006
36543 3e-006
36544 3e-006
36545 3e-006
36546 3e-006
36547 3e-006
36548 3e-006
36549 3.35262e-006
36550 3.6375e-006
36551 3.31875e-006
36552 3e-006
36553 3e-006
36554 3e-006
36555 3e-006
36556 3.31875e-006
36557 3.6375e-006
36558 3e-006
36559 3e-006
36560 3e-006
36561 3.31875e-006
36562 3e-006
36563 3e-006
36564 3.31875e-006
36565 3.31875e-006
36566 3e-006
36567 3e-006
36568 3.31875e-006
36569 3.31875e-006
36570 3.31875e-006
36571 3e-006
36572 3e-006
36573 3e-006
36574 3e-006
36575 3e-006
36576 3e-006
36577 3e-006
36578 3e-006
36579 3e-006
36580 3.31875e-006
36581 3.31875e-006
36582 3e-006
36583 3e-006
36584 3e-006
36585 3.95625e-006
36586 3e-006
36587 3.31875e-006
36588 3e-006
36589 3e-006
36590 3e-006
36591 3e-006
36592 3e-006
36593 3e-006
36594 3.31875e-006
36595 3e-006
36596 3e-006
36597 3.31875e-006
36598 3e-006
36599 3e-006
36600 3.6375e-006
36601 3e-006
36602 3e-006
36603 3e-006
36604 3e-006
36605 3e-006
36606 3e-006
36607 3e-006
36608 3e-006
36609 3e-006
36610 3e-006
36611 3e-006
36612 3.67137e-006
36613 3e-006
36614 3e-006
36615 3e-006
36616 3e-006
36617 3e-006
36618 3e-006
36619 3.6375e-006
36620 3.31875e-006
36621 3e-006
36622 3.31875e-006
36623 3.31875e-006
36624 3e-006
36625 3e-006
36626 3e-006
36627 3e-006
36628 3e-006
36629 3e-006
36630 3e-006
36631 3e-006
36632 3.95625e-006
36633 3e-006
36634 3.95625e-006
36635 3e-006
36636 3e-006
36637 3e-006
36638 3e-006
36639 3e-006
36640 3e-006
36641 3e-006
36642 3e-006
36643 3e-006
36644 3e-006
36645 3e-006
36646 3.31875e-006
36647 3e-006
36648 3e-006
36649 3e-006
36650 3e-006
36651 3e-006
36652 3e-006
36653 3e-006
36654 3e-006
36655 3e-006
36656 3e-006
36657 3e-006
36658 3e-006
36659 3e-006
36660 3e-006
36661 3e-006
36662 3e-006
36663 3.31875e-006
36664 3.31875e-006
36665 3e-006
36666 3.35262e-006
36667 3.31875e-006
36668 3.31875e-006
36669 3.31875e-006
36670 3e-006
36671 3e-006
36672 3.31875e-006
36673 3e-006
36674 3e-006
36675 3e-006
36676 3e-006
36677 3.31875e-006
36678 3e-006
36679 3e-006
36680 3.31875e-006
36681 4.275e-006
36682 3e-006
36683 3.31875e-006
36684 3e-006
36685 3.31875e-006
36686 3e-006
36687 3e-006
36688 3e-006
36689 3e-006
36690 3.6375e-006
36691 3e-006
36692 3.35621e-006
36693 3e-006
36694 3.31875e-006
36695 3e-006
36696 3e-006
36697 3e-006
36698 3e-006
36699 3e-006
36700 3e-006
36701 3.31875e-006
36702 3.31875e-006
36703 3e-006
36704 3e-006
36705 3e-006
36706 3e-006
36707 3e-006
36708 3e-006
36709 3e-006
36710 3.35262e-006
36711 3.31875e-006
36712 4.34273e-006
36713 3e-006
36714 3e-006
36715 3e-006
36716 3e-006
36717 3e-006
36718 3e-006
36719 3e-006
36720 3e-006
36721 3e-006
36722 3e-006
36723 3e-006
36724 3e-006
36725 3.31875e-006
36726 3e-006
36727 3e-006
36728 3.31875e-006
36729 3e-006
36730 3e-006
36731 3.31875e-006
36732 3e-006
36733 3e-006
36734 3e-006
36735 3.31875e-006
36736 3e-006
36737 3.31875e-006
36738 3e-006
36739 3e-006
36740 3.31875e-006
36741 3e-006
36742 3.31875e-006
36743 3.6375e-006
36744 3.31875e-006
36745 3e-006
36746 3e-006
36747 3e-006
36748 3e-006
36749 3e-006
36750 3e-006
36751 3e-006
36752 3.31875e-006
36753 3e-006
36754 3e-006
36755 3e-006
36756 3e-006
36757 3.6375e-006
36758 3e-006
36759 3e-006
36760 3e-006
36761 3e-006
36762 3e-006
36763 3e-006
36764 3e-006
36765 3e-006
36766 3e-006
36767 3.31875e-006
36768 3e-006
36769 3e-006
36770 3e-006
36771 3e-006
36772 3e-006
36773 3e-006
36774 3e-006
36775 3e-006
36776 3e-006
36777 3e-006
36778 3e-006
36779 3e-006
36780 3e-006
36781 3e-006
36782 3e-006
36783 3e-006
36784 3e-006
36785 3e-006
36786 3e-006
36787 3e-006
36788 3e-006
36789 3e-006
36790 3.31875e-006
36791 3e-006
36792 3e-006
36793 3.31875e-006
36794 3e-006
36795 3e-006
36796 3.6375e-006
36797 3.67137e-006
36798 3.31875e-006
36799 3e-006
36800 3e-006
36801 3e-006
36802 3e-006
36803 3.31875e-006
36804 3e-006
36805 3e-006
36806 3e-006
36807 3.31875e-006
36808 3.35262e-006
36809 3e-006
36810 3e-006
36811 3e-006
36812 3e-006
36813 3e-006
36814 3e-006
36815 3e-006
36816 3e-006
36817 3.31875e-006
36818 3e-006
36819 3.31875e-006
36820 3e-006
36821 3e-006
36822 3.31875e-006
36823 3e-006
36824 3.6375e-006
36825 3e-006
36826 3.6375e-006
36827 3e-006
36828 3e-006
36829 3.31875e-006
36830 3e-006
36831 3.95625e-006
36832 3e-006
36833 3e-006
36834 3.31875e-006
36835 3.67137e-006
36836 3e-006
36837 3e-006
36838 3.31875e-006
36839 3e-006
36840 3e-006
36841 3e-006
36842 3e-006
36843 3e-006
36844 3e-006
36845 3e-006
36846 3.31875e-006
36847 3e-006
36848 3.31875e-006
36849 3.31875e-006
36850 3e-006
36851 3.31875e-006
36852 3e-006
36853 3e-006
36854 3e-006
36855 3.31875e-006
36856 3.6375e-006
36857 3e-006
36858 3e-006
36859 3e-006
36860 3.31875e-006
36861 3e-006
36862 3e-006
36863 3.31875e-006
36864 3e-006
36865 3e-006
36866 3e-006
36867 3.31875e-006
36868 3e-006
36869 3.31875e-006
36870 3.6375e-006
36871 3e-006
36872 3e-006
36873 3e-006
36874 3e-006
36875 3e-006
36876 3.31875e-006
36877 3e-006
36878 3.31875e-006
36879 3.35262e-006
36880 3e-006
36881 3e-006
36882 3e-006
36883 3.6375e-006
36884 3.6375e-006
36885 3e-006
36886 4.00091e-006
36887 3e-006
36888 3e-006
36889 3e-006
36890 3e-006
36891 3.31875e-006
36892 3e-006
36893 3e-006
36894 3e-006
36895 3e-006
36896 3.31875e-006
36897 3e-006
36898 3.31875e-006
36899 3.6375e-006
36900 3e-006
36901 3e-006
36902 3e-006
36903 3e-006
36904 3e-006
36905 3e-006
36906 3e-006
36907 3e-006
36908 3e-006
36909 3e-006
36910 3e-006
36911 3.6375e-006
36912 3e-006
36913 3e-006
36914 3.6375e-006
36915 3e-006
36916 3.6375e-006
36917 3e-006
36918 3.67137e-006
36919 3.35262e-006
36920 3e-006
36921 3e-006
36922 3e-006
36923 3e-006
36924 3e-006
36925 3e-006
36926 3.31875e-006
36927 3e-006
36928 3e-006
36929 3e-006
36930 3e-006
36931 3.31875e-006
36932 3e-006
36933 3e-006
36934 3e-006
36935 3e-006
36936 3e-006
36937 3e-006
36938 3e-006
36939 3e-006
36940 3e-006
36941 3e-006
36942 3.6375e-006
36943 3e-006
36944 3e-006
36945 3e-006
36946 3.31875e-006
36947 3.6375e-006
36948 3e-006
36949 3e-006
36950 3e-006
36951 3e-006
36952 3e-006
36953 3e-006
36954 3.31875e-006
36955 3e-006
36956 3.6375e-006
36957 3e-006
36958 3e-006
36959 3e-006
36960 3e-006
36961 3e-006
36962 3e-006
36963 3e-006
36964 3.31875e-006
36965 3e-006
36966 3e-006
36967 3.6375e-006
36968 3e-006
36969 3e-006
36970 3e-006
36971 3e-006
36972 3.31875e-006
36973 3e-006
36974 3.31875e-006
36975 3e-006
36976 3.31875e-006
36977 3e-006
36978 3e-006
36979 3.31875e-006
36980 3e-006
36981 3e-006
36982 3e-006
36983 3e-006
36984 3e-006
36985 3e-006
36986 3e-006
36987 3.6375e-006
36988 3.95625e-006
36989 3e-006
36990 3.31875e-006
36991 3e-006
36992 3e-006
36993 3.6375e-006
36994 3.31875e-006
36995 3.31875e-006
36996 3e-006
36997 3e-006
36998 3.31875e-006
36999 3.6375e-006
37000 3.31875e-006
37001 3e-006
37002 3e-006
37003 3e-006
37004 3e-006
37005 3e-006
37006 3e-006
37007 3e-006
37008 3e-006
37009 3e-006
37010 3e-006
37011 3e-006
37012 3.31875e-006
37013 3e-006
37014 3e-006
37015 3e-006
37016 3e-006
37017 3e-006
37018 3e-006
37019 3e-006
37020 3e-006
37021 3.31875e-006
37022 3e-006
37023 3.31875e-006
37024 3e-006
37025 3e-006
37026 3e-006
37027 3e-006
37028 3e-006
37029 3e-006
37030 3e-006
37031 3e-006
37032 3.35262e-006
37033 3e-006
37034 3e-006
37035 3.31875e-006
37036 3e-006
37037 3e-006
37038 3.31875e-006
37039 3e-006
37040 3.31875e-006
37041 3.31875e-006
37042 3e-006
37043 3e-006
37044 3.31875e-006
37045 3e-006
37046 3e-006
37047 3e-006
37048 3.31875e-006
37049 3.35262e-006
37050 3.31875e-006
37051 3e-006
37052 3.31875e-006
37053 3e-006
37054 3e-006
37055 3e-006
37056 4.275e-006
37057 3e-006
37058 3e-006
37059 3e-006
37060 3e-006
37061 3e-006
37062 3e-006
37063 3e-006
37064 3.31875e-006
37065 3.31875e-006
37066 3e-006
37067 3e-006
37068 3.31875e-006
37069 3.31875e-006
37070 3e-006
37071 3e-006
37072 3.31875e-006
37073 3e-006
37074 3e-006
37075 3e-006
37076 3e-006
37077 3e-006
37078 3e-006
37079 3e-006
37080 3.31875e-006
37081 3e-006
37082 3e-006
37083 3.31875e-006
37084 3e-006
37085 3e-006
37086 3e-006
37087 3e-006
37088 3e-006
37089 3e-006
37090 3e-006
37091 3.35262e-006
37092 3e-006
37093 3e-006
37094 3e-006
37095 3e-006
37096 3e-006
37097 3e-006
37098 3e-006
37099 3e-006
37100 3e-006
37101 3e-006
37102 3.31875e-006
37103 3.31875e-006
37104 3e-006
37105 3e-006
37106 3e-006
37107 3e-006
37108 3e-006
37109 3.31875e-006
37110 3e-006
37111 3.31875e-006
37112 3.35262e-006
37113 3e-006
37114 3e-006
37115 3e-006
37116 3.6375e-006
37117 3e-006
37118 3e-006
37119 3e-006
37120 3e-006
37121 3.6375e-006
37122 3e-006
37123 3.31875e-006
37124 3.31875e-006
37125 3e-006
37126 3e-006
37127 3e-006
37128 3e-006
37129 3.31875e-006
37130 3.6375e-006
37131 3e-006
37132 3e-006
37133 3e-006
37134 3e-006
37135 3e-006
37136 3e-006
37137 3e-006
37138 3e-006
37139 3.31875e-006
37140 3e-006
37141 3e-006
37142 3e-006
37143 3.6375e-006
37144 3e-006
37145 3.31875e-006
37146 3e-006
37147 3e-006
37148 3e-006
37149 3e-006
37150 3e-006
37151 3e-006
37152 3e-006
37153 3e-006
37154 3e-006
37155 3e-006
37156 3e-006
37157 3.6375e-006
37158 3e-006
37159 3e-006
37160 3e-006
37161 3e-006
37162 3e-006
37163 3.6375e-006
37164 3.31875e-006
37165 3e-006
37166 3e-006
37167 3e-006
37168 3e-006
37169 3e-006
37170 3.99012e-006
37171 3e-006
37172 3e-006
37173 3e-006
37174 3e-006
37175 3e-006
37176 3e-006
37177 3e-006
37178 3e-006
37179 3e-006
37180 3.67137e-006
37181 3e-006
37182 3e-006
37183 3e-006
37184 3e-006
37185 3e-006
37186 3e-006
37187 3e-006
37188 3e-006
37189 3e-006
37190 3e-006
37191 3.38648e-006
37192 3e-006
37193 3e-006
37194 3e-006
37195 3e-006
37196 3e-006
37197 3e-006
37198 3e-006
37199 3.31875e-006
37200 3e-006
37201 3.31875e-006
37202 3.31875e-006
37203 3e-006
37204 3e-006
37205 3e-006
37206 3.38648e-006
37207 3.67137e-006
37208 3e-006
37209 3.31875e-006
37210 4.34273e-006
37211 3e-006
37212 3e-006
37213 3e-006
37214 3.95625e-006
37215 3.31875e-006
37216 3.6375e-006
37217 3e-006
37218 3.6375e-006
37219 3e-006
37220 3e-006
37221 3e-006
37222 3e-006
37223 3.95625e-006
37224 3.31875e-006
37225 3.35262e-006
37226 3.95625e-006
37227 3e-006
37228 3e-006
37229 3e-006
37230 3.31875e-006
37231 3e-006
37232 3e-006
37233 3e-006
37234 3.67137e-006
37235 3e-006
37236 3e-006
37237 3e-006
37238 3e-006
37239 3e-006
37240 3e-006
37241 3e-006
37242 3e-006
37243 3e-006
37244 3e-006
37245 3e-006
37246 3.31875e-006
37247 3e-006
37248 3.31875e-006
37249 3e-006
37250 3e-006
37251 3e-006
37252 3e-006
37253 3e-006
37254 3e-006
37255 3.31875e-006
37256 3e-006
37257 3.31875e-006
37258 3.31875e-006
37259 3.31875e-006
37260 3e-006
37261 3e-006
37262 3e-006
37263 3e-006
37264 3e-006
37265 3.31875e-006
37266 3e-006
37267 3e-006
37268 3.67137e-006
37269 3e-006
37270 3e-006
37271 3e-006
37272 3e-006
37273 3e-006
37274 3.31875e-006
37275 3e-006
37276 3e-006
37277 3.6375e-006
37278 3.35262e-006
37279 3e-006
37280 3e-006
37281 3e-006
37282 3.31875e-006
37283 3e-006
37284 3e-006
37285 3e-006
37286 3e-006
37287 3e-006
37288 3e-006
37289 3.31875e-006
37290 3e-006
37291 3.6375e-006
37292 3e-006
37293 3e-006
37294 3e-006
37295 3e-006
37296 3.31875e-006
37297 3.31875e-006
37298 3e-006
37299 3e-006
37300 3e-006
37301 3e-006
37302 3e-006
37303 3e-006
37304 3e-006
37305 3e-006
37306 3e-006
37307 3e-006
37308 3e-006
37309 3.35262e-006
37310 3e-006
37311 3.31875e-006
37312 3e-006
37313 3e-006
37314 3e-006
37315 3.70883e-006
37316 3e-006
37317 3e-006
37318 3e-006
37319 3e-006
37320 3e-006
37321 3e-006
37322 3e-006
37323 3.42035e-006
37324 3e-006
37325 3e-006
37326 3e-006
37327 3e-006
37328 3e-006
37329 3e-006
37330 3e-006
37331 3e-006
37332 3e-006
37333 3e-006
37334 3e-006
37335 3.38648e-006
37336 3e-006
37337 3e-006
37338 3e-006
37339 3e-006
37340 3e-006
37341 3e-006
37342 3.6375e-006
37343 3e-006
37344 3e-006
37345 3e-006
37346 3e-006
37347 3.31875e-006
37348 3e-006
37349 3e-006
37350 3e-006
37351 3.35262e-006
37352 3e-006
37353 3e-006
37354 3e-006
37355 3e-006
37356 3e-006
37357 3e-006
37358 3.31875e-006
37359 3.31875e-006
37360 3e-006
37361 3e-006
37362 3e-006
37363 3e-006
37364 3e-006
37365 3e-006
37366 3e-006
37367 3.38648e-006
37368 3e-006
37369 3e-006
37370 3e-006
37371 3e-006
37372 3.31875e-006
37373 3e-006
37374 3.6375e-006
37375 3e-006
37376 3e-006
37377 3.35621e-006
37378 3e-006
37379 3e-006
37380 3e-006
37381 3e-006
37382 3e-006
37383 3.31875e-006
37384 3.31875e-006
37385 3e-006
37386 3e-006
37387 3e-006
37388 3.31875e-006
37389 3.31875e-006
37390 3e-006
37391 3e-006
37392 3e-006
37393 3.31875e-006
37394 3e-006
37395 3.31875e-006
37396 3e-006
37397 3e-006
37398 3.31875e-006
37399 3e-006
37400 3.35262e-006
37401 3e-006
37402 3e-006
37403 3e-006
37404 3.31875e-006
37405 3e-006
37406 3e-006
37407 3e-006
37408 3e-006
37409 3e-006
37410 3e-006
37411 3.31875e-006
37412 3e-006
37413 3e-006
37414 3e-006
37415 3e-006
37416 3.39008e-006
37417 3e-006
37418 3e-006
37419 3.38648e-006
37420 3e-006
37421 3e-006
37422 3e-006
37423 3e-006
37424 3.31875e-006
37425 3e-006
37426 3.6375e-006
37427 3e-006
37428 3e-006
37429 3e-006
37430 3e-006
37431 3e-006
37432 3e-006
37433 3e-006
37434 3.31875e-006
37435 3e-006
37436 3e-006
37437 3e-006
37438 3e-006
37439 3e-006
37440 3e-006
37441 3e-006
37442 3e-006
37443 3e-006
37444 3e-006
37445 3e-006
37446 3e-006
37447 3e-006
37448 3e-006
37449 3.6375e-006
37450 3e-006
37451 3e-006
37452 3.31875e-006
37453 3e-006
37454 3e-006
37455 3e-006
37456 3.31875e-006
37457 3e-006
37458 3e-006
37459 3e-006
37460 3.99012e-006
37461 3e-006
37462 3.6375e-006
37463 3e-006
37464 3e-006
37465 3e-006
37466 3e-006
37467 3e-006
37468 3e-006
37469 3.35262e-006
37470 3e-006
37471 3e-006
37472 3.31875e-006
37473 3.6375e-006
37474 3e-006
37475 3e-006
37476 3e-006
37477 3e-006
37478 3e-006
37479 3e-006
37480 3.31875e-006
37481 3e-006
37482 3e-006
37483 3e-006
37484 3e-006
37485 3e-006
37486 3.6375e-006
37487 3e-006
37488 3e-006
37489 3e-006
37490 3e-006
37491 3e-006
37492 3e-006
37493 3e-006
37494 3e-006
37495 3e-006
37496 3.6375e-006
37497 3.31875e-006
37498 3e-006
37499 3.35621e-006
37500 3e-006
37501 3e-006
37502 3.35262e-006
37503 3e-006
37504 3e-006
37505 3e-006
37506 4.275e-006
37507 3.31875e-006
37508 3e-006
37509 3e-006
37510 3.67137e-006
37511 3e-006
37512 3e-006
37513 3e-006
37514 3e-006
37515 3.31875e-006
37516 3e-006
37517 3.95625e-006
37518 3.31875e-006
37519 3e-006
37520 3e-006
37521 3e-006
37522 3.31875e-006
37523 3.38648e-006
37524 3e-006
37525 3.31875e-006
37526 3e-006
37527 3.6375e-006
37528 3e-006
37529 3e-006
37530 3e-006
37531 3e-006
37532 3e-006
37533 3e-006
37534 3e-006
37535 3e-006
37536 3e-006
37537 3e-006
37538 3.31875e-006
37539 3e-006
37540 3.35262e-006
37541 3.31875e-006
37542 3e-006
37543 3e-006
37544 3.95625e-006
37545 3e-006
37546 3e-006
37547 3.31875e-006
37548 3e-006
37549 3.31875e-006
37550 3e-006
37551 3e-006
37552 3e-006
37553 3e-006
37554 3e-006
37555 3e-006
37556 3e-006
37557 3.31875e-006
37558 3e-006
37559 3.31875e-006
37560 3e-006
37561 3e-006
37562 3e-006
37563 3.35262e-006
37564 3e-006
37565 3.31875e-006
37566 3e-006
37567 3e-006
37568 3e-006
37569 3e-006
37570 3.31875e-006
37571 3e-006
37572 3e-006
37573 3e-006
37574 3e-006
37575 3e-006
37576 3e-006
37577 3e-006
37578 3.6375e-006
37579 3e-006
37580 3e-006
37581 3e-006
37582 3e-006
37583 3e-006
37584 3e-006
37585 3e-006
37586 3.38648e-006
37587 3e-006
37588 3e-006
37589 3e-006
37590 3e-006
37591 3e-006
37592 3.6375e-006
37593 3e-006
37594 3e-006
37595 3.6375e-006
37596 3e-006
37597 3e-006
37598 3e-006
37599 3e-006
37600 3e-006
37601 3e-006
37602 3.31875e-006
37603 3e-006
37604 3e-006
37605 3.31875e-006
37606 3e-006
37607 3.31875e-006
37608 3e-006
37609 3e-006
37610 3e-006
37611 3e-006
37612 3e-006
37613 3e-006
37614 3e-006
37615 3e-006
37616 3e-006
37617 3e-006
37618 3e-006
37619 3e-006
37620 3e-006
37621 3.31875e-006
37622 3e-006
37623 3e-006
37624 3e-006
37625 3.31875e-006
37626 3e-006
37627 3e-006
37628 3e-006
37629 3e-006
37630 3e-006
37631 3.6375e-006
37632 3e-006
37633 3e-006
37634 3e-006
37635 3.31875e-006
37636 3.31875e-006
37637 3e-006
37638 3e-006
37639 3e-006
37640 3e-006
37641 3e-006
37642 3e-006
37643 3e-006
37644 3e-006
37645 3e-006
37646 3e-006
37647 3.31875e-006
37648 3e-006
37649 3e-006
37650 3e-006
37651 3e-006
37652 3e-006
37653 3e-006
37654 3e-006
37655 3e-006
37656 3.6375e-006
37657 3e-006
37658 3e-006
37659 3e-006
37660 3e-006
37661 3e-006
37662 3e-006
37663 3e-006
37664 3e-006
37665 3e-006
37666 3e-006
37667 3e-006
37668 3e-006
37669 3e-006
37670 3e-006
37671 3.67137e-006
37672 3e-006
37673 3.31875e-006
37674 3e-006
37675 3e-006
37676 3e-006
37677 3e-006
37678 3e-006
37679 3e-006
37680 3e-006
37681 3e-006
37682 3e-006
37683 3.31875e-006
37684 3e-006
37685 3.31875e-006
37686 3.31875e-006
37687 3e-006
37688 3e-006
37689 3.95625e-006
37690 3e-006
37691 3e-006
37692 3.31875e-006
37693 3e-006
37694 3e-006
37695 3e-006
37696 3e-006
37697 3e-006
37698 3e-006
37699 3e-006
37700 3e-006
37701 3.6375e-006
37702 3.31875e-006
37703 3.6375e-006
37704 3e-006
37705 3.6375e-006
37706 3.31875e-006
37707 3e-006
37708 3e-006
37709 3.35262e-006
37710 3.31875e-006
37711 3e-006
37712 3e-006
37713 3e-006
37714 3e-006
37715 3e-006
37716 3e-006
37717 3e-006
37718 3e-006
37719 3e-006
37720 3.95625e-006
37721 3e-006
37722 3e-006
37723 3e-006
37724 3.31875e-006
37725 3e-006
37726 3e-006
37727 3e-006
37728 3e-006
37729 3e-006
37730 3e-006
37731 3.31875e-006
37732 3e-006
37733 3e-006
37734 3.38648e-006
37735 3e-006
37736 3.31875e-006
37737 3.31875e-006
37738 3e-006
37739 3.6375e-006
37740 3e-006
37741 3e-006
37742 3.6375e-006
37743 3.31875e-006
37744 3.31875e-006
37745 3.31875e-006
37746 3e-006
37747 3e-006
37748 3.31875e-006
37749 3e-006
37750 3e-006
37751 3.31875e-006
37752 3e-006
37753 3e-006
37754 3e-006
37755 3e-006
37756 3e-006
37757 3e-006
37758 3e-006
37759 3e-006
37760 3.95625e-006
37761 3e-006
37762 3e-006
37763 3e-006
37764 3e-006
37765 3e-006
37766 3e-006
37767 3e-006
37768 3.31875e-006
37769 3e-006
37770 3e-006
37771 3.6375e-006
37772 3e-006
37773 3.31875e-006
37774 3e-006
37775 3e-006
37776 3e-006
37777 3e-006
37778 3e-006
37779 3e-006
37780 3e-006
37781 3.31875e-006
37782 3e-006
37783 3e-006
37784 3.31875e-006
37785 3e-006
37786 3e-006
37787 3e-006
37788 3e-006
37789 3e-006
37790 3.31875e-006
37791 3e-006
37792 3.31875e-006
37793 3e-006
37794 3e-006
37795 3e-006
37796 3e-006
37797 3e-006
37798 3e-006
37799 3e-006
37800 3e-006
37801 3e-006
37802 3e-006
37803 3e-006
37804 3e-006
37805 3e-006
37806 3e-006
37807 3e-006
37808 3e-006
37809 3e-006
37810 3e-006
37811 3e-006
37812 3e-006
37813 3.31875e-006
37814 3.31875e-006
37815 3.31875e-006
37816 3e-006
37817 3e-006
37818 3e-006
37819 3.31875e-006
37820 3e-006
37821 3e-006
37822 3e-006
37823 3.31875e-006
37824 3e-006
37825 3e-006
37826 3e-006
37827 3e-006
37828 3e-006
37829 3e-006
37830 3.31875e-006
37831 3e-006
37832 3e-006
37833 3e-006
37834 3.31875e-006
37835 3.31875e-006
37836 3.6375e-006
37837 3e-006
37838 3.6375e-006
37839 3.31875e-006
37840 3.31875e-006
37841 3e-006
37842 3e-006
37843 3.6375e-006
37844 3e-006
37845 3.3566e-006
37846 3.31875e-006
37847 3e-006
37848 3.6375e-006
37849 3e-006
37850 3.31875e-006
37851 3e-006
37852 3e-006
37853 3e-006
37854 3e-006
37855 3e-006
37856 3e-006
37857 3e-006
37858 3.31875e-006
37859 3e-006
37860 3e-006
37861 3e-006
37862 3.31875e-006
37863 3.95625e-006
37864 3e-006
37865 3e-006
37866 3e-006
37867 3.6375e-006
37868 3e-006
37869 3e-006
37870 3e-006
37871 3.31875e-006
37872 3e-006
37873 3.31875e-006
37874 3e-006
37875 3e-006
37876 3.67137e-006
37877 3e-006
37878 3.31875e-006
37879 3e-006
37880 3e-006
37881 3e-006
37882 3.31875e-006
37883 3.35621e-006
37884 3e-006
37885 3e-006
37886 3e-006
37887 3e-006
37888 3e-006
37889 3e-006
37890 3e-006
37891 3e-006
37892 3e-006
37893 3.31875e-006
37894 3.6375e-006
37895 3.31875e-006
37896 3e-006
37897 3e-006
37898 3e-006
37899 3e-006
37900 3.31875e-006
37901 3e-006
37902 3e-006
37903 3e-006
37904 3e-006
37905 3e-006
37906 3e-006
37907 3.31875e-006
37908 3e-006
37909 3e-006
37910 3e-006
37911 3e-006
37912 3.31875e-006
37913 3e-006
37914 3e-006
37915 3e-006
37916 3e-006
37917 3e-006
37918 3e-006
37919 3e-006
37920 3e-006
37921 3e-006
37922 3e-006
37923 3e-006
37924 3e-006
37925 3.31875e-006
37926 3e-006
37927 3e-006
37928 3e-006
37929 3.31875e-006
37930 3e-006
37931 3e-006
37932 3e-006
37933 3e-006
37934 3e-006
37935 3e-006
37936 3.6375e-006
37937 3e-006
37938 3e-006
37939 3e-006
37940 3e-006
37941 3e-006
37942 3e-006
37943 3e-006
37944 3e-006
37945 3e-006
37946 3e-006
37947 3e-006
37948 3e-006
37949 3e-006
37950 3e-006
37951 3.31875e-006
37952 3.31875e-006
37953 3e-006
37954 3e-006
37955 3.6375e-006
37956 3e-006
37957 3e-006
37958 3e-006
37959 3e-006
37960 3e-006
37961 3.31875e-006
37962 3e-006
37963 3e-006
37964 3e-006
37965 3.35262e-006
37966 3e-006
37967 3e-006
37968 3e-006
37969 3.35621e-006
37970 3e-006
37971 3e-006
37972 3.31875e-006
37973 3e-006
37974 3.35621e-006
37975 3.95625e-006
37976 3.31875e-006
37977 3.31875e-006
37978 3e-006
37979 3.31875e-006
37980 3.31875e-006
37981 3e-006
37982 3e-006
37983 3.31875e-006
37984 3e-006
37985 3e-006
37986 3e-006
37987 3e-006
37988 3e-006
37989 3.35262e-006
37990 3e-006
37991 3e-006
37992 3e-006
37993 3e-006
37994 3e-006
37995 3e-006
37996 3e-006
37997 3e-006
37998 3e-006
37999 3.31875e-006
38000 3e-006
38001 3e-006
38002 3e-006
38003 3.31875e-006
38004 3e-006
38005 3e-006
38006 3e-006
38007 3.31875e-006
38008 3e-006
38009 3e-006
38010 3e-006
38011 3.31875e-006
38012 3e-006
38013 3e-006
38014 3e-006
38015 3e-006
38016 3e-006
38017 3e-006
38018 3e-006
38019 3e-006
38020 3e-006
38021 3e-006
38022 3e-006
38023 3e-006
38024 3e-006
38025 3.31875e-006
38026 3.95625e-006
38027 3.31875e-006
38028 3e-006
38029 3e-006
38030 3e-006
38031 3.31875e-006
38032 3e-006
38033 3e-006
38034 3e-006
38035 3e-006
38036 3.31875e-006
38037 3e-006
38038 3e-006
38039 3e-006
38040 3e-006
38041 3.31875e-006
38042 3e-006
38043 3.31875e-006
38044 3e-006
38045 3e-006
38046 3.31875e-006
38047 3e-006
38048 3e-006
38049 3.31875e-006
38050 3e-006
38051 3.31875e-006
38052 3e-006
38053 3e-006
38054 3e-006
38055 3e-006
38056 3e-006
38057 3.31875e-006
38058 3e-006
38059 3.31875e-006
38060 3e-006
38061 3e-006
38062 3.31875e-006
38063 3e-006
38064 3.31875e-006
38065 3.6375e-006
38066 3.31875e-006
38067 3e-006
38068 3e-006
38069 3e-006
38070 3e-006
38071 3e-006
38072 3e-006
38073 3e-006
38074 3.31875e-006
38075 3e-006
38076 3e-006
38077 3e-006
38078 3e-006
38079 3.35262e-006
38080 3e-006
38081 3e-006
38082 3.31875e-006
38083 3.31875e-006
38084 3e-006
38085 3e-006
38086 3e-006
38087 3.6375e-006
38088 3e-006
38089 3.31875e-006
38090 3e-006
38091 3e-006
38092 3.31875e-006
38093 3e-006
38094 3e-006
38095 3e-006
38096 3.6375e-006
38097 3e-006
38098 3e-006
38099 3e-006
38100 3e-006
38101 3e-006
38102 3e-006
38103 3e-006
38104 3.99731e-006
38105 3e-006
38106 3.31875e-006
38107 3e-006
38108 3e-006
38109 3e-006
38110 3e-006
38111 3e-006
38112 3e-006
38113 3.67137e-006
38114 3e-006
38115 3e-006
38116 3e-006
38117 3e-006
38118 3e-006
38119 3e-006
38120 3e-006
38121 3e-006
38122 3e-006
38123 3e-006
38124 3e-006
38125 3e-006
38126 3e-006
38127 3e-006
38128 3e-006
38129 3.31875e-006
38130 3e-006
38131 3.31875e-006
38132 3e-006
38133 3.99012e-006
38134 3e-006
38135 3.31875e-006
38136 3e-006
38137 3e-006
38138 3e-006
38139 3e-006
38140 3e-006
38141 3e-006
38142 3e-006
38143 3e-006
38144 3e-006
38145 3e-006
38146 3e-006
38147 3e-006
38148 3.31875e-006
38149 3e-006
38150 3e-006
38151 3e-006
38152 3e-006
38153 3e-006
38154 3e-006
38155 3.31875e-006
38156 3e-006
38157 3.31875e-006
38158 3e-006
38159 3e-006
38160 3e-006
38161 3e-006
38162 3e-006
38163 3e-006
38164 3e-006
38165 3e-006
38166 3.31875e-006
38167 3e-006
38168 3.31875e-006
38169 3e-006
38170 3e-006
38171 3e-006
38172 3e-006
38173 3e-006
38174 3e-006
38175 3e-006
38176 3e-006
38177 3e-006
38178 3e-006
38179 3e-006
38180 3e-006
38181 3e-006
38182 3e-006
38183 3.38648e-006
38184 3e-006
38185 3e-006
38186 3.31875e-006
38187 3e-006
38188 3e-006
38189 3e-006
38190 3e-006
38191 3e-006
38192 3.35621e-006
38193 3e-006
38194 3e-006
38195 3e-006
38196 3.31875e-006
38197 3e-006
38198 3e-006
38199 3e-006
38200 3.35262e-006
38201 3.31875e-006
38202 3.35262e-006
38203 3e-006
38204 3e-006
38205 3e-006
38206 3.31875e-006
38207 3.31875e-006
38208 3e-006
38209 3e-006
38210 3e-006
38211 3e-006
38212 3e-006
38213 3.38648e-006
38214 3e-006
38215 3e-006
38216 3e-006
38217 3e-006
38218 3e-006
38219 3e-006
38220 3e-006
38221 3.31875e-006
38222 3e-006
38223 3e-006
38224 3.31875e-006
38225 3e-006
38226 3e-006
38227 3e-006
38228 3e-006
38229 3.6375e-006
38230 3e-006
38231 3e-006
38232 3e-006
38233 3e-006
38234 3e-006
38235 3.70523e-006
38236 3e-006
38237 3.67137e-006
38238 3e-006
38239 3e-006
38240 3e-006
38241 3e-006
38242 3e-006
38243 3.31875e-006
38244 3.6375e-006
38245 3e-006
38246 3e-006
38247 3.6375e-006
38248 3.31875e-006
38249 3e-006
38250 3e-006
38251 3e-006
38252 3e-006
38253 3.31875e-006
38254 3.31875e-006
38255 3e-006
38256 3e-006
38257 3e-006
38258 3.31875e-006
38259 3e-006
38260 3e-006
38261 3e-006
38262 3.31875e-006
38263 3e-006
38264 3e-006
38265 3e-006
38266 3e-006
38267 3e-006
38268 3e-006
38269 3e-006
38270 3e-006
38271 3e-006
38272 3e-006
38273 3e-006
38274 3e-006
38275 3e-006
38276 3e-006
38277 3.31875e-006
38278 3.35621e-006
38279 3.31875e-006
38280 3.31875e-006
38281 3.31875e-006
38282 3e-006
38283 3e-006
38284 3e-006
38285 3e-006
38286 3e-006
38287 3e-006
38288 3e-006
38289 3e-006
38290 3e-006
38291 3e-006
38292 3e-006
38293 3e-006
38294 3.31875e-006
38295 3e-006
38296 3e-006
38297 3e-006
38298 3e-006
38299 3.31875e-006
38300 3e-006
38301 3e-006
38302 3e-006
38303 3.31875e-006
38304 3.31875e-006
38305 3e-006
38306 3e-006
38307 3e-006
38308 3e-006
38309 3e-006
38310 3e-006
38311 3e-006
38312 3e-006
38313 3e-006
38314 3e-006
38315 3e-006
38316 3.35262e-006
38317 3e-006
38318 3e-006
38319 3e-006
38320 3e-006
38321 3e-006
38322 3e-006
38323 3.31875e-006
38324 3e-006
38325 3.35262e-006
38326 3.31875e-006
38327 3e-006
38328 3e-006
38329 3e-006
38330 3e-006
38331 3e-006
38332 3e-006
38333 3e-006
38334 3e-006
38335 3e-006
38336 3e-006
38337 3e-006
38338 3e-006
38339 3.31875e-006
38340 3e-006
38341 3e-006
38342 3e-006
38343 3e-006
38344 3.95625e-006
38345 3e-006
38346 3.31875e-006
38347 3.31875e-006
38348 3.35262e-006
38349 3e-006
38350 3e-006
38351 3e-006
38352 3e-006
38353 3e-006
38354 3e-006
38355 3e-006
38356 3e-006
38357 3.31875e-006
38358 3e-006
38359 3e-006
38360 3.31875e-006
38361 3e-006
38362 3e-006
38363 3e-006
38364 3e-006
38365 3e-006
38366 3e-006
38367 3.31875e-006
38368 3.95625e-006
38369 3e-006
38370 3e-006
38371 3.31875e-006
38372 3.31875e-006
38373 3e-006
38374 3.31875e-006
38375 3e-006
38376 3e-006
38377 3e-006
38378 3e-006
38379 3e-006
38380 3e-006
38381 3e-006
38382 3e-006
38383 3e-006
38384 3e-006
38385 3e-006
38386 3.31875e-006
38387 3e-006
38388 3.31875e-006
38389 3e-006
38390 3e-006
38391 3e-006
38392 3e-006
38393 3e-006
38394 3.31875e-006
38395 3e-006
38396 3.31875e-006
38397 3e-006
38398 3.31875e-006
38399 3e-006
38400 3e-006
38401 3e-006
38402 3e-006
38403 4.30887e-006
38404 3e-006
38405 3e-006
38406 3.31875e-006
38407 3.31875e-006
38408 3e-006
38409 3e-006
38410 3e-006
38411 3e-006
38412 3e-006
38413 3e-006
38414 3e-006
38415 3e-006
38416 3.31875e-006
38417 3e-006
38418 3e-006
38419 3e-006
38420 3e-006
38421 3e-006
38422 3.31875e-006
38423 3e-006
38424 3e-006
38425 3e-006
38426 3.31875e-006
38427 3.35262e-006
38428 3.31875e-006
38429 3e-006
38430 3.31875e-006
38431 3e-006
38432 3e-006
38433 3e-006
38434 3e-006
38435 3e-006
38436 3.67137e-006
38437 3e-006
38438 3e-006
38439 3e-006
38440 3e-006
38441 3e-006
38442 3e-006
38443 3e-006
38444 3.31875e-006
38445 3e-006
38446 3e-006
38447 3e-006
38448 3e-006
38449 3.31875e-006
38450 3e-006
38451 3e-006
38452 3e-006
38453 3e-006
38454 3e-006
38455 3e-006
38456 3e-006
38457 3e-006
38458 3.31875e-006
38459 3e-006
38460 3e-006
38461 3e-006
38462 3.6375e-006
38463 3e-006
38464 3e-006
38465 3e-006
38466 3e-006
38467 3.67137e-006
38468 3e-006
38469 3e-006
38470 3e-006
38471 3e-006
38472 3e-006
38473 3e-006
38474 3e-006
38475 3e-006
38476 3e-006
38477 3e-006
38478 3e-006
38479 3e-006
38480 3e-006
38481 3.6375e-006
38482 3.31875e-006
38483 3e-006
38484 3e-006
38485 3.6375e-006
38486 3e-006
38487 3.31875e-006
38488 3.31875e-006
38489 3.31875e-006
38490 3e-006
38491 3.31875e-006
38492 3e-006
38493 3.31875e-006
38494 3e-006
38495 3e-006
38496 3e-006
38497 3e-006
38498 3e-006
38499 3e-006
38500 3.31875e-006
38501 3e-006
38502 4.275e-006
38503 3e-006
38504 3e-006
38505 3.31875e-006
38506 3e-006
38507 3.31875e-006
38508 3e-006
38509 3e-006
38510 3e-006
38511 3e-006
38512 3e-006
38513 3e-006
38514 3e-006
38515 3e-006
38516 3e-006
38517 3e-006
38518 3e-006
38519 3e-006
38520 3e-006
38521 3e-006
38522 3e-006
38523 3e-006
38524 3e-006
38525 3e-006
38526 3e-006
38527 3e-006
38528 3.95625e-006
38529 3e-006
38530 3.31875e-006
38531 3.31875e-006
38532 3e-006
38533 3e-006
38534 3e-006
38535 3e-006
38536 3e-006
38537 3e-006
38538 3e-006
38539 3e-006
38540 3e-006
38541 3e-006
38542 3.95625e-006
38543 3e-006
38544 3e-006
38545 3e-006
38546 3.31875e-006
38547 3e-006
38548 3.31875e-006
38549 3e-006
38550 3e-006
38551 3.31875e-006
38552 3e-006
38553 3e-006
38554 3e-006
38555 3e-006
38556 3.6375e-006
38557 3e-006
38558 3e-006
38559 3.31875e-006
38560 3.35262e-006
38561 3e-006
38562 3e-006
38563 3e-006
38564 3e-006
38565 3e-006
38566 3e-006
38567 3e-006
38568 3.31875e-006
38569 3e-006
38570 3e-006
38571 3e-006
38572 3.31875e-006
38573 3e-006
38574 3e-006
38575 3e-006
38576 3e-006
38577 3e-006
38578 3e-006
38579 3.6375e-006
38580 3.31875e-006
38581 3.31875e-006
38582 3e-006
38583 3e-006
38584 3e-006
38585 3e-006
38586 3.31875e-006
38587 3e-006
38588 3e-006
38589 3e-006
38590 3e-006
38591 3e-006
38592 3e-006
38593 3e-006
38594 3e-006
38595 3e-006
38596 3e-006
38597 3.31875e-006
38598 3e-006
38599 3e-006
38600 3.31875e-006
38601 3e-006
38602 3e-006
38603 3.31875e-006
38604 3e-006
38605 3.31875e-006
38606 3e-006
38607 3e-006
38608 3e-006
38609 3.31875e-006
38610 3e-006
38611 3e-006
38612 3e-006
38613 3e-006
38614 3.31875e-006
38615 3e-006
38616 3.31875e-006
38617 3e-006
38618 3e-006
38619 3.35262e-006
38620 3e-006
38621 3e-006
38622 3e-006
38623 3e-006
38624 3e-006
38625 3e-006
38626 3e-006
38627 3e-006
38628 3e-006
38629 3.31875e-006
38630 3e-006
38631 3.31875e-006
38632 3e-006
38633 3e-006
38634 3e-006
38635 3e-006
38636 3e-006
38637 3e-006
38638 3e-006
38639 3e-006
38640 3e-006
38641 3e-006
38642 3e-006
38643 3e-006
38644 3e-006
38645 3e-006
38646 3e-006
38647 3e-006
38648 3e-006
38649 3e-006
38650 3e-006
38651 3e-006
38652 3e-006
38653 3e-006
38654 3e-006
38655 3e-006
38656 3.35262e-006
38657 3e-006
38658 3e-006
38659 3.6375e-006
38660 3e-006
38661 3e-006
38662 3.31875e-006
38663 3e-006
38664 3.31875e-006
38665 3e-006
38666 3e-006
38667 3e-006
38668 3e-006
38669 3e-006
38670 3.31875e-006
38671 3.31875e-006
38672 3e-006
38673 3e-006
38674 3e-006
38675 3e-006
38676 3e-006
38677 3e-006
38678 3e-006
38679 3e-006
38680 3e-006
38681 3e-006
38682 3e-006
38683 3e-006
38684 3e-006
38685 3e-006
38686 3e-006
38687 3e-006
38688 3e-006
38689 3e-006
38690 3e-006
38691 3.38648e-006
38692 3e-006
38693 3.95625e-006
38694 3e-006
38695 3e-006
38696 3.31875e-006
38697 3e-006
38698 3e-006
38699 3e-006
38700 3e-006
38701 3e-006
38702 3e-006
38703 3e-006
38704 3e-006
38705 3.31875e-006
38706 3.31875e-006
38707 3e-006
38708 3e-006
38709 3e-006
38710 3e-006
38711 3e-006
38712 3e-006
38713 3.31875e-006
38714 3e-006
38715 3e-006
38716 3e-006
38717 3e-006
38718 3e-006
38719 3.31875e-006
38720 3e-006
38721 3e-006
38722 3.35262e-006
38723 3e-006
38724 3e-006
38725 3e-006
38726 3e-006
38727 3e-006
38728 3e-006
38729 3e-006
38730 3e-006
38731 3.31875e-006
38732 3e-006
38733 3e-006
38734 3.6375e-006
38735 3e-006
38736 3e-006
38737 3.31875e-006
38738 3.31875e-006
38739 3e-006
38740 3e-006
38741 3e-006
38742 3.6375e-006
38743 3.31875e-006
38744 3e-006
38745 3.35262e-006
38746 3e-006
38747 3.31875e-006
38748 3e-006
38749 3e-006
38750 3e-006
38751 3e-006
38752 3.31875e-006
38753 3e-006
38754 3.31875e-006
38755 3e-006
38756 3.31875e-006
38757 3e-006
38758 3e-006
38759 3e-006
38760 3e-006
38761 3.31875e-006
38762 3e-006
38763 3e-006
38764 3.31875e-006
38765 3e-006
38766 3e-006
38767 3e-006
38768 3e-006
38769 3.31875e-006
38770 3e-006
38771 3.6375e-006
38772 3e-006
38773 3e-006
38774 3.31875e-006
38775 3e-006
38776 3e-006
38777 3e-006
38778 3e-006
38779 3e-006
38780 3e-006
38781 3.95625e-006
38782 3e-006
38783 3e-006
38784 3e-006
38785 3.31875e-006
38786 3.6375e-006
38787 3e-006
38788 3e-006
38789 3e-006
38790 3.31875e-006
38791 3e-006
38792 3e-006
38793 3.31875e-006
38794 3e-006
38795 3e-006
38796 3.6375e-006
38797 3e-006
38798 3.6375e-006
38799 3e-006
38800 3e-006
38801 3.31875e-006
38802 3e-006
38803 3e-006
38804 3e-006
38805 3.95625e-006
38806 3e-006
38807 3e-006
38808 3.35262e-006
38809 3e-006
38810 3e-006
38811 3e-006
38812 3.31875e-006
38813 3.6375e-006
38814 3.31875e-006
38815 3e-006
38816 3e-006
38817 3e-006
38818 3e-006
38819 4.59375e-006
38820 3e-006
38821 3e-006
38822 3e-006
38823 3e-006
38824 3e-006
38825 3e-006
38826 3e-006
38827 3e-006
38828 3e-006
38829 3e-006
38830 3e-006
38831 3e-006
38832 3e-006
38833 3e-006
38834 3.6375e-006
38835 3e-006
38836 3e-006
38837 3e-006
38838 3e-006
38839 3.6375e-006
38840 3e-006
38841 3e-006
38842 3e-006
38843 3e-006
38844 3e-006
38845 3e-006
38846 3e-006
38847 3e-006
38848 3.31875e-006
38849 3e-006
38850 3.31875e-006
38851 3e-006
38852 3e-006
38853 3e-006
38854 3e-006
38855 3e-006
38856 3.31875e-006
38857 3e-006
38858 3e-006
38859 3e-006
38860 3e-006
38861 3e-006
38862 3e-006
38863 3e-006
38864 3e-006
38865 3e-006
38866 3e-006
38867 3e-006
38868 3e-006
38869 3e-006
38870 3e-006
38871 3e-006
38872 3e-006
38873 3e-006
38874 3e-006
38875 3e-006
38876 3e-006
38877 3e-006
38878 3e-006
38879 3e-006
38880 3e-006
38881 3e-006
38882 3e-006
38883 3.31875e-006
38884 3e-006
38885 3e-006
38886 3e-006
38887 3e-006
38888 3.6375e-006
38889 3.67137e-006
38890 3.31875e-006
38891 3e-006
38892 3.31875e-006
38893 3e-006
38894 3.31875e-006
38895 3.31875e-006
38896 3.6375e-006
38897 3e-006
38898 3.31875e-006
38899 3.99012e-006
38900 3e-006
38901 3e-006
38902 3e-006
38903 3e-006
38904 3e-006
38905 3e-006
38906 3.6375e-006
38907 3e-006
38908 3e-006
38909 3e-006
38910 3.31875e-006
38911 3.31875e-006
38912 3e-006
38913 3.31875e-006
38914 3.6375e-006
38915 3e-006
38916 3e-006
38917 3.35262e-006
38918 3.31875e-006
38919 3.67137e-006
38920 3.31875e-006
38921 3e-006
38922 3e-006
38923 3e-006
38924 3.31875e-006
38925 3e-006
38926 3e-006
38927 3e-006
38928 3.35262e-006
38929 3.31875e-006
38930 3e-006
38931 3.31875e-006
38932 3e-006
38933 3e-006
38934 3e-006
38935 3e-006
38936 3e-006
38937 3e-006
38938 3.35262e-006
38939 3e-006
38940 3e-006
38941 3e-006
38942 3e-006
38943 3e-006
38944 3.31875e-006
38945 3e-006
38946 3e-006
38947 3e-006
38948 3e-006
38949 3e-006
38950 3e-006
38951 3e-006
38952 3e-006
38953 3.6375e-006
38954 3e-006
38955 3e-006
38956 3e-006
38957 3e-006
38958 3e-006
38959 3e-006
38960 3.31875e-006
38961 3e-006
38962 3.95625e-006
38963 3.31875e-006
38964 3e-006
38965 3e-006
38966 3e-006
38967 3e-006
38968 3e-006
38969 3e-006
38970 3.31875e-006
38971 3.31875e-006
38972 3.31875e-006
38973 3e-006
38974 3.31875e-006
38975 3e-006
38976 3.6375e-006
38977 3e-006
38978 3e-006
38979 3e-006
38980 3.31875e-006
38981 3e-006
38982 3e-006
38983 3e-006
38984 3.31875e-006
38985 3e-006
38986 3e-006
38987 3e-006
38988 3e-006
38989 3e-006
38990 3e-006
38991 3e-006
38992 3e-006
38993 3e-006
38994 3e-006
38995 3e-006
38996 3e-006
38997 3e-006
38998 3e-006
38999 3e-006
39000 3e-006
39001 3.31875e-006
39002 3.38648e-006
39003 3e-006
39004 3e-006
39005 3e-006
39006 3e-006
39007 3e-006
39008 3e-006
39009 3e-006
39010 3.31875e-006
39011 3e-006
39012 3e-006
39013 3.6375e-006
39014 3e-006
39015 3e-006
39016 3e-006
39017 3e-006
39018 3e-006
39019 3.31875e-006
39020 3e-006
39021 3e-006
39022 3e-006
39023 3e-006
39024 3.31875e-006
39025 3e-006
39026 3e-006
39027 3e-006
39028 3e-006
39029 3e-006
39030 3e-006
39031 3e-006
39032 3e-006
39033 3e-006
39034 3e-006
39035 3e-006
39036 3e-006
39037 3e-006
39038 3e-006
39039 3e-006
39040 3e-006
39041 3e-006
39042 3e-006
39043 3e-006
39044 3.31875e-006
39045 3.31875e-006
39046 3.31875e-006
39047 3e-006
39048 3e-006
39049 3e-006
39050 3e-006
39051 3e-006
39052 3.35262e-006
39053 3.31875e-006
39054 3.31875e-006
39055 3.31875e-006
39056 3.31875e-006
39057 3e-006
39058 3.31875e-006
39059 3e-006
39060 3e-006
39061 3.31875e-006
39062 3e-006
39063 3.95625e-006
39064 3e-006
39065 3e-006
39066 3e-006
39067 3e-006
39068 3e-006
39069 3e-006
39070 3e-006
39071 3e-006
39072 3e-006
39073 3e-006
39074 3e-006
39075 3e-006
39076 3e-006
39077 3.31875e-006
39078 3e-006
39079 3e-006
39080 3.67137e-006
39081 3e-006
39082 3e-006
39083 3.95625e-006
39084 3e-006
39085 3e-006
39086 3.31875e-006
39087 3.31875e-006
39088 3.6375e-006
39089 3e-006
39090 3e-006
39091 3e-006
39092 3.31875e-006
39093 3e-006
39094 3.31875e-006
39095 3e-006
39096 3e-006
39097 3.31875e-006
39098 3.31875e-006
39099 3e-006
39100 3e-006
39101 3e-006
39102 3e-006
39103 3e-006
39104 3e-006
39105 3e-006
39106 3e-006
39107 3.31875e-006
39108 3e-006
39109 3e-006
39110 3e-006
39111 3e-006
39112 3e-006
39113 3e-006
39114 3.31875e-006
39115 3e-006
39116 3e-006
39117 3e-006
39118 3e-006
39119 3e-006
39120 3.31875e-006
39121 3e-006
39122 3e-006
39123 3e-006
39124 3e-006
39125 3e-006
39126 3.31875e-006
39127 3e-006
39128 3e-006
39129 3e-006
39130 3e-006
39131 3.31875e-006
39132 3.31875e-006
39133 3e-006
39134 3.31875e-006
39135 3e-006
39136 3e-006
39137 3e-006
39138 3e-006
39139 3e-006
39140 3e-006
39141 3e-006
39142 3e-006
39143 3e-006
39144 3e-006
39145 3e-006
39146 3e-006
39147 3e-006
39148 3e-006
39149 3e-006
39150 3e-006
39151 3.31875e-006
39152 3e-006
39153 3.31875e-006
39154 3e-006
39155 3e-006
39156 3e-006
39157 3e-006
39158 3.31875e-006
39159 3e-006
39160 3e-006
39161 3.31875e-006
39162 3e-006
39163 3e-006
39164 3e-006
39165 3e-006
39166 3e-006
39167 3e-006
39168 3.35262e-006
39169 3e-006
39170 3e-006
39171 3.31875e-006
39172 3e-006
39173 3e-006
39174 3e-006
39175 3e-006
39176 3e-006
39177 3e-006
39178 3e-006
39179 3e-006
39180 3e-006
39181 3e-006
39182 3e-006
39183 3e-006
39184 3e-006
39185 3e-006
39186 3e-006
39187 3e-006
39188 3e-006
39189 3.31875e-006
39190 3e-006
39191 3e-006
39192 3e-006
39193 3.6375e-006
39194 3e-006
39195 3e-006
39196 3e-006
39197 3e-006
39198 3e-006
39199 3e-006
39200 3e-006
39201 3.31875e-006
39202 3.6375e-006
39203 3e-006
39204 3e-006
39205 3e-006
39206 3e-006
39207 3e-006
39208 3e-006
39209 3e-006
39210 3e-006
39211 3e-006
39212 3e-006
39213 3e-006
39214 3e-006
39215 3.31875e-006
39216 3e-006
39217 3e-006
39218 3e-006
39219 3.31875e-006
39220 3e-006
39221 3e-006
39222 3.6375e-006
39223 3e-006
39224 3e-006
39225 3e-006
39226 3.31875e-006
39227 3e-006
39228 3.6375e-006
39229 3.35262e-006
39230 3.31875e-006
39231 3e-006
39232 3e-006
39233 3e-006
39234 3.31875e-006
39235 3e-006
39236 3e-006
39237 3e-006
39238 3e-006
39239 3.31875e-006
39240 3e-006
39241 3e-006
39242 3e-006
39243 4.275e-006
39244 3e-006
39245 3e-006
39246 3e-006
39247 3e-006
39248 3e-006
39249 3e-006
39250 3e-006
39251 3e-006
39252 3e-006
39253 3e-006
39254 3e-006
39255 3e-006
39256 3e-006
39257 3.31875e-006
39258 3.35262e-006
39259 3e-006
39260 3e-006
39261 3e-006
39262 3e-006
39263 3.35262e-006
39264 3e-006
39265 3e-006
39266 3e-006
39267 3e-006
39268 3e-006
39269 3e-006
39270 3e-006
39271 3e-006
39272 3e-006
39273 3e-006
39274 3e-006
39275 3e-006
39276 3.95625e-006
39277 3e-006
39278 3.31875e-006
39279 4.30887e-006
39280 3e-006
39281 3.6375e-006
39282 3.6375e-006
39283 3e-006
39284 3e-006
39285 3e-006
39286 3e-006
39287 3e-006
39288 3e-006
39289 3e-006
39290 3e-006
39291 3e-006
39292 3e-006
39293 3e-006
39294 3.35262e-006
39295 3e-006
39296 3e-006
39297 3.31875e-006
39298 3e-006
39299 3.6375e-006
39300 3e-006
39301 3e-006
39302 3e-006
39303 3e-006
39304 3e-006
39305 3e-006
39306 3e-006
39307 3e-006
39308 3e-006
39309 3e-006
39310 3e-006
39311 3e-006
39312 3e-006
39313 3e-006
39314 3e-006
39315 3e-006
39316 3e-006
39317 3e-006
39318 3e-006
39319 3e-006
39320 3.31875e-006
39321 3e-006
39322 3e-006
39323 3.6375e-006
39324 3.31875e-006
39325 3.31875e-006
39326 3.31875e-006
39327 3e-006
39328 3e-006
39329 3e-006
39330 3.95625e-006
39331 3e-006
39332 3e-006
39333 3e-006
39334 3e-006
39335 3e-006
39336 3e-006
39337 3e-006
39338 3e-006
39339 3.31875e-006
39340 3.31875e-006
39341 4.275e-006
39342 3.31875e-006
39343 3e-006
39344 3e-006
39345 3e-006
39346 3e-006
39347 3e-006
39348 3e-006
39349 3e-006
39350 3.31875e-006
39351 3e-006
39352 3e-006
39353 3e-006
39354 3e-006
39355 3.6375e-006
39356 3e-006
39357 3e-006
39358 3e-006
39359 3.31875e-006
39360 3.31875e-006
39361 3.31875e-006
39362 3e-006
39363 3e-006
39364 3e-006
39365 3e-006
39366 3e-006
39367 3.31875e-006
39368 3e-006
39369 3e-006
39370 3e-006
39371 3e-006
39372 3e-006
39373 3e-006
39374 3.31875e-006
39375 3.6375e-006
39376 3e-006
39377 3e-006
39378 3e-006
39379 3e-006
39380 3e-006
39381 3e-006
39382 3e-006
39383 3e-006
39384 3.6375e-006
39385 3e-006
39386 3e-006
39387 3.31875e-006
39388 3e-006
39389 3e-006
39390 3e-006
39391 3e-006
39392 3e-006
39393 3e-006
39394 3e-006
39395 3e-006
39396 3e-006
39397 3e-006
39398 3e-006
39399 3e-006
39400 3e-006
39401 3e-006
39402 3.31875e-006
39403 3e-006
39404 3e-006
39405 3e-006
39406 3e-006
39407 3e-006
39408 3e-006
39409 3e-006
39410 3e-006
39411 3e-006
39412 3e-006
39413 3e-006
39414 3e-006
39415 3e-006
39416 3e-006
39417 3e-006
39418 3e-006
39419 3.31875e-006
39420 3e-006
39421 3e-006
39422 3e-006
39423 3e-006
39424 3e-006
39425 3e-006
39426 3e-006
39427 3e-006
39428 3e-006
39429 3.31875e-006
39430 3e-006
39431 3e-006
39432 3e-006
39433 3.42035e-006
39434 3e-006
39435 3.31875e-006
39436 3e-006
39437 3.31875e-006
39438 3e-006
39439 3e-006
39440 3e-006
39441 3e-006
39442 3e-006
39443 3.31875e-006
39444 3.31875e-006
39445 3e-006
39446 3e-006
39447 3e-006
39448 3.6375e-006
39449 3e-006
39450 3e-006
39451 3e-006
39452 3e-006
39453 3e-006
39454 3e-006
39455 3.31875e-006
39456 3e-006
39457 3.6375e-006
39458 3e-006
39459 3.6375e-006
39460 3.31875e-006
39461 3e-006
39462 3e-006
39463 3e-006
39464 3e-006
39465 3e-006
39466 3e-006
39467 3e-006
39468 3e-006
39469 3e-006
39470 3e-006
39471 3e-006
39472 3.6375e-006
39473 3e-006
39474 3e-006
39475 3e-006
39476 3e-006
39477 3e-006
39478 3e-006
39479 3.35262e-006
39480 3.31875e-006
39481 3e-006
39482 3e-006
39483 3e-006
39484 3e-006
39485 3e-006
39486 3e-006
39487 3.31875e-006
39488 3e-006
39489 3e-006
39490 3e-006
39491 3e-006
39492 3e-006
39493 3.31875e-006
39494 3.6375e-006
39495 3e-006
39496 3e-006
39497 3e-006
39498 3e-006
39499 3e-006
39500 3e-006
39501 3e-006
39502 3e-006
39503 3e-006
39504 3.31875e-006
39505 3.31875e-006
39506 3.31875e-006
39507 3e-006
39508 3.31875e-006
39509 3e-006
39510 3.31875e-006
39511 3e-006
39512 3e-006
39513 3e-006
39514 3e-006
39515 3e-006
39516 3e-006
39517 3.31875e-006
39518 3.6375e-006
39519 3e-006
39520 3e-006
39521 3e-006
39522 3e-006
39523 3e-006
39524 3e-006
39525 3e-006
39526 3e-006
39527 3e-006
39528 3e-006
39529 3e-006
39530 3e-006
39531 3e-006
39532 3e-006
39533 3e-006
39534 3e-006
39535 3e-006
39536 3e-006
39537 3e-006
39538 3.35262e-006
39539 3e-006
39540 3e-006
39541 3e-006
39542 3e-006
39543 3e-006
39544 3.31875e-006
39545 3e-006
39546 3e-006
39547 3e-006
39548 3e-006
39549 3.31875e-006
39550 3e-006
39551 3e-006
39552 3e-006
39553 3e-006
39554 3e-006
39555 3e-006
39556 3e-006
39557 3e-006
39558 3e-006
39559 3e-006
39560 3.6375e-006
39561 3e-006
39562 3e-006
39563 3e-006
39564 3e-006
39565 3e-006
39566 3.35262e-006
39567 3e-006
39568 3e-006
39569 3e-006
39570 3e-006
39571 3e-006
39572 3e-006
39573 3e-006
39574 3.31875e-006
39575 3e-006
39576 3e-006
39577 3e-006
39578 3e-006
39579 3e-006
39580 3e-006
39581 3e-006
39582 3e-006
39583 3e-006
39584 3e-006
39585 3e-006
39586 3e-006
39587 3e-006
39588 3e-006
39589 3e-006
39590 3e-006
39591 3e-006
39592 3.31875e-006
39593 3e-006
39594 3e-006
39595 3e-006
39596 3e-006
39597 3e-006
39598 3e-006
39599 3.31875e-006
39600 3e-006
39601 3e-006
39602 3e-006
39603 3e-006
39604 3e-006
39605 3e-006
39606 3e-006
39607 4.59375e-006
39608 3e-006
39609 3e-006
39610 3e-006
39611 3e-006
39612 3.31875e-006
39613 3.31875e-006
39614 3e-006
39615 3e-006
39616 3e-006
39617 3e-006
39618 3.35981e-006
39619 3.31875e-006
39620 3e-006
39621 3e-006
39622 3e-006
39623 3e-006
39624 3e-006
39625 3e-006
39626 3e-006
39627 3e-006
39628 3e-006
39629 3e-006
39630 3e-006
39631 3e-006
39632 3e-006
39633 3e-006
39634 3.6375e-006
39635 3e-006
39636 3e-006
39637 3e-006
39638 3.31875e-006
39639 3e-006
39640 3e-006
39641 3e-006
39642 3e-006
39643 3e-006
39644 3e-006
39645 3e-006
39646 3e-006
39647 3e-006
39648 3e-006
39649 3e-006
39650 3e-006
39651 3e-006
39652 3.31875e-006
39653 3.31875e-006
39654 3e-006
39655 3.31875e-006
39656 3e-006
39657 3e-006
39658 3.35262e-006
39659 3.67137e-006
39660 3e-006
39661 3e-006
39662 3.6375e-006
39663 3e-006
39664 3e-006
39665 3e-006
39666 3.31875e-006
39667 3e-006
39668 3e-006
39669 3.6375e-006
39670 3e-006
39671 3e-006
39672 3e-006
39673 3e-006
39674 3e-006
39675 3e-006
39676 3.31875e-006
39677 3e-006
39678 3e-006
39679 3e-006
39680 3.6375e-006
39681 3e-006
39682 3e-006
39683 3e-006
39684 3e-006
39685 3e-006
39686 3.31875e-006
39687 3.95625e-006
39688 3.31875e-006
39689 3e-006
39690 3e-006
39691 3e-006
39692 3.31875e-006
39693 3e-006
39694 3e-006
39695 3e-006
39696 3e-006
39697 3.6375e-006
39698 3e-006
39699 3e-006
39700 3e-006
39701 3e-006
39702 3.31875e-006
39703 3e-006
39704 3e-006
39705 3e-006
39706 3e-006
39707 3.31875e-006
39708 3.31875e-006
39709 3e-006
39710 3e-006
39711 3.31875e-006
39712 3e-006
39713 3e-006
39714 3e-006
39715 3e-006
39716 3e-006
39717 3e-006
39718 3e-006
39719 3e-006
39720 3e-006
39721 3.31875e-006
39722 3e-006
39723 3e-006
39724 3e-006
39725 3e-006
39726 3e-006
39727 3e-006
39728 3e-006
39729 3e-006
39730 3e-006
39731 3e-006
39732 3e-006
39733 3e-006
39734 3.31875e-006
39735 3e-006
39736 3e-006
39737 3e-006
39738 3e-006
39739 3e-006
39740 3e-006
39741 3e-006
39742 3e-006
39743 3.31875e-006
39744 3e-006
39745 3e-006
39746 3e-006
39747 3e-006
39748 3e-006
39749 3e-006
39750 3e-006
39751 3e-006
39752 3.6375e-006
39753 3e-006
39754 3e-006
39755 3e-006
39756 3e-006
39757 3e-006
39758 3e-006
39759 3e-006
39760 3e-006
39761 3e-006
39762 3e-006
39763 3e-006
39764 3.31875e-006
39765 3e-006
39766 3e-006
39767 3.31875e-006
39768 3.35621e-006
39769 3e-006
39770 3e-006
39771 3e-006
39772 3e-006
39773 3e-006
39774 3e-006
39775 3e-006
39776 3e-006
39777 3e-006
39778 3e-006
39779 3e-006
39780 3e-006
39781 3e-006
39782 3e-006
39783 3e-006
39784 3.31875e-006
39785 3e-006
39786 3e-006
39787 3.31875e-006
39788 3e-006
39789 3e-006
39790 3e-006
39791 3e-006
39792 3e-006
39793 3e-006
39794 3e-006
39795 3e-006
39796 3e-006
39797 3e-006
39798 3e-006
39799 3e-006
39800 3e-006
39801 3e-006
39802 3.31875e-006
39803 3e-006
39804 3e-006
39805 3e-006
39806 3e-006
39807 3e-006
39808 3e-006
39809 3e-006
39810 3.31875e-006
39811 3e-006
39812 3e-006
39813 3e-006
39814 3e-006
39815 3e-006
39816 3e-006
39817 3e-006
39818 3e-006
39819 3.31875e-006
39820 3e-006
39821 3e-006
39822 3e-006
39823 3e-006
39824 3e-006
39825 3e-006
39826 3e-006
39827 3e-006
39828 3e-006
39829 3.31875e-006
39830 3.31875e-006
39831 3e-006
39832 3e-006
39833 3e-006
39834 3e-006
39835 3e-006
39836 3e-006
39837 3e-006
39838 3e-006
39839 3e-006
39840 3.31875e-006
39841 3e-006
39842 3e-006
39843 3e-006
39844 3e-006
39845 3e-006
39846 3e-006
39847 3e-006
39848 3e-006
39849 3e-006
39850 3e-006
39851 3e-006
39852 3e-006
39853 3e-006
39854 3e-006
39855 3e-006
39856 3e-006
39857 3.31875e-006
39858 3.31875e-006
39859 3.31875e-006
39860 3e-006
39861 3e-006
39862 3e-006
39863 3e-006
39864 3e-006
39865 3e-006
39866 3e-006
39867 3e-006
39868 3.31875e-006
39869 3.31875e-006
39870 3e-006
39871 3e-006
39872 3.31875e-006
39873 3e-006
39874 3e-006
39875 3e-006
39876 3e-006
39877 3e-006
39878 3e-006
39879 3e-006
39880 3.31875e-006
39881 3e-006
39882 3e-006
39883 3e-006
39884 3e-006
39885 3.31875e-006
39886 3e-006
39887 3e-006
39888 3e-006
39889 3e-006
39890 3.31875e-006
39891 3.35262e-006
39892 3e-006
39893 3e-006
39894 3e-006
39895 3e-006
39896 3e-006
39897 3e-006
39898 3e-006
39899 3.31875e-006
39900 3e-006
39901 3e-006
39902 3e-006
39903 3e-006
39904 3e-006
39905 3.31875e-006
39906 3e-006
39907 3e-006
39908 3e-006
39909 3e-006
39910 3e-006
39911 3e-006
39912 3e-006
39913 3e-006
39914 3e-006
39915 3e-006
39916 3e-006
39917 3e-006
39918 3.31875e-006
39919 3e-006
39920 3e-006
39921 3.35262e-006
39922 3.35262e-006
39923 3e-006
39924 3e-006
39925 3e-006
39926 3.31875e-006
39927 3e-006
39928 3e-006
39929 3e-006
39930 3.31875e-006
39931 3e-006
39932 3e-006
39933 3e-006
39934 3.31875e-006
39935 3e-006
39936 3e-006
39937 3e-006
39938 3.6375e-006
39939 3.31875e-006
39940 3.6375e-006
39941 3e-006
39942 3e-006
39943 3e-006
39944 3e-006
39945 3.35621e-006
39946 3e-006
39947 3.31875e-006
39948 3e-006
39949 3e-006
39950 3.95625e-006
39951 3.31875e-006
39952 3e-006
39953 3e-006
39954 3e-006
39955 3.31875e-006
39956 3.31875e-006
39957 3e-006
39958 3e-006
39959 3e-006
39960 3e-006
39961 3e-006
39962 3e-006
39963 3e-006
39964 3.95625e-006
39965 3e-006
39966 3e-006
39967 3e-006
39968 3e-006
39969 3e-006
39970 3.6375e-006
39971 3e-006
39972 3e-006
39973 3e-006
39974 3e-006
39975 3e-006
39976 3e-006
39977 3e-006
39978 3e-006
39979 3e-006
39980 3e-006
39981 3e-006
39982 3e-006
39983 3e-006
39984 3e-006
39985 3e-006
39986 3e-006
39987 3e-006
39988 3e-006
39989 3e-006
39990 3e-006
39991 3.31875e-006
39992 3e-006
39993 3.95625e-006
39994 3e-006
39995 3e-006
39996 3e-006
39997 3e-006
39998 3e-006
39999 3e-006
40000 3e-006
40001 3e-006
40002 3e-006
40003 3e-006
40004 3e-006
40005 3e-006
40006 3e-006
40007 3e-006
40008 3e-006
40009 3.31875e-006
40010 3e-006
40011 3e-006
40012 3e-006
40013 3e-006
40014 3e-006
40015 3.31875e-006
40016 3e-006
40017 3e-006
40018 3e-006
40019 3e-006
40020 3.31875e-006
40021 3e-006
40022 3.31875e-006
40023 3e-006
40024 3e-006
40025 3e-006
40026 3e-006
40027 3e-006
40028 3.31875e-006
40029 3e-006
40030 3e-006
40031 3e-006
40032 3e-006
40033 3e-006
40034 3e-006
40035 3.6375e-006
40036 3.31875e-006
40037 3e-006
40038 3e-006
40039 3.31875e-006
40040 3e-006
40041 3e-006
40042 3e-006
40043 3e-006
40044 3e-006
40045 3e-006
40046 3e-006
40047 3e-006
40048 3e-006
40049 3.31875e-006
40050 3e-006
40051 3.31875e-006
40052 3.35262e-006
40053 3e-006
40054 3e-006
40055 3e-006
40056 3e-006
40057 3.31875e-006
40058 3e-006
40059 3e-006
40060 3e-006
40061 3e-006
40062 3e-006
40063 3e-006
40064 3e-006
40065 3e-006
40066 3e-006
40067 3.31875e-006
40068 3e-006
40069 3.31875e-006
40070 3e-006
40071 3e-006
40072 3e-006
40073 3e-006
40074 3e-006
40075 3e-006
40076 3e-006
40077 3.31875e-006
40078 3e-006
40079 3e-006
40080 3e-006
40081 3e-006
40082 3.31875e-006
40083 3.31875e-006
40084 3.31875e-006
40085 3e-006
40086 3e-006
40087 3e-006
40088 3e-006
40089 3e-006
40090 3e-006
40091 3e-006
40092 3e-006
40093 3e-006
40094 3e-006
40095 3e-006
40096 3.31875e-006
40097 3e-006
40098 3e-006
40099 3e-006
40100 3.31875e-006
40101 3e-006
40102 3e-006
40103 3.31875e-006
40104 3e-006
40105 3e-006
40106 3e-006
40107 3.31875e-006
40108 3e-006
40109 3e-006
40110 3e-006
40111 3e-006
40112 3.38648e-006
40113 3e-006
40114 3.31875e-006
40115 3e-006
40116 3e-006
40117 3e-006
40118 3e-006
40119 3e-006
40120 3e-006
40121 3e-006
40122 3.6375e-006
40123 3e-006
40124 3e-006
40125 3e-006
40126 3.31875e-006
40127 3e-006
40128 3e-006
40129 3e-006
40130 3e-006
40131 3e-006
40132 3e-006
40133 3e-006
40134 3e-006
40135 3.31875e-006
40136 3.31875e-006
40137 3e-006
40138 3e-006
40139 3e-006
40140 3.6375e-006
40141 3e-006
40142 3e-006
40143 3e-006
40144 3e-006
40145 3e-006
40146 3e-006
40147 3e-006
40148 3e-006
40149 3e-006
40150 3e-006
40151 3e-006
40152 3e-006
40153 3e-006
40154 3e-006
40155 3e-006
40156 3e-006
40157 3e-006
40158 3e-006
40159 3e-006
40160 3.31875e-006
40161 3.31875e-006
40162 3e-006
40163 3e-006
40164 3e-006
40165 3e-006
40166 3e-006
40167 3e-006
40168 3.6375e-006
40169 3e-006
40170 3.31875e-006
40171 3e-006
40172 3e-006
40173 3e-006
40174 3e-006
40175 3e-006
40176 3.31875e-006
40177 3e-006
40178 3e-006
40179 3e-006
40180 3e-006
40181 3e-006
40182 3e-006
40183 3e-006
40184 3e-006
40185 3e-006
40186 3.31875e-006
40187 3e-006
40188 3e-006
40189 3e-006
40190 3.31875e-006
40191 3e-006
40192 3e-006
40193 3e-006
40194 3e-006
40195 3e-006
40196 3e-006
40197 3.6375e-006
40198 3e-006
40199 3e-006
40200 3e-006
40201 3e-006
40202 3e-006
40203 3.31875e-006
40204 3e-006
40205 3.6375e-006
40206 3e-006
40207 3e-006
40208 3e-006
40209 3e-006
40210 3e-006
40211 3.31875e-006
40212 3e-006
40213 3e-006
40214 3e-006
40215 3e-006
40216 3e-006
40217 3e-006
40218 3.6375e-006
40219 3e-006
40220 3e-006
40221 3e-006
40222 3e-006
40223 3.31875e-006
40224 3.31875e-006
40225 3.6375e-006
40226 3e-006
40227 3e-006
40228 3e-006
40229 3e-006
40230 3e-006
40231 3e-006
40232 3e-006
40233 3e-006
40234 3e-006
40235 3.31875e-006
40236 3e-006
40237 3e-006
40238 3e-006
40239 3e-006
40240 3e-006
40241 3e-006
40242 3e-006
40243 3e-006
40244 3e-006
40245 3e-006
40246 3.35262e-006
40247 3.31875e-006
40248 3e-006
40249 3e-006
40250 3e-006
40251 3e-006
40252 3.31875e-006
40253 3e-006
40254 3.31875e-006
40255 3e-006
40256 3e-006
40257 3e-006
40258 3e-006
40259 3e-006
40260 3e-006
40261 3e-006
40262 3e-006
40263 3e-006
40264 3.31875e-006
40265 3e-006
40266 3e-006
40267 3e-006
40268 3e-006
40269 3e-006
40270 3.31875e-006
40271 3.31875e-006
40272 3e-006
40273 3e-006
40274 3e-006
40275 3.31875e-006
40276 3e-006
40277 3e-006
40278 3e-006
40279 3.31875e-006
40280 3e-006
40281 3.31875e-006
40282 3.31875e-006
40283 3e-006
40284 3e-006
40285 3e-006
40286 3e-006
40287 3.31875e-006
40288 3e-006
40289 3.31875e-006
40290 3e-006
40291 3e-006
40292 3.31875e-006
40293 3e-006
40294 3e-006
40295 3.31875e-006
40296 3e-006
40297 3e-006
40298 3e-006
40299 3.67137e-006
40300 3e-006
40301 3e-006
40302 3.31875e-006
40303 3e-006
40304 3e-006
40305 3.31875e-006
40306 3.31875e-006
40307 3e-006
40308 3e-006
40309 3e-006
40310 3e-006
40311 3e-006
40312 3e-006
40313 3.95625e-006
40314 3e-006
40315 3.31875e-006
40316 3e-006
40317 3e-006
40318 3.31875e-006
40319 3e-006
40320 3e-006
40321 3e-006
40322 3e-006
40323 3e-006
40324 3.31875e-006
40325 3e-006
40326 3.31875e-006
40327 3.31875e-006
40328 3e-006
40329 3e-006
40330 3e-006
40331 3e-006
40332 3.31875e-006
40333 3e-006
40334 3e-006
40335 3e-006
40336 3e-006
40337 3e-006
40338 3e-006
40339 3e-006
40340 3e-006
40341 3e-006
40342 3e-006
40343 3.31875e-006
40344 3e-006
40345 3e-006
40346 3e-006
40347 3.35262e-006
40348 3e-006
40349 3e-006
40350 3e-006
40351 3e-006
40352 3e-006
40353 3e-006
40354 3.31875e-006
40355 3e-006
40356 3e-006
40357 3e-006
40358 3e-006
40359 3e-006
40360 3e-006
40361 3e-006
40362 3e-006
40363 3e-006
40364 3.31875e-006
40365 3e-006
40366 3e-006
40367 3e-006
40368 3e-006
40369 3.6375e-006
40370 3e-006
40371 3.31875e-006
40372 3.31875e-006
40373 3e-006
40374 3e-006
40375 3e-006
40376 3e-006
40377 3e-006
40378 3e-006
40379 3e-006
40380 3e-006
40381 3e-006
40382 3e-006
40383 3.31875e-006
40384 3e-006
40385 3e-006
40386 3.6375e-006
40387 3e-006
40388 3e-006
40389 3e-006
40390 3e-006
40391 3e-006
40392 3e-006
40393 3e-006
40394 3e-006
40395 3e-006
40396 3e-006
40397 3e-006
40398 3e-006
40399 3.6375e-006
40400 3e-006
40401 3.6375e-006
40402 3e-006
40403 3e-006
40404 3e-006
40405 3e-006
40406 3e-006
40407 3e-006
40408 3e-006
40409 3e-006
40410 3e-006
40411 3e-006
40412 3e-006
40413 3e-006
40414 3.31875e-006
40415 3e-006
40416 3e-006
40417 3e-006
40418 3.31875e-006
40419 3e-006
40420 3e-006
40421 3e-006
40422 3e-006
40423 3e-006
40424 3.31875e-006
40425 3e-006
40426 3.31875e-006
40427 3e-006
40428 3e-006
40429 3e-006
40430 3.31875e-006
40431 3e-006
40432 3e-006
40433 3e-006
40434 3e-006
40435 3e-006
40436 3e-006
40437 3e-006
40438 3e-006
40439 3e-006
40440 3e-006
40441 3e-006
40442 3e-006
40443 3e-006
40444 3e-006
40445 3e-006
40446 3e-006
40447 3.31875e-006
40448 3e-006
40449 3e-006
40450 3e-006
40451 3e-006
40452 3e-006
40453 3e-006
40454 3e-006
40455 3e-006
40456 3e-006
40457 3.31875e-006
40458 3e-006
40459 3.6375e-006
40460 3e-006
40461 3e-006
40462 3e-006
40463 3e-006
40464 3e-006
40465 3e-006
40466 3e-006
40467 3e-006
40468 3.31875e-006
40469 3e-006
40470 3e-006
40471 3e-006
40472 3e-006
40473 3.35262e-006
40474 3e-006
40475 3e-006
40476 3e-006
40477 3e-006
40478 3e-006
40479 3e-006
40480 3.38648e-006
40481 3e-006
40482 3e-006
40483 3e-006
40484 3e-006
40485 3e-006
40486 3.67137e-006
40487 3.31875e-006
40488 3e-006
40489 3e-006
40490 3e-006
40491 3e-006
40492 3e-006
40493 3e-006
40494 3e-006
40495 3e-006
40496 3e-006
40497 3.31875e-006
40498 3e-006
40499 3e-006
40500 3e-006
40501 3.31875e-006
40502 3e-006
40503 3e-006
40504 3e-006
40505 3e-006
40506 3e-006
40507 3e-006
40508 3e-006
40509 3e-006
40510 3.31875e-006
40511 3.35262e-006
40512 3e-006
40513 3e-006
40514 3.31875e-006
40515 3e-006
40516 3e-006
40517 3e-006
40518 3e-006
40519 3.31875e-006
40520 3e-006
40521 3e-006
40522 3e-006
40523 3.31875e-006
40524 3e-006
40525 3.6375e-006
40526 3.6375e-006
40527 3e-006
40528 3e-006
40529 3e-006
40530 3e-006
40531 3e-006
40532 3e-006
40533 3e-006
40534 3e-006
40535 3e-006
40536 3e-006
40537 3e-006
40538 3e-006
40539 3e-006
40540 3e-006
40541 3e-006
40542 3e-006
40543 3.31875e-006
40544 3.31875e-006
40545 3e-006
40546 3e-006
40547 3.31875e-006
40548 3e-006
40549 3e-006
40550 3e-006
40551 3.31875e-006
40552 3e-006
40553 3e-006
40554 3e-006
40555 3e-006
40556 3e-006
40557 3e-006
40558 3e-006
40559 3e-006
40560 3e-006
40561 3e-006
40562 3e-006
40563 3.31875e-006
40564 3e-006
40565 3e-006
40566 3e-006
40567 3e-006
40568 3e-006
40569 3e-006
40570 3e-006
40571 3e-006
40572 3e-006
40573 3e-006
40574 3e-006
40575 3e-006
40576 3e-006
40577 3e-006
40578 3e-006
40579 3e-006
40580 3e-006
40581 3.31875e-006
40582 3e-006
40583 3e-006
40584 3e-006
40585 3e-006
40586 3e-006
40587 3e-006
40588 3e-006
40589 3e-006
40590 3e-006
40591 3e-006
40592 3.31875e-006
40593 3e-006
40594 3e-006
40595 3e-006
40596 3e-006
40597 3.31875e-006
40598 3e-006
40599 3e-006
40600 3.31875e-006
40601 3e-006
40602 3e-006
40603 3e-006
40604 3e-006
40605 3e-006
40606 3e-006
40607 3e-006
40608 3e-006
40609 3e-006
40610 3e-006
40611 3e-006
40612 3e-006
40613 3.6375e-006
40614 3e-006
40615 3e-006
40616 3e-006
40617 3e-006
40618 3e-006
40619 3e-006
40620 3e-006
40621 3.31875e-006
40622 3e-006
40623 3e-006
40624 3e-006
40625 3e-006
40626 3e-006
40627 3e-006
40628 3e-006
40629 3e-006
40630 3.31875e-006
40631 3.31875e-006
40632 3e-006
40633 3e-006
40634 3e-006
40635 3e-006
40636 3e-006
40637 3e-006
40638 3e-006
40639 3e-006
40640 3e-006
40641 3e-006
40642 3e-006
40643 3e-006
40644 3e-006
40645 3e-006
40646 3.31875e-006
40647 3e-006
40648 3e-006
40649 3e-006
40650 3e-006
40651 3e-006
40652 3e-006
40653 3e-006
40654 3e-006
40655 3e-006
40656 3e-006
40657 3e-006
40658 3.31875e-006
40659 3e-006
40660 3e-006
40661 3e-006
40662 3.31875e-006
40663 3e-006
40664 3.31875e-006
40665 3e-006
40666 3e-006
40667 3e-006
40668 3.31875e-006
40669 3e-006
40670 3e-006
40671 3.6375e-006
40672 3e-006
40673 3e-006
40674 3e-006
40675 3.31875e-006
40676 3.6375e-006
40677 3.31875e-006
40678 3e-006
40679 3.31875e-006
40680 3e-006
40681 3e-006
40682 3e-006
40683 3e-006
40684 3e-006
40685 3e-006
40686 3e-006
40687 3.31875e-006
40688 3e-006
40689 3e-006
40690 3e-006
40691 3e-006
40692 3e-006
40693 3e-006
40694 3e-006
40695 3e-006
40696 3e-006
40697 3e-006
40698 3.31875e-006
40699 3e-006
40700 3e-006
40701 3e-006
40702 3e-006
40703 3e-006
40704 3e-006
40705 3e-006
40706 3e-006
40707 3e-006
40708 3e-006
40709 3e-006
40710 3e-006
40711 3e-006
40712 3e-006
40713 3.6375e-006
40714 3e-006
40715 3e-006
40716 3e-006
40717 3e-006
40718 3e-006
40719 3e-006
40720 3e-006
40721 3e-006
40722 3e-006
40723 3.31875e-006
40724 3.31875e-006
40725 3.31875e-006
40726 3e-006
40727 3e-006
40728 3e-006
40729 3e-006
40730 3e-006
40731 3.31875e-006
40732 3e-006
40733 3e-006
40734 3.31875e-006
40735 3.31875e-006
40736 3.31875e-006
40737 3e-006
40738 3e-006
40739 3e-006
40740 3e-006
40741 3e-006
40742 3e-006
40743 3e-006
40744 3.31875e-006
40745 3.31875e-006
40746 3e-006
40747 3e-006
40748 3e-006
40749 3e-006
40750 3e-006
40751 3e-006
40752 3e-006
40753 3e-006
40754 3.31875e-006
40755 3e-006
40756 3e-006
40757 3e-006
40758 3e-006
40759 3e-006
40760 3e-006
40761 3e-006
40762 3e-006
40763 3e-006
40764 3e-006
40765 3.31875e-006
40766 3e-006
40767 3e-006
40768 3e-006
40769 3e-006
40770 3e-006
40771 3e-006
40772 3e-006
40773 3e-006
40774 3e-006
40775 3e-006
40776 3e-006
40777 3.31875e-006
40778 3e-006
40779 3e-006
40780 3e-006
40781 3e-006
40782 3e-006
40783 3e-006
40784 3e-006
40785 3e-006
40786 3e-006
40787 3e-006
40788 3.31875e-006
40789 3e-006
40790 3e-006
40791 3e-006
40792 3e-006
40793 3e-006
40794 3e-006
40795 3e-006
40796 3e-006
40797 3e-006
40798 3e-006
40799 3e-006
40800 3e-006
40801 3e-006
40802 3e-006
40803 3e-006
40804 3e-006
40805 3e-006
40806 3e-006
40807 3e-006
40808 3e-006
40809 3e-006
40810 3e-006
40811 3e-006
40812 3e-006
40813 3e-006
40814 3e-006
40815 3e-006
40816 3e-006
40817 3e-006
40818 3e-006
40819 3e-006
40820 3e-006
40821 3e-006
40822 3e-006
40823 3e-006
40824 3e-006
40825 3e-006
40826 3e-006
40827 3.31875e-006
40828 3e-006
40829 3e-006
40830 3e-006
40831 3.31875e-006
40832 3e-006
40833 3e-006
40834 3e-006
40835 3e-006
40836 3.31875e-006
40837 3e-006
40838 3e-006
40839 3e-006
40840 3e-006
40841 3.31875e-006
40842 3e-006
40843 3e-006
40844 3e-006
40845 3e-006
40846 3e-006
40847 3e-006
40848 3e-006
40849 3e-006
40850 3e-006
40851 3e-006
40852 3e-006
40853 3e-006
40854 3e-006
40855 3e-006
40856 3e-006
40857 3e-006
40858 3e-006
40859 3e-006
40860 3e-006
40861 3e-006
40862 3e-006
40863 3e-006
40864 3e-006
40865 3e-006
40866 3e-006
40867 3e-006
40868 3e-006
40869 3e-006
40870 3e-006
40871 3.31875e-006
40872 3e-006
40873 3.31875e-006
40874 3e-006
40875 3e-006
40876 3e-006
40877 3e-006
40878 3.6375e-006
40879 3e-006
40880 3e-006
40881 3.31875e-006
40882 3e-006
40883 3e-006
40884 3e-006
40885 3e-006
40886 3e-006
40887 3e-006
40888 3e-006
40889 3.31875e-006
40890 3.6375e-006
40891 3e-006
40892 3e-006
40893 3e-006
40894 3e-006
40895 3e-006
40896 3e-006
40897 3.31875e-006
40898 3e-006
40899 3e-006
40900 3e-006
40901 3e-006
40902 3e-006
40903 3e-006
40904 3e-006
40905 3e-006
40906 3.31875e-006
40907 3e-006
40908 3e-006
40909 3e-006
40910 3e-006
40911 3e-006
40912 3e-006
40913 3e-006
40914 3e-006
40915 3e-006
40916 3.31875e-006
40917 3.31875e-006
40918 3e-006
40919 3.31875e-006
40920 3e-006
40921 3e-006
40922 3.6375e-006
40923 3e-006
40924 3e-006
40925 3e-006
40926 3e-006
40927 3e-006
40928 3e-006
40929 3e-006
40930 3e-006
40931 3.6375e-006
40932 3e-006
40933 3e-006
40934 3e-006
40935 3e-006
40936 3.6375e-006
40937 3e-006
40938 3e-006
40939 3e-006
40940 3e-006
40941 3.31875e-006
40942 3e-006
40943 3e-006
40944 3.31875e-006
40945 3e-006
40946 3e-006
40947 3e-006
40948 3e-006
40949 3e-006
40950 3e-006
40951 3e-006
40952 3.6375e-006
40953 3e-006
40954 3e-006
40955 3e-006
40956 3e-006
40957 3e-006
40958 3e-006
40959 3e-006
40960 3e-006
40961 3e-006
40962 3e-006
40963 3.31875e-006
40964 3.31875e-006
40965 3e-006
40966 3.31875e-006
40967 3e-006
40968 3e-006
40969 3.31875e-006
40970 3e-006
40971 3e-006
40972 3e-006
40973 3e-006
40974 3e-006
40975 3e-006
40976 3e-006
40977 3.31875e-006
40978 3e-006
40979 3.31875e-006
40980 3.31875e-006
40981 3e-006
40982 3e-006
40983 3.31875e-006
40984 3e-006
40985 3e-006
40986 3e-006
40987 3e-006
40988 3.31875e-006
40989 3e-006
40990 3e-006
40991 3e-006
40992 3e-006
40993 3e-006
40994 3e-006
40995 3.31875e-006
40996 3e-006
40997 3e-006
40998 3e-006
40999 3e-006
41000 3e-006
41001 3e-006
41002 3e-006
41003 3.31875e-006
41004 3e-006
41005 3e-006
41006 3e-006
41007 3.31875e-006
41008 3e-006
41009 3e-006
41010 3e-006
41011 3e-006
41012 3e-006
41013 3e-006
41014 3.31875e-006
41015 3.31875e-006
41016 3e-006
41017 3e-006
41018 3e-006
41019 3e-006
41020 3.6375e-006
41021 3.31875e-006
41022 3e-006
41023 3e-006
41024 3e-006
41025 3e-006
41026 3e-006
41027 3e-006
41028 3e-006
41029 3e-006
41030 3e-006
41031 3e-006
41032 3e-006
41033 3e-006
41034 3.31875e-006
41035 3e-006
41036 3.31875e-006
41037 3.31875e-006
41038 3e-006
41039 3e-006
41040 3e-006
41041 3e-006
41042 3e-006
41043 3e-006
41044 3e-006
41045 3e-006
41046 3e-006
41047 3e-006
41048 3e-006
41049 3e-006
41050 3e-006
41051 3e-006
41052 3.31875e-006
41053 3e-006
41054 3e-006
41055 3e-006
41056 3e-006
41057 3e-006
41058 3e-006
41059 3e-006
41060 3.6375e-006
41061 3e-006
41062 3e-006
41063 3e-006
41064 3e-006
41065 3.31875e-006
41066 3e-006
41067 3.31875e-006
41068 3e-006
41069 3.31875e-006
41070 3e-006
41071 3e-006
41072 3e-006
41073 3e-006
41074 3.31875e-006
41075 3e-006
41076 3e-006
41077 3e-006
41078 3e-006
41079 3e-006
41080 3e-006
41081 3e-006
41082 3.31875e-006
41083 3e-006
41084 3e-006
41085 3.35621e-006
41086 3e-006
41087 3e-006
41088 3e-006
41089 3e-006
41090 3e-006
41091 3e-006
41092 3e-006
41093 3e-006
41094 3e-006
41095 3e-006
41096 3e-006
41097 3e-006
41098 3e-006
41099 3e-006
41100 3.31875e-006
41101 3.31875e-006
41102 3e-006
41103 3e-006
41104 3e-006
41105 3e-006
41106 3e-006
41107 3e-006
41108 3e-006
41109 3e-006
41110 3e-006
41111 3e-006
41112 3e-006
41113 3e-006
41114 3.31875e-006
41115 3e-006
41116 3e-006
41117 3.31875e-006
41118 3.6375e-006
41119 3e-006
41120 3e-006
41121 3e-006
41122 3e-006
41123 3e-006
41124 3e-006
41125 3e-006
41126 3e-006
41127 3.31875e-006
41128 3e-006
41129 3.31875e-006
41130 3e-006
41131 3e-006
41132 3.31875e-006
41133 3e-006
41134 3e-006
41135 3e-006
41136 3e-006
41137 3e-006
41138 3e-006
41139 3e-006
41140 3e-006
41141 3e-006
41142 3.6375e-006
41143 3e-006
41144 3e-006
41145 3e-006
41146 3e-006
41147 3e-006
41148 3.67137e-006
41149 3e-006
41150 3e-006
41151 3e-006
41152 3e-006
41153 3e-006
41154 3e-006
41155 3.31875e-006
41156 3e-006
41157 3e-006
41158 3e-006
41159 3e-006
41160 3e-006
41161 3e-006
41162 3e-006
41163 3e-006
41164 3e-006
41165 3.35262e-006
41166 3e-006
41167 3.95625e-006
41168 3e-006
41169 3e-006
41170 3e-006
41171 3e-006
41172 3e-006
41173 3.31875e-006
41174 3e-006
41175 3.31875e-006
41176 3e-006
41177 3e-006
41178 3e-006
41179 3e-006
41180 3e-006
41181 3.31875e-006
41182 3.6375e-006
41183 3.6375e-006
41184 3e-006
41185 3.31875e-006
41186 3e-006
41187 3e-006
41188 3e-006
41189 3e-006
41190 3e-006
41191 3.31875e-006
41192 3e-006
41193 3e-006
41194 3.31875e-006
41195 3e-006
41196 3.42035e-006
41197 3e-006
41198 3.31875e-006
41199 3e-006
41200 3e-006
41201 3e-006
41202 3e-006
41203 3e-006
41204 3e-006
41205 3e-006
41206 3.31875e-006
41207 3e-006
41208 3e-006
41209 3e-006
41210 3e-006
41211 3e-006
41212 3e-006
41213 3e-006
41214 3e-006
41215 3e-006
41216 3.35262e-006
41217 3.31875e-006
41218 3e-006
41219 3e-006
41220 3.6375e-006
41221 3.31875e-006
41222 3e-006
41223 3e-006
41224 3e-006
41225 3e-006
41226 3.31875e-006
41227 3e-006
41228 3.35262e-006
41229 3e-006
41230 3e-006
41231 3e-006
41232 4.02398e-006
41233 3e-006
41234 3e-006
41235 3.31875e-006
41236 3e-006
41237 3e-006
41238 3e-006
41239 3e-006
41240 3e-006
41241 3e-006
41242 3e-006
41243 3e-006
41244 3e-006
41245 3e-006
41246 3e-006
41247 3.35262e-006
41248 3e-006
41249 3e-006
41250 3e-006
41251 3e-006
41252 3e-006
41253 3e-006
41254 3e-006
41255 3e-006
41256 3e-006
41257 3e-006
41258 3e-006
41259 3e-006
41260 3e-006
41261 3.35262e-006
41262 3.35262e-006
41263 3e-006
41264 3e-006
41265 3e-006
41266 3.6375e-006
41267 3e-006
41268 3e-006
41269 3e-006
41270 3e-006
41271 3e-006
41272 3e-006
41273 3.31875e-006
41274 3e-006
41275 3e-006
41276 3.6375e-006
41277 3e-006
41278 3.35262e-006
41279 3e-006
41280 3.31875e-006
41281 3e-006
41282 3e-006
41283 3e-006
41284 3e-006
41285 3.31875e-006
41286 3.42035e-006
41287 3e-006
41288 3e-006
41289 3e-006
41290 3.31875e-006
41291 3e-006
41292 3e-006
41293 3e-006
41294 3.31875e-006
41295 3e-006
41296 3.95625e-006
41297 3e-006
41298 3e-006
41299 3.31875e-006
41300 3e-006
41301 3e-006
41302 3e-006
41303 3e-006
41304 3e-006
41305 3e-006
41306 3e-006
41307 3e-006
41308 3.6375e-006
41309 3e-006
41310 3e-006
41311 3e-006
41312 3e-006
41313 3e-006
41314 3.31875e-006
41315 3e-006
41316 3e-006
41317 3e-006
41318 3e-006
41319 3e-006
41320 3e-006
41321 3e-006
41322 3e-006
41323 3e-006
41324 3e-006
41325 3e-006
41326 3.31875e-006
41327 3e-006
41328 3e-006
41329 3e-006
41330 3e-006
41331 3e-006
41332 3e-006
41333 3e-006
41334 3e-006
41335 3e-006
41336 3.31875e-006
41337 3e-006
41338 3e-006
41339 3e-006
41340 3e-006
41341 3e-006
41342 3e-006
41343 3e-006
41344 3e-006
41345 3e-006
41346 3e-006
41347 3e-006
41348 3.31875e-006
41349 3e-006
41350 3.31875e-006
41351 3e-006
41352 3e-006
41353 3e-006
41354 3e-006
41355 3e-006
41356 3e-006
41357 3e-006
41358 3.31875e-006
41359 3e-006
41360 3e-006
41361 3.31875e-006
41362 3e-006
41363 3e-006
41364 3e-006
41365 3e-006
41366 3e-006
41367 3e-006
41368 3e-006
41369 3e-006
41370 3e-006
41371 3.35262e-006
41372 3e-006
41373 3e-006
41374 3e-006
41375 3e-006
41376 3.31875e-006
41377 3e-006
41378 3e-006
41379 3e-006
41380 3e-006
41381 3e-006
41382 3e-006
41383 3e-006
41384 3e-006
41385 3e-006
41386 3.31875e-006
41387 3e-006
41388 3e-006
41389 3e-006
41390 3.31875e-006
41391 3e-006
41392 3e-006
41393 3e-006
41394 3e-006
41395 3e-006
41396 3e-006
41397 3e-006
41398 3.31875e-006
41399 3e-006
41400 3e-006
41401 3e-006
41402 3e-006
41403 3e-006
41404 3e-006
41405 3e-006
41406 3e-006
41407 3e-006
41408 3e-006
41409 3e-006
41410 3e-006
41411 3e-006
41412 3e-006
41413 3e-006
41414 3e-006
41415 3e-006
41416 3e-006
41417 3.31875e-006
41418 3e-006
41419 3.31875e-006
41420 3.31875e-006
41421 3e-006
41422 3e-006
41423 3e-006
41424 3e-006
41425 3e-006
41426 3e-006
41427 3e-006
41428 3.31875e-006
41429 3e-006
41430 3e-006
41431 3e-006
41432 3e-006
41433 3e-006
41434 3e-006
41435 3e-006
41436 3e-006
41437 3e-006
41438 3e-006
41439 3e-006
41440 3e-006
41441 3e-006
41442 3e-006
41443 3e-006
41444 3.31875e-006
41445 3e-006
41446 3.31875e-006
41447 3e-006
41448 3e-006
41449 3e-006
41450 3.31875e-006
41451 3e-006
41452 3e-006
41453 3e-006
41454 3.31875e-006
41455 3e-006
41456 3e-006
41457 3.31875e-006
41458 3e-006
41459 3.31875e-006
41460 3e-006
41461 3e-006
41462 3e-006
41463 3e-006
41464 3e-006
41465 3e-006
41466 3e-006
41467 3e-006
41468 3e-006
41469 3.6375e-006
41470 3e-006
41471 3e-006
41472 3e-006
41473 3e-006
41474 3e-006
41475 3e-006
41476 3e-006
41477 3e-006
41478 3e-006
41479 3.95625e-006
41480 3.31875e-006
41481 3.99012e-006
41482 3e-006
41483 3e-006
41484 3e-006
41485 3e-006
41486 3e-006
41487 3e-006
41488 3e-006
41489 3.35262e-006
41490 3e-006
41491 3e-006
41492 3e-006
41493 3e-006
41494 3e-006
41495 3e-006
41496 3e-006
41497 3e-006
41498 3.95625e-006
41499 3.31875e-006
41500 3e-006
41501 3.31875e-006
41502 3e-006
41503 3e-006
41504 3.31875e-006
41505 3e-006
41506 3e-006
41507 3.31875e-006
41508 3e-006
41509 3e-006
41510 3e-006
41511 3e-006
41512 3.31875e-006
41513 3e-006
41514 3e-006
41515 3.31875e-006
41516 3.31875e-006
41517 3e-006
41518 3e-006
41519 3e-006
41520 3e-006
41521 3e-006
41522 3e-006
41523 3e-006
41524 3e-006
41525 3e-006
41526 3e-006
41527 3e-006
41528 3e-006
41529 3e-006
41530 3e-006
41531 3e-006
41532 3e-006
41533 3e-006
41534 3e-006
41535 3e-006
41536 3e-006
41537 3e-006
41538 3e-006
41539 3e-006
41540 3e-006
41541 3.35262e-006
41542 3e-006
41543 3.31875e-006
41544 3.31875e-006
41545 3e-006
41546 3e-006
41547 3e-006
41548 3e-006
41549 3e-006
41550 3e-006
41551 3e-006
41552 3e-006
41553 3e-006
41554 3e-006
41555 3e-006
41556 3e-006
41557 3e-006
41558 3e-006
41559 3e-006
41560 3e-006
41561 3e-006
41562 3e-006
41563 3e-006
41564 3e-006
41565 3.35621e-006
41566 3e-006
41567 3e-006
41568 3e-006
41569 3e-006
41570 3e-006
41571 3e-006
41572 3.31875e-006
41573 3e-006
41574 3e-006
41575 3e-006
41576 3e-006
41577 3e-006
41578 3e-006
41579 3e-006
41580 3e-006
41581 3e-006
41582 3e-006
41583 3e-006
41584 3e-006
41585 3e-006
41586 3e-006
41587 3e-006
41588 3e-006
41589 3e-006
41590 3e-006
41591 3e-006
41592 3.31875e-006
41593 3e-006
41594 3e-006
41595 3.31875e-006
41596 3e-006
41597 3e-006
41598 3e-006
41599 3e-006
41600 3e-006
41601 3.31875e-006
41602 3e-006
41603 3e-006
41604 3e-006
41605 3e-006
41606 3e-006
41607 3e-006
41608 3e-006
41609 3e-006
41610 3e-006
41611 3e-006
41612 3e-006
41613 3e-006
41614 3e-006
41615 3e-006
41616 3.31875e-006
41617 3e-006
41618 3.31875e-006
41619 3e-006
41620 3e-006
41621 3e-006
41622 3e-006
41623 3.6375e-006
41624 3e-006
41625 3e-006
41626 3.31875e-006
41627 3e-006
41628 3e-006
41629 3.35262e-006
41630 3e-006
41631 3.6375e-006
41632 3e-006
41633 3e-006
41634 3e-006
41635 3e-006
41636 3e-006
41637 3e-006
41638 3.6375e-006
41639 3e-006
41640 3.31875e-006
41641 3e-006
41642 3e-006
41643 3e-006
41644 3e-006
41645 3e-006
41646 3e-006
41647 3e-006
41648 3e-006
41649 3e-006
41650 3e-006
41651 3e-006
41652 3e-006
41653 3e-006
41654 3e-006
41655 3e-006
41656 3e-006
41657 3e-006
41658 3e-006
41659 3.95625e-006
41660 3e-006
41661 3e-006
41662 3e-006
41663 3e-006
41664 3e-006
41665 3e-006
41666 3e-006
41667 3e-006
41668 3e-006
41669 3e-006
41670 3e-006
41671 3e-006
41672 3e-006
41673 3e-006
41674 3e-006
41675 3e-006
41676 3e-006
41677 3e-006
41678 3e-006
41679 3e-006
41680 3e-006
41681 3e-006
41682 3e-006
41683 3e-006
41684 3e-006
41685 3e-006
41686 3e-006
41687 3e-006
41688 3e-006
41689 3e-006
41690 3e-006
41691 3e-006
41692 3e-006
41693 3e-006
41694 3e-006
41695 3e-006
41696 3e-006
41697 3e-006
41698 3e-006
41699 3e-006
41700 3e-006
41701 3e-006
41702 3e-006
41703 3e-006
41704 3e-006
41705 3e-006
41706 3.31875e-006
41707 3e-006
41708 3e-006
41709 3.95625e-006
41710 3e-006
41711 3e-006
41712 3e-006
41713 3e-006
41714 3.31875e-006
41715 3e-006
41716 3e-006
41717 3.31875e-006
41718 3e-006
41719 3e-006
41720 4.275e-006
41721 3e-006
41722 3e-006
41723 3e-006
41724 3e-006
41725 3.31875e-006
41726 3e-006
41727 3e-006
41728 3e-006
41729 3e-006
41730 3e-006
41731 3e-006
41732 3e-006
41733 3e-006
41734 3e-006
41735 3.6375e-006
41736 3e-006
41737 3e-006
41738 3e-006
41739 3.31875e-006
41740 3e-006
41741 3e-006
41742 3e-006
41743 3e-006
41744 3e-006
41745 3.39008e-006
41746 3e-006
41747 3e-006
41748 3e-006
41749 3e-006
41750 3e-006
41751 3e-006
41752 3e-006
41753 3e-006
41754 3e-006
41755 3e-006
41756 3e-006
41757 3e-006
41758 3e-006
41759 3e-006
41760 3e-006
41761 3e-006
41762 3.31875e-006
41763 3e-006
41764 3.35262e-006
41765 3e-006
41766 3e-006
41767 3e-006
41768 3.31875e-006
41769 3e-006
41770 3e-006
41771 3e-006
41772 3e-006
41773 3.31875e-006
41774 3.31875e-006
41775 3e-006
41776 3e-006
41777 3e-006
41778 3e-006
41779 3e-006
41780 3e-006
41781 3e-006
41782 3.31875e-006
41783 3e-006
41784 3e-006
41785 3e-006
41786 3e-006
41787 3e-006
41788 3e-006
41789 3.31875e-006
41790 3e-006
41791 3e-006
41792 3e-006
41793 3e-006
41794 3e-006
41795 3e-006
41796 3.35262e-006
41797 3e-006
41798 3e-006
41799 3e-006
41800 3e-006
41801 3e-006
41802 3e-006
41803 3e-006
41804 3e-006
41805 3e-006
41806 3.99012e-006
41807 3e-006
41808 3e-006
41809 3e-006
41810 3e-006
41811 3e-006
41812 3.35262e-006
41813 3e-006
41814 3e-006
41815 3.31875e-006
41816 3e-006
41817 3.6375e-006
41818 3e-006
41819 3e-006
41820 3e-006
41821 3e-006
41822 3.31875e-006
41823 3e-006
41824 3e-006
41825 3e-006
41826 3e-006
41827 3.31875e-006
41828 3e-006
41829 3e-006
41830 3e-006
41831 3.31875e-006
41832 3e-006
41833 3e-006
41834 3e-006
41835 3e-006
41836 3.31875e-006
41837 3e-006
41838 3e-006
41839 3e-006
41840 3e-006
41841 3e-006
41842 3e-006
41843 3e-006
41844 3e-006
41845 3e-006
41846 3e-006
41847 3e-006
41848 3e-006
41849 3e-006
41850 3e-006
41851 3e-006
41852 3e-006
41853 3e-006
41854 3e-006
41855 3.6375e-006
41856 3e-006
41857 3e-006
41858 3e-006
41859 3.31875e-006
41860 3e-006
41861 3e-006
41862 3e-006
41863 3e-006
41864 4.275e-006
41865 3e-006
41866 3.31875e-006
41867 3.31875e-006
41868 3e-006
41869 3.31875e-006
41870 3e-006
41871 3e-006
41872 3.31875e-006
41873 3e-006
41874 3e-006
41875 3e-006
41876 3e-006
41877 3e-006
41878 3e-006
41879 3e-006
41880 3e-006
41881 3e-006
41882 3e-006
41883 3.31875e-006
41884 3e-006
41885 3e-006
41886 3e-006
41887 3e-006
41888 3e-006
41889 3e-006
41890 3e-006
41891 3e-006
41892 3.31875e-006
41893 3e-006
41894 3e-006
41895 3e-006
41896 3e-006
41897 3e-006
41898 3e-006
41899 3e-006
41900 3.6375e-006
41901 3e-006
41902 3e-006
41903 3e-006
41904 3e-006
41905 3e-006
41906 3e-006
41907 3e-006
41908 3e-006
41909 3e-006
41910 3e-006
41911 3e-006
41912 3e-006
41913 3e-006
41914 3e-006
41915 3e-006
41916 3e-006
41917 3e-006
41918 3.31875e-006
41919 3e-006
41920 3e-006
41921 3e-006
41922 3e-006
41923 3e-006
41924 3e-006
41925 3e-006
41926 3e-006
41927 3e-006
41928 3e-006
41929 3e-006
41930 3e-006
41931 3.31875e-006
41932 3e-006
41933 3e-006
41934 3e-006
41935 3e-006
41936 3e-006
41937 3e-006
41938 3e-006
41939 3e-006
41940 3e-006
41941 3e-006
41942 3e-006
41943 3.31875e-006
41944 3e-006
41945 3e-006
41946 3e-006
41947 3.31875e-006
41948 3e-006
41949 3e-006
41950 3e-006
41951 3e-006
41952 3e-006
41953 3.31875e-006
41954 3e-006
41955 3e-006
41956 3e-006
41957 3.35262e-006
41958 3e-006
41959 3e-006
41960 3.31875e-006
41961 3e-006
41962 3e-006
41963 3e-006
41964 3e-006
41965 3e-006
41966 3.31875e-006
41967 3e-006
41968 3e-006
41969 3e-006
41970 3e-006
41971 3.31875e-006
41972 3e-006
41973 3e-006
41974 3e-006
41975 3e-006
41976 3e-006
41977 3e-006
41978 3.31875e-006
41979 3e-006
41980 3e-006
41981 3e-006
41982 3.31875e-006
41983 3e-006
41984 3e-006
41985 3e-006
41986 3e-006
41987 3e-006
41988 3e-006
41989 3e-006
41990 3e-006
41991 3e-006
41992 3e-006
41993 3e-006
41994 3e-006
41995 3.31875e-006
41996 3e-006
41997 3e-006
41998 3e-006
41999 3e-006
42000 3.31875e-006
42001 3e-006
42002 3e-006
42003 3e-006
42004 3e-006
42005 3e-006
42006 3e-006
42007 3e-006
42008 3e-006
42009 3e-006
42010 3e-006
42011 3e-006
42012 3e-006
42013 3e-006
42014 3e-006
42015 3e-006
42016 3e-006
42017 3e-006
42018 3e-006
42019 3e-006
42020 3e-006
42021 3e-006
42022 3.31875e-006
42023 3e-006
42024 3e-006
42025 3e-006
42026 3e-006
42027 3e-006
42028 3.35262e-006
42029 3e-006
42030 3e-006
42031 3e-006
42032 3e-006
42033 3e-006
42034 3e-006
42035 3e-006
42036 3e-006
42037 3e-006
42038 3e-006
42039 3e-006
42040 3e-006
42041 3e-006
42042 3.6375e-006
42043 3e-006
42044 3e-006
42045 3e-006
42046 3e-006
42047 3e-006
42048 3e-006
42049 3.95625e-006
42050 3e-006
42051 3e-006
42052 3e-006
42053 3e-006
42054 3e-006
42055 3.31875e-006
42056 3e-006
42057 3e-006
42058 3e-006
42059 3e-006
42060 3e-006
42061 3e-006
42062 3e-006
42063 3e-006
42064 3e-006
42065 3e-006
42066 3e-006
42067 3e-006
42068 3e-006
42069 3e-006
42070 3e-006
42071 3e-006
42072 3.35262e-006
42073 3e-006
42074 3e-006
42075 3e-006
42076 3e-006
42077 3e-006
42078 3e-006
42079 3e-006
42080 3e-006
42081 3e-006
42082 3e-006
42083 3e-006
42084 3e-006
42085 3e-006
42086 3e-006
42087 3e-006
42088 3e-006
42089 3.31875e-006
42090 3e-006
42091 3e-006
42092 3e-006
42093 3e-006
42094 3e-006
42095 3e-006
42096 3e-006
42097 3e-006
42098 3e-006
42099 3e-006
42100 3e-006
42101 3e-006
42102 3e-006
42103 3e-006
42104 3e-006
42105 3e-006
42106 3.31875e-006
42107 3.31875e-006
42108 3e-006
42109 3e-006
42110 3e-006
42111 3e-006
42112 3e-006
42113 3e-006
42114 3e-006
42115 3e-006
42116 3e-006
42117 3e-006
42118 3e-006
42119 3e-006
42120 3e-006
42121 3e-006
42122 3e-006
42123 3e-006
42124 3e-006
42125 3e-006
42126 3e-006
42127 3e-006
42128 3e-006
42129 3e-006
42130 3e-006
42131 3e-006
42132 3e-006
42133 3e-006
42134 3e-006
42135 3e-006
42136 3e-006
42137 3.35262e-006
42138 3e-006
42139 3e-006
42140 3e-006
42141 3e-006
42142 3e-006
42143 3e-006
42144 3e-006
42145 3e-006
42146 3e-006
42147 3e-006
42148 3.31875e-006
42149 3e-006
42150 3e-006
42151 3e-006
42152 3e-006
42153 3e-006
42154 3e-006
42155 3e-006
42156 3e-006
42157 3e-006
42158 3.31875e-006
42159 3e-006
42160 3e-006
42161 3e-006
42162 3e-006
42163 3e-006
42164 3e-006
42165 3e-006
42166 3e-006
42167 3e-006
42168 3e-006
42169 3e-006
42170 3.31875e-006
42171 3e-006
42172 3e-006
42173 3e-006
42174 3e-006
42175 3e-006
42176 3.6375e-006
42177 3e-006
42178 3e-006
42179 3e-006
42180 3e-006
42181 3e-006
42182 3e-006
42183 3e-006
42184 3e-006
42185 3e-006
42186 3e-006
42187 3e-006
42188 3e-006
42189 3e-006
42190 3e-006
42191 3e-006
42192 3e-006
42193 3e-006
42194 3e-006
42195 3.31875e-006
42196 3e-006
42197 3.35262e-006
42198 3e-006
42199 3e-006
42200 3e-006
42201 3e-006
42202 3.31875e-006
42203 3e-006
42204 3e-006
42205 3e-006
42206 3e-006
42207 3e-006
42208 3e-006
42209 3.31875e-006
42210 3e-006
42211 3e-006
42212 3e-006
42213 3e-006
42214 3e-006
42215 3e-006
42216 3e-006
42217 3e-006
42218 3.6375e-006
42219 3e-006
42220 3e-006
42221 3e-006
42222 3e-006
42223 3e-006
42224 3e-006
42225 3e-006
42226 3.31875e-006
42227 3e-006
42228 3e-006
42229 3e-006
42230 3e-006
42231 3e-006
42232 3e-006
42233 3e-006
42234 3e-006
42235 3e-006
42236 3e-006
42237 3e-006
42238 3e-006
42239 3e-006
42240 3e-006
42241 3e-006
42242 3e-006
42243 3e-006
42244 3e-006
42245 3e-006
42246 3e-006
42247 3e-006
42248 3e-006
42249 3e-006
42250 3e-006
42251 3e-006
42252 3e-006
42253 3e-006
42254 3e-006
42255 3e-006
42256 3e-006
42257 3e-006
42258 3.31875e-006
42259 3e-006
42260 3e-006
42261 3e-006
42262 3e-006
42263 3e-006
42264 3e-006
42265 3e-006
42266 3e-006
42267 3e-006
42268 3e-006
42269 3e-006
42270 3e-006
42271 3.31875e-006
42272 3e-006
42273 3e-006
42274 3.31875e-006
42275 3e-006
42276 3e-006
42277 3e-006
42278 3e-006
42279 3e-006
42280 3e-006
42281 3e-006
42282 3e-006
42283 3.31875e-006
42284 3.31875e-006
42285 3e-006
42286 3e-006
42287 3e-006
42288 3e-006
42289 3e-006
42290 3e-006
42291 3e-006
42292 3e-006
42293 3e-006
42294 3e-006
42295 3e-006
42296 3e-006
42297 3e-006
42298 3.31875e-006
42299 3e-006
42300 3e-006
42301 3.31875e-006
42302 3e-006
42303 3e-006
42304 3e-006
42305 3e-006
42306 3e-006
42307 3e-006
42308 3e-006
42309 3e-006
42310 3e-006
42311 3e-006
42312 3e-006
42313 3e-006
42314 3.35262e-006
42315 3e-006
42316 3.31875e-006
42317 3e-006
42318 3e-006
42319 3e-006
42320 3.31875e-006
42321 3e-006
42322 3e-006
42323 3e-006
42324 3e-006
42325 3.31875e-006
42326 3e-006
42327 3.35621e-006
42328 3.31875e-006
42329 3e-006
42330 3e-006
42331 3.31875e-006
42332 3.6375e-006
42333 3e-006
42334 3e-006
42335 3e-006
42336 3.31875e-006
42337 3e-006
42338 3e-006
42339 3e-006
42340 3e-006
42341 3e-006
42342 3e-006
42343 3e-006
42344 3e-006
42345 3e-006
42346 3e-006
42347 3e-006
42348 3e-006
42349 3e-006
42350 3e-006
42351 3.31875e-006
42352 3e-006
42353 3e-006
42354 3e-006
42355 3e-006
42356 3e-006
42357 3e-006
42358 3e-006
42359 3e-006
42360 3e-006
42361 3e-006
42362 3.67137e-006
42363 3e-006
42364 3.31875e-006
42365 3e-006
42366 3e-006
42367 3e-006
42368 3.35262e-006
42369 3e-006
42370 3e-006
42371 3.31875e-006
42372 3e-006
42373 3e-006
42374 3e-006
42375 3e-006
42376 3e-006
42377 3e-006
42378 3e-006
42379 3e-006
42380 3e-006
42381 3e-006
42382 3e-006
42383 3e-006
42384 3e-006
42385 3e-006
42386 3.31875e-006
42387 3e-006
42388 3e-006
42389 3e-006
42390 3e-006
42391 3e-006
42392 3e-006
42393 3e-006
42394 3.31875e-006
42395 3.35262e-006
42396 3e-006
42397 3e-006
42398 3e-006
42399 3e-006
42400 3e-006
42401 3e-006
42402 3e-006
42403 3e-006
42404 3e-006
42405 3e-006
42406 3e-006
42407 3e-006
42408 3e-006
42409 3e-006
42410 3e-006
42411 3e-006
42412 3e-006
42413 3e-006
42414 3e-006
42415 3e-006
42416 3e-006
42417 3e-006
42418 3.31875e-006
42419 3e-006
42420 3e-006
42421 3e-006
42422 3e-006
42423 3e-006
42424 3e-006
42425 3e-006
42426 3e-006
42427 3.31875e-006
42428 3e-006
42429 3e-006
42430 3e-006
42431 3e-006
42432 3.35262e-006
42433 3e-006
42434 3e-006
42435 3e-006
42436 3e-006
42437 3e-006
42438 3e-006
42439 3e-006
42440 3.31875e-006
42441 3.31875e-006
42442 3e-006
42443 3e-006
42444 3e-006
42445 3e-006
42446 3e-006
42447 3e-006
42448 3.31875e-006
42449 3e-006
42450 3e-006
42451 3e-006
42452 3e-006
42453 3e-006
42454 3e-006
42455 3e-006
42456 3e-006
42457 3e-006
42458 3.31875e-006
42459 3e-006
42460 3e-006
42461 3e-006
42462 3e-006
42463 3e-006
42464 3e-006
42465 3.31875e-006
42466 3e-006
42467 3e-006
42468 3e-006
42469 3e-006
42470 3e-006
42471 3e-006
42472 3e-006
42473 3e-006
42474 3e-006
42475 3e-006
42476 3e-006
42477 3e-006
42478 3e-006
42479 3e-006
42480 3e-006
42481 3e-006
42482 3.6375e-006
42483 3e-006
42484 3e-006
42485 3e-006
42486 3e-006
42487 3.31875e-006
42488 3e-006
42489 3.31875e-006
42490 3e-006
42491 3e-006
42492 3e-006
42493 3e-006
42494 3e-006
42495 3e-006
42496 3e-006
42497 3e-006
42498 3e-006
42499 3e-006
42500 3.6375e-006
42501 3e-006
42502 3e-006
42503 3e-006
42504 3e-006
42505 3e-006
42506 3e-006
42507 3e-006
42508 3e-006
42509 3e-006
42510 3e-006
42511 3.31875e-006
42512 3.31875e-006
42513 3e-006
42514 3e-006
42515 3e-006
42516 3.31875e-006
42517 3e-006
42518 3e-006
42519 3e-006
42520 3e-006
42521 3e-006
42522 3e-006
42523 3e-006
42524 3e-006
42525 3e-006
42526 3e-006
42527 3e-006
42528 3e-006
42529 3.31875e-006
42530 3e-006
42531 3e-006
42532 3e-006
42533 3e-006
42534 3e-006
42535 3e-006
42536 3e-006
42537 3e-006
42538 3e-006
42539 3e-006
42540 3e-006
42541 3e-006
42542 3e-006
42543 3e-006
42544 3e-006
42545 3e-006
42546 3e-006
42547 3e-006
42548 3e-006
42549 3e-006
42550 3e-006
42551 3e-006
42552 3e-006
42553 3.31875e-006
42554 3.67137e-006
42555 3e-006
42556 3e-006
42557 3e-006
42558 3e-006
42559 3e-006
42560 3e-006
42561 3.31875e-006
42562 3e-006
42563 3e-006
42564 3e-006
42565 3e-006
42566 3e-006
42567 3e-006
42568 3.31875e-006
42569 3e-006
42570 3e-006
42571 3e-006
42572 3e-006
42573 3e-006
42574 3e-006
42575 3e-006
42576 3e-006
42577 3e-006
42578 3e-006
42579 3e-006
42580 3e-006
42581 3e-006
42582 3e-006
42583 3e-006
42584 3e-006
42585 3e-006
42586 3e-006
42587 3e-006
42588 3e-006
42589 3e-006
42590 3e-006
42591 3e-006
42592 3e-006
42593 3.31875e-006
42594 3e-006
42595 3e-006
42596 3e-006
42597 3e-006
42598 3.6375e-006
42599 3e-006
42600 3.31875e-006
42601 3e-006
42602 3e-006
42603 3e-006
42604 3.31875e-006
42605 3e-006
42606 3e-006
42607 3e-006
42608 3.31875e-006
42609 3e-006
42610 3e-006
42611 3e-006
42612 3e-006
42613 3e-006
42614 3e-006
42615 3e-006
42616 3e-006
42617 3e-006
42618 3e-006
42619 3e-006
42620 3e-006
42621 3e-006
42622 3e-006
42623 3e-006
42624 3e-006
42625 3e-006
42626 3e-006
42627 3e-006
42628 3e-006
42629 3.31875e-006
42630 3e-006
42631 3e-006
42632 3e-006
42633 3e-006
42634 3e-006
42635 3e-006
42636 3e-006
42637 3e-006
42638 3e-006
42639 3e-006
42640 3e-006
42641 3e-006
42642 3e-006
42643 3e-006
42644 3e-006
42645 3e-006
42646 3e-006
42647 3e-006
42648 3e-006
42649 3.31875e-006
42650 3e-006
42651 3e-006
42652 3e-006
42653 3e-006
42654 3e-006
42655 3e-006
42656 3e-006
42657 3.31875e-006
42658 3e-006
42659 3.31875e-006
42660 3e-006
42661 3e-006
42662 3e-006
42663 3e-006
42664 3e-006
42665 3e-006
42666 3e-006
42667 3e-006
42668 3e-006
42669 3e-006
42670 3e-006
42671 3e-006
42672 3e-006
42673 3e-006
42674 3e-006
42675 3e-006
42676 3e-006
42677 3e-006
42678 3e-006
42679 3e-006
42680 3e-006
42681 3e-006
42682 3e-006
42683 3e-006
42684 3e-006
42685 3e-006
42686 3e-006
42687 3e-006
42688 3e-006
42689 3e-006
42690 3e-006
42691 3e-006
42692 3e-006
42693 3e-006
42694 3e-006
42695 3.31875e-006
42696 3e-006
42697 3e-006
42698 3e-006
42699 3e-006
42700 3e-006
42701 3e-006
42702 3e-006
42703 3.31875e-006
42704 3e-006
42705 3e-006
42706 3e-006
42707 3e-006
42708 3e-006
42709 3e-006
42710 3e-006
42711 3.6375e-006
42712 3e-006
42713 3e-006
42714 3e-006
42715 3e-006
42716 3.31875e-006
42717 3e-006
42718 3e-006
42719 3e-006
42720 3e-006
42721 3e-006
42722 3e-006
42723 3e-006
42724 3e-006
42725 3e-006
42726 3e-006
42727 3e-006
42728 3.35262e-006
42729 3e-006
42730 3e-006
42731 3e-006
42732 3e-006
42733 3e-006
42734 3e-006
42735 3e-006
42736 3e-006
42737 3e-006
42738 3e-006
42739 3.31875e-006
42740 3e-006
42741 3e-006
42742 3e-006
42743 3e-006
42744 3e-006
42745 3e-006
42746 3e-006
42747 3e-006
42748 3e-006
42749 3.67137e-006
42750 3e-006
42751 3.35262e-006
42752 3e-006
42753 3e-006
42754 3e-006
42755 3e-006
42756 3.31875e-006
42757 3e-006
42758 3e-006
42759 3e-006
42760 3e-006
42761 3e-006
42762 3e-006
42763 3e-006
42764 3.31875e-006
42765 3.31875e-006
42766 3.31875e-006
42767 3e-006
42768 3e-006
42769 3.31875e-006
42770 3e-006
42771 3e-006
42772 3e-006
42773 3e-006
42774 3e-006
42775 3e-006
42776 3e-006
42777 3e-006
42778 3e-006
42779 3e-006
42780 3e-006
42781 3e-006
42782 3e-006
42783 3e-006
42784 3e-006
42785 3e-006
42786 3.31875e-006
42787 3e-006
42788 3e-006
42789 3.31875e-006
42790 3e-006
42791 3e-006
42792 3e-006
42793 3e-006
42794 3e-006
42795 3e-006
42796 3.6375e-006
42797 3e-006
42798 3e-006
42799 3e-006
42800 3e-006
42801 3e-006
42802 3e-006
42803 3e-006
42804 3e-006
42805 3e-006
42806 3e-006
42807 3.67137e-006
42808 3e-006
42809 3e-006
42810 3e-006
42811 3.31875e-006
42812 3e-006
42813 3.31875e-006
42814 3e-006
42815 3.31875e-006
42816 3e-006
42817 3e-006
42818 3e-006
42819 3e-006
42820 3e-006
42821 3e-006
42822 3e-006
42823 3e-006
42824 3e-006
42825 3e-006
42826 3e-006
42827 3e-006
42828 3e-006
42829 3.31875e-006
42830 3.31875e-006
42831 3e-006
42832 3e-006
42833 3e-006
42834 3.31875e-006
42835 3.31875e-006
42836 3e-006
42837 3e-006
42838 3e-006
42839 3e-006
42840 3e-006
42841 3e-006
42842 3e-006
42843 3e-006
42844 3e-006
42845 3e-006
42846 3e-006
42847 3e-006
42848 3e-006
42849 3e-006
42850 3e-006
42851 3e-006
42852 3e-006
42853 3e-006
42854 3e-006
42855 3e-006
42856 3e-006
42857 3e-006
42858 3e-006
42859 3e-006
42860 3e-006
42861 3e-006
42862 3e-006
42863 3e-006
42864 3e-006
42865 3e-006
42866 3e-006
42867 3e-006
42868 3e-006
42869 3e-006
42870 3e-006
42871 3.35262e-006
42872 3e-006
42873 3e-006
42874 3e-006
42875 3e-006
42876 3.31875e-006
42877 3.31875e-006
42878 3e-006
42879 3e-006
42880 3e-006
42881 3e-006
42882 3e-006
42883 3e-006
42884 3e-006
42885 3e-006
42886 3e-006
42887 3.31875e-006
42888 3e-006
42889 3e-006
42890 3.31875e-006
42891 3e-006
42892 3e-006
42893 3e-006
42894 3e-006
42895 3e-006
42896 3e-006
42897 3e-006
42898 3e-006
42899 3e-006
42900 3e-006
42901 3e-006
42902 3e-006
42903 3e-006
42904 3e-006
42905 3e-006
42906 3e-006
42907 3e-006
42908 3e-006
42909 3e-006
42910 3e-006
42911 3e-006
42912 3e-006
42913 3e-006
42914 3e-006
42915 3e-006
42916 3e-006
42917 3e-006
42918 3.31875e-006
42919 3e-006
42920 3e-006
42921 3e-006
42922 3e-006
42923 3e-006
42924 3e-006
42925 3e-006
42926 3e-006
42927 3e-006
42928 3e-006
42929 3.35262e-006
42930 3e-006
42931 3e-006
42932 3e-006
42933 3e-006
42934 3e-006
42935 3e-006
42936 3e-006
42937 3e-006
42938 3e-006
42939 3e-006
42940 3e-006
42941 3e-006
42942 3e-006
42943 3e-006
42944 3e-006
42945 3e-006
42946 3e-006
42947 3e-006
42948 3e-006
42949 3.6375e-006
42950 3e-006
42951 3e-006
42952 3.31875e-006
42953 3e-006
42954 3e-006
42955 3.31875e-006
42956 3.31875e-006
42957 3e-006
42958 3e-006
42959 3e-006
42960 3e-006
42961 3e-006
42962 3.31875e-006
42963 3e-006
42964 3e-006
42965 3e-006
42966 3e-006
42967 3e-006
42968 3.31875e-006
42969 3e-006
42970 3e-006
42971 3e-006
42972 3e-006
42973 3e-006
42974 3e-006
42975 3e-006
42976 3e-006
42977 3e-006
42978 3e-006
42979 3e-006
42980 3e-006
42981 3e-006
42982 3e-006
42983 3e-006
42984 3e-006
42985 3e-006
42986 3e-006
42987 3e-006
42988 3.31875e-006
42989 3e-006
42990 3e-006
42991 3e-006
42992 3e-006
42993 3e-006
42994 3e-006
42995 3e-006
42996 3e-006
42997 3e-006
42998 3e-006
42999 3e-006
43000 3e-006
43001 3e-006
43002 3e-006
43003 3.31875e-006
43004 3e-006
43005 3e-006
43006 3e-006
43007 3e-006
43008 3e-006
43009 3e-006
43010 3e-006
43011 3e-006
43012 3e-006
43013 3.6375e-006
43014 3e-006
43015 3e-006
43016 3e-006
43017 3e-006
43018 3e-006
43019 3e-006
43020 3e-006
43021 3e-006
43022 3e-006
43023 3.6375e-006
43024 3.6375e-006
43025 3e-006
43026 3e-006
43027 3e-006
43028 3e-006
43029 3e-006
43030 3e-006
43031 3e-006
43032 3e-006
43033 3e-006
43034 3e-006
43035 3e-006
43036 3e-006
43037 3e-006
43038 3e-006
43039 3e-006
43040 3.95625e-006
43041 3e-006
43042 3e-006
43043 3e-006
43044 3e-006
43045 3.31875e-006
43046 3e-006
43047 3e-006
43048 3e-006
43049 3e-006
43050 3e-006
43051 3e-006
43052 3.31875e-006
43053 3e-006
43054 3e-006
43055 3e-006
43056 3e-006
43057 3e-006
43058 3e-006
43059 3e-006
43060 3e-006
43061 3e-006
43062 3e-006
43063 3e-006
43064 3.31875e-006
43065 3e-006
43066 3e-006
43067 3e-006
43068 3e-006
43069 3e-006
43070 3.31875e-006
43071 3e-006
43072 3e-006
43073 3e-006
43074 3e-006
43075 3e-006
43076 3e-006
43077 3e-006
43078 3e-006
43079 3e-006
43080 3e-006
43081 3e-006
43082 3e-006
43083 3e-006
43084 3.31875e-006
43085 3e-006
43086 3e-006
43087 3e-006
43088 3e-006
43089 3e-006
43090 3e-006
43091 3e-006
43092 3.31875e-006
43093 3e-006
43094 3e-006
43095 3e-006
43096 3e-006
43097 3e-006
43098 3e-006
43099 3e-006
43100 3e-006
43101 3e-006
43102 3e-006
43103 3e-006
43104 3e-006
43105 3e-006
43106 3e-006
43107 3e-006
43108 3e-006
43109 3e-006
43110 3e-006
43111 3e-006
43112 3e-006
43113 3e-006
43114 3e-006
43115 3e-006
43116 3e-006
43117 3e-006
43118 3e-006
43119 3e-006
43120 3e-006
43121 3e-006
43122 3e-006
43123 3e-006
43124 3e-006
43125 3e-006
43126 3e-006
43127 3e-006
43128 3e-006
43129 3e-006
43130 3e-006
43131 3.31875e-006
43132 3e-006
43133 3e-006
43134 3e-006
43135 3.31875e-006
43136 3e-006
43137 3e-006
43138 3e-006
43139 3e-006
43140 3.31875e-006
43141 3.31875e-006
43142 3e-006
43143 3e-006
43144 3e-006
43145 3e-006
43146 3e-006
43147 3e-006
43148 3e-006
43149 3e-006
43150 3e-006
43151 3e-006
43152 3e-006
43153 3e-006
43154 3e-006
43155 3e-006
43156 3e-006
43157 3e-006
43158 3.31875e-006
43159 3e-006
43160 3e-006
43161 3e-006
43162 3e-006
43163 3e-006
43164 3e-006
43165 3e-006
43166 3e-006
43167 3e-006
43168 3e-006
43169 3e-006
43170 3e-006
43171 3e-006
43172 3e-006
43173 3e-006
43174 3e-006
43175 3.31875e-006
43176 3e-006
43177 3e-006
43178 3e-006
43179 3e-006
43180 3e-006
43181 3e-006
43182 3e-006
43183 3e-006
43184 3e-006
43185 3e-006
43186 3.31875e-006
43187 3e-006
43188 3e-006
43189 3e-006
43190 3e-006
43191 3.31875e-006
43192 3e-006
43193 3e-006
43194 3e-006
43195 3e-006
43196 3e-006
43197 3e-006
43198 3e-006
43199 3e-006
43200 3e-006
43201 3e-006
43202 3e-006
43203 3e-006
43204 3e-006
43205 3.31875e-006
43206 3e-006
43207 3e-006
43208 3e-006
43209 3e-006
43210 3e-006
43211 3.31875e-006
43212 3e-006
43213 3e-006
43214 3e-006
43215 3e-006
43216 3e-006
43217 3e-006
43218 3e-006
43219 3e-006
43220 3e-006
43221 3.31875e-006
43222 3e-006
43223 3e-006
43224 3e-006
43225 3e-006
43226 3e-006
43227 3e-006
43228 3e-006
43229 3.31875e-006
43230 3e-006
43231 3e-006
43232 3e-006
43233 3e-006
43234 3e-006
43235 3.31875e-006
43236 3e-006
43237 3e-006
43238 3e-006
43239 3e-006
43240 3e-006
43241 3e-006
43242 3e-006
43243 3e-006
43244 3.6375e-006
43245 3e-006
43246 3e-006
43247 3e-006
43248 3e-006
43249 3e-006
43250 3e-006
43251 3e-006
43252 3.31875e-006
43253 3e-006
43254 3e-006
43255 3e-006
43256 3e-006
43257 3e-006
43258 3e-006
43259 3e-006
43260 3e-006
43261 3e-006
43262 3e-006
43263 3e-006
43264 3.31875e-006
43265 3e-006
43266 3e-006
43267 3e-006
43268 3e-006
43269 3e-006
43270 3e-006
43271 3e-006
43272 3e-006
43273 3e-006
43274 3.31875e-006
43275 3e-006
43276 3e-006
43277 3e-006
43278 3e-006
43279 3e-006
43280 3e-006
43281 3e-006
43282 3e-006
43283 3e-006
43284 3e-006
43285 3e-006
43286 3e-006
43287 3e-006
43288 3e-006
43289 3e-006
43290 3.31875e-006
43291 3.35262e-006
43292 3.35262e-006
43293 3e-006
43294 3e-006
43295 3e-006
43296 3e-006
43297 3e-006
43298 3e-006
43299 3e-006
43300 3e-006
43301 3e-006
43302 3e-006
43303 3e-006
43304 3e-006
43305 3.31875e-006
43306 3.31875e-006
43307 3e-006
43308 3e-006
43309 3e-006
43310 3e-006
43311 3e-006
43312 3.31875e-006
43313 3e-006
43314 3e-006
43315 3e-006
43316 3.35262e-006
43317 3e-006
43318 3e-006
43319 3e-006
43320 3e-006
43321 3e-006
43322 3.31875e-006
43323 3e-006
43324 3e-006
43325 3e-006
43326 3e-006
43327 3.31875e-006
43328 3.31875e-006
43329 3e-006
43330 3e-006
43331 3e-006
43332 3e-006
43333 3e-006
43334 3e-006
43335 3e-006
43336 3e-006
43337 3e-006
43338 3e-006
43339 3e-006
43340 3e-006
43341 3e-006
43342 3.31875e-006
43343 3.31875e-006
43344 3e-006
43345 3e-006
43346 3e-006
43347 3e-006
43348 3e-006
43349 3e-006
43350 3e-006
43351 3e-006
43352 3e-006
43353 3e-006
43354 3e-006
43355 3e-006
43356 3e-006
43357 3e-006
43358 3.31875e-006
43359 3e-006
43360 3e-006
43361 3e-006
43362 3e-006
43363 3e-006
43364 3e-006
43365 3e-006
43366 3.31875e-006
43367 3e-006
43368 3.31875e-006
43369 3e-006
43370 3.31875e-006
43371 3e-006
43372 3.31875e-006
43373 3e-006
43374 3.31875e-006
43375 3e-006
43376 3e-006
43377 3e-006
43378 3e-006
43379 3e-006
43380 3e-006
43381 3e-006
43382 3.31875e-006
43383 3.31875e-006
43384 3e-006
43385 3e-006
43386 3e-006
43387 3e-006
43388 3e-006
43389 3e-006
43390 3e-006
43391 3e-006
43392 3e-006
43393 3e-006
43394 3e-006
43395 3e-006
43396 3.31875e-006
43397 3.31875e-006
43398 3e-006
43399 3e-006
43400 3e-006
43401 3e-006
43402 3e-006
43403 3.31875e-006
43404 3e-006
43405 3e-006
43406 3e-006
43407 3e-006
43408 3e-006
43409 3e-006
43410 3e-006
43411 3e-006
43412 3e-006
43413 3e-006
43414 3e-006
43415 3e-006
43416 3e-006
43417 3.31875e-006
43418 3.31875e-006
43419 3.31875e-006
43420 3e-006
43421 3.31875e-006
43422 3e-006
43423 3e-006
43424 3e-006
43425 3.31875e-006
43426 3e-006
43427 3e-006
43428 3e-006
43429 3e-006
43430 3e-006
43431 3e-006
43432 3e-006
43433 3e-006
43434 3e-006
43435 3e-006
43436 3e-006
43437 3e-006
43438 3e-006
43439 3e-006
43440 3e-006
43441 3e-006
43442 3e-006
43443 3e-006
43444 3e-006
43445 3e-006
43446 3e-006
43447 3e-006
43448 3e-006
43449 3e-006
43450 3e-006
43451 3e-006
43452 3e-006
43453 3e-006
43454 3e-006
43455 3e-006
43456 3e-006
43457 3e-006
43458 3e-006
43459 3e-006
43460 3.31875e-006
43461 3.31875e-006
43462 3e-006
43463 3e-006
43464 3e-006
43465 3e-006
43466 3e-006
43467 3.31875e-006
43468 3e-006
43469 3e-006
43470 3e-006
43471 3e-006
43472 3e-006
43473 3e-006
43474 3e-006
43475 3e-006
43476 3e-006
43477 3.31875e-006
43478 3e-006
43479 3e-006
43480 3e-006
43481 3e-006
43482 3.31875e-006
43483 3.31875e-006
43484 3e-006
43485 3e-006
43486 3.31875e-006
43487 3e-006
43488 3.31875e-006
43489 3.31875e-006
43490 3e-006
43491 3.31875e-006
43492 3e-006
43493 3e-006
43494 3e-006
43495 3e-006
43496 3e-006
43497 3e-006
43498 3e-006
43499 3e-006
43500 3e-006
43501 3.31875e-006
43502 3e-006
43503 3e-006
43504 3e-006
43505 3.31875e-006
43506 3.31875e-006
43507 3e-006
43508 3e-006
43509 3e-006
43510 3e-006
43511 3e-006
43512 3e-006
43513 3.31875e-006
43514 3e-006
43515 3e-006
43516 3.31875e-006
43517 3e-006
43518 3e-006
43519 3e-006
43520 3.31875e-006
43521 3e-006
43522 3e-006
43523 3e-006
43524 3.31875e-006
43525 3e-006
43526 3e-006
43527 3e-006
43528 3e-006
43529 3e-006
43530 3e-006
43531 3e-006
43532 3e-006
43533 3e-006
43534 3e-006
43535 3e-006
43536 3e-006
43537 3e-006
43538 3e-006
43539 3e-006
43540 3.6375e-006
43541 3e-006
43542 3e-006
43543 3e-006
43544 3e-006
43545 3e-006
43546 3e-006
43547 3e-006
43548 3e-006
43549 3e-006
43550 3e-006
43551 3e-006
43552 3e-006
43553 3e-006
43554 3e-006
43555 3e-006
43556 3e-006
43557 3e-006
43558 3e-006
43559 3e-006
43560 3e-006
43561 3e-006
43562 3e-006
43563 3e-006
43564 3e-006
43565 3e-006
43566 3.31875e-006
43567 3e-006
43568 3e-006
43569 3e-006
43570 3e-006
43571 3.35262e-006
43572 3e-006
43573 3e-006
43574 3.31875e-006
43575 3e-006
43576 3e-006
43577 3e-006
43578 3e-006
43579 3.31875e-006
43580 3.31875e-006
43581 3e-006
43582 3e-006
43583 3e-006
43584 3.31875e-006
43585 3e-006
43586 3e-006
43587 3e-006
43588 3e-006
43589 3e-006
43590 3e-006
43591 3e-006
43592 3e-006
43593 3e-006
43594 3e-006
43595 3e-006
43596 3.31875e-006
43597 3.31875e-006
43598 3e-006
43599 3e-006
43600 3e-006
43601 3e-006
43602 3e-006
43603 3e-006
43604 3e-006
43605 3e-006
43606 3.31875e-006
43607 3e-006
43608 3e-006
43609 3e-006
43610 3e-006
43611 3e-006
43612 3e-006
43613 3e-006
43614 3e-006
43615 3e-006
43616 3e-006
43617 3e-006
43618 3e-006
43619 3e-006
43620 3e-006
43621 3e-006
43622 3e-006
43623 3e-006
43624 3e-006
43625 3e-006
43626 3e-006
43627 3e-006
43628 3e-006
43629 3e-006
43630 3e-006
43631 3e-006
43632 3e-006
43633 3e-006
43634 3e-006
43635 3e-006
43636 3e-006
43637 3e-006
43638 3e-006
43639 3e-006
43640 3e-006
43641 3e-006
43642 3e-006
43643 3e-006
43644 3e-006
43645 3e-006
43646 3e-006
43647 3e-006
43648 3e-006
43649 3e-006
43650 3e-006
43651 3e-006
43652 3e-006
43653 3e-006
43654 3.31875e-006
43655 3e-006
43656 3e-006
43657 3e-006
43658 3e-006
43659 3e-006
43660 3e-006
43661 3e-006
43662 3e-006
43663 3e-006
43664 3e-006
43665 3e-006
43666 3e-006
43667 3e-006
43668 3e-006
43669 3e-006
43670 3e-006
43671 3e-006
43672 3e-006
43673 3e-006
43674 3e-006
43675 3e-006
43676 3e-006
43677 3e-006
43678 3e-006
43679 3e-006
43680 3.35262e-006
43681 3e-006
43682 3e-006
43683 3.31875e-006
43684 3.31875e-006
43685 3e-006
43686 3e-006
43687 3e-006
43688 3.35262e-006
43689 3.31875e-006
43690 3e-006
43691 3e-006
43692 3e-006
43693 3e-006
43694 3e-006
43695 3e-006
43696 3e-006
43697 3e-006
43698 3e-006
43699 3e-006
43700 3e-006
43701 3.6375e-006
43702 3e-006
43703 3.31875e-006
43704 3e-006
43705 3e-006
43706 3e-006
43707 3e-006
43708 3e-006
43709 3e-006
43710 3e-006
43711 3e-006
43712 3e-006
43713 3e-006
43714 3e-006
43715 3e-006
43716 3e-006
43717 3e-006
43718 3e-006
43719 3e-006
43720 3e-006
43721 3e-006
43722 3e-006
43723 3e-006
43724 3e-006
43725 3e-006
43726 3e-006
43727 3e-006
43728 3e-006
43729 3e-006
43730 3e-006
43731 3e-006
43732 3e-006
43733 3e-006
43734 3e-006
43735 3e-006
43736 3.31875e-006
43737 3e-006
43738 3e-006
43739 3e-006
43740 3e-006
43741 3.31875e-006
43742 3e-006
43743 3e-006
43744 3e-006
43745 3e-006
43746 3.31875e-006
43747 3e-006
43748 3.31875e-006
43749 3.31875e-006
43750 3e-006
43751 3e-006
43752 3.31875e-006
43753 3e-006
43754 3e-006
43755 3e-006
43756 3e-006
43757 3e-006
43758 3e-006
43759 3e-006
43760 3.31875e-006
43761 3e-006
43762 3e-006
43763 3e-006
43764 3e-006
43765 3e-006
43766 3e-006
43767 3e-006
43768 3e-006
43769 3e-006
43770 3e-006
43771 3.31875e-006
43772 3e-006
43773 3.39008e-006
43774 3e-006
43775 3e-006
43776 3e-006
43777 3e-006
43778 3e-006
43779 3e-006
43780 3e-006
43781 3e-006
43782 3e-006
43783 3e-006
43784 3e-006
43785 3e-006
43786 3e-006
43787 3e-006
43788 3e-006
43789 3e-006
43790 3e-006
43791 3e-006
43792 3e-006
43793 3e-006
43794 3.31875e-006
43795 3e-006
43796 3.31875e-006
43797 3e-006
43798 3e-006
43799 3e-006
43800 3e-006
43801 3e-006
43802 3e-006
43803 3e-006
43804 3.31875e-006
43805 3e-006
43806 3e-006
43807 3e-006
43808 3.31875e-006
43809 3e-006
43810 3e-006
43811 3e-006
43812 3e-006
43813 3e-006
43814 3e-006
43815 3e-006
43816 3e-006
43817 3e-006
43818 3e-006
43819 3e-006
43820 3e-006
43821 3e-006
43822 3e-006
43823 3e-006
43824 3e-006
43825 3e-006
43826 3e-006
43827 3.31875e-006
43828 3.31875e-006
43829 3e-006
43830 3e-006
43831 3e-006
43832 3.31875e-006
43833 3e-006
43834 3e-006
43835 3e-006
43836 3e-006
43837 3e-006
43838 3e-006
43839 3.31875e-006
43840 3e-006
43841 3e-006
43842 3e-006
43843 3e-006
43844 3e-006
43845 3e-006
43846 3e-006
43847 3e-006
43848 3e-006
43849 3e-006
43850 3e-006
43851 3e-006
43852 3e-006
43853 3e-006
43854 3e-006
43855 3e-006
43856 3e-006
43857 3e-006
43858 3.31875e-006
43859 3e-006
43860 3e-006
43861 3e-006
43862 3e-006
43863 3e-006
43864 3e-006
43865 3e-006
43866 3e-006
43867 3e-006
43868 3e-006
43869 3e-006
43870 3.31875e-006
43871 3e-006
43872 3e-006
43873 3.6375e-006
43874 3e-006
43875 3e-006
43876 3.31875e-006
43877 3e-006
43878 3e-006
43879 3e-006
43880 3.31875e-006
43881 3e-006
43882 3e-006
43883 3e-006
43884 3.31875e-006
43885 3e-006
43886 3e-006
43887 3e-006
43888 3e-006
43889 3e-006
43890 3e-006
43891 3e-006
43892 3e-006
43893 3e-006
43894 3e-006
43895 3e-006
43896 3e-006
43897 3e-006
43898 3e-006
43899 3e-006
43900 3e-006
43901 3e-006
43902 3e-006
43903 3e-006
43904 3e-006
43905 3.31875e-006
43906 3e-006
43907 3e-006
43908 3e-006
43909 3e-006
43910 3e-006
43911 3e-006
43912 3.31875e-006
43913 3e-006
43914 3e-006
43915 3e-006
43916 3e-006
43917 3e-006
43918 3e-006
43919 3e-006
43920 3e-006
43921 3e-006
43922 3e-006
43923 3e-006
43924 3e-006
43925 3e-006
43926 3e-006
43927 3e-006
43928 3e-006
43929 3e-006
43930 3e-006
43931 3e-006
43932 3e-006
43933 3e-006
43934 3e-006
43935 3e-006
43936 3.31875e-006
43937 3e-006
43938 3e-006
43939 3e-006
43940 3e-006
43941 3e-006
43942 3e-006
43943 3.31875e-006
43944 3e-006
43945 3e-006
43946 3e-006
43947 3e-006
43948 3e-006
43949 3e-006
43950 3.31875e-006
43951 3e-006
43952 3e-006
43953 3e-006
43954 3e-006
43955 3.31875e-006
43956 3e-006
43957 3e-006
43958 3e-006
43959 3e-006
43960 3e-006
43961 3e-006
43962 3e-006
43963 3e-006
43964 3e-006
43965 3e-006
43966 3e-006
43967 3e-006
43968 3.31875e-006
43969 3.31875e-006
43970 3e-006
43971 3e-006
43972 3e-006
43973 3.31875e-006
43974 3e-006
43975 3e-006
43976 3e-006
43977 3e-006
43978 3e-006
43979 3e-006
43980 3e-006
43981 3.31875e-006
43982 3.31875e-006
43983 3e-006
43984 3e-006
43985 3e-006
43986 3e-006
43987 3e-006
43988 3e-006
43989 3e-006
43990 3e-006
43991 3e-006
43992 3e-006
43993 3e-006
43994 3.67137e-006
43995 3e-006
43996 3e-006
43997 3e-006
43998 3e-006
43999 3.31875e-006
44000 3e-006
44001 3e-006
44002 3.31875e-006
44003 3e-006
44004 3e-006
44005 3e-006
44006 3e-006
44007 3.31875e-006
44008 3e-006
44009 3e-006
44010 3e-006
44011 3e-006
44012 3e-006
44013 3e-006
44014 3e-006
44015 3e-006
44016 3e-006
44017 3e-006
44018 3e-006
44019 3e-006
44020 3e-006
44021 3e-006
44022 3e-006
44023 3e-006
44024 3e-006
44025 3.38648e-006
44026 3e-006
44027 3e-006
44028 3e-006
44029 3e-006
44030 3.31875e-006
44031 3e-006
44032 3.31875e-006
44033 3e-006
44034 3e-006
44035 3e-006
44036 3e-006
44037 3e-006
44038 3e-006
44039 3e-006
44040 3e-006
44041 3e-006
44042 3e-006
44043 3e-006
44044 3e-006
44045 3e-006
44046 3e-006
44047 3e-006
44048 3e-006
44049 3e-006
44050 3e-006
44051 3e-006
44052 3e-006
44053 3e-006
44054 3e-006
44055 3e-006
44056 3e-006
44057 3e-006
44058 3e-006
44059 3e-006
44060 3e-006
44061 3e-006
44062 3e-006
44063 3e-006
44064 3e-006
44065 3e-006
44066 3e-006
44067 3e-006
44068 3e-006
44069 3e-006
44070 3e-006
44071 3.35262e-006
44072 3e-006
44073 3e-006
44074 3e-006
44075 3e-006
44076 3e-006
44077 3e-006
44078 3e-006
44079 3e-006
44080 3.6375e-006
44081 3e-006
44082 3e-006
44083 3e-006
44084 3e-006
44085 3e-006
44086 3e-006
44087 3.31875e-006
44088 3e-006
44089 3e-006
44090 3e-006
44091 3e-006
44092 3e-006
44093 3e-006
44094 3e-006
44095 3e-006
44096 3e-006
44097 3e-006
44098 3e-006
44099 3e-006
44100 3e-006
44101 3e-006
44102 3e-006
44103 3e-006
44104 3e-006
44105 3e-006
44106 3e-006
44107 3e-006
44108 3e-006
44109 3e-006
44110 3e-006
44111 3e-006
44112 3e-006
44113 3.31875e-006
44114 3e-006
44115 3e-006
44116 3e-006
44117 3.6375e-006
44118 3e-006
44119 3.31875e-006
44120 3e-006
44121 3.31875e-006
44122 3e-006
44123 3e-006
44124 3e-006
44125 3e-006
44126 3e-006
44127 3e-006
44128 3e-006
44129 3e-006
44130 3.31875e-006
44131 3.31875e-006
44132 3e-006
44133 3e-006
44134 3e-006
44135 3e-006
44136 3e-006
44137 3.31875e-006
44138 3e-006
44139 3e-006
44140 3e-006
44141 3e-006
44142 3e-006
44143 3e-006
44144 3e-006
44145 3e-006
44146 3.31875e-006
44147 3e-006
44148 3e-006
44149 3e-006
44150 3e-006
44151 3e-006
44152 3e-006
44153 3e-006
44154 3e-006
44155 3e-006
44156 3e-006
44157 3e-006
44158 3.31875e-006
44159 3.35262e-006
44160 3e-006
44161 3e-006
44162 3.31875e-006
44163 3e-006
44164 3e-006
44165 3e-006
44166 3e-006
44167 3.31875e-006
44168 3e-006
44169 3e-006
44170 3e-006
44171 3e-006
44172 3e-006
44173 3e-006
44174 3e-006
44175 3.31875e-006
44176 3e-006
44177 3e-006
44178 3e-006
44179 3e-006
44180 3e-006
44181 3e-006
44182 3e-006
44183 3e-006
44184 3e-006
44185 3e-006
44186 3e-006
44187 3e-006
44188 3e-006
44189 3e-006
44190 3.31875e-006
44191 3e-006
44192 3e-006
44193 3.31875e-006
44194 3e-006
44195 3e-006
44196 3e-006
44197 3e-006
44198 3e-006
44199 3e-006
44200 3e-006
44201 3e-006
44202 3e-006
44203 3e-006
44204 3e-006
44205 3e-006
44206 3e-006
44207 3e-006
44208 3e-006
44209 3e-006
44210 3e-006
44211 3e-006
44212 3e-006
44213 3.31875e-006
44214 3e-006
44215 3e-006
44216 3e-006
44217 3e-006
44218 3e-006
44219 3e-006
44220 3e-006
44221 3e-006
44222 3e-006
44223 3e-006
44224 3e-006
44225 3.31875e-006
44226 3e-006
44227 3.31875e-006
44228 3e-006
44229 3e-006
44230 3e-006
44231 3e-006
44232 3e-006
44233 3e-006
44234 3e-006
44235 3e-006
44236 3e-006
44237 3e-006
44238 3e-006
44239 3e-006
44240 3.31875e-006
44241 3e-006
44242 3e-006
44243 3e-006
44244 3e-006
44245 3e-006
44246 3e-006
44247 3e-006
44248 3e-006
44249 3e-006
44250 3.31875e-006
44251 3e-006
44252 3e-006
44253 3e-006
44254 3e-006
44255 3e-006
44256 3e-006
44257 3.67137e-006
44258 3e-006
44259 3e-006
44260 3e-006
44261 3e-006
44262 3e-006
44263 3e-006
44264 3e-006
44265 3e-006
44266 3e-006
44267 3e-006
44268 3e-006
44269 3e-006
44270 3e-006
44271 3e-006
44272 3e-006
44273 3e-006
44274 3e-006
44275 3e-006
44276 3e-006
44277 3e-006
44278 3e-006
44279 3.31875e-006
44280 3e-006
44281 3e-006
44282 3e-006
44283 3e-006
44284 3.31875e-006
44285 3e-006
44286 3e-006
44287 3e-006
44288 3e-006
44289 3e-006
44290 3e-006
44291 3e-006
44292 3e-006
44293 3e-006
44294 3e-006
44295 3e-006
44296 3e-006
44297 3e-006
44298 3e-006
44299 3e-006
44300 3e-006
44301 3e-006
44302 3e-006
44303 3.31875e-006
44304 3e-006
44305 3e-006
44306 3e-006
44307 3e-006
44308 3.31875e-006
44309 3e-006
44310 3e-006
44311 3.31875e-006
44312 3e-006
44313 3e-006
44314 3e-006
44315 3e-006
44316 3e-006
44317 3e-006
44318 3e-006
44319 3e-006
44320 3e-006
44321 3e-006
44322 3.31875e-006
44323 3e-006
44324 3e-006
44325 3e-006
44326 3e-006
44327 3e-006
44328 3e-006
44329 3e-006
44330 3e-006
44331 3e-006
44332 3.31875e-006
44333 3e-006
44334 3e-006
44335 3e-006
44336 3e-006
44337 3e-006
44338 3e-006
44339 3e-006
44340 3e-006
44341 3e-006
44342 3e-006
44343 3e-006
44344 3e-006
44345 3e-006
44346 3e-006
44347 3e-006
44348 3e-006
44349 3e-006
44350 3e-006
44351 3e-006
44352 3e-006
44353 3e-006
44354 3.6375e-006
44355 3e-006
44356 3e-006
44357 3e-006
44358 3e-006
44359 3e-006
44360 3e-006
44361 3e-006
44362 3e-006
44363 3e-006
44364 3e-006
44365 3e-006
44366 3e-006
44367 3e-006
44368 3e-006
44369 3e-006
44370 3e-006
44371 3e-006
44372 3e-006
44373 3e-006
44374 3e-006
44375 3e-006
44376 3e-006
44377 3.31875e-006
44378 3e-006
44379 3e-006
44380 3e-006
44381 3e-006
44382 3e-006
44383 3e-006
44384 3e-006
44385 3e-006
44386 3e-006
44387 3e-006
44388 3e-006
44389 3e-006
44390 3.31875e-006
44391 3e-006
44392 3e-006
44393 3e-006
44394 3.31875e-006
44395 3e-006
44396 3e-006
44397 3e-006
44398 3.31875e-006
44399 3e-006
44400 3e-006
44401 3e-006
44402 3.31875e-006
44403 3e-006
44404 3e-006
44405 3e-006
44406 3e-006
44407 3e-006
44408 3e-006
44409 3e-006
44410 3e-006
44411 3e-006
44412 3e-006
44413 3e-006
44414 3e-006
44415 3e-006
44416 3e-006
44417 3e-006
44418 3e-006
44419 3e-006
44420 3e-006
44421 3e-006
44422 3e-006
44423 3e-006
44424 3e-006
44425 3e-006
44426 3e-006
44427 3e-006
44428 3.31875e-006
44429 3.31875e-006
44430 3e-006
44431 3e-006
44432 3e-006
44433 3e-006
44434 3e-006
44435 3e-006
44436 3e-006
44437 3e-006
44438 3e-006
44439 3e-006
44440 3e-006
44441 3e-006
44442 3e-006
44443 3e-006
44444 3e-006
44445 3e-006
44446 3e-006
44447 3e-006
44448 3.31875e-006
44449 3.31875e-006
44450 3e-006
44451 3e-006
44452 3e-006
44453 3e-006
44454 3e-006
44455 3e-006
44456 3e-006
44457 3e-006
44458 3e-006
44459 3e-006
44460 3e-006
44461 3e-006
44462 3e-006
44463 3e-006
44464 3e-006
44465 3e-006
44466 3e-006
44467 3e-006
44468 3e-006
44469 3e-006
44470 3e-006
44471 3e-006
44472 3e-006
44473 3e-006
44474 3e-006
44475 3e-006
44476 3e-006
44477 3e-006
44478 3e-006
44479 3e-006
44480 3e-006
44481 3e-006
44482 3e-006
44483 3e-006
44484 3e-006
44485 3e-006
44486 3e-006
44487 3e-006
44488 3e-006
44489 3e-006
44490 3e-006
44491 3e-006
44492 3e-006
44493 3e-006
44494 3e-006
44495 3e-006
44496 3.31875e-006
44497 3e-006
44498 3e-006
44499 3e-006
44500 3.31875e-006
44501 3e-006
44502 3e-006
44503 3e-006
44504 3e-006
44505 3e-006
44506 3e-006
44507 3e-006
44508 3e-006
44509 3e-006
44510 3e-006
44511 3e-006
44512 3e-006
44513 3e-006
44514 3e-006
44515 3e-006
44516 3e-006
44517 3e-006
44518 3.6375e-006
44519 3e-006
44520 3e-006
44521 3e-006
44522 3e-006
44523 3.6375e-006
44524 3e-006
44525 3e-006
44526 3e-006
44527 3e-006
44528 3e-006
44529 3e-006
44530 3e-006
44531 3e-006
44532 3e-006
44533 3e-006
44534 3e-006
44535 3e-006
44536 3e-006
44537 3e-006
44538 3e-006
44539 3e-006
44540 3e-006
44541 3e-006
44542 3e-006
44543 3e-006
44544 3.6375e-006
44545 3e-006
44546 3e-006
44547 3e-006
44548 3e-006
44549 3e-006
44550 3e-006
44551 3e-006
44552 3e-006
44553 3e-006
44554 3e-006
44555 3e-006
44556 3e-006
44557 3e-006
44558 3e-006
44559 3e-006
44560 3e-006
44561 3.31875e-006
44562 3e-006
44563 3e-006
44564 3e-006
44565 3e-006
44566 3e-006
44567 3e-006
44568 3e-006
44569 3e-006
44570 3e-006
44571 3e-006
44572 3e-006
44573 3.31875e-006
44574 3e-006
44575 3e-006
44576 3e-006
44577 3e-006
44578 3e-006
44579 3e-006
44580 3e-006
44581 3e-006
44582 3e-006
44583 3e-006
44584 3e-006
44585 3e-006
44586 3e-006
44587 3e-006
44588 3e-006
44589 3e-006
44590 3e-006
44591 3e-006
44592 3e-006
44593 3e-006
44594 3.31875e-006
44595 3e-006
44596 3.31875e-006
44597 3.31875e-006
44598 3e-006
44599 3e-006
44600 3e-006
44601 3e-006
44602 3e-006
44603 3e-006
44604 3e-006
44605 3e-006
44606 3e-006
44607 3e-006
44608 3.31875e-006
44609 3.31875e-006
44610 3e-006
44611 3e-006
44612 3e-006
44613 3e-006
44614 3e-006
44615 3e-006
44616 3e-006
44617 3e-006
44618 3e-006
44619 3e-006
44620 3e-006
44621 3.6375e-006
44622 3e-006
44623 3e-006
44624 3e-006
44625 3.6375e-006
44626 3e-006
44627 3.67137e-006
44628 3e-006
44629 3e-006
44630 3e-006
44631 3e-006
44632 3e-006
44633 3e-006
44634 3e-006
44635 3e-006
44636 3e-006
44637 3e-006
44638 3.31875e-006
44639 3e-006
44640 3.31875e-006
44641 3e-006
44642 3e-006
44643 3e-006
44644 3e-006
44645 3e-006
44646 3e-006
44647 3e-006
44648 3e-006
44649 3e-006
44650 3e-006
44651 3.31875e-006
44652 3e-006
44653 3.31875e-006
44654 3e-006
44655 3.31875e-006
44656 3e-006
44657 3e-006
44658 3e-006
44659 3e-006
44660 3e-006
44661 3e-006
44662 3e-006
44663 3.31875e-006
44664 3.31875e-006
44665 3.31875e-006
44666 3e-006
44667 3e-006
44668 3e-006
44669 3e-006
44670 3e-006
44671 3e-006
44672 3e-006
44673 3.31875e-006
44674 3e-006
44675 3.31875e-006
44676 3e-006
44677 3e-006
44678 3e-006
44679 3e-006
44680 3e-006
44681 3e-006
44682 3.35262e-006
44683 3e-006
44684 3.31875e-006
44685 3e-006
44686 3e-006
44687 3e-006
44688 3e-006
44689 3e-006
44690 3e-006
44691 3e-006
44692 3.31875e-006
44693 3e-006
44694 3e-006
44695 3e-006
44696 3e-006
44697 3e-006
44698 3e-006
44699 3e-006
44700 3e-006
44701 3e-006
44702 3e-006
44703 3e-006
44704 3e-006
44705 3e-006
44706 3e-006
44707 3e-006
44708 3.31875e-006
44709 3e-006
44710 3e-006
44711 3e-006
44712 3e-006
44713 3e-006
44714 3e-006
44715 3e-006
44716 3e-006
44717 3e-006
44718 3e-006
44719 3.35262e-006
44720 3e-006
44721 3e-006
44722 3e-006
44723 3e-006
44724 3e-006
44725 3e-006
44726 3e-006
44727 3e-006
44728 3e-006
44729 3e-006
44730 3e-006
44731 3e-006
44732 3e-006
44733 3e-006
44734 3e-006
44735 3e-006
44736 3e-006
44737 3e-006
44738 3e-006
44739 3e-006
44740 3e-006
44741 3e-006
44742 3.31875e-006
44743 3e-006
44744 3e-006
44745 3e-006
44746 3e-006
44747 3e-006
44748 3e-006
44749 3e-006
44750 3e-006
44751 3e-006
44752 3e-006
44753 3e-006
44754 3e-006
44755 3e-006
44756 3e-006
44757 3e-006
44758 3e-006
44759 3e-006
44760 3e-006
44761 3e-006
44762 3e-006
44763 3e-006
44764 3e-006
44765 3.31875e-006
44766 3e-006
44767 3e-006
44768 3e-006
44769 3e-006
44770 3e-006
44771 3e-006
44772 3e-006
44773 3e-006
44774 3e-006
44775 3e-006
44776 3e-006
44777 3e-006
44778 3.31875e-006
44779 3e-006
44780 3e-006
44781 3e-006
44782 3e-006
44783 3.31875e-006
44784 3e-006
44785 3e-006
44786 3e-006
44787 3e-006
44788 3e-006
44789 3e-006
44790 3e-006
44791 3e-006
44792 3e-006
44793 3e-006
44794 3e-006
44795 3e-006
44796 3e-006
44797 3e-006
44798 3e-006
44799 3e-006
44800 3e-006
44801 3e-006
44802 3e-006
44803 3e-006
44804 3e-006
44805 3e-006
44806 3e-006
44807 3e-006
44808 3e-006
44809 3e-006
44810 3e-006
44811 3e-006
44812 3e-006
44813 3.31875e-006
44814 3.31875e-006
44815 3e-006
44816 3e-006
44817 3e-006
44818 3e-006
44819 3.31875e-006
44820 3e-006
44821 3e-006
44822 3e-006
44823 3e-006
44824 3e-006
44825 3e-006
44826 3e-006
44827 3e-006
44828 3e-006
44829 3e-006
44830 3.31875e-006
44831 3.31875e-006
44832 3e-006
44833 3e-006
44834 3e-006
44835 3e-006
44836 3e-006
44837 3e-006
44838 3e-006
44839 3e-006
44840 3e-006
44841 3e-006
44842 3e-006
44843 3e-006
44844 3.31875e-006
44845 3e-006
44846 3e-006
44847 3e-006
44848 3.31875e-006
44849 3.31875e-006
44850 3e-006
44851 3e-006
44852 3e-006
44853 3.31875e-006
44854 3e-006
44855 3.6375e-006
44856 3e-006
44857 3.31875e-006
44858 3e-006
44859 3e-006
44860 3e-006
44861 3.6375e-006
44862 3e-006
44863 3e-006
44864 3e-006
44865 3e-006
44866 3e-006
44867 3.31875e-006
44868 3e-006
44869 3e-006
44870 3e-006
44871 3e-006
44872 3e-006
44873 3e-006
44874 3e-006
44875 3e-006
44876 3e-006
44877 3e-006
44878 3e-006
44879 3.31875e-006
44880 3e-006
44881 3e-006
44882 3e-006
44883 3e-006
44884 3e-006
44885 3e-006
44886 3e-006
44887 3e-006
44888 3e-006
44889 3e-006
44890 3e-006
44891 3e-006
44892 3.35262e-006
44893 3e-006
44894 3e-006
44895 3e-006
44896 3e-006
44897 3.6375e-006
44898 3e-006
44899 3e-006
44900 3e-006
44901 3e-006
44902 3e-006
44903 3e-006
44904 3e-006
44905 3e-006
44906 3e-006
44907 3e-006
44908 3e-006
44909 3e-006
44910 3e-006
44911 3e-006
44912 3e-006
44913 3e-006
44914 3e-006
44915 3e-006
44916 3e-006
44917 3e-006
44918 3e-006
44919 3e-006
44920 3e-006
44921 3e-006
44922 3e-006
44923 3e-006
44924 3.31875e-006
44925 3e-006
44926 3e-006
44927 3e-006
44928 3e-006
44929 3e-006
44930 3e-006
44931 3e-006
44932 3e-006
44933 3e-006
44934 3e-006
44935 3e-006
44936 3e-006
44937 3e-006
44938 3e-006
44939 3e-006
44940 3e-006
44941 3e-006
44942 3e-006
44943 3e-006
44944 3e-006
44945 3e-006
44946 3e-006
44947 3.31875e-006
44948 3.31875e-006
44949 3e-006
44950 3e-006
44951 3e-006
44952 3e-006
44953 3e-006
44954 3e-006
44955 3e-006
44956 3e-006
44957 3e-006
44958 3e-006
44959 3.31875e-006
44960 3e-006
44961 3e-006
44962 3.31875e-006
44963 3e-006
44964 3e-006
44965 3e-006
44966 3e-006
44967 3e-006
44968 3e-006
44969 3.31875e-006
44970 3e-006
44971 3e-006
44972 3e-006
44973 3e-006
44974 3e-006
44975 3e-006
44976 3.31875e-006
44977 3.31875e-006
44978 3e-006
44979 3e-006
44980 3e-006
44981 3e-006
44982 3e-006
44983 3e-006
44984 3e-006
44985 3e-006
44986 3e-006
44987 3e-006
44988 3e-006
44989 3e-006
44990 3e-006
44991 3e-006
44992 3e-006
44993 3e-006
44994 3e-006
44995 3e-006
44996 3e-006
44997 3e-006
44998 3e-006
44999 3e-006
45000 3.31875e-006
45001 3e-006
45002 3e-006
45003 3e-006
45004 3e-006
45005 3e-006
45006 3e-006
45007 3e-006
45008 3e-006
45009 3e-006
45010 3e-006
45011 3.31875e-006
45012 3e-006
45013 3e-006
45014 3e-006
45015 3e-006
45016 3e-006
45017 3e-006
45018 3e-006
45019 3e-006
45020 3e-006
45021 3e-006
45022 3e-006
45023 3e-006
45024 3e-006
45025 3e-006
45026 3.31875e-006
45027 3e-006
45028 3e-006
45029 3e-006
45030 3e-006
45031 3e-006
45032 3e-006
45033 3e-006
45034 3e-006
45035 3e-006
45036 3e-006
45037 3e-006
45038 3e-006
45039 3e-006
45040 3e-006
45041 3e-006
45042 3e-006
45043 3e-006
45044 3e-006
45045 3e-006
45046 3e-006
45047 3e-006
45048 3e-006
45049 3e-006
45050 3.6375e-006
45051 3e-006
45052 3e-006
45053 3e-006
45054 3e-006
45055 3e-006
45056 3e-006
45057 3e-006
45058 3.31875e-006
45059 3e-006
45060 3e-006
45061 3e-006
45062 3e-006
45063 3e-006
45064 3e-006
45065 3e-006
45066 3e-006
45067 3e-006
45068 3e-006
45069 3e-006
45070 3e-006
45071 3e-006
45072 3e-006
45073 3e-006
45074 3e-006
45075 3e-006
45076 3e-006
45077 3e-006
45078 3.31875e-006
45079 3e-006
45080 3e-006
45081 3e-006
45082 3e-006
45083 3e-006
45084 3e-006
45085 3e-006
45086 3e-006
45087 3e-006
45088 3e-006
45089 3e-006
45090 3e-006
45091 3e-006
45092 3e-006
45093 3.31875e-006
45094 3e-006
45095 3e-006
45096 3e-006
45097 3e-006
45098 3e-006
45099 3e-006
45100 3e-006
45101 3e-006
45102 3e-006
45103 3e-006
45104 3.31875e-006
45105 3e-006
45106 3e-006
45107 3e-006
45108 3e-006
45109 3e-006
45110 3e-006
45111 3e-006
45112 3e-006
45113 3e-006
45114 3e-006
45115 3e-006
45116 3e-006
45117 3e-006
45118 3e-006
45119 3e-006
45120 3e-006
45121 3e-006
45122 3e-006
45123 3.31875e-006
45124 3.6375e-006
45125 3e-006
45126 3e-006
45127 3e-006
45128 3e-006
45129 3e-006
45130 3e-006
45131 3e-006
45132 3e-006
45133 3e-006
45134 3e-006
45135 3e-006
45136 3.31875e-006
45137 3e-006
45138 3e-006
45139 3e-006
45140 3e-006
45141 3e-006
45142 3e-006
45143 3e-006
45144 3e-006
45145 3e-006
45146 3e-006
45147 3e-006
45148 3e-006
45149 3e-006
45150 3e-006
45151 3e-006
45152 3e-006
45153 3e-006
45154 3e-006
45155 3e-006
45156 3e-006
45157 3e-006
45158 3e-006
45159 3e-006
45160 3e-006
45161 3e-006
45162 3e-006
45163 3e-006
45164 3e-006
45165 3e-006
45166 3e-006
45167 3e-006
45168 3e-006
45169 3e-006
45170 3e-006
45171 3e-006
45172 3e-006
45173 3.31875e-006
45174 3e-006
45175 3e-006
45176 3e-006
45177 3e-006
45178 3e-006
45179 3e-006
45180 3e-006
45181 3e-006
45182 3e-006
45183 3e-006
45184 3e-006
45185 3e-006
45186 3e-006
45187 3e-006
45188 3e-006
45189 3e-006
45190 3e-006
45191 3e-006
45192 3e-006
45193 3e-006
45194 3e-006
45195 3e-006
45196 3.31875e-006
45197 3e-006
45198 3e-006
45199 3e-006
45200 3e-006
45201 3e-006
45202 3e-006
45203 3e-006
45204 3e-006
45205 3e-006
45206 3e-006
45207 3e-006
45208 3e-006
45209 3e-006
45210 3e-006
45211 3e-006
45212 3e-006
45213 3e-006
45214 3e-006
45215 3e-006
45216 3.31875e-006
45217 3e-006
45218 3e-006
45219 3.31875e-006
45220 3e-006
45221 3e-006
45222 3e-006
45223 3e-006
45224 3e-006
45225 3e-006
45226 3e-006
45227 3e-006
45228 3e-006
45229 3e-006
45230 3e-006
45231 3e-006
45232 3e-006
45233 3.31875e-006
45234 3e-006
45235 3e-006
45236 3e-006
45237 3e-006
45238 3.31875e-006
45239 3e-006
45240 3e-006
45241 3e-006
45242 3e-006
45243 3e-006
45244 3e-006
45245 3e-006
45246 3e-006
45247 3e-006
45248 3e-006
45249 3e-006
45250 3e-006
45251 3e-006
45252 3e-006
45253 3e-006
45254 3e-006
45255 3e-006
45256 3e-006
45257 3e-006
45258 3.31875e-006
45259 3e-006
45260 3e-006
45261 3e-006
45262 3e-006
45263 3e-006
45264 3e-006
45265 3e-006
45266 3e-006
45267 3e-006
45268 3e-006
45269 3e-006
45270 3e-006
45271 3e-006
45272 3e-006
45273 3e-006
45274 3e-006
45275 3e-006
45276 3e-006
45277 3e-006
45278 3e-006
45279 3e-006
45280 3e-006
45281 3e-006
45282 3.31875e-006
45283 3e-006
45284 3e-006
45285 3e-006
45286 3e-006
45287 3e-006
45288 3e-006
45289 3e-006
45290 3e-006
45291 3e-006
45292 3e-006
45293 3e-006
45294 3e-006
45295 3e-006
45296 3e-006
45297 3e-006
45298 3e-006
45299 3.31875e-006
45300 3e-006
45301 3e-006
45302 3e-006
45303 3e-006
45304 3e-006
45305 3e-006
45306 3e-006
45307 3.31875e-006
45308 3e-006
45309 3e-006
45310 3e-006
45311 3e-006
45312 3.31875e-006
45313 3e-006
45314 3e-006
45315 3e-006
45316 3e-006
45317 3e-006
45318 3.31875e-006
45319 3e-006
45320 3e-006
45321 3e-006
45322 3e-006
45323 3e-006
45324 3e-006
45325 3e-006
45326 3e-006
45327 3e-006
45328 3e-006
45329 3.31875e-006
45330 3.31875e-006
45331 3e-006
45332 3e-006
45333 3e-006
45334 3e-006
45335 3e-006
45336 3e-006
45337 3e-006
45338 3e-006
45339 3.31875e-006
45340 3e-006
45341 3e-006
45342 3e-006
45343 3.31875e-006
45344 3e-006
45345 3e-006
45346 3e-006
45347 3e-006
45348 3e-006
45349 3e-006
45350 3e-006
45351 3e-006
45352 3e-006
45353 3e-006
45354 3e-006
45355 3e-006
45356 3e-006
45357 3e-006
45358 3e-006
45359 3.31875e-006
45360 3e-006
45361 3e-006
45362 3e-006
45363 3e-006
45364 3e-006
45365 3e-006
45366 3e-006
45367 3e-006
45368 3e-006
45369 3.31875e-006
45370 3e-006
45371 3e-006
45372 3e-006
45373 3e-006
45374 3e-006
45375 3e-006
45376 3e-006
45377 3e-006
45378 3e-006
45379 3e-006
45380 3e-006
45381 3e-006
45382 3e-006
45383 3e-006
45384 3e-006
45385 3.31875e-006
45386 3e-006
45387 3e-006
45388 3e-006
45389 3e-006
45390 3e-006
45391 3e-006
45392 3e-006
45393 3e-006
45394 3e-006
45395 3e-006
45396 3.31875e-006
45397 3e-006
45398 3e-006
45399 3e-006
45400 3e-006
45401 3e-006
45402 3e-006
45403 3e-006
45404 3e-006
45405 3e-006
45406 3.31875e-006
45407 3e-006
45408 3e-006
45409 3e-006
45410 3e-006
45411 3e-006
45412 3.31875e-006
45413 3e-006
45414 3e-006
45415 3e-006
45416 3e-006
45417 3e-006
45418 3e-006
45419 3e-006
45420 3e-006
45421 3e-006
45422 3e-006
45423 3e-006
45424 3e-006
45425 3e-006
45426 3e-006
45427 3.31875e-006
45428 3e-006
45429 3e-006
45430 3e-006
45431 3e-006
45432 3e-006
45433 3e-006
45434 3e-006
45435 3e-006
45436 3e-006
45437 3e-006
45438 3e-006
45439 3e-006
45440 3e-006
45441 3e-006
45442 3e-006
45443 3e-006
45444 3e-006
45445 3.31875e-006
45446 3e-006
45447 3e-006
45448 3e-006
45449 3e-006
45450 3e-006
45451 3e-006
45452 3e-006
45453 3e-006
45454 3.31875e-006
45455 3e-006
45456 3e-006
45457 3e-006
45458 3e-006
45459 3e-006
45460 3e-006
45461 3e-006
45462 3e-006
45463 3e-006
45464 3e-006
45465 3e-006
45466 3e-006
45467 3e-006
45468 3e-006
45469 3e-006
45470 3e-006
45471 3e-006
45472 3e-006
45473 3e-006
45474 3e-006
45475 3.31875e-006
45476 3e-006
45477 3e-006
45478 3e-006
45479 3e-006
45480 3e-006
45481 3e-006
45482 3e-006
45483 3.31875e-006
45484 3e-006
45485 3e-006
45486 3e-006
45487 3e-006
45488 3.31875e-006
45489 3e-006
45490 3e-006
45491 3e-006
45492 3e-006
45493 3e-006
45494 3e-006
45495 3e-006
45496 3e-006
45497 3e-006
45498 3e-006
45499 3e-006
45500 3e-006
45501 3e-006
45502 3e-006
45503 3.31875e-006
45504 3e-006
45505 3e-006
45506 3e-006
45507 3e-006
45508 3e-006
45509 3e-006
45510 3e-006
45511 3e-006
45512 3e-006
45513 3e-006
45514 3e-006
45515 3e-006
45516 3e-006
45517 3e-006
45518 3.31875e-006
45519 3.31875e-006
45520 3e-006
45521 3e-006
45522 3e-006
45523 3e-006
45524 3e-006
45525 3e-006
45526 3e-006
45527 3e-006
45528 3e-006
45529 3e-006
45530 3e-006
45531 3e-006
45532 3e-006
45533 3e-006
45534 3e-006
45535 3e-006
45536 3.31875e-006
45537 3e-006
45538 3e-006
45539 3e-006
45540 3e-006
45541 3e-006
45542 3.31875e-006
45543 3e-006
45544 3e-006
45545 3.31875e-006
45546 3e-006
45547 3e-006
45548 3e-006
45549 3e-006
45550 3.31875e-006
45551 3e-006
45552 3e-006
45553 3e-006
45554 3e-006
45555 3e-006
45556 3e-006
45557 3e-006
45558 3e-006
45559 3e-006
45560 3e-006
45561 3e-006
45562 3e-006
45563 3e-006
45564 3e-006
45565 3e-006
45566 3e-006
45567 3e-006
45568 3.31875e-006
45569 3e-006
45570 3e-006
45571 3e-006
45572 3e-006
45573 3e-006
45574 3e-006
45575 3e-006
45576 3e-006
45577 3e-006
45578 3.31875e-006
45579 3e-006
45580 3e-006
45581 3e-006
45582 3e-006
45583 3e-006
45584 3e-006
45585 3e-006
45586 3e-006
45587 3e-006
45588 3e-006
45589 3.31875e-006
45590 3e-006
45591 3e-006
45592 3e-006
45593 3e-006
45594 3e-006
45595 3e-006
45596 3e-006
45597 3e-006
45598 3e-006
45599 3e-006
45600 3e-006
45601 3e-006
45602 3e-006
45603 3.31875e-006
45604 3e-006
45605 3e-006
45606 3e-006
45607 3e-006
45608 3e-006
45609 3e-006
45610 3e-006
45611 3e-006
45612 3e-006
45613 3e-006
45614 3e-006
45615 3e-006
45616 3e-006
45617 3e-006
45618 3e-006
45619 3e-006
45620 3e-006
45621 3e-006
45622 3e-006
45623 3e-006
45624 3.31875e-006
45625 3e-006
45626 3e-006
45627 3e-006
45628 3e-006
45629 3e-006
45630 3.31875e-006
45631 3e-006
45632 3e-006
45633 3e-006
45634 3e-006
45635 3e-006
45636 3e-006
45637 3e-006
45638 3e-006
45639 3e-006
45640 3e-006
45641 3e-006
45642 3.31875e-006
45643 3e-006
45644 3e-006
45645 3e-006
45646 3e-006
45647 3e-006
45648 3e-006
45649 3e-006
45650 3e-006
45651 3e-006
45652 3e-006
45653 3e-006
45654 3e-006
45655 3e-006
45656 3e-006
45657 3e-006
45658 3e-006
45659 3e-006
45660 3e-006
45661 3e-006
45662 3e-006
45663 3e-006
45664 3e-006
45665 3e-006
45666 3e-006
45667 3e-006
45668 3e-006
45669 3e-006
45670 3e-006
45671 3e-006
45672 3e-006
45673 3e-006
45674 3e-006
45675 3e-006
45676 3e-006
45677 3e-006
45678 3e-006
45679 3e-006
45680 3e-006
45681 3e-006
45682 3.31875e-006
45683 3e-006
45684 3e-006
45685 3e-006
45686 3e-006
45687 3e-006
45688 3e-006
45689 3e-006
45690 3e-006
45691 3e-006
45692 3e-006
45693 3e-006
45694 3e-006
45695 3e-006
45696 3.31875e-006
45697 3e-006
45698 3e-006
45699 3e-006
45700 3e-006
45701 3e-006
45702 3e-006
45703 3e-006
45704 3e-006
45705 3e-006
45706 3e-006
45707 3e-006
45708 3e-006
45709 3e-006
45710 3e-006
45711 3.31875e-006
45712 3e-006
45713 3e-006
45714 3e-006
45715 3e-006
45716 3e-006
45717 3e-006
45718 3e-006
45719 3e-006
45720 3e-006
45721 3e-006
45722 3e-006
45723 3.31875e-006
45724 3e-006
45725 3e-006
45726 3e-006
45727 3e-006
45728 3e-006
45729 3e-006
45730 3e-006
45731 3e-006
45732 3e-006
45733 3e-006
45734 3e-006
45735 3e-006
45736 3e-006
45737 3e-006
45738 3e-006
45739 3e-006
45740 3e-006
45741 3e-006
45742 3e-006
45743 3e-006
45744 3e-006
45745 3e-006
45746 3e-006
45747 3e-006
45748 3e-006
45749 3e-006
45750 3e-006
45751 3e-006
45752 3e-006
45753 3.31875e-006
45754 3e-006
45755 3e-006
45756 3e-006
45757 3e-006
45758 3e-006
45759 3e-006
45760 3e-006
45761 3e-006
45762 3e-006
45763 3.31875e-006
45764 3e-006
45765 3e-006
45766 3e-006
45767 3e-006
45768 3e-006
45769 3e-006
45770 3.31875e-006
45771 3e-006
45772 3e-006
45773 3e-006
45774 3e-006
45775 3e-006
45776 3e-006
45777 3.31875e-006
45778 3e-006
45779 3e-006
45780 3e-006
45781 3e-006
45782 3e-006
45783 3e-006
45784 3e-006
45785 3e-006
45786 3e-006
45787 3e-006
45788 3e-006
45789 3e-006
45790 3e-006
45791 3e-006
45792 3e-006
45793 3e-006
45794 3e-006
45795 3e-006
45796 3e-006
45797 3e-006
45798 3e-006
45799 3e-006
45800 3e-006
45801 3e-006
45802 3e-006
45803 3e-006
45804 3e-006
45805 3e-006
45806 3e-006
45807 3e-006
45808 3e-006
45809 3e-006
45810 3e-006
45811 3e-006
45812 3e-006
45813 3e-006
45814 3.31875e-006
45815 3e-006
45816 3e-006
45817 3e-006
45818 3e-006
45819 3e-006
45820 3e-006
45821 3e-006
45822 3e-006
45823 3e-006
45824 3e-006
45825 3e-006
45826 3e-006
45827 3e-006
45828 3e-006
45829 3e-006
45830 3e-006
45831 3e-006
45832 3e-006
45833 3.31875e-006
45834 3e-006
45835 3e-006
45836 3e-006
45837 3.31875e-006
45838 3e-006
45839 3e-006
45840 3e-006
45841 3e-006
45842 3e-006
45843 3e-006
45844 3e-006
45845 3e-006
45846 3e-006
45847 3e-006
45848 3.6375e-006
45849 3e-006
45850 3e-006
45851 3e-006
45852 3e-006
45853 3.31875e-006
45854 3.31875e-006
45855 3e-006
45856 3e-006
45857 3e-006
45858 3e-006
45859 3e-006
45860 3e-006
45861 3e-006
45862 3e-006
45863 3e-006
45864 3e-006
45865 3e-006
45866 3e-006
45867 3e-006
45868 3e-006
45869 3e-006
45870 3e-006
45871 3e-006
45872 3e-006
45873 3e-006
45874 3e-006
45875 3.31875e-006
45876 3e-006
45877 3e-006
45878 3e-006
45879 3e-006
45880 3e-006
45881 3e-006
45882 3e-006
45883 3e-006
45884 3e-006
45885 3.31875e-006
45886 3e-006
45887 3e-006
45888 3e-006
45889 3e-006
45890 3e-006
45891 3e-006
45892 3e-006
45893 3e-006
45894 3e-006
45895 3e-006
45896 3e-006
45897 3e-006
45898 3e-006
45899 3e-006
45900 3e-006
45901 3e-006
45902 3e-006
45903 3e-006
45904 3e-006
45905 3e-006
45906 3e-006
45907 3e-006
45908 3e-006
45909 3e-006
45910 3e-006
45911 3e-006
45912 3e-006
45913 3e-006
45914 3e-006
45915 3e-006
45916 3.31875e-006
45917 3e-006
45918 3e-006
45919 3e-006
45920 3.31875e-006
45921 3e-006
45922 3e-006
45923 3e-006
45924 3e-006
45925 3e-006
45926 3e-006
45927 3e-006
45928 3e-006
45929 3e-006
45930 3e-006
45931 3e-006
45932 3e-006
45933 3e-006
45934 3e-006
45935 3e-006
45936 3e-006
45937 3e-006
45938 3e-006
45939 3e-006
45940 3e-006
45941 3.31875e-006
45942 3.31875e-006
45943 3e-006
45944 3e-006
45945 3e-006
45946 3e-006
45947 3e-006
45948 3e-006
45949 3e-006
45950 3e-006
45951 3e-006
45952 3.31875e-006
45953 3e-006
45954 3e-006
45955 3e-006
45956 3e-006
45957 3e-006
45958 3e-006
45959 3e-006
45960 3e-006
45961 3.31875e-006
45962 3e-006
45963 3e-006
45964 3e-006
45965 3e-006
45966 3e-006
45967 3e-006
45968 3e-006
45969 3.31875e-006
45970 3e-006
45971 3e-006
45972 3e-006
45973 3e-006
45974 3e-006
45975 3e-006
45976 3e-006
45977 3e-006
45978 3e-006
45979 3e-006
45980 3e-006
45981 3.31875e-006
45982 3e-006
45983 3e-006
45984 3e-006
45985 3e-006
45986 3e-006
45987 3e-006
45988 3e-006
45989 3e-006
45990 3e-006
45991 3e-006
45992 3e-006
45993 3e-006
45994 3e-006
45995 3e-006
45996 3e-006
45997 3e-006
45998 3e-006
45999 3e-006
46000 3e-006
46001 3e-006
46002 3e-006
46003 3e-006
46004 3e-006
46005 3e-006
46006 3e-006
46007 3e-006
46008 3e-006
46009 3e-006
46010 3e-006
46011 3e-006
46012 3e-006
46013 3e-006
46014 3.31875e-006
46015 3e-006
46016 3e-006
46017 3e-006
46018 3e-006
46019 3e-006
46020 3e-006
46021 3e-006
46022 3e-006
46023 3e-006
46024 3e-006
46025 3e-006
46026 3e-006
46027 3e-006
46028 3e-006
46029 3e-006
46030 3e-006
46031 3e-006
46032 3e-006
46033 3e-006
46034 3e-006
46035 3e-006
46036 3e-006
46037 3e-006
46038 3e-006
46039 3e-006
46040 3e-006
46041 3e-006
46042 3e-006
46043 3e-006
46044 3e-006
46045 3e-006
46046 3e-006
46047 3e-006
46048 3e-006
46049 3e-006
46050 3e-006
46051 3e-006
46052 3e-006
46053 3e-006
46054 3e-006
46055 3e-006
46056 3e-006
46057 3e-006
46058 3e-006
46059 3e-006
46060 3e-006
46061 3e-006
46062 3e-006
46063 3e-006
46064 3e-006
46065 3e-006
46066 3e-006
46067 3e-006
46068 3e-006
46069 3e-006
46070 3e-006
46071 3e-006
46072 3e-006
46073 3e-006
46074 3e-006
46075 3e-006
46076 3e-006
46077 3e-006
46078 3e-006
46079 3e-006
46080 3e-006
46081 3e-006
46082 3e-006
46083 3e-006
46084 3e-006
46085 3e-006
46086 3e-006
46087 3e-006
46088 3e-006
46089 3e-006
46090 3e-006
46091 3e-006
46092 3e-006
46093 3e-006
46094 3e-006
46095 3.31875e-006
46096 3e-006
46097 3e-006
46098 3e-006
46099 3e-006
46100 3e-006
46101 3e-006
46102 3e-006
46103 3e-006
46104 3.31875e-006
46105 3e-006
46106 3e-006
46107 3e-006
46108 3.31875e-006
46109 3e-006
46110 3e-006
46111 3e-006
46112 3e-006
46113 3e-006
46114 3e-006
46115 3.35262e-006
46116 3e-006
46117 3e-006
46118 3e-006
46119 3e-006
46120 3.6375e-006
46121 3e-006
46122 3e-006
46123 3.31875e-006
46124 3e-006
46125 3e-006
46126 3.31875e-006
46127 3e-006
46128 3e-006
46129 3.31875e-006
46130 3e-006
46131 3e-006
46132 3e-006
46133 3e-006
46134 3e-006
46135 3e-006
46136 3e-006
46137 3e-006
46138 3.31875e-006
46139 3.95625e-006
46140 3e-006
46141 3e-006
46142 3.31875e-006
46143 3e-006
46144 3e-006
46145 3e-006
46146 3e-006
46147 3e-006
46148 3e-006
46149 3e-006
46150 3e-006
46151 3e-006
46152 3e-006
46153 3e-006
46154 3e-006
46155 3e-006
46156 3e-006
46157 3e-006
46158 3e-006
46159 3e-006
46160 3e-006
46161 3e-006
46162 3e-006
46163 3e-006
46164 3e-006
46165 3e-006
46166 3e-006
46167 3e-006
46168 3e-006
46169 3e-006
46170 3e-006
46171 3e-006
46172 3e-006
46173 3e-006
46174 3e-006
46175 3e-006
46176 3e-006
46177 3e-006
46178 3e-006
46179 3e-006
46180 3e-006
46181 3e-006
46182 3e-006
46183 3.31875e-006
46184 3e-006
46185 3e-006
46186 3e-006
46187 3e-006
46188 3e-006
46189 3e-006
46190 3e-006
46191 3e-006
46192 3e-006
46193 3e-006
46194 3e-006
46195 3e-006
46196 3e-006
46197 3e-006
46198 3e-006
46199 3e-006
46200 3e-006
46201 3e-006
46202 3e-006
46203 3e-006
46204 3e-006
46205 3e-006
46206 3e-006
46207 3e-006
46208 3e-006
46209 3e-006
46210 3e-006
46211 3.31875e-006
46212 3e-006
46213 3e-006
46214 3e-006
46215 3e-006
46216 3e-006
46217 3e-006
46218 3e-006
46219 3e-006
46220 3.6375e-006
46221 3e-006
46222 3e-006
46223 3e-006
46224 3e-006
46225 3e-006
46226 3.31875e-006
46227 3e-006
46228 3.31875e-006
46229 3e-006
46230 3e-006
46231 3e-006
46232 3e-006
46233 3e-006
46234 3e-006
46235 3e-006
46236 3e-006
46237 3e-006
46238 3e-006
46239 3e-006
46240 3e-006
46241 3e-006
46242 3e-006
46243 3e-006
46244 3e-006
46245 3e-006
46246 3e-006
46247 3e-006
46248 3e-006
46249 3e-006
46250 3e-006
46251 3e-006
46252 3e-006
46253 3e-006
46254 3.31875e-006
46255 3e-006
46256 3.31875e-006
46257 3e-006
46258 3e-006
46259 3e-006
46260 3e-006
46261 3e-006
46262 3e-006
46263 3e-006
46264 3e-006
46265 3e-006
46266 3e-006
46267 3e-006
46268 3e-006
46269 3.31875e-006
46270 3e-006
46271 3e-006
46272 3e-006
46273 3e-006
46274 3e-006
46275 3e-006
46276 3e-006
46277 3e-006
46278 3e-006
46279 3e-006
46280 3e-006
46281 3e-006
46282 3e-006
46283 3e-006
46284 3e-006
46285 3e-006
46286 3e-006
46287 3e-006
46288 3e-006
46289 3e-006
46290 3e-006
46291 3e-006
46292 3e-006
46293 3e-006
46294 3e-006
46295 3e-006
46296 3e-006
46297 3e-006
46298 3e-006
46299 3e-006
46300 3e-006
46301 3e-006
46302 3e-006
46303 3e-006
46304 3e-006
46305 3e-006
46306 3e-006
46307 3e-006
46308 3e-006
46309 3.31875e-006
46310 3e-006
46311 3e-006
46312 3.31875e-006
46313 3e-006
46314 3e-006
46315 3e-006
46316 3e-006
46317 3e-006
46318 3e-006
46319 3e-006
46320 3e-006
46321 3e-006
46322 3.6375e-006
46323 3e-006
46324 3e-006
46325 3e-006
46326 3.6375e-006
46327 3e-006
46328 3e-006
46329 3e-006
46330 3e-006
46331 3e-006
46332 3e-006
46333 3e-006
46334 3e-006
46335 3e-006
46336 3e-006
46337 3e-006
46338 3e-006
46339 3e-006
46340 3e-006
46341 3e-006
46342 3e-006
46343 3e-006
46344 3e-006
46345 3.31875e-006
46346 3e-006
46347 3e-006
46348 3e-006
46349 3e-006
46350 3e-006
46351 3.31875e-006
46352 3e-006
46353 3e-006
46354 3e-006
46355 3e-006
46356 3e-006
46357 3e-006
46358 3e-006
46359 3e-006
46360 3e-006
46361 3e-006
46362 3e-006
46363 3e-006
46364 3e-006
46365 3e-006
46366 3e-006
46367 3e-006
46368 3e-006
46369 3e-006
46370 3e-006
46371 3e-006
46372 3e-006
46373 3e-006
46374 3e-006
46375 3e-006
46376 3e-006
46377 3e-006
46378 3e-006
46379 3e-006
46380 3.31875e-006
46381 3e-006
46382 3e-006
46383 3e-006
46384 3e-006
46385 3e-006
46386 3e-006
46387 3e-006
46388 3e-006
46389 3e-006
46390 3e-006
46391 3e-006
46392 3e-006
46393 3e-006
46394 3e-006
46395 3e-006
46396 3.31875e-006
46397 3e-006
46398 3e-006
46399 3e-006
46400 3e-006
46401 3e-006
46402 3e-006
46403 3e-006
46404 3e-006
46405 3e-006
46406 3e-006
46407 3e-006
46408 3e-006
46409 3e-006
46410 3e-006
46411 3e-006
46412 3e-006
46413 3e-006
46414 3e-006
46415 3e-006
46416 3e-006
46417 3e-006
46418 3.31875e-006
46419 3e-006
46420 3e-006
46421 3e-006
46422 3e-006
46423 3e-006
46424 3e-006
46425 3e-006
46426 3e-006
46427 3e-006
46428 3e-006
46429 3e-006
46430 3e-006
46431 3e-006
46432 3e-006
46433 3e-006
46434 3e-006
46435 3e-006
46436 3e-006
46437 3e-006
46438 3e-006
46439 3e-006
46440 3e-006
46441 3e-006
46442 3e-006
46443 3e-006
46444 3e-006
46445 3e-006
46446 3e-006
46447 3e-006
46448 3e-006
46449 3e-006
46450 3e-006
46451 3e-006
46452 3e-006
46453 3.6375e-006
46454 3e-006
46455 3e-006
46456 3e-006
46457 3e-006
46458 3e-006
46459 3e-006
46460 3e-006
46461 3e-006
46462 3e-006
46463 3e-006
46464 3e-006
46465 3e-006
46466 3e-006
46467 3e-006
46468 3e-006
46469 3e-006
46470 3e-006
46471 3e-006
46472 3e-006
46473 3e-006
46474 3e-006
46475 3e-006
46476 3e-006
46477 3e-006
46478 3.31875e-006
46479 3e-006
46480 3.31875e-006
46481 3e-006
46482 3e-006
46483 3e-006
46484 3e-006
46485 3e-006
46486 3e-006
46487 3e-006
46488 3e-006
46489 3.31875e-006
46490 3e-006
46491 3e-006
46492 3e-006
46493 3e-006
46494 3e-006
46495 3e-006
46496 3e-006
46497 3e-006
46498 3e-006
46499 3.6375e-006
46500 3.31875e-006
46501 3e-006
46502 3e-006
46503 3e-006
46504 3e-006
46505 3e-006
46506 3e-006
46507 3e-006
46508 3e-006
46509 3e-006
46510 3e-006
46511 3e-006
46512 3e-006
46513 3e-006
46514 3e-006
46515 3e-006
46516 3e-006
46517 3e-006
46518 3.31875e-006
46519 3e-006
46520 3e-006
46521 3.31875e-006
46522 3e-006
46523 3e-006
46524 3.6375e-006
46525 3e-006
46526 3e-006
46527 3e-006
46528 3e-006
46529 3e-006
46530 3e-006
46531 3e-006
46532 3e-006
46533 3e-006
46534 3e-006
46535 3e-006
46536 3e-006
46537 3e-006
46538 3.31875e-006
46539 3e-006
46540 3e-006
46541 3e-006
46542 3e-006
46543 3e-006
46544 3e-006
46545 3e-006
46546 3e-006
46547 3e-006
46548 3e-006
46549 3.31875e-006
46550 3e-006
46551 3e-006
46552 3e-006
46553 3e-006
46554 3e-006
46555 3e-006
46556 3e-006
46557 3e-006
46558 3e-006
46559 3e-006
46560 3e-006
46561 3e-006
46562 3e-006
46563 3e-006
46564 3e-006
46565 3.31875e-006
46566 3e-006
46567 3e-006
46568 3e-006
46569 3e-006
46570 3e-006
46571 3e-006
46572 3e-006
46573 3e-006
46574 3e-006
46575 3e-006
46576 3e-006
46577 3e-006
46578 3e-006
46579 3e-006
46580 3e-006
46581 3e-006
46582 3e-006
46583 3e-006
46584 3e-006
46585 3e-006
46586 3e-006
46587 3.31875e-006
46588 3e-006
46589 3e-006
46590 3e-006
46591 3e-006
46592 3.31875e-006
46593 3e-006
46594 3e-006
46595 3e-006
46596 3e-006
46597 3e-006
46598 3e-006
46599 3e-006
46600 3e-006
46601 3e-006
46602 3e-006
46603 3e-006
46604 3.31875e-006
46605 3e-006
46606 3e-006
46607 3e-006
46608 3.31875e-006
46609 3e-006
46610 3e-006
46611 3e-006
46612 3e-006
46613 3e-006
46614 3e-006
46615 3e-006
46616 3e-006
46617 3e-006
46618 3e-006
46619 3e-006
46620 3e-006
46621 3e-006
46622 3e-006
46623 3e-006
46624 3e-006
46625 3e-006
46626 3e-006
46627 3e-006
46628 3e-006
46629 3e-006
46630 3e-006
46631 3e-006
46632 3e-006
46633 3e-006
46634 3e-006
46635 3e-006
46636 3e-006
46637 3e-006
46638 3e-006
46639 3.31875e-006
46640 3e-006
46641 3e-006
46642 3e-006
46643 3e-006
46644 3e-006
46645 3e-006
46646 3.31875e-006
46647 3.31875e-006
46648 3e-006
46649 3e-006
46650 3e-006
46651 3e-006
46652 3e-006
46653 3e-006
46654 3e-006
46655 3e-006
46656 3e-006
46657 3e-006
46658 3e-006
46659 3e-006
46660 3e-006
46661 3e-006
46662 3e-006
46663 3e-006
46664 3e-006
46665 3e-006
46666 3e-006
46667 3e-006
46668 3e-006
46669 3e-006
46670 3e-006
46671 3e-006
46672 3e-006
46673 3e-006
46674 3e-006
46675 3e-006
46676 3e-006
46677 3e-006
46678 3e-006
46679 3e-006
46680 3e-006
46681 3e-006
46682 3e-006
46683 3e-006
46684 3e-006
46685 3e-006
46686 3e-006
46687 3e-006
46688 3e-006
46689 3e-006
46690 3e-006
46691 3e-006
46692 3e-006
46693 3e-006
46694 3e-006
46695 3.31875e-006
46696 3e-006
46697 3e-006
46698 3e-006
46699 3e-006
46700 3e-006
46701 3e-006
46702 3e-006
46703 3e-006
46704 3.31875e-006
46705 3e-006
46706 3e-006
46707 3e-006
46708 3e-006
46709 3e-006
46710 3e-006
46711 3e-006
46712 3e-006
46713 3e-006
46714 3e-006
46715 3e-006
46716 3e-006
46717 3e-006
46718 3e-006
46719 3e-006
46720 3e-006
46721 3e-006
46722 3e-006
46723 3e-006
46724 3e-006
46725 3e-006
46726 3e-006
46727 3e-006
46728 3e-006
46729 3.31875e-006
46730 3e-006
46731 3e-006
46732 3e-006
46733 3e-006
46734 3e-006
46735 3e-006
46736 3e-006
46737 3e-006
46738 3e-006
46739 3e-006
46740 3e-006
46741 3.31875e-006
46742 3.31875e-006
46743 3e-006
46744 3e-006
46745 3e-006
46746 3e-006
46747 3e-006
46748 3e-006
46749 3e-006
46750 3e-006
46751 3e-006
46752 3e-006
46753 3e-006
46754 3e-006
46755 3e-006
46756 3e-006
46757 3e-006
46758 3e-006
46759 3e-006
46760 3e-006
46761 3e-006
46762 3e-006
46763 3e-006
46764 3e-006
46765 3e-006
46766 3e-006
46767 3e-006
46768 3e-006
46769 3e-006
46770 3e-006
46771 3e-006
46772 3e-006
46773 3e-006
46774 3e-006
46775 3e-006
46776 3e-006
46777 3e-006
46778 3e-006
46779 3e-006
46780 3e-006
46781 3e-006
46782 3e-006
46783 3e-006
46784 3e-006
46785 3e-006
46786 3.31875e-006
46787 3e-006
46788 3e-006
46789 3e-006
46790 3e-006
46791 3e-006
46792 3e-006
46793 3.31875e-006
46794 3e-006
46795 3e-006
46796 3e-006
46797 3e-006
46798 3.31875e-006
46799 3e-006
46800 3e-006
46801 3e-006
46802 3e-006
46803 3e-006
46804 3e-006
46805 3e-006
46806 3e-006
46807 3e-006
46808 3e-006
46809 3e-006
46810 3e-006
46811 3e-006
46812 3e-006
46813 3e-006
46814 3e-006
46815 3e-006
46816 3e-006
46817 3e-006
46818 3e-006
46819 3e-006
46820 3e-006
46821 3e-006
46822 3e-006
46823 3e-006
46824 3e-006
46825 3e-006
46826 3e-006
46827 3e-006
46828 3e-006
46829 3e-006
46830 3e-006
46831 3e-006
46832 3e-006
46833 3e-006
46834 3e-006
46835 3.35262e-006
46836 3e-006
46837 3e-006
46838 3e-006
46839 3e-006
46840 3e-006
46841 3e-006
46842 3e-006
46843 3e-006
46844 3e-006
46845 3e-006
46846 3e-006
46847 3e-006
46848 3e-006
46849 3e-006
46850 3e-006
46851 3e-006
46852 3e-006
46853 3e-006
46854 3e-006
46855 3e-006
46856 3e-006
46857 3e-006
46858 3e-006
46859 3e-006
46860 3e-006
46861 3e-006
46862 3e-006
46863 3e-006
46864 3e-006
46865 3e-006
46866 3e-006
46867 3e-006
46868 3e-006
46869 3.31875e-006
46870 3e-006
46871 3e-006
46872 3e-006
46873 3e-006
46874 3e-006
46875 3.31875e-006
46876 3e-006
46877 3e-006
46878 3e-006
46879 3e-006
46880 3e-006
46881 3e-006
46882 3e-006
46883 3e-006
46884 3e-006
46885 3e-006
46886 3e-006
46887 3e-006
46888 3e-006
46889 3.31875e-006
46890 3e-006
46891 3e-006
46892 3e-006
46893 3e-006
46894 3e-006
46895 3e-006
46896 3e-006
46897 3e-006
46898 3e-006
46899 3e-006
46900 3e-006
46901 3e-006
46902 3e-006
46903 3e-006
46904 3e-006
46905 3e-006
46906 3e-006
46907 3e-006
46908 3e-006
46909 3e-006
46910 3e-006
46911 3e-006
46912 3e-006
46913 3e-006
46914 3e-006
46915 3e-006
46916 3e-006
46917 3e-006
46918 3.31875e-006
46919 3e-006
46920 3e-006
46921 3e-006
46922 3e-006
46923 3.35262e-006
46924 3e-006
46925 3e-006
46926 3e-006
46927 3e-006
46928 3e-006
46929 3e-006
46930 3e-006
46931 3e-006
46932 3e-006
46933 3.31875e-006
46934 3e-006
46935 3e-006
46936 3e-006
46937 3e-006
46938 3e-006
46939 3e-006
46940 3e-006
46941 3e-006
46942 3e-006
46943 3e-006
46944 3e-006
46945 3e-006
46946 3e-006
46947 3e-006
46948 3.31875e-006
46949 3e-006
46950 3e-006
46951 3e-006
46952 3e-006
46953 3e-006
46954 3e-006
46955 3.31875e-006
46956 3e-006
46957 3e-006
46958 3e-006
46959 3e-006
46960 3e-006
46961 3e-006
46962 3e-006
46963 3e-006
46964 3e-006
46965 3e-006
46966 3e-006
46967 3e-006
46968 3e-006
46969 3e-006
46970 3e-006
46971 3e-006
46972 3e-006
46973 3.31875e-006
46974 3e-006
46975 3e-006
46976 3e-006
46977 3e-006
46978 3e-006
46979 3e-006
46980 3.31875e-006
46981 3e-006
46982 3e-006
46983 3e-006
46984 3e-006
46985 3e-006
46986 3e-006
46987 3e-006
46988 3e-006
46989 3e-006
46990 3e-006
46991 3e-006
46992 3e-006
46993 3e-006
46994 3e-006
46995 3e-006
46996 3e-006
46997 3e-006
46998 3e-006
46999 3e-006
47000 3e-006
47001 3e-006
47002 3e-006
47003 3e-006
47004 3e-006
47005 3e-006
47006 3e-006
47007 3e-006
47008 3.31875e-006
47009 3e-006
47010 3e-006
47011 3e-006
47012 3e-006
47013 3e-006
47014 3e-006
47015 3e-006
47016 3e-006
47017 3e-006
47018 3e-006
47019 3e-006
47020 3e-006
47021 3e-006
47022 3e-006
47023 3e-006
47024 3e-006
47025 3e-006
47026 3e-006
47027 3e-006
47028 3e-006
47029 3e-006
47030 3e-006
47031 3e-006
47032 3e-006
47033 3e-006
47034 3e-006
47035 3e-006
47036 3e-006
47037 3e-006
47038 3e-006
47039 3e-006
47040 3e-006
47041 3e-006
47042 3e-006
47043 3e-006
47044 3e-006
47045 3e-006
47046 3e-006
47047 3e-006
47048 3e-006
47049 3.31875e-006
47050 3e-006
47051 3e-006
47052 3e-006
47053 3e-006
47054 3e-006
47055 3e-006
47056 3e-006
47057 3e-006
47058 3e-006
47059 3e-006
47060 3e-006
47061 3e-006
47062 3e-006
47063 3e-006
47064 3e-006
47065 3.31875e-006
47066 3e-006
47067 3e-006
47068 3e-006
47069 3e-006
47070 3e-006
47071 3e-006
47072 3e-006
47073 3e-006
47074 3e-006
47075 3e-006
47076 3e-006
47077 3e-006
47078 3e-006
47079 3e-006
47080 3e-006
47081 3e-006
47082 3e-006
47083 3e-006
47084 3e-006
47085 3e-006
47086 3e-006
47087 3e-006
47088 3e-006
47089 3e-006
47090 3e-006
47091 3e-006
47092 3e-006
47093 3e-006
47094 3e-006
47095 3e-006
47096 3e-006
47097 3e-006
47098 3e-006
47099 3e-006
47100 3e-006
47101 3e-006
47102 3e-006
47103 3.31875e-006
47104 3e-006
47105 3e-006
47106 3e-006
47107 3e-006
47108 3e-006
47109 3e-006
47110 3e-006
47111 3e-006
47112 3e-006
47113 3e-006
47114 3e-006
47115 3e-006
47116 3e-006
47117 3.31875e-006
47118 3e-006
47119 3e-006
47120 3.31875e-006
47121 3e-006
47122 3.31875e-006
47123 3e-006
47124 3e-006
47125 3e-006
47126 3e-006
47127 3e-006
47128 3e-006
47129 3e-006
47130 3e-006
47131 3e-006
47132 3e-006
47133 3e-006
47134 3e-006
47135 3e-006
47136 3e-006
47137 3.31875e-006
47138 3e-006
47139 3e-006
47140 3e-006
47141 3e-006
47142 3.31875e-006
47143 3e-006
47144 3e-006
47145 3e-006
47146 3e-006
47147 3e-006
47148 3e-006
47149 3e-006
47150 3e-006
47151 3e-006
47152 3e-006
47153 3e-006
47154 3e-006
47155 3e-006
47156 3e-006
47157 3e-006
47158 3e-006
47159 3e-006
47160 3e-006
47161 3e-006
47162 3e-006
47163 3e-006
47164 3e-006
47165 3e-006
47166 3e-006
47167 3e-006
47168 3e-006
47169 3e-006
47170 3e-006
47171 3e-006
47172 3e-006
47173 3e-006
47174 3e-006
47175 3e-006
47176 3e-006
47177 3e-006
47178 3e-006
47179 3e-006
47180 3e-006
47181 3e-006
47182 3e-006
47183 3e-006
47184 3e-006
47185 3e-006
47186 3e-006
47187 3.31875e-006
47188 3e-006
47189 3e-006
47190 3e-006
47191 3e-006
47192 3e-006
47193 3e-006
47194 3e-006
47195 3e-006
47196 3e-006
47197 3e-006
47198 3e-006
47199 3e-006
47200 3e-006
47201 3e-006
47202 3e-006
47203 3e-006
47204 3e-006
47205 3e-006
47206 3e-006
47207 3e-006
47208 3e-006
47209 3e-006
47210 3e-006
47211 3e-006
47212 3e-006
47213 3e-006
47214 3e-006
47215 3e-006
47216 3e-006
47217 3e-006
47218 3e-006
47219 3e-006
47220 3e-006
47221 3e-006
47222 3e-006
47223 3e-006
47224 3e-006
47225 3e-006
47226 3e-006
47227 3e-006
47228 3e-006
47229 3e-006
47230 3e-006
47231 3e-006
47232 3e-006
47233 3e-006
47234 3e-006
47235 3e-006
47236 3e-006
47237 3e-006
47238 3e-006
47239 3e-006
47240 3e-006
47241 3e-006
47242 3e-006
47243 3e-006
47244 3e-006
47245 3e-006
47246 3e-006
47247 3e-006
47248 3e-006
47249 3e-006
47250 3e-006
47251 3e-006
47252 3e-006
47253 3e-006
47254 3e-006
47255 3e-006
47256 3e-006
47257 3e-006
47258 3e-006
47259 3e-006
47260 3e-006
47261 3e-006
47262 3e-006
47263 3.31875e-006
47264 3.31875e-006
47265 3e-006
47266 3e-006
47267 3e-006
47268 3e-006
47269 3.31875e-006
47270 3e-006
47271 3e-006
47272 3e-006
47273 3e-006
47274 3e-006
47275 3e-006
47276 3e-006
47277 3e-006
47278 3e-006
47279 3e-006
47280 3e-006
47281 3e-006
47282 3e-006
47283 3e-006
47284 3e-006
47285 3e-006
47286 3e-006
47287 3e-006
47288 3e-006
47289 3e-006
47290 3.31875e-006
47291 3e-006
47292 3e-006
47293 3e-006
47294 3e-006
47295 3e-006
47296 3e-006
47297 3e-006
47298 3.31875e-006
47299 3e-006
47300 3e-006
47301 3e-006
47302 3e-006
47303 3e-006
47304 3e-006
47305 3e-006
47306 3e-006
47307 3e-006
47308 3e-006
47309 3e-006
47310 3e-006
47311 3e-006
47312 3e-006
47313 3e-006
47314 3e-006
47315 3e-006
47316 3e-006
47317 3e-006
47318 3e-006
47319 3e-006
47320 3e-006
47321 3e-006
47322 3e-006
47323 3e-006
47324 3e-006
47325 3e-006
47326 3e-006
47327 3e-006
47328 3e-006
47329 3e-006
47330 3e-006
47331 3e-006
47332 3e-006
47333 3e-006
47334 3e-006
47335 3e-006
47336 3e-006
47337 3.31875e-006
47338 3e-006
47339 3e-006
47340 3e-006
47341 3e-006
47342 3e-006
47343 3e-006
47344 3.31875e-006
47345 3e-006
47346 3e-006
47347 3e-006
47348 3e-006
47349 3e-006
47350 3e-006
47351 3e-006
47352 3e-006
47353 3e-006
47354 3e-006
47355 3e-006
47356 3e-006
47357 3e-006
47358 3e-006
47359 3e-006
47360 3e-006
47361 3e-006
47362 3e-006
47363 3e-006
47364 3e-006
47365 3e-006
47366 3e-006
47367 3e-006
47368 3e-006
47369 3e-006
47370 3e-006
47371 3e-006
47372 3e-006
47373 3e-006
47374 3e-006
47375 3e-006
47376 3e-006
47377 3e-006
47378 3e-006
47379 3e-006
47380 3e-006
47381 3e-006
47382 3e-006
47383 3e-006
47384 3e-006
47385 3.31875e-006
47386 3e-006
47387 3e-006
47388 3e-006
47389 3e-006
47390 3e-006
47391 3e-006
47392 3.31875e-006
47393 3e-006
47394 3e-006
47395 3e-006
47396 3e-006
47397 3e-006
47398 3e-006
47399 3e-006
47400 3e-006
47401 3e-006
47402 3.31875e-006
47403 3e-006
47404 3e-006
47405 3e-006
47406 3e-006
47407 3e-006
47408 3e-006
47409 3e-006
47410 3.6375e-006
47411 3.31875e-006
47412 3e-006
47413 3e-006
47414 3e-006
47415 3e-006
47416 3e-006
47417 3e-006
47418 3e-006
47419 3e-006
47420 3e-006
47421 3e-006
47422 3e-006
47423 3e-006
47424 3e-006
47425 3e-006
47426 3e-006
47427 3e-006
47428 3e-006
47429 3e-006
47430 3e-006
47431 3e-006
47432 3e-006
47433 3e-006
47434 3e-006
47435 3e-006
47436 3e-006
47437 3e-006
47438 3e-006
47439 3e-006
47440 3e-006
47441 3e-006
47442 3e-006
47443 3e-006
47444 3e-006
47445 3e-006
47446 3e-006
47447 3e-006
47448 3e-006
47449 3e-006
47450 3e-006
47451 3e-006
47452 3e-006
47453 3e-006
47454 3e-006
47455 3e-006
47456 3.35262e-006
47457 3e-006
47458 3e-006
47459 3e-006
47460 3e-006
47461 3e-006
47462 3e-006
47463 3e-006
47464 3e-006
47465 3e-006
47466 3e-006
47467 3e-006
47468 3.6375e-006
47469 3e-006
47470 3e-006
47471 3e-006
47472 3e-006
47473 3e-006
47474 3e-006
47475 3e-006
47476 3e-006
47477 3e-006
47478 3e-006
47479 3e-006
47480 3e-006
47481 3e-006
47482 3e-006
47483 3e-006
47484 3e-006
47485 3e-006
47486 3e-006
47487 3e-006
47488 3e-006
47489 3e-006
47490 3e-006
47491 3e-006
47492 3e-006
47493 3e-006
47494 3e-006
47495 3e-006
47496 3e-006
47497 3e-006
47498 3e-006
47499 3e-006
47500 3e-006
47501 3e-006
47502 3e-006
47503 3e-006
47504 3e-006
47505 3e-006
47506 3e-006
47507 3e-006
47508 3e-006
47509 3e-006
47510 3e-006
47511 3e-006
47512 3e-006
47513 3e-006
47514 3e-006
47515 3e-006
47516 3e-006
47517 3e-006
47518 3e-006
47519 3e-006
47520 3e-006
47521 3e-006
47522 3e-006
47523 3e-006
47524 3e-006
47525 3e-006
47526 3e-006
47527 3e-006
47528 3e-006
47529 3e-006
47530 3e-006
47531 3e-006
47532 3e-006
47533 3e-006
47534 3e-006
47535 3e-006
47536 3.31875e-006
47537 3.31875e-006
47538 3e-006
47539 3e-006
47540 3e-006
47541 3e-006
47542 3e-006
47543 3e-006
47544 3e-006
47545 3e-006
47546 3e-006
47547 3e-006
47548 3.31875e-006
47549 3e-006
47550 3.31875e-006
47551 3e-006
47552 3e-006
47553 3e-006
47554 3e-006
47555 3e-006
47556 3e-006
47557 3e-006
47558 3e-006
47559 3e-006
47560 3e-006
47561 3e-006
47562 3e-006
47563 3e-006
47564 3e-006
47565 3e-006
47566 3e-006
47567 3e-006
47568 3e-006
47569 3e-006
47570 3e-006
47571 3e-006
47572 3e-006
47573 3e-006
47574 3e-006
47575 3e-006
47576 3e-006
47577 3e-006
47578 3.31875e-006
47579 3e-006
47580 3e-006
47581 3e-006
47582 3e-006
47583 3e-006
47584 3e-006
47585 3e-006
47586 3e-006
47587 3e-006
47588 3e-006
47589 3e-006
47590 3e-006
47591 3e-006
47592 3e-006
47593 3e-006
47594 3e-006
47595 3e-006
47596 3e-006
47597 3e-006
47598 3e-006
47599 3e-006
47600 3e-006
47601 3e-006
47602 3.31875e-006
47603 3e-006
47604 3e-006
47605 3e-006
47606 3e-006
47607 3e-006
47608 3e-006
47609 3e-006
47610 3e-006
47611 3e-006
47612 3e-006
47613 3e-006
47614 3e-006
47615 3e-006
47616 3e-006
47617 3e-006
47618 3e-006
47619 3e-006
47620 3e-006
47621 3e-006
47622 3e-006
47623 3e-006
47624 3e-006
47625 3e-006
47626 3e-006
47627 3e-006
47628 3.31875e-006
47629 3e-006
47630 3e-006
47631 3e-006
47632 3e-006
47633 3e-006
47634 3e-006
47635 3e-006
47636 3e-006
47637 3e-006
47638 3e-006
47639 3e-006
47640 3e-006
47641 3e-006
47642 3e-006
47643 3e-006
47644 3e-006
47645 3e-006
47646 3e-006
47647 3e-006
47648 3e-006
47649 3e-006
47650 3e-006
47651 3e-006
47652 3.31875e-006
47653 3e-006
47654 3e-006
47655 3e-006
47656 3e-006
47657 3e-006
47658 3e-006
47659 3e-006
47660 3e-006
47661 3e-006
47662 3e-006
47663 3e-006
47664 3e-006
47665 3e-006
47666 3e-006
47667 3e-006
47668 3.31875e-006
47669 3e-006
47670 3e-006
47671 3.31875e-006
47672 3e-006
47673 3e-006
47674 3e-006
47675 3e-006
47676 3e-006
47677 3.31875e-006
47678 3e-006
47679 3e-006
47680 3.31875e-006
47681 3e-006
47682 3e-006
47683 3e-006
47684 3.31875e-006
47685 3e-006
47686 3e-006
47687 3e-006
47688 3e-006
47689 3e-006
47690 3e-006
47691 3e-006
47692 3e-006
47693 3e-006
47694 3e-006
47695 3e-006
47696 3e-006
47697 3e-006
47698 3e-006
47699 3e-006
47700 3e-006
47701 3e-006
47702 3e-006
47703 3e-006
47704 3e-006
47705 3e-006
47706 3e-006
47707 3e-006
47708 3e-006
47709 3e-006
47710 3e-006
47711 3e-006
47712 3e-006
47713 3e-006
47714 3e-006
47715 3e-006
47716 3.31875e-006
47717 3e-006
47718 3e-006
47719 3e-006
47720 3e-006
47721 3e-006
47722 3e-006
47723 3.31875e-006
47724 3e-006
47725 3e-006
47726 3e-006
47727 3e-006
47728 3e-006
47729 3e-006
47730 3e-006
47731 3e-006
47732 3e-006
47733 3e-006
47734 3e-006
47735 3e-006
47736 3e-006
47737 3e-006
47738 3e-006
47739 3e-006
47740 3e-006
47741 3e-006
47742 3e-006
47743 3.31875e-006
47744 3e-006
47745 3e-006
47746 3e-006
47747 3e-006
47748 3e-006
47749 3e-006
47750 3e-006
47751 3e-006
47752 3e-006
47753 3e-006
47754 3e-006
47755 3e-006
47756 3e-006
47757 3e-006
47758 3e-006
47759 3e-006
47760 3e-006
47761 3e-006
47762 3e-006
47763 3e-006
47764 3.31875e-006
47765 3e-006
47766 3e-006
47767 3e-006
47768 3e-006
47769 3e-006
47770 3e-006
47771 3e-006
47772 3e-006
47773 3e-006
47774 3e-006
47775 3.31875e-006
47776 3e-006
47777 3e-006
47778 3e-006
47779 3e-006
47780 3e-006
47781 3e-006
47782 3e-006
47783 3e-006
47784 3e-006
47785 3e-006
47786 3e-006
47787 3e-006
47788 3e-006
47789 3e-006
47790 3e-006
47791 3e-006
47792 3e-006
47793 3e-006
47794 3e-006
47795 3e-006
47796 3e-006
47797 3e-006
47798 3e-006
47799 3e-006
47800 3e-006
47801 3e-006
47802 3e-006
47803 3e-006
47804 3e-006
47805 3e-006
47806 3e-006
47807 3e-006
47808 3e-006
47809 3e-006
47810 3e-006
47811 3e-006
47812 3e-006
47813 3e-006
47814 3e-006
47815 3e-006
47816 3e-006
47817 3e-006
47818 3e-006
47819 3e-006
47820 3e-006
47821 3e-006
47822 3e-006
47823 3e-006
47824 3e-006
47825 3e-006
47826 3e-006
47827 3e-006
47828 3e-006
47829 3e-006
47830 3e-006
47831 3e-006
47832 3e-006
47833 3e-006
47834 3e-006
47835 3e-006
47836 3e-006
47837 3e-006
47838 3e-006
47839 3e-006
47840 3e-006
47841 3e-006
47842 3e-006
47843 3e-006
47844 3e-006
47845 3e-006
47846 3e-006
47847 3e-006
47848 3e-006
47849 3e-006
47850 3e-006
47851 3e-006
47852 3e-006
47853 3e-006
47854 3e-006
47855 3e-006
47856 3e-006
47857 3e-006
47858 3e-006
47859 3e-006
47860 3e-006
47861 3e-006
47862 3e-006
47863 3e-006
47864 3e-006
47865 3e-006
47866 3e-006
47867 3e-006
47868 3e-006
47869 3e-006
47870 3e-006
47871 3e-006
47872 3e-006
47873 3e-006
47874 3e-006
47875 3e-006
47876 3e-006
47877 3e-006
47878 3e-006
47879 3e-006
47880 3e-006
47881 3e-006
47882 3e-006
47883 3e-006
47884 3e-006
47885 3e-006
47886 3e-006
47887 3e-006
47888 3e-006
47889 3e-006
47890 3e-006
47891 3.31875e-006
47892 3e-006
47893 3e-006
47894 3e-006
47895 3e-006
47896 3e-006
47897 3e-006
47898 3e-006
47899 3e-006
47900 3e-006
47901 3e-006
47902 3e-006
47903 3e-006
47904 3e-006
47905 3e-006
47906 3.31875e-006
47907 3e-006
47908 3.31875e-006
47909 3e-006
47910 3e-006
47911 3e-006
47912 3e-006
47913 3e-006
47914 3e-006
47915 3e-006
47916 3e-006
47917 3e-006
47918 3e-006
47919 3e-006
47920 3.31875e-006
47921 3e-006
47922 3e-006
47923 3e-006
47924 3e-006
47925 3e-006
47926 3e-006
47927 3e-006
47928 3e-006
47929 3e-006
47930 3e-006
47931 3e-006
47932 3e-006
47933 3e-006
47934 3e-006
47935 3e-006
47936 3.31875e-006
47937 3e-006
47938 3e-006
47939 3e-006
47940 3e-006
47941 3e-006
47942 3e-006
47943 3e-006
47944 3e-006
47945 3e-006
47946 3e-006
47947 3e-006
47948 3e-006
47949 3e-006
47950 3e-006
47951 3e-006
47952 3e-006
47953 3e-006
47954 3e-006
47955 3e-006
47956 3e-006
47957 3e-006
47958 3e-006
47959 3e-006
47960 3e-006
47961 3e-006
47962 3e-006
47963 3e-006
47964 3e-006
47965 3e-006
47966 3e-006
47967 3e-006
47968 3e-006
47969 3e-006
47970 3e-006
47971 3e-006
47972 3e-006
47973 3e-006
47974 3e-006
47975 3e-006
47976 3e-006
47977 3e-006
47978 3e-006
47979 3e-006
47980 3e-006
47981 3e-006
47982 3e-006
47983 3e-006
47984 3e-006
47985 3e-006
47986 3e-006
47987 3e-006
47988 3e-006
47989 3e-006
47990 3e-006
47991 3e-006
47992 3e-006
47993 3e-006
47994 3e-006
47995 3e-006
47996 3e-006
47997 3e-006
47998 3e-006
47999 3e-006
48000 3e-006
48001 3e-006
48002 3e-006
48003 3e-006
48004 3e-006
48005 3e-006
48006 3e-006
48007 3e-006
48008 3e-006
48009 3e-006
48010 3e-006
48011 3e-006
48012 3e-006
48013 3e-006
48014 3e-006
48015 3e-006
48016 3e-006
48017 3e-006
48018 3e-006
48019 3e-006
48020 3e-006
48021 3e-006
48022 3e-006
48023 3e-006
48024 3e-006
48025 3e-006
48026 3e-006
48027 3e-006
48028 3e-006
48029 3e-006
48030 3e-006
48031 3e-006
48032 3e-006
48033 3e-006
48034 3e-006
48035 3e-006
48036 3e-006
48037 3e-006
48038 3e-006
48039 3e-006
48040 3e-006
48041 3e-006
48042 3e-006
48043 3e-006
48044 3e-006
48045 3e-006
48046 3e-006
48047 3e-006
48048 3e-006
48049 3e-006
48050 3e-006
48051 3e-006
48052 3.31875e-006
48053 3e-006
48054 3e-006
48055 3e-006
48056 3e-006
48057 3.31875e-006
48058 3e-006
48059 3e-006
48060 3e-006
48061 3e-006
48062 3e-006
48063 3e-006
48064 3e-006
48065 3e-006
48066 3e-006
48067 3e-006
48068 3e-006
48069 3e-006
48070 3e-006
48071 3e-006
48072 3e-006
48073 3e-006
48074 3e-006
48075 3e-006
48076 3e-006
48077 3.31875e-006
48078 3e-006
48079 3e-006
48080 3e-006
48081 3e-006
48082 3e-006
48083 3e-006
48084 3e-006
48085 3e-006
48086 3e-006
48087 3e-006
48088 3e-006
48089 3e-006
48090 3e-006
48091 3.31875e-006
48092 3e-006
48093 3e-006
48094 3.31875e-006
48095 3e-006
48096 3e-006
48097 3e-006
48098 3e-006
48099 3e-006
48100 3e-006
48101 3.31875e-006
48102 3e-006
48103 3e-006
48104 3e-006
48105 3e-006
48106 3e-006
48107 3e-006
48108 3e-006
48109 3e-006
48110 3e-006
48111 3e-006
48112 3e-006
48113 3e-006
48114 3e-006
48115 3e-006
48116 3e-006
48117 3e-006
48118 3e-006
48119 3e-006
48120 3e-006
48121 3e-006
48122 3e-006
48123 3e-006
48124 3e-006
48125 3e-006
48126 3e-006
48127 3e-006
48128 3e-006
48129 3e-006
48130 3e-006
48131 3e-006
48132 3e-006
48133 3e-006
48134 3e-006
48135 3e-006
48136 3e-006
48137 3e-006
48138 3e-006
48139 3e-006
48140 3.31875e-006
48141 3e-006
48142 3e-006
48143 3e-006
48144 3e-006
48145 3e-006
48146 3e-006
48147 3e-006
48148 3e-006
48149 3e-006
48150 3.31875e-006
48151 3e-006
48152 3e-006
48153 3e-006
48154 3e-006
48155 3.31875e-006
48156 3e-006
48157 3e-006
48158 3e-006
48159 3e-006
48160 3e-006
48161 3e-006
48162 3e-006
48163 3e-006
48164 3e-006
48165 3.31875e-006
48166 3e-006
48167 3e-006
48168 3e-006
48169 3e-006
48170 3e-006
48171 3.31875e-006
48172 3e-006
48173 3e-006
48174 3e-006
48175 3e-006
48176 3e-006
48177 3e-006
48178 3e-006
48179 3e-006
48180 3e-006
48181 3e-006
48182 3e-006
48183 3e-006
48184 3e-006
48185 3e-006
48186 3e-006
48187 3e-006
48188 3e-006
48189 3e-006
48190 3e-006
48191 3e-006
48192 3e-006
48193 3e-006
48194 3e-006
48195 3e-006
48196 3e-006
48197 3e-006
48198 3e-006
48199 3e-006
48200 3e-006
48201 3e-006
48202 3e-006
48203 3e-006
48204 3e-006
48205 3e-006
48206 3e-006
48207 3e-006
48208 3e-006
48209 3e-006
48210 3e-006
48211 3e-006
48212 3e-006
48213 3e-006
48214 3e-006
48215 3e-006
48216 3e-006
48217 3e-006
48218 3e-006
48219 3e-006
48220 3e-006
48221 3e-006
48222 3e-006
48223 3e-006
48224 3e-006
48225 3.31875e-006
48226 3e-006
48227 3e-006
48228 3e-006
48229 3e-006
48230 3e-006
48231 3e-006
48232 3e-006
48233 3e-006
48234 3e-006
48235 3e-006
48236 3e-006
48237 3e-006
48238 3e-006
48239 3e-006
48240 3e-006
48241 3e-006
48242 3e-006
48243 3e-006
48244 3e-006
48245 3e-006
48246 3e-006
48247 3e-006
48248 3e-006
48249 3e-006
48250 3e-006
48251 3e-006
48252 3e-006
48253 3e-006
48254 3e-006
48255 3e-006
48256 3e-006
48257 3e-006
48258 3e-006
48259 3e-006
48260 3e-006
48261 3e-006
48262 3e-006
48263 3e-006
48264 3e-006
48265 3e-006
48266 3e-006
48267 3e-006
48268 3e-006
48269 3e-006
48270 3e-006
48271 3e-006
48272 3e-006
48273 3e-006
48274 3e-006
48275 3e-006
48276 3e-006
48277 3e-006
48278 3e-006
48279 3e-006
48280 3e-006
48281 3e-006
48282 3e-006
48283 3e-006
48284 3e-006
48285 3e-006
48286 3e-006
48287 3e-006
48288 3e-006
48289 3e-006
48290 3e-006
48291 3e-006
48292 3e-006
48293 3e-006
48294 3e-006
48295 3e-006
48296 3e-006
48297 3e-006
48298 3e-006
48299 3e-006
48300 3e-006
48301 3e-006
48302 3e-006
48303 3e-006
48304 3e-006
48305 3e-006
48306 3e-006
48307 3e-006
48308 3e-006
48309 3e-006
48310 3e-006
48311 3e-006
48312 3e-006
48313 3e-006
48314 3e-006
48315 3e-006
48316 3e-006
48317 3e-006
48318 3e-006
48319 3e-006
48320 3e-006
48321 3e-006
48322 3e-006
48323 3e-006
48324 3e-006
48325 3e-006
48326 3e-006
48327 3e-006
48328 3e-006
48329 3e-006
48330 3e-006
48331 3e-006
48332 3e-006
48333 3e-006
48334 3e-006
48335 3e-006
48336 3e-006
48337 3e-006
48338 3e-006
48339 3e-006
48340 3e-006
48341 3e-006
48342 3e-006
48343 3e-006
48344 3e-006
48345 3e-006
48346 3e-006
48347 3e-006
48348 3e-006
48349 3e-006
48350 3.31875e-006
48351 3e-006
48352 3e-006
48353 3e-006
48354 3e-006
48355 3e-006
48356 3e-006
48357 3e-006
48358 3e-006
48359 3e-006
48360 3e-006
48361 3e-006
48362 3e-006
48363 3e-006
48364 3e-006
48365 3e-006
48366 3e-006
48367 3e-006
48368 3e-006
48369 3e-006
48370 3e-006
48371 3e-006
48372 3e-006
48373 3e-006
48374 3e-006
48375 3e-006
48376 3e-006
48377 3e-006
48378 3e-006
48379 3e-006
48380 3.31875e-006
48381 3e-006
48382 3e-006
48383 3e-006
48384 3e-006
48385 3e-006
48386 3e-006
48387 3e-006
48388 3e-006
48389 3e-006
48390 3e-006
48391 3e-006
48392 3e-006
48393 3e-006
48394 3e-006
48395 3e-006
48396 3e-006
48397 3e-006
48398 3e-006
48399 3e-006
48400 3e-006
48401 3e-006
48402 3e-006
48403 3e-006
48404 3e-006
48405 3e-006
48406 3e-006
48407 3e-006
48408 3e-006
48409 3e-006
48410 3e-006
48411 3e-006
48412 3e-006
48413 3e-006
48414 3e-006
48415 3e-006
48416 3e-006
48417 3e-006
48418 3e-006
48419 3e-006
48420 3e-006
48421 3e-006
48422 3e-006
48423 3e-006
48424 3.31875e-006
48425 3e-006
48426 3e-006
48427 3e-006
48428 3e-006
48429 3e-006
48430 3e-006
48431 3e-006
48432 3e-006
48433 3e-006
48434 3e-006
48435 3e-006
48436 3e-006
48437 3e-006
48438 3e-006
48439 3e-006
48440 3e-006
48441 3e-006
48442 3e-006
48443 3e-006
48444 3e-006
48445 3e-006
48446 3e-006
48447 3e-006
48448 3e-006
48449 3e-006
48450 3e-006
48451 3e-006
48452 3e-006
48453 3e-006
48454 3e-006
48455 3e-006
48456 3e-006
48457 3.31875e-006
48458 3e-006
48459 3e-006
48460 3e-006
48461 3e-006
48462 3e-006
48463 3e-006
48464 3e-006
48465 3e-006
48466 3e-006
48467 3e-006
48468 3e-006
48469 3.31875e-006
48470 3e-006
48471 3e-006
48472 3e-006
48473 3e-006
48474 3e-006
48475 3.31875e-006
48476 3e-006
48477 3e-006
48478 3e-006
48479 3e-006
48480 3e-006
48481 3e-006
48482 3e-006
48483 3e-006
48484 3e-006
48485 3e-006
48486 3e-006
48487 3e-006
48488 3e-006
48489 3e-006
48490 3e-006
48491 3e-006
48492 3e-006
48493 3e-006
48494 3e-006
48495 3e-006
48496 3e-006
48497 3e-006
48498 3e-006
48499 3e-006
48500 3e-006
48501 3e-006
48502 3e-006
48503 3e-006
48504 3e-006
48505 3e-006
48506 3e-006
48507 3e-006
48508 3e-006
48509 3e-006
48510 3e-006
48511 3e-006
48512 3e-006
48513 3e-006
48514 3e-006
48515 3e-006
48516 3e-006
48517 3e-006
48518 3e-006
48519 3e-006
48520 3e-006
48521 3e-006
48522 3e-006
48523 3e-006
48524 3e-006
48525 3e-006
48526 3e-006
48527 3e-006
48528 3e-006
48529 3e-006
48530 3e-006
48531 3e-006
48532 3e-006
48533 3e-006
48534 3.31875e-006
48535 3e-006
48536 3e-006
48537 3e-006
48538 3e-006
48539 3e-006
48540 3e-006
48541 3e-006
48542 3e-006
48543 3e-006
48544 3e-006
48545 3e-006
48546 3e-006
48547 3e-006
48548 3e-006
48549 3e-006
48550 3e-006
48551 3e-006
48552 3e-006
48553 3e-006
48554 3e-006
48555 3e-006
48556 3e-006
48557 3e-006
48558 3e-006
48559 3e-006
48560 3e-006
48561 3e-006
48562 3e-006
48563 3e-006
48564 3e-006
48565 3e-006
48566 3e-006
48567 3e-006
48568 3e-006
48569 3e-006
48570 3e-006
48571 3e-006
48572 3e-006
48573 3e-006
48574 3e-006
48575 3e-006
48576 3e-006
48577 3e-006
48578 3e-006
48579 3e-006
48580 3e-006
48581 3e-006
48582 3e-006
48583 3e-006
48584 3e-006
48585 3e-006
48586 3e-006
48587 3e-006
48588 3e-006
48589 3e-006
48590 3e-006
48591 3e-006
48592 3e-006
48593 3e-006
48594 3e-006
48595 3e-006
48596 3e-006
48597 3e-006
48598 3e-006
48599 3e-006
48600 3e-006
48601 3e-006
48602 3e-006
48603 3e-006
48604 3e-006
48605 3e-006
48606 3e-006
48607 3e-006
48608 3e-006
48609 3e-006
48610 3e-006
48611 3e-006
48612 3e-006
48613 3e-006
48614 3e-006
48615 3e-006
48616 3e-006
48617 3e-006
48618 3e-006
48619 3e-006
48620 3e-006
48621 3e-006
48622 3e-006
48623 3e-006
48624 3e-006
48625 3e-006
48626 3e-006
48627 3e-006
48628 3e-006
48629 3e-006
48630 3e-006
48631 3e-006
48632 3e-006
48633 3e-006
48634 3e-006
48635 3e-006
48636 3e-006
48637 3e-006
48638 3e-006
48639 3e-006
48640 3e-006
48641 3e-006
48642 3e-006
48643 3e-006
48644 3e-006
48645 3e-006
48646 3e-006
48647 3e-006
48648 3e-006
48649 3e-006
48650 3e-006
48651 3e-006
48652 3e-006
48653 3e-006
48654 3e-006
48655 3e-006
48656 3e-006
48657 3e-006
48658 3e-006
48659 3e-006
48660 3e-006
48661 3e-006
48662 3e-006
48663 3e-006
48664 3e-006
48665 3e-006
48666 3e-006
48667 3e-006
48668 3e-006
48669 3e-006
48670 3e-006
48671 3e-006
48672 3e-006
48673 3e-006
48674 3e-006
48675 3e-006
48676 3e-006
48677 3e-006
48678 3e-006
48679 3e-006
48680 3e-006
48681 3e-006
48682 3e-006
48683 3e-006
48684 3e-006
48685 3e-006
48686 3e-006
48687 3e-006
48688 3e-006
48689 3e-006
48690 3e-006
48691 3e-006
48692 3e-006
48693 3e-006
48694 3e-006
48695 3e-006
48696 3e-006
48697 3e-006
48698 3e-006
48699 3e-006
48700 3e-006
48701 3e-006
48702 3e-006
48703 3e-006
48704 3e-006
48705 3e-006
48706 3e-006
48707 3e-006
48708 3e-006
48709 3e-006
48710 3e-006
48711 3e-006
48712 3e-006
48713 3.6375e-006
48714 3e-006
48715 3e-006
48716 3e-006
48717 3e-006
48718 3.31875e-006
48719 3e-006
48720 3e-006
48721 3e-006
48722 3.31875e-006
48723 3e-006
48724 3e-006
48725 3e-006
48726 3e-006
48727 3e-006
48728 3e-006
48729 3e-006
48730 3e-006
48731 3e-006
48732 3e-006
48733 3e-006
48734 3e-006
48735 3e-006
48736 3e-006
48737 3e-006
48738 3e-006
48739 3e-006
48740 3e-006
48741 3e-006
48742 3e-006
48743 3e-006
48744 3e-006
48745 3e-006
48746 3e-006
48747 3e-006
48748 3e-006
48749 3e-006
48750 3e-006
48751 3e-006
48752 3e-006
48753 3e-006
48754 3e-006
48755 3e-006
48756 3e-006
48757 3e-006
48758 3e-006
48759 3e-006
48760 3e-006
48761 3e-006
48762 3e-006
48763 3e-006
48764 3e-006
48765 3e-006
48766 3e-006
48767 3e-006
48768 3e-006
48769 3e-006
48770 3e-006
48771 3e-006
48772 3e-006
48773 3e-006
48774 3e-006
48775 3e-006
48776 3e-006
48777 3e-006
48778 3e-006
48779 3e-006
48780 3e-006
48781 3e-006
48782 3e-006
48783 3e-006
48784 3e-006
48785 3e-006
48786 3e-006
48787 3e-006
48788 3e-006
48789 3e-006
48790 3e-006
48791 3e-006
48792 3e-006
48793 3e-006
48794 3e-006
48795 3e-006
48796 3e-006
48797 3e-006
48798 3e-006
48799 3e-006
48800 3e-006
48801 3e-006
48802 3e-006
48803 3e-006
48804 3e-006
48805 3e-006
48806 3e-006
48807 3e-006
48808 3e-006
48809 3e-006
48810 3e-006
48811 3e-006
48812 3e-006
48813 3e-006
48814 3e-006
48815 3e-006
48816 3e-006
48817 3e-006
48818 3e-006
48819 3e-006
48820 3e-006
48821 3e-006
48822 3e-006
48823 3e-006
48824 3e-006
48825 3e-006
48826 3e-006
48827 3e-006
48828 3e-006
48829 3e-006
48830 3e-006
48831 3e-006
48832 3e-006
48833 3e-006
48834 3e-006
48835 3e-006
48836 3e-006
48837 3e-006
48838 3e-006
48839 3e-006
48840 3e-006
48841 3e-006
48842 3e-006
48843 3e-006
48844 3e-006
48845 3e-006
48846 3e-006
48847 3e-006
48848 3e-006
48849 3e-006
48850 3e-006
48851 3e-006
48852 3e-006
48853 3e-006
48854 3e-006
48855 3e-006
48856 3e-006
48857 3e-006
48858 3e-006
48859 3e-006
48860 3e-006
48861 3e-006
48862 3e-006
48863 3e-006
48864 3e-006
48865 3.31875e-006
48866 3e-006
48867 3.31875e-006
48868 3e-006
48869 3e-006
48870 3e-006
48871 3e-006
48872 3e-006
48873 3e-006
48874 3e-006
48875 3e-006
48876 3e-006
48877 3e-006
48878 3e-006
48879 3e-006
48880 3e-006
48881 3e-006
48882 3e-006
48883 3e-006
48884 3e-006
48885 3e-006
48886 3e-006
48887 3e-006
48888 3e-006
48889 3e-006
48890 3e-006
48891 3e-006
48892 3e-006
48893 3e-006
48894 3e-006
48895 3e-006
48896 3.31875e-006
48897 3e-006
48898 3e-006
48899 3e-006
48900 3e-006
48901 3e-006
48902 3e-006
48903 3e-006
48904 3e-006
48905 3e-006
48906 3e-006
48907 3e-006
48908 3e-006
48909 3e-006
48910 3e-006
48911 3e-006
48912 3e-006
48913 3e-006
48914 3e-006
48915 3e-006
48916 3e-006
48917 3e-006
48918 3e-006
48919 3e-006
48920 3e-006
48921 3e-006
48922 3e-006
48923 3e-006
48924 3e-006
48925 3e-006
48926 3e-006
48927 3e-006
48928 3e-006
48929 3e-006
48930 3e-006
48931 3e-006
48932 3e-006
48933 3e-006
48934 3e-006
48935 3e-006
48936 3e-006
48937 3e-006
48938 3e-006
48939 3e-006
48940 3e-006
48941 3e-006
48942 3e-006
48943 3e-006
48944 3e-006
48945 3e-006
48946 3e-006
48947 3e-006
48948 3e-006
48949 3e-006
48950 3e-006
48951 3e-006
48952 3e-006
48953 3e-006
48954 3e-006
48955 3e-006
48956 3e-006
48957 3e-006
48958 3e-006
48959 3e-006
48960 3e-006
48961 3e-006
48962 3e-006
48963 3e-006
48964 3e-006
48965 3.31875e-006
48966 3e-006
48967 3e-006
48968 3e-006
48969 3e-006
48970 3e-006
48971 3e-006
48972 3e-006
48973 3e-006
48974 3e-006
48975 3e-006
48976 3.31875e-006
48977 3e-006
48978 3e-006
48979 3e-006
48980 3e-006
48981 3e-006
48982 3e-006
48983 3e-006
48984 3e-006
48985 3e-006
48986 3e-006
48987 3e-006
48988 3e-006
48989 3e-006
48990 3e-006
48991 3e-006
48992 3e-006
48993 3e-006
48994 3e-006
48995 3e-006
48996 3e-006
48997 3e-006
48998 3.31875e-006
48999 3e-006
49000 3e-006
49001 3e-006
49002 3e-006
49003 3e-006
49004 3e-006
49005 3e-006
49006 3e-006
49007 3e-006
49008 3e-006
49009 3e-006
49010 3.31875e-006
49011 3e-006
49012 3e-006
49013 3e-006
49014 3e-006
49015 3e-006
49016 3e-006
49017 3e-006
49018 3e-006
49019 3e-006
49020 3e-006
49021 3e-006
49022 3e-006
49023 3e-006
49024 3e-006
49025 3e-006
49026 3e-006
49027 3e-006
49028 3e-006
49029 3e-006
49030 3e-006
49031 3e-006
49032 3e-006
49033 3e-006
49034 3e-006
49035 3e-006
49036 3e-006
49037 3e-006
49038 3e-006
49039 3e-006
49040 3e-006
49041 3e-006
49042 3e-006
49043 3e-006
49044 3e-006
49045 3e-006
49046 3e-006
49047 3e-006
49048 3e-006
49049 3e-006
49050 3e-006
49051 3e-006
49052 3.31875e-006
49053 3e-006
49054 3e-006
49055 3e-006
49056 3e-006
49057 3e-006
49058 3e-006
49059 3e-006
49060 3e-006
49061 3e-006
49062 3e-006
49063 3e-006
49064 3e-006
49065 3e-006
49066 3e-006
49067 3e-006
49068 3e-006
49069 3e-006
49070 3e-006
49071 3e-006
49072 3e-006
49073 3e-006
49074 3.31875e-006
49075 3e-006
49076 3e-006
49077 3e-006
49078 3e-006
49079 3e-006
49080 3e-006
49081 3e-006
49082 3e-006
49083 3e-006
49084 3e-006
49085 3e-006
49086 3e-006
49087 3e-006
49088 3e-006
49089 3e-006
49090 3e-006
49091 3e-006
49092 3e-006
49093 3e-006
49094 3e-006
49095 3e-006
49096 3e-006
49097 3e-006
49098 3e-006
49099 3e-006
49100 3e-006
49101 3e-006
49102 3e-006
49103 3e-006
49104 3e-006
49105 3e-006
49106 3e-006
49107 3e-006
49108 3e-006
49109 3e-006
49110 3e-006
49111 3e-006
49112 3e-006
49113 3e-006
49114 3e-006
49115 3e-006
49116 3e-006
49117 3e-006
49118 3e-006
49119 3e-006
49120 3e-006
49121 3e-006
49122 3e-006
49123 3e-006
49124 3e-006
49125 3.31875e-006
49126 3e-006
49127 3e-006
49128 3e-006
49129 3e-006
49130 3e-006
49131 3e-006
49132 3e-006
49133 3e-006
49134 3e-006
49135 3e-006
49136 3e-006
49137 3e-006
49138 3e-006
49139 3e-006
49140 3e-006
49141 3e-006
49142 3e-006
49143 3e-006
49144 3e-006
49145 3.31875e-006
49146 3e-006
49147 3e-006
49148 3e-006
49149 3e-006
49150 3e-006
49151 3e-006
49152 3e-006
49153 3e-006
49154 3e-006
49155 3e-006
49156 3e-006
49157 3e-006
49158 3e-006
49159 3e-006
49160 3e-006
49161 3e-006
49162 3e-006
49163 3e-006
49164 3e-006
49165 3e-006
49166 3e-006
49167 3e-006
49168 3e-006
49169 3e-006
49170 3e-006
49171 3e-006
49172 3e-006
49173 3e-006
49174 3e-006
49175 3e-006
49176 3e-006
49177 3e-006
49178 3e-006
49179 3e-006
49180 3e-006
49181 3e-006
49182 3e-006
49183 3e-006
49184 3e-006
49185 3e-006
49186 3e-006
49187 3e-006
49188 3e-006
49189 3e-006
49190 3e-006
49191 3e-006
49192 3e-006
49193 3e-006
49194 3e-006
49195 3e-006
49196 3e-006
49197 3e-006
49198 3e-006
49199 3e-006
49200 3e-006
49201 3e-006
49202 3e-006
49203 3e-006
49204 3e-006
49205 3e-006
49206 3e-006
49207 3e-006
49208 3e-006
49209 3e-006
49210 3e-006
49211 3e-006
49212 3e-006
49213 3e-006
49214 3e-006
49215 3e-006
49216 3e-006
49217 3e-006
49218 3e-006
49219 3e-006
49220 3e-006
49221 3e-006
49222 3e-006
49223 3e-006
49224 3e-006
49225 3e-006
49226 3e-006
49227 3e-006
49228 3e-006
49229 3e-006
49230 3e-006
49231 3e-006
49232 3e-006
49233 3e-006
49234 3e-006
49235 3e-006
49236 3e-006
49237 3e-006
49238 3e-006
49239 3e-006
49240 3e-006
49241 3e-006
49242 3e-006
49243 3e-006
49244 3e-006
49245 3e-006
49246 3e-006
49247 3e-006
49248 3e-006
49249 3e-006
49250 3e-006
49251 3.31875e-006
49252 3e-006
49253 3e-006
49254 3e-006
49255 3e-006
49256 3e-006
49257 3e-006
49258 3e-006
49259 3e-006
49260 3e-006
49261 3.31875e-006
49262 3e-006
49263 3e-006
49264 3e-006
49265 3e-006
49266 3.31875e-006
49267 3e-006
49268 3e-006
49269 3e-006
49270 3e-006
49271 3e-006
49272 3e-006
49273 3e-006
49274 3e-006
49275 3e-006
49276 3e-006
49277 3e-006
49278 3e-006
49279 3e-006
49280 3e-006
49281 3e-006
49282 3e-006
49283 3e-006
49284 3e-006
49285 3e-006
49286 3e-006
49287 3e-006
49288 3e-006
49289 3e-006
49290 3e-006
49291 3e-006
49292 3e-006
49293 3e-006
49294 3.31875e-006
49295 3e-006
49296 3e-006
49297 3e-006
49298 3e-006
49299 3e-006
49300 3e-006
49301 3e-006
49302 3e-006
49303 3e-006
49304 3e-006
49305 3e-006
49306 3e-006
49307 3e-006
49308 3e-006
49309 3e-006
49310 3e-006
49311 3e-006
49312 3e-006
49313 3e-006
49314 3e-006
49315 3e-006
49316 3e-006
49317 3e-006
49318 3e-006
49319 3e-006
49320 3e-006
49321 3e-006
49322 3e-006
49323 3e-006
49324 3e-006
49325 3e-006
49326 3e-006
49327 3e-006
49328 3e-006
49329 3e-006
49330 3e-006
49331 3e-006
49332 3e-006
49333 3e-006
49334 3e-006
49335 3e-006
49336 3e-006
49337 3e-006
49338 3e-006
49339 3e-006
49340 3e-006
49341 3e-006
49342 3e-006
49343 3e-006
49344 3e-006
49345 3e-006
49346 3e-006
49347 3e-006
49348 3e-006
49349 3e-006
49350 3e-006
49351 3e-006
49352 3e-006
49353 3e-006
49354 3e-006
49355 3e-006
49356 3e-006
49357 3e-006
49358 3e-006
49359 3e-006
49360 3e-006
49361 3e-006
49362 3e-006
49363 3e-006
49364 3e-006
49365 3e-006
49366 3e-006
49367 3e-006
49368 3e-006
49369 3e-006
49370 3e-006
49371 3e-006
49372 3e-006
49373 3e-006
49374 3e-006
49375 3e-006
49376 3e-006
49377 3e-006
49378 3e-006
49379 3e-006
49380 3e-006
49381 3e-006
49382 3e-006
49383 3e-006
49384 3e-006
49385 3e-006
49386 3e-006
49387 3e-006
49388 3e-006
49389 3e-006
49390 3e-006
49391 3e-006
49392 3e-006
49393 3e-006
49394 3e-006
49395 3e-006
49396 3e-006
49397 3e-006
49398 3e-006
49399 3e-006
49400 3e-006
49401 3e-006
49402 3e-006
49403 3e-006
49404 3e-006
49405 3e-006
49406 3e-006
49407 3e-006
49408 3e-006
49409 3e-006
49410 3e-006
49411 3e-006
49412 3e-006
49413 3e-006
49414 3e-006
49415 3e-006
49416 3e-006
49417 3e-006
49418 3e-006
49419 3e-006
49420 3e-006
49421 3e-006
49422 3e-006
49423 3e-006
49424 3e-006
49425 3e-006
49426 3e-006
49427 3e-006
49428 3e-006
49429 3e-006
49430 3e-006
49431 3e-006
49432 3e-006
49433 3e-006
49434 3.31875e-006
49435 3e-006
49436 3e-006
49437 3e-006
49438 3e-006
49439 3e-006
49440 3e-006
49441 3e-006
49442 3e-006
49443 3.31875e-006
49444 3e-006
49445 3e-006
49446 3e-006
49447 3e-006
49448 3e-006
49449 3e-006
49450 3e-006
49451 3e-006
49452 3e-006
49453 3e-006
49454 3e-006
49455 3e-006
49456 3e-006
49457 3e-006
49458 3e-006
49459 3e-006
49460 3e-006
49461 3e-006
49462 3e-006
49463 3e-006
49464 3e-006
49465 3e-006
49466 3e-006
49467 3e-006
49468 3e-006
49469 3e-006
49470 3e-006
49471 3e-006
49472 3e-006
49473 3e-006
49474 3e-006
49475 3e-006
49476 3e-006
49477 3e-006
49478 3e-006
49479 3e-006
49480 3e-006
49481 3e-006
49482 3e-006
49483 3e-006
49484 3e-006
49485 3e-006
49486 3e-006
49487 3e-006
49488 3e-006
49489 3e-006
49490 3e-006
49491 3e-006
49492 3e-006
49493 3e-006
49494 3e-006
49495 3e-006
49496 3e-006
49497 3e-006
49498 3e-006
49499 3e-006
49500 3e-006
49501 3e-006
49502 3e-006
49503 3e-006
49504 3e-006
49505 3e-006
49506 3e-006
49507 3e-006
49508 3e-006
49509 3e-006
49510 3e-006
49511 3e-006
49512 3e-006
49513 3e-006
49514 3e-006
49515 3e-006
49516 3e-006
49517 3e-006
49518 3e-006
49519 3e-006
49520 3e-006
49521 3e-006
49522 3e-006
49523 3e-006
49524 3e-006
49525 3e-006
49526 3e-006
49527 3e-006
49528 3e-006
49529 3e-006
49530 3e-006
49531 3e-006
49532 3e-006
49533 3e-006
49534 3e-006
49535 3e-006
49536 3e-006
49537 3e-006
49538 3e-006
49539 3e-006
49540 3e-006
49541 3e-006
49542 3e-006
49543 3e-006
49544 3e-006
49545 3e-006
49546 3e-006
49547 3e-006
49548 3e-006
49549 3e-006
49550 3e-006
49551 3e-006
49552 3e-006
49553 3e-006
49554 3e-006
49555 3e-006
49556 3e-006
49557 3e-006
49558 3e-006
49559 3e-006
49560 3e-006
49561 3e-006
49562 3e-006
49563 3.31875e-006
49564 3e-006
49565 3e-006
49566 3e-006
49567 3e-006
49568 3e-006
49569 3e-006
49570 3e-006
49571 3e-006
49572 3e-006
49573 3e-006
49574 3e-006
49575 3e-006
49576 3e-006
49577 3e-006
49578 3e-006
49579 3e-006
49580 3e-006
49581 3e-006
49582 3e-006
49583 3e-006
49584 3e-006
49585 3e-006
49586 3e-006
49587 3e-006
49588 3e-006
49589 3e-006
49590 3e-006
49591 3e-006
49592 3e-006
49593 3e-006
49594 3e-006
49595 3e-006
49596 3e-006
49597 3e-006
49598 3e-006
49599 3e-006
49600 3e-006
49601 3e-006
49602 3e-006
49603 3e-006
49604 3e-006
49605 3e-006
49606 3e-006
49607 3e-006
49608 3e-006
49609 3e-006
49610 3e-006
49611 3e-006
49612 3e-006
49613 3e-006
49614 3e-006
49615 3e-006
49616 3e-006
49617 3e-006
49618 3e-006
49619 3e-006
49620 3e-006
49621 3e-006
49622 3e-006
49623 3e-006
49624 3e-006
49625 3e-006
49626 3e-006
49627 3e-006
49628 3e-006
49629 3e-006
49630 3e-006
49631 3e-006
49632 3e-006
49633 3e-006
49634 3e-006
49635 3e-006
49636 3e-006
49637 3.31875e-006
49638 3e-006
49639 3e-006
49640 3e-006
49641 3e-006
49642 3e-006
49643 3e-006
49644 3e-006
49645 3e-006
49646 3e-006
49647 3e-006
49648 3e-006
49649 3e-006
49650 3e-006
49651 3e-006
49652 3e-006
49653 3e-006
49654 3e-006
49655 3e-006
49656 3e-006
49657 3e-006
49658 3e-006
49659 3e-006
49660 3e-006
49661 3e-006
49662 3e-006
49663 3e-006
49664 3e-006
49665 3e-006
49666 3e-006
49667 3e-006
49668 3e-006
49669 3e-006
49670 3e-006
49671 3e-006
49672 3e-006
49673 3e-006
49674 3e-006
49675 3e-006
49676 3e-006
49677 3e-006
49678 3e-006
49679 3e-006
49680 3e-006
49681 3e-006
49682 3e-006
49683 3e-006
49684 3e-006
49685 3e-006
49686 3e-006
49687 3e-006
49688 3e-006
49689 3e-006
49690 3e-006
49691 3e-006
49692 3e-006
49693 3e-006
49694 3e-006
49695 3e-006
49696 3e-006
49697 3e-006
49698 3e-006
49699 3e-006
49700 3e-006
49701 3e-006
49702 3e-006
49703 3e-006
49704 3e-006
49705 3e-006
49706 3e-006
49707 3e-006
49708 3e-006
49709 3e-006
49710 3e-006
49711 3e-006
49712 3e-006
49713 3e-006
49714 3e-006
49715 3e-006
49716 3e-006
49717 3e-006
49718 3e-006
49719 3e-006
49720 3e-006
49721 3e-006
49722 3e-006
49723 3e-006
49724 3e-006
49725 3e-006
49726 3e-006
49727 3e-006
49728 3e-006
49729 3e-006
49730 3e-006
49731 3e-006
49732 3e-006
49733 3e-006
49734 3e-006
49735 3e-006
49736 3e-006
49737 3e-006
49738 3e-006
49739 3e-006
49740 3e-006
49741 3e-006
49742 3e-006
49743 3e-006
49744 3e-006
49745 3e-006
49746 3e-006
49747 3e-006
49748 3e-006
49749 3e-006
49750 3e-006
49751 3e-006
49752 3e-006
49753 3e-006
49754 3e-006
49755 3e-006
49756 3e-006
49757 3e-006
49758 3e-006
49759 3e-006
49760 3e-006
49761 3e-006
49762 3e-006
49763 3e-006
49764 3e-006
49765 3e-006
49766 3e-006
49767 3e-006
49768 3e-006
49769 3e-006
49770 3e-006
49771 3e-006
49772 3e-006
49773 3e-006
49774 3e-006
49775 3e-006
49776 3e-006
49777 3e-006
49778 3e-006
49779 3e-006
49780 3e-006
49781 3e-006
49782 3e-006
49783 3e-006
49784 3e-006
49785 3e-006
49786 3e-006
49787 3e-006
49788 3e-006
49789 3e-006
49790 3e-006
49791 3e-006
49792 3e-006
49793 3e-006
49794 3e-006
49795 3e-006
49796 3e-006
49797 3e-006
49798 3e-006
49799 3e-006
49800 3e-006
49801 3e-006
49802 3e-006
49803 3e-006
49804 3e-006
49805 3e-006
49806 3e-006
49807 3e-006
49808 3e-006
49809 3e-006
49810 3e-006
49811 3e-006
49812 3e-006
49813 3e-006
49814 3e-006
49815 3e-006
49816 3e-006
49817 3e-006
49818 3e-006
49819 3e-006
49820 3e-006
49821 3e-006
49822 3e-006
49823 3e-006
49824 3e-006
49825 3e-006
49826 3e-006
49827 3e-006
49828 3e-006
49829 3e-006
49830 3e-006
49831 3e-006
49832 3e-006
49833 3e-006
49834 3e-006
49835 3e-006
49836 3e-006
49837 3e-006
49838 3e-006
49839 3e-006
49840 3e-006
49841 3e-006
49842 3e-006
49843 3e-006
49844 3e-006
49845 3e-006
49846 3e-006
49847 3e-006
49848 3e-006
49849 3e-006
49850 3e-006
49851 3e-006
49852 3e-006
49853 3e-006
49854 3e-006
49855 3e-006
49856 3e-006
49857 3e-006
49858 3e-006
49859 3e-006
49860 3e-006
49861 3e-006
49862 3e-006
49863 3e-006
49864 3e-006
49865 3e-006
49866 3e-006
49867 3e-006
49868 3e-006
49869 3e-006
49870 3e-006
49871 3e-006
49872 3e-006
49873 3e-006
49874 3e-006
49875 3e-006
49876 3e-006
49877 3e-006
49878 3e-006
49879 3e-006
49880 3e-006
49881 3e-006
49882 3e-006
49883 3e-006
49884 3e-006
49885 3e-006
49886 3e-006
49887 3e-006
49888 3e-006
49889 3e-006
49890 3e-006
49891 3e-006
49892 3e-006
49893 3e-006
49894 3e-006
49895 3e-006
49896 3e-006
49897 3e-006
49898 3e-006
49899 3e-006
49900 3e-006
49901 3e-006
49902 3e-006
49903 3e-006
49904 3e-006
49905 3e-006
49906 3e-006
49907 3e-006
49908 3e-006
49909 3e-006
49910 3e-006
49911 3e-006
49912 3e-006
49913 3e-006
49914 3e-006
49915 3e-006
49916 3e-006
49917 3e-006
49918 3e-006
49919 3e-006
49920 3e-006
49921 3e-006
49922 3e-006
49923 3e-006
49924 3e-006
49925 3e-006
49926 3e-006
49927 3e-006
49928 3e-006
49929 3e-006
49930 3e-006
49931 3e-006
49932 3e-006
49933 3e-006
49934 3e-006
49935 3e-006
49936 3e-006
49937 3e-006
49938 3e-006
49939 3e-006
49940 3e-006
49941 3e-006
49942 3e-006
49943 3e-006
49944 3e-006
49945 3e-006
49946 3e-006
49947 3e-006
49948 3e-006
49949 3e-006
49950 3e-006
49951 3e-006
49952 3e-006
49953 3e-006
49954 3e-006
49955 3e-006
49956 3e-006
49957 3e-006
49958 3e-006
49959 3e-006
49960 3e-006
49961 3e-006
49962 3e-006
49963 3e-006
49964 3e-006
49965 3e-006
49966 3e-006
49967 3e-006
49968 3e-006
49969 3e-006
49970 3e-006
49971 3e-006
49972 3e-006
49973 3e-006
49974 3e-006
49975 3e-006
49976 3e-006
49977 3e-006
49978 3e-006
49979 3e-006
49980 3e-006
49981 3e-006
49982 3e-006
49983 3e-006
49984 3e-006
49985 3e-006
49986 3e-006
49987 3e-006
49988 3e-006
49989 3e-006
49990 3e-006
49991 3e-006
49992 3e-006
49993 3e-006
49994 3e-006
49995 3e-006
49996 3e-006
49997 3e-006
49998 3e-006
49999 3e-006
Sum of ranks: 0.999595
Iterations: 9
Converged: True
Execution time: 69 ms