Algorithm: Kruskal's MST
MST Edges:
19 8410 1
41 4948 1
55 5608 1
71 9049 1
82 8019 1
121 9588 1
121 9817 1
145 5355 1
150 2792 1
152 3649 1
162 6194 1
165 1943 1
241 7646 1
285 6751 1
287 1641 1
330 7984 1
336 2614 1
336 4937 1
344 9538 1
360 1157 1
360 7917 1
365 8354 1
385 1592 1
393 6839 1
400 4406 1
414 6595 1
420 1793 1
447 4729 1
452 6333 1
463 6609 1
476 6723 1
487 954 1
490 6308 1
503 8762 1
510 4319 1
542 8402 1
561 4837 1
566 4381 1
569 3791 1
578 5526 1
606 615 1
618 4029 1
623 3325 1
660 1573 1
688 4271 1
698 2028 1
726 3028 1
773 8115 1
799 8936 1
816 8487 1
824 6519 1
826 6431 1
832 7918 1
834 2944 1
842 8055 1
863 6629 1
869 5563 1
882 6583 1
895 5256 1
924 9409 1
933 2330 1
980 1349 1
991 1425 1
995 6109 1
1013 7538 1
1015 3816 1
1032 7826 1
1033 8191 1
1036 6593 1
1039 7905 1
1040 7878 1
1053 2040 1
1053 9294 1
1066 8323 1
1095 1429 1
1107 9072 1
1139 2457 1
1158 9376 1
1206 3686 1
1216 9257 1
1220 5947 1
1238 9993 1
1302 8115 1
1324 6107 1
1345 9607 1
1346 2070 1
1362 6451 1
1371 7758 1
1383 5894 1
1410 5193 1
1436 2564 1
1459 4036 1
1467 3194 1
1474 9095 1
1489 8789 1
1500 3061 1
1513 4853 1
1578 9566 1
1595 7384 1
1608 6809 1
1610 3493 1
1648 5221 1
1666 3450 1
1678 6013 1
1684 9737 1
1689 3831 1
1715 9137 1
1732 9336 1
1774 4985 1
1800 4621 1
1819 4156 1
1878 4306 1
1893 6131 1
1916 6609 1
1954 5646 1
1961 4041 1
1969 6567 1
1975 3128 1
1988 4410 1
1988 9693 1
1997 6916 1
2041 6948 1
2044 4902 1
2099 2937 1
2117 2393 1
2158 4469 1
2168 5056 1
2180 9541 1
2215 4805 1
2227 3395 1
2243 3696 1
2247 3406 1
2255 4486 1
2262 4636 1
2266 9234 1
2268 8084 1
2269 7130 1
2298 8811 1
2298 9316 1
2306 9498 1
2311 6332 1
2329 9784 1
2350 7047 1
2374 6650 1
2394 3789 1
2419 8337 1
2431 9139 1
2452 3129 1
2469 5923 1
2522 7979 1
2523 3907 1
2536 9022 1
2575 9220 1
2592 9654 1
2611 6283 1
2625 8686 1
2658 6294 1
2718 4172 1
2752 9767 1
2779 6897 1
2788 7315 1
2795 8693 1
2818 3787 1
2825 5523 1
2841 7060 1
2966 6791 1
3032 9198 1
3042 3172 1
3082 6765 1
3095 3206 1
3107 7440 1
3175 4236 1
3256 5367 1
3293 8736 1
3312 5977 1
3386 9060 1
3426 7231 1
3436 4485 1
3476 7263 1
3481 7099 1
3486 4498 1
3506 6974 1
3545 5939 1
3570 4000 1
3598 9862 1
3628 5202 1
3639 4849 1
3643 8374 1
3643 8891 1
3668 9522 1
3682 3816 1
3695 5252 1
3713 4980 1
3721 4712 1
3809 7742 1
3826 9886 1
3857 5324 1
3943 8783 1
3957 6358 1
3958 9297 1
3967 4123 1
4009 5501 1
4050 7483 1
4056 5813 1
4059 4586 1
4078 5566 1
4117 5112 1
4128 6502 1
4131 5153 1
4146 6831 1
4156 6257 1
4186 8913 1
4214 9217 1
4240 7304 1
4333 8311 1
4359 7841 1
4375 7201 1
4433 5318 1
4450 9586 1
4460 7998 1
4461 5054 1
4514 5773 1
4531 6366 1
4534 7116 1
4535 5693 1
4643 8172 1
4667 7513 1
4695 5944 1
4699 7890 1
4712 6269 1
4753 9148 1
4822 5355 1
4826 7631 1
4845 6623 1
4884 5111 1
4912 8297 1
4923 8985 1
4969 5841 1
5014 9295 1
5067 9508 1
5088 7038 1
5094 5903 1
5109 8198 1
5119 8148 1
5141 9088 1
5189 8873 1
5225 5838 1
5228 5854 1
5252 6359 1
5263 7751 1
5342 9773 1
5376 5583 1
5388 6666 1
5460 8929 1
5522 8997 1
5570 7762 1
5740 6025 1
5743 6027 1
5761 8220 1
5769 9327 1
5775 5954 1
5779 7196 1
5831 7076 1
5892 8782 1
5983 6458 1
5995 7129 1
6054 7932 1
6090 6641 1
6186 6437 1
6206 9744 1
6241 7357 1
6248 9817 1
6249 9360 1
6276 7007 1
6292 8492 1
6309 7786 1
6338 8351 1
6357 9087 1
6371 9641 1
6414 9539 1
6466 7637 1
6494 9880 1
6558 6852 1
6781 7108 1
6804 6908 1
6812 6955 1
6865 8393 1
7003 9344 1
7023 8343 1
7079 7815 1
7128 8892 1
7184 9246 1
7203 9578 1
7240 8704 1
7270 7713 1
7304 9723 1
7390 7830 1
7422 7748 1
7554 8313 1
7607 8880 1
7651 9042 1
7665 7753 1
7673 7738 1
7735 8861 1
7747 9575 1
7844 9846 1
7845 7887 1
7960 8144 1
8055 9363 1
8155 9975 1
8406 8979 1
8439 9123 1
8472 9048 1
8539 9241 1
8550 9129 1
8806 9061 1
9090 9768 1
9093 9346 1
9122 9980 1
9372 9696 1
9552 9770 1
9589 9791 1
20 155 2
33 6955 2
52 5051 2
62 3429 2
81 8932 2
81 9141 2
89 6601 2
112 9254 2
133 7422 2
148 6539 2
169 4719 2
174 1683 2
187 8912 2
214 1453 2
214 3916 2
230 9115 2
233 8239 2
250 1287 2
262 8094 2
270 4111 2
297 3266 2
344 5419 2
377 3167 2
411 1951 2
442 8855 2
467 8411 2
473 4584 2
475 2373 2
497 8392 2
578 2989 2
578 6968 2
587 2967 2
623 6267 2
627 7975 2
644 2076 2
661 9228 2
723 953 2
760 9301 2
769 8093 2
785 1233 2
820 8313 2
821 1794 2
826 8170 2
832 3763 2
896 2374 2
908 5404 2
920 3646 2
961 5973 2
965 8006 2
966 7258 2
968 2795 2
980 2503 2
987 6252 2
1009 5400 2
1011 7872 2
1050 6020 2
1053 3011 2
1059 1326 2
1094 8282 2
1095 2467 2
1106 6918 2
1215 3826 2
1222 4218 2
1243 1651 2
1260 6367 2
1279 5124 2
1288 4176 2
1293 9630 2
1300 6453 2
1301 3598 2
1318 9676 2
1324 3979 2
1361 6322 2
1367 3925 2
1377 9949 2
1391 1392 2
1438 6220 2
1449 8860 2
1453 3716 2
1491 5704 2
1512 8039 2
1515 8899 2
1548 7125 2
1589 8305 2
1592 2490 2
1608 2827 2
1649 5922 2
1659 7473 2
1660 2693 2
1737 6667 2
1742 6379 2
1824 7589 2
1837 2891 2
1841 6880 2
1894 6226 2
1912 3732 2
1916 6651 2
1920 2169 2
1942 4387 2
1955 5391 2
2023 4241 2
2038 8455 2
2067 9797 2
2069 8661 2
2084 2761 2
2088 4256 2
2088 8519 2
2091 3605 2
2096 2709 2
2129 4495 2
2171 5841 2
2234 3481 2
2273 3920 2
2300 7961 2
2307 4168 2
2350 6166 2
2390 5465 2
2400 4303 2
2403 2940 2
2412 6182 2
2415 2683 2
2417 2712 2
2441 5735 2
2465 9020 2
2496 4920 2
2502 8919 2
2521 8262 2
2534 6032 2
2577 3088 2
2630 6135 2
2632 5200 2
2652 4862 2
2662 4336 2
2672 8664 2
2673 8922 2
2688 9170 2
2689 5915 2
2729 5014 2
2730 6456 2
2744 9558 2
2749 7626 2
2752 5742 2
2860 9717 2
2865 5072 2
2908 7945 2
2909 3407 2
2921 3803 2
2935 9387 2
2949 6575 2
2954 9738 2
2974 3691 2
2982 6150 2
2990 3055 2
2994 8989 2
3018 5437 2
3019 9295 2
3032 3134 2
3104 8253 2
3105 8288 2
3126 6202 2
3126 9112 2
3152 6192 2
3155 3926 2
3166 6152 2
3191 4659 2
3201 8558 2
3276 7386 2
3297 5023 2
3346 8094 2
3367 6414 2
3376 9302 2
3403 8437 2
3423 8413 2
3447 6484 2
3469 7828 2
3545 6816 2
3569 5183 2
3634 8703 2
3697 5459 2
3697 6740 2
3702 5819 2
3703 3778 2
3736 7248 2
3745 9777 2
3829 9385 2
3869 5997 2
3904 7896 2
3908 7545 2
3928 6662 2
3931 7378 2
3997 8341 2
4028 9519 2
4040 5843 2
4076 4970 2
4079 6338 2
4115 6240 2
4139 9064 2
4151 5616 2
4164 7074 2
4180 8223 2
4239 7856 2
4241 7512 2
4268 7679 2
4289 8551 2
4359 5431 2
4365 9707 2
4482 9326 2
4499 5606 2
4571 8334 2
4649 6960 2
4652 8215 2
4652 8307 2
4689 6749 2
4783 8644 2
4824 6847 2
4867 8540 2
4873 9210 2
4885 7231 2
4903 7732 2
4909 7385 2
4918 7314 2
4956 7646 2
5006 5136 2
5033 6463 2
5091 8291 2
5175 5279 2
5246 6926 2
5261 8461 2
5274 7883 2
5293 6359 2
5296 8810 2
5314 5676 2
5358 6038 2
5366 8772 2
5388 8771 2
5437 8767 2
5473 9953 2
5488 6874 2
5526 6852 2
5532 5781 2
5560 8961 2
5577 9768 2
5609 8450 2
5640 8902 2
5665 7617 2
5668 9518 2
5810 7853 2
5827 7719 2
5904 6808 2
5993 7071 2
6061 8764 2
6062 8228 2
6138 9154 2
6185 6547 2
6192 8558 2
6256 9803 2
6258 7297 2
6392 9853 2
6393 7544 2
6403 9047 2
6449 6646 2
6513 6870 2
6572 7231 2
6579 8543 2
6602 7118 2
6629 7668 2
6662 8424 2
6775 9122 2
6811 9792 2
6832 7489 2
6945 7417 2
6978 7936 2
7072 9802 2
7108 9594 2
7112 8126 2
7171 9281 2
7195 7810 2
7201 8303 2
7227 8986 2
7498 8335 2
7572 9932 2
7624 9598 2
7643 9805 2
7821 9321 2
7842 8654 2
8009 9104 2
8284 9649 2
8321 8873 2
8383 9838 2
8437 9291 2
8460 9623 2
8526 9704 2
8576 8657 2
8576 9655 2
8608 8687 2
8763 8878 2
8790 9590 2
8883 9513 2
1 2784 3
91 9867 3
94 1486 3
126 6662 3
205 3472 3
250 2156 3
258 1292 3
264 6052 3
282 5990 3
290 4270 3
293 6622 3
302 7901 3
303 1782 3
332 3087 3
354 3884 3
408 4040 3
409 7634 3
425 2914 3
426 1439 3
449 3035 3
457 3838 3
540 8114 3
560 7185 3
568 4891 3
579 3607 3
594 8742 3
602 3670 3
617 5850 3
645 2503 3
650 9990 3
652 2549 3
675 2671 3
681 8199 3
690 7424 3
711 6075 3
760 1604 3
781 3102 3
806 4388 3
821 9166 3
854 8898 3
860 5579 3
869 5550 3
907 9180 3
948 7365 3
949 1913 3
985 1668 3
996 9105 3
1002 5830 3
1062 2838 3
1067 1774 3
1081 3614 3
1097 2881 3
1100 6508 3
1112 6872 3
1117 2730 3
1132 9436 3
1136 9416 3
1153 8157 3
1178 2464 3
1218 2016 3
1227 7379 3
1251 9339 3
1276 3435 3
1288 1373 3
1288 9836 3
1334 9774 3
1338 2260 3
1341 1907 3
1351 1401 3
1355 9314 3
1358 7227 3
1375 6304 3
1380 7611 3
1403 2796 3
1420 2436 3
1427 2384 3
1440 1624 3
1458 6861 3
1478 7600 3
1480 5179 3
1507 3529 3
1530 1905 3
1532 5306 3
1549 6551 3
1588 7743 3
1593 3073 3
1628 2253 3
1628 8320 3
1641 4367 3
1646 3461 3
1678 3471 3
1680 9070 3
1710 5404 3
1712 5393 3
1723 6056 3
1745 8072 3
1751 5125 3
1754 8050 3
1812 6738 3
1813 6953 3
1852 8604 3
1884 2376 3
1894 7365 3
1905 5725 3
1915 9548 3
1920 8440 3
1932 7349 3
1951 9016 3
1954 3794 3
2103 3131 3
2116 7358 3
2124 8249 3
2204 2285 3
2216 8601 3
2231 9528 3
2246 6224 3
2256 6302 3
2271 8923 3
2285 3086 3
2317 7621 3
2328 5965 3
2395 7278 3
2464 5941 3
2469 4852 3
2500 8588 3
2505 6056 3
2531 4093 3
2534 6225 3
2535 3063 3
2559 8243 3
2578 5139 3
2601 9569 3
2607 6522 3
2622 3223 3
2625 8989 3
2642 5294 3
2664 4426 3
2683 6179 3
2700 8253 3
2733 3874 3
2754 7928 3
2771 4842 3
2798 9602 3
2839 7863 3
2854 3620 3
2858 8266 3
2862 8937 3
2897 7467 3
2929 8147 3
2934 6842 3
2943 5441 3
2955 5803 3
2957 4308 3
2979 8493 3
2981 6194 3
3041 8592 3
3048 5805 3
3080 6022 3
3093 8536 3
3138 4200 3
3142 3410 3
3207 3217 3
3218 3920 3
3219 6647 3
3228 8229 3
3243 7790 3
3248 7023 3
3253 4412 3
3259 3688 3
3265 8014 3
3296 7656 3
3311 3928 3
3313 5886 3
3324 7590 3
3350 5802 3
3354 7988 3
3363 7575 3
3379 3992 3
3383 4948 3
3425 5399 3
3441 8765 3
3443 5195 3
3445 3650 3
3451 9677 3
3470 4541 3
3493 9688 3
3608 9145 3
3648 9205 3
3682 6761 3
3707 4950 3
3719 3928 3
3760 7492 3
3766 4372 3
3798 5737 3
3815 6211 3
3826 7969 3
3869 4017 3
3904 5514 3
3926 4254 3
3989 7598 3
3997 6229 3
4007 8911 3
4009 5057 3
4026 6243 3
4030 7404 3
4040 4490 3
4176 6747 3
4193 4850 3
4205 8287 3
4209 9500 3
4240 7635 3
4242 9264 3
4250 8299 3
4264 5007 3
4282 5232 3
4309 5160 3
4322 6190 3
4323 9623 3
4335 9290 3
4350 5542 3
4407 6852 3
4410 7182 3
4435 5373 3
4478 8492 3
4613 8267 3
4680 9078 3
4701 7486 3
4730 4867 3
4784 8801 3
4847 6985 3
4857 6836 3
4880 7935 3
4893 8763 3
4904 5800 3
4992 5062 3
5057 5863 3
5160 9102 3
5172 7492 3
5174 9265 3
5230 5667 3
5258 5674 3
5342 7259 3
5362 8150 3
5473 7081 3
5494 8044 3
5498 8108 3
5527 7837 3
5537 8541 3
5542 8260 3
5551 7152 3
5590 6688 3
5628 8465 3
5644 9436 3
5648 7120 3
5653 6632 3
5655 7785 3
5768 6502 3
5784 6674 3
5811 7074 3
5837 7188 3
5905 8297 3
6026 7477 3
6039 9759 3
6051 6356 3
6055 6187 3
6115 9101 3
6292 6891 3
6300 7136 3
6307 7989 3
6329 9438 3
6428 7752 3
6515 7774 3
6532 7847 3
6591 7092 3
6618 9714 3
6686 7044 3
6703 7409 3
6730 7021 3
6730 9649 3
6734 9652 3
6761 6849 3
6764 9954 3
6846 7160 3
6913 9824 3
7023 7901 3
7038 9587 3
7047 8955 3
7092 8073 3
7168 7815 3
7354 8892 3
7368 8515 3
7588 9547 3
7728 9554 3
7749 8019 3
7857 7994 3
7947 8847 3
7955 8778 3
7978 8432 3
8081 8232 3
8112 9006 3
8239 8970 3
8295 9733 3
8309 8621 3
8388 9303 3
8538 9919 3
8624 9161 3
8716 9411 3
8732 9204 3
8735 9673 3
8839 9364 3
9089 9336 3
9211 9654 3
9264 9622 3
9335 9525 3
9604 9608 3
9655 9678 3
9795 9930 3
2 1756 4
6 774 4
25 6040 4
38 4531 4
45 5980 4
85 7173 4
102 8550 4
137 4428 4
161 4037 4
182 5042 4
212 6157 4
219 6240 4
229 991 4
281 3562 4
301 5420 4
305 1581 4
310 8599 4
333 6990 4
396 6023 4
416 4507 4
418 7017 4
443 5036 4
446 1947 4
480 9956 4
516 2481 4
522 9464 4
524 7143 4
531 5459 4
535 4441 4
537 9688 4
555 2993 4
581 5284 4
646 4474 4
679 2704 4
715 3131 4
743 1735 4
758 1038 4
825 5742 4
832 3897 4
838 8262 4
839 5469 4
850 7726 4
859 5599 4
859 6935 4
877 9189 4
897 3741 4
909 6668 4
911 2826 4
917 8822 4
922 1303 4
944 976 4
968 5917 4
972 5054 4
1004 7163 4
1010 3229 4
1025 9277 4
1054 6318 4
1076 5617 4
1095 7538 4
1107 4657 4
1118 1411 4
1121 5382 4
1173 6317 4
1179 7096 4
1211 7792 4
1237 6684 4
1238 5148 4
1259 6061 4
1263 9215 4
1285 7936 4
1307 7176 4
1326 1996 4
1331 7007 4
1337 7640 4
1355 9790 4
1365 9884 4
1366 2865 4
1415 5852 4
1452 7204 4
1497 9600 4
1523 6979 4
1524 6682 4
1538 6509 4
1550 3746 4
1557 2563 4
1575 7258 4
1586 4684 4
1602 5046 4
1606 3585 4
1624 3301 4
1644 2120 4
1661 6891 4
1694 7673 4
1697 7385 4
1763 8164 4
1767 9220 4
1851 6509 4
1853 5396 4
1891 9560 4
1950 6950 4
2002 6608 4
2006 3178 4
2013 8350 4
2014 3174 4
2027 9131 4
2042 4544 4
2068 9291 4
2071 7996 4
2104 2569 4
2120 5786 4
2180 9167 4
2182 6561 4
2214 4449 4
2223 9429 4
2257 2468 4
2264 4343 4
2303 4479 4
2310 7680 4
2330 4476 4
2370 4043 4
2392 8460 4
2399 4585 4
2402 2764 4
2423 8016 4
2447 3843 4
2480 3066 4
2496 3402 4
2497 9740 4
2505 6092 4
2505 7820 4
2507 2941 4
2540 5031 4
2547 9244 4
2562 7027 4
2581 6800 4
2609 3265 4
2629 6129 4
2633 4606 4
2642 7316 4
2670 6020 4
2671 8510 4
2684 3895 4
2694 8481 4
2696 6862 4
2720 8931 4
2737 8362 4
2751 5769 4
2753 5735 4
2776 6453 4
2782 9249 4
2824 8453 4
2856 8275 4
2863 8317 4
2922 8000 4
2978 3689 4
2990 8741 4
3003 7526 4
3027 5995 4
3036 8598 4
3067 5665 4
3086 9625 4
3118 8363 4
3127 4858 4
3136 4059 4
3142 9028 4
3156 5825 4
3199 9781 4
3245 6183 4
3267 9220 4
3270 7284 4
3271 3307 4
3302 6179 4
3329 7535 4
3334 4077 4
3348 9808 4
3356 7778 4
3363 8365 4
3437 4995 4
3437 7275 4
3484 7375 4
3486 8043 4
3543 9796 4
3547 6003 4
3549 9658 4
3558 9408 4
3572 4825 4
3597 9366 4
3631 9153 4
3681 4694 4
3716 5160 4
3767 9590 4
3792 6724 4
3797 4402 4
3815 4149 4
3817 6102 4
3892 5494 4
3898 4455 4
4053 4472 4
4066 5255 4
4085 6529 4
4091 6134 4
4094 9010 4
4120 6847 4
4179 7608 4
4184 6103 4
4221 4899 4
4399 4738 4
4418 9736 4
4424 7740 4
4443 6920 4
4445 8389 4
4481 6483 4
4526 9653 4
4535 8325 4
4547 7298 4
4609 9401 4
4636 9643 4
4649 9965 4
4653 5118 4
4707 6980 4
4759 7325 4
4788 9299 4
4858 5207 4
4861 9222 4
4989 9033 4
5011 8989 4
5048 6750 4
5052 5302 4
5145 9709 4
5158 5764 4
5209 9755 4
5210 6162 4
5238 9209 4
5262 6130 4
5327 8485 4
5329 6618 4
5359 7917 4
5531 6610 4
5545 5562 4
5561 6516 4
5570 8719 4
5576 6171 4
5583 5734 4
5615 9266 4
5669 7423 4
5740 7290 4
5815 9091 4
5829 9410 4
5854 7333 4
5918 7932 4
5945 7894 4
5979 6995 4
6093 8029 4
6131 7082 4
6133 7086 4
6153 6999 4
6171 7069 4
6178 9278 4
6190 9744 4
6249 7540 4
6260 7265 4
6380 9455 4
6521 9970 4
6587 9316 4
6682 7493 4
6719 7893 4
6775 8139 4
6929 9793 4
6945 8687 4
6960 9788 4
6980 9577 4
7007 9000 4
7060 7317 4
7075 9063 4
7146 8188 4
7206 7481 4
7412 9979 4
7526 9320 4
7542 7660 4
7558 8435 4
7728 8886 4
7773 9907 4
7936 9781 4
7964 9937 4
8094 8734 4
8115 9128 4
8350 9682 4
8454 9154 4
8469 9519 4
8581 8617 4
8745 9757 4
8798 9415 4
8925 9875 4
8938 9728 4
9069 9487 4
9301 9477 4
9454 9472 4
41 3221 5
42 9447 5
61 3694 5
72 2622 5
75 9990 5
81 1415 5
84 112 5
95 8104 5
121 3889 5
197 3598 5
204 1637 5
227 4223 5
233 5864 5
271 1579 5
327 3453 5
334 8433 5
356 8728 5
411 2442 5
433 1673 5
437 8834 5
438 3398 5
482 9056 5
498 6099 5
578 1928 5
579 4575 5
591 1017 5
594 2128 5
605 5261 5
620 2264 5
622 7586 5
634 860 5
683 4044 5
716 7557 5
748 1103 5
794 5080 5
823 5360 5
829 7602 5
862 7940 5
874 8264 5
893 5495 5
903 1365 5
923 2098 5
956 8123 5
958 1853 5
972 3462 5
997 4867 5
998 6283 5
1024 6633 5
1069 8023 5
1098 8074 5
1105 9238 5
1124 9825 5
1151 8019 5
1159 6862 5
1174 8915 5
1258 1406 5
1284 2626 5
1305 4870 5
1308 6272 5
1308 9000 5
1326 1503 5
1403 2582 5
1427 3280 5
1430 1758 5
1464 8388 5
1482 4222 5
1497 6322 5
1501 4350 5
1514 3609 5
1546 8862 5
1593 9908 5
1599 3053 5
1600 6426 5
1608 2138 5
1608 7277 5
1624 7628 5
1675 5650 5
1686 2549 5
1697 3836 5
1723 6557 5
1746 8537 5
1757 9432 5
1766 6516 5
1787 4680 5
1789 5206 5
1801 2312 5
1805 2931 5
1837 1982 5
1844 4508 5
1845 6296 5
1849 9993 5
1854 4585 5
1879 3535 5
1883 7680 5
1885 8183 5
1890 6599 5
1896 3604 5
1958 9823 5
2042 5755 5
2044 6538 5
2147 8968 5
2177 5834 5
2178 6391 5
2209 5470 5
2351 8478 5
2387 3234 5
2446 9517 5
2457 2998 5
2459 9112 5
2489 5906 5
2496 5970 5
2546 3257 5
2576 5121 5
2593 5885 5
2611 7771 5
2618 5699 5
2625 4963 5
2629 7553 5
2683 9416 5
2691 2718 5
2730 3693 5
2780 3005 5
2801 5614 5
2807 6267 5
2815 5780 5
2833 5644 5
2849 7891 5
2891 9010 5
2991 5112 5
3001 5951 5
3024 9239 5
3041 6698 5
3048 5161 5
3056 3159 5
3085 4958 5
3088 9045 5
3099 4554 5
3122 8016 5
3197 9980 5
3232 4540 5
3241 6907 5
3252 8194 5
3291 8995 5
3345 7049 5
3378 8340 5
3378 9011 5
3380 9820 5
3463 6540 5
3469 3742 5
3469 8574 5
3507 3862 5
3509 6664 5
3551 3843 5
3604 7686 5
3611 9994 5
3629 6349 5
3649 9290 5
3667 7865 5
3698 4551 5
3701 5683 5
3715 6761 5
3726 4075 5
3742 6087 5
3783 4825 5
3794 8844 5
3828 4579 5
3841 8304 5
3869 8723 5
3932 5869 5
3990 7865 5
4012 6818 5
4033 9327 5
4047 9837 5
4073 7457 5
4097 4255 5
4114 4729 5
4139 6257 5
4161 5793 5
4178 6757 5
4248 9190 5
4264 5721 5
4282 8749 5
4328 9261 5
4346 4430 5
4368 6431 5
4411 8790 5
4479 8386 5
4538 7370 5
4541 6469 5
4570 8033 5
4642 7359 5
4705 6394 5
4763 4971 5
4912 8801 5
4982 7193 5
5090 8785 5
5104 5520 5
5151 8771 5
5191 6437 5
5211 9137 5
5216 8595 5
5232 5782 5
5312 9742 5
5313 7047 5
5373 7050 5
5383 8496 5
5508 8975 5
5521 8485 5
5562 5970 5
5585 8124 5
5591 7877 5
5622 7034 5
5636 7156 5
5728 7808 5
5788 7505 5
5817 9282 5
5839 8083 5
5860 8126 5
5878 8446 5
5881 9240 5
5910 7413 5
5957 7546 5
5976 8910 5
6046 6808 5
6078 7995 5
6097 9225 5
6118 7009 5
6126 8950 5
6129 7613 5
6180 6482 5
6271 7004 5
6296 9968 5
6375 6578 5
6403 6498 5
6486 8620 5
6525 9271 5
6539 6829 5
6547 8492 5
6591 9555 5
6595 9755 5
6660 9122 5
6676 7644 5
6680 9115 5
6735 6835 5
6854 7769 5
6908 7839 5
6967 7626 5
7088 8803 5
7287 7597 5
7301 9284 5
7337 7956 5
7386 8691 5
7413 9812 5
7483 8268 5
7517 8030 5
7566 9775 5
7627 9292 5
7650 8089 5
7760 9510 5
7932 8246 5
7935 8613 5
7999 8586 5
8048 8516 5
8087 9814 5
8181 9637 5
8201 9041 5
8247 8305 5
8386 9634 5
8559 9703 5
8683 8797 5
8690 8890 5
8788 9827 5
8989 9242 5
9152 9291 5
9476 9532 5
9739 9792 5
23 7903 6
52 9572 6
64 3330 6
101 370 6
103 6382 6
139 5655 6
158 3634 6
188 786 6
195 5565 6
208 4725 6
259 9992 6
280 8561 6
283 2310 6
298 9665 6
299 1545 6
299 6853 6
329 2388 6
382 704 6
423 9208 6
425 796 6
427 2014 6
455 1008 6
467 8660 6
478 7602 6
484 6383 6
491 2941 6
506 4669 6
545 6523 6
563 7338 6
580 8570 6
584 1838 6
625 8593 6
637 9515 6
645 4054 6
647 5254 6
671 9722 6
798 7375 6
817 8859 6
832 1680 6
833 3175 6
836 3077 6
880 4412 6
913 1988 6
916 6829 6
925 2581 6
939 6222 6
945 2837 6
960 4530 6
979 7362 6
1050 7472 6
1103 8843 6
1114 1663 6
1169 9177 6
1170 6419 6
1195 3697 6
1203 5477 6
1216 4731 6
1231 9315 6
1243 9037 6
1247 7716 6
1299 3391 6
1302 5770 6
1339 4540 6
1361 2369 6
1364 6064 6
1401 3058 6
1433 1440 6
1440 2138 6
1440 8123 6
1453 6838 6
1489 4921 6
1530 8825 6
1532 4673 6
1574 6124 6
1591 8037 6
1599 3309 6
1606 7880 6
1615 7234 6
1629 4895 6
1668 4435 6
1686 7987 6
1695 3735 6
1704 5505 6
1801 3129 6
1805 6029 6
1833 2955 6
1839 6540 6
1848 9692 6
1859 2080 6
1878 6798 6
1895 6143 6
1910 6484 6
1957 2137 6
1974 8389 6
1982 3578 6
2036 6345 6
2087 3158 6
2096 9984 6
2102 8159 6
2107 5885 6
2165 9399 6
2181 9846 6
2190 2569 6
2197 5407 6
2231 6893 6
2231 7848 6
2259 7813 6
2266 9090 6
2282 5112 6
2395 3642 6
2405 2818 6
2410 8801 6
2440 3876 6
2453 7360 6
2456 3236 6
2463 6147 6
2522 8707 6
2572 7844 6
2606 3779 6
2613 7299 6
2614 9181 6
2654 3016 6
2691 7456 6
2713 4874 6
2737 2909 6
2800 3606 6
2821 5573 6
2909 7624 6
2946 4660 6
2955 8495 6
3006 3299 6
3020 9358 6
3029 5356 6
3030 6792 6
3033 4747 6
3036 4738 6
3040 3672 6
3111 7322 6
3139 9572 6
3169 7944 6
3197 3728 6
3217 3519 6
3229 9433 6
3239 7481 6
3247 7165 6
3280 9056 6
3289 9278 6
3323 6733 6
3359 8031 6
3380 4816 6
3434 5179 6
3436 4928 6
3462 4268 6
3463 5102 6
3472 5883 6
3485 6410 6
3488 3620 6
3539 5506 6
3545 6171 6
3561 5497 6
3577 6670 6
3598 9567 6
3614 6702 6
3621 6365 6
3648 4454 6
3694 8818 6
3711 7972 6
3724 5626 6
3731 4959 6
3732 4479 6
3758 5703 6
3758 7532 6
3792 4711 6
3862 4249 6
3928 7040 6
3930 6410 6
4013 6696 6
4037 7496 6
4204 4630 6
4231 7457 6
4237 7577 6
4256 6757 6
4311 7639 6
4318 6132 6
4340 7660 6
4355 4696 6
4378 7553 6
4382 5252 6
4452 7074 6
4510 8291 6
4554 8632 6
4691 8610 6
4752 7412 6
4827 6566 6
4864 9554 6
4923 5943 6
4969 6882 6
5008 6613 6
5012 7269 6
5022 9030 6
5170 9886 6
5171 9500 6
5175 6737 6
5177 7447 6
5215 6211 6
5265 8654 6
5281 7721 6
5341 6509 6
5428 9303 6
5471 9701 6
5489 6921 6
5492 7466 6
5656 5768 6
5684 8404 6
5722 7632 6
5767 6781 6
5770 6923 6
5832 9628 6
5846 9106 6
5858 7511 6
5867 7732 6
5937 6531 6
5963 8251 6
6008 8624 6
6030 7829 6
6068 9181 6
6114 6443 6
6198 9732 6
6217 7887 6
6273 9852 6
6385 8130 6
6437 8596 6
6477 9188 6
6541 9640 6
6557 8339 6
6605 9848 6
6655 9715 6
6707 8287 6
6778 9202 6
6781 9316 6
6978 8987 6
6980 9842 6
7013 7738 6
7048 8615 6
7065 8920 6
7165 8677 6
7170 7884 6
7182 8637 6
7253 9431 6
7302 9661 6
7325 7413 6
7330 7615 6
7423 9446 6
7496 8246 6
7592 8662 6
7625 8957 6
7648 8974 6
7656 9179 6
7691 7828 6
7769 8723 6
7950 9701 6
7964 8278 6
7967 9797 6
8113 8467 6
8175 9415 6
8377 8989 6
8489 9271 6
8586 9862 6
8600 9073 6
8609 9726 6
8716 9698 6
8725 8945 6
9291 9722 6
9609 9893 6
9649 9893 6
4 1226 7
26 8118 7
33 8898 7
58 7729 7
65 6207 7
70 9698 7
81 7172 7
86 1191 7
93 8579 7
119 4062 7
129 3725 7
147 5591 7
148 9637 7
155 4668 7
162 3345 7
170 6951 7
179 7775 7
218 4630 7
219 3186 7
224 1627 7
244 7846 7
255 5319 7
270 3657 7
280 6951 7
287 2211 7
318 4687 7
359 3132 7
361 6349 7
367 8990 7
380 4456 7
404 7008 7
406 6823 7
427 6232 7
428 3755 7
447 6610 7
463 8123 7
469 5346 7
477 9842 7
513 1966 7
539 7642 7
555 5633 7
559 1393 7
590 8618 7
612 7383 7
635 4439 7
644 862 7
648 3368 7
691 1182 7
700 8172 7
724 6890 7
754 4477 7
761 6770 7
762 919 7
774 8710 7
776 5158 7
776 8361 7
782 3232 7
845 9123 7
891 7018 7
899 4351 7
918 2797 7
930 4932 7
940 4324 7
950 6513 7
959 5385 7
978 5402 7
988 8557 7
1082 2890 7
1109 1384 7
1111 8322 7
1118 6412 7
1134 6922 7
1150 9606 7
1211 9333 7
1212 4344 7
1263 4966 7
1304 3042 7
1339 9075 7
1344 2725 7
1347 9966 7
1350 4661 7
1354 8731 7
1374 8753 7
1391 6181 7
1441 2870 7
1452 4398 7
1455 5596 7
1473 2552 7
1479 6011 7
1480 7263 7
1493 4162 7
1568 5318 7
1597 5341 7
1704 5021 7
1706 3558 7
1734 8071 7
1745 2936 7
1782 6902 7
1794 3242 7
1818 5520 7
1827 6671 7
1846 3486 7
1872 5304 7
1903 4920 7
1924 6922 7
1930 3419 7
1934 8954 7
1962 6449 7
1967 8067 7
1989 6583 7
2007 9861 7
2041 8545 7
2050 2596 7
2094 9519 7
2140 4384 7
2152 5797 7
2159 9200 7
2227 5958 7
2256 5915 7
2287 8217 7
2316 8157 7
2318 8274 7
2325 6446 7
2343 7428 7
2364 3965 7
2467 5698 7
2479 4491 7
2511 8546 7
2526 3982 7
2539 4447 7
2568 6033 7
2584 4489 7
2594 3213 7
2595 6933 7
2602 3241 7
2626 9587 7
2678 3404 7
2719 9034 7
2724 8465 7
2737 5491 7
2789 6577 7
3023 3884 7
3067 6981 7
3080 3374 7
3080 5345 7
3086 8103 7
3126 5135 7
3170 9255 7
3197 4053 7
3212 5785 7
3218 7346 7
3226 4479 7
3289 6735 7
3314 3984 7
3344 6537 7
3369 6885 7
3398 7630 7
3407 3725 7
3418 7195 7
3439 5092 7
3533 7310 7
3534 4263 7
3564 8773 7
3587 8626 7
3590 7380 7
3591 8887 7
3605 8026 7
3626 6393 7
3638 9177 7
3706 7402 7
3732 7259 7
3755 6078 7
3769 5004 7
3798 4727 7
3814 5024 7
3823 7824 7
3833 9448 7
3858 5794 7
3858 7745 7
3874 9924 7
3889 7300 7
3903 5476 7
3932 5950 7
4008 8516 7
4099 8556 7
4109 6233 7
4121 9039 7
4139 8302 7
4163 9463 7
4220 6096 7
4238 6815 7
4295 4607 7
4309 9827 7
4321 5286 7
4322 9252 7
4344 9786 7
4349 8611 7
4353 4388 7
4373 6926 7
4418 6436 7
4431 9879 7
4461 8941 7
4464 8783 7
4563 7356 7
4572 4739 7
4595 7717 7
4610 7328 7
4614 5855 7
4616 7710 7
4651 8734 7
4656 8662 7
4736 5124 7
4740 5948 7
4742 7505 7
4809 9240 7
4861 5010 7
4929 6948 7
5023 6249 7
5149 5806 7
5153 8374 7
5193 5248 7
5196 7320 7
5202 5435 7
5202 9447 7
5300 8930 7
5329 9777 7
5340 7975 7
5344 6309 7
5375 5658 7
5425 8288 7
5427 8227 7
5437 6369 7
5510 5829 7
5599 8866 7
5630 8071 7
5653 8853 7
5654 7770 7
5796 7601 7
5803 6713 7
5827 6021 7
5838 8279 7
5844 9323 7
5906 8726 7
5980 7367 7
6084 9709 7
6104 7745 7
6151 6886 7
6162 7785 7
6255 7615 7
6286 8309 7
6290 9324 7
6344 9805 7
6346 9007 7
6536 8071 7
6661 8348 7
6705 9991 7
6758 7798 7
6773 9013 7
6795 7203 7
6807 7826 7
6847 9657 7
6877 8576 7
6947 9722 7
6953 9913 7
7008 8314 7
7125 9146 7
7127 9070 7
7139 7252 7
7204 8765 7
7219 9244 7
7237 9391 7
7253 8185 7
7306 9004 7
7386 9887 7
7427 9385 7
7471 8852 7
7522 7585 7
7578 8752 7
7626 8599 7
7630 7987 7
7630 8311 7
7678 7761 7
7747 8195 7
7810 8588 7
7813 9018 7
7891 7917 7
7957 9433 7
7979 8368 7
8054 8221 7
8350 8643 7
8376 9836 7
8800 9235 7
8821 9652 7
8877 9273 7
9086 9885 7
9260 9802 7
9371 9796 7
9420 9578 7
7 5028 8
31 2328 8
40 4366 8
72 6943 8
83 388 8
87 7988 8
100 5332 8
127 4632 8
141 6761 8
143 6531 8
146 1953 8
148 820 8
152 4624 8
157 6927 8
166 4450 8
207 3813 8
210 5462 8
272 7348 8
287 950 8
327 8413 8
328 3958 8
389 8676 8
407 3572 8
415 3826 8
443 9546 8
464 4280 8
475 3498 8
490 3259 8
539 3664 8
577 8675 8
624 857 8
624 5926 8
663 8871 8
665 1268 8
667 3380 8
749 9918 8
763 5198 8
817 6594 8
849 3058 8
887 2006 8
896 4637 8
935 1662 8
964 1942 8
969 6946 8
1010 6467 8
1024 9224 8
1039 4594 8
1043 6233 8
1054 3753 8
1085 1944 8
1104 9565 8
1120 2548 8
1140 5005 8
1162 8832 8
1196 1879 8
1238 5335 8
1266 4556 8
1292 5908 8
1307 7872 8
1321 5665 8
1332 4403 8
1346 5182 8
1360 5122 8
1388 4412 8
1412 3290 8
1459 6512 8
1486 9063 8
1528 5162 8
1536 7880 8
1568 3428 8
1570 5975 8
1571 8826 8
1577 5057 8
1587 9253 8
1620 8373 8
1673 6503 8
1706 8340 8
1816 2056 8
1817 2534 8
1841 5720 8
1847 7177 8
1862 9013 8
1873 2765 8
1910 9996 8
1939 8694 8
1949 7008 8
2005 8536 8
2011 3722 8
2065 9296 8
2078 3206 8
2118 5489 8
2128 8716 8
2131 4399 8
2165 7411 8
2181 3797 8
2196 5882 8
2213 4299 8
2264 2500 8
2317 8033 8
2331 5223 8
2345 4728 8
2355 2742 8
2357 9202 8
2373 5622 8
2407 2514 8
2412 5071 8
2428 5631 8
2436 8803 8
2447 5404 8
2461 8042 8
2473 4224 8
2479 5434 8
2497 2614 8
2518 5861 8
2532 6344 8
2554 4568 8
2575 6370 8
2588 9473 8
2598 5118 8
2640 3338 8
2647 7198 8
2674 5554 8
2681 3020 8
2685 2757 8
2715 4183 8
2718 6437 8
2723 9293 8
2742 5465 8
2792 4647 8
2809 6416 8
2829 8410 8
2958 6716 8
2958 9609 8
3043 8276 8
3058 7083 8
3074 7547 8
3088 9861 8
3090 8340 8
3097 6635 8
3098 9866 8
3103 6668 8
3107 8320 8
3151 4867 8
3187 3887 8
3193 7866 8
3207 5224 8
3213 8152 8
3257 8627 8
3259 4069 8
3267 5331 8
3342 3998 8
3352 5209 8
3360 6626 8
3367 9991 8
3373 8310 8
3447 9072 8
3467 8063 8
3487 4606 8
3492 6360 8
3559 6118 8
3611 8062 8
3681 3972 8
3707 6816 8
3727 8939 8
3733 6437 8
3735 5726 8
3737 4375 8
3740 9927 8
3790 8573 8
3810 8662 8
3814 4008 8
3833 4159 8
3858 6120 8
3859 4307 8
3880 9483 8
3900 7173 8
3922 4961 8
4023 8992 8
4037 4707 8
4076 8313 8
4082 8938 8
4084 7072 8
4097 4787 8
4110 7760 8
4191 6484 8
4197 6717 8
4204 7874 8
4212 8086 8
4231 9949 8
4234 7536 8
4250 4839 8
4250 7467 8
4282 8148 8
4307 8130 8
4328 5484 8
4328 7826 8
4329 5978 8
4351 9020 8
4470 6311 8
4485 8137 8
4560 7245 8
4659 5094 8
4669 6588 8
4683 4700 8
4689 6699 8
4693 5163 8
4701 9562 8
4711 7981 8
4765 7795 8
4796 7515 8
4798 8906 8
4847 5008 8
4861 6116 8
4979 6825 8
5017 8498 8
5104 8413 8
5136 7766 8
5138 7017 8
5180 8045 8
5251 6117 8
5251 6700 8
5286 9209 8
5318 6319 8
5325 5998 8
5328 6041 8
5382 6724 8
5441 6195 8
5450 8853 8
5465 8701 8
5583 9437 8
5597 8534 8
5632 9878 8
5642 8084 8
5664 6832 8
5739 8529 8
5781 9344 8
5821 9807 8
5858 9517 8
5864 6201 8
5869 6369 8
5904 7777 8
5917 8818 8
5959 7497 8
6099 8725 8
6151 8540 8
6155 7569 8
6167 6676 8
6204 8594 8
6232 8154 8
6262 8583 8
6267 8805 8
6273 7836 8
6300 8585 8
6333 6722 8
6435 8681 8
6484 8893 8
6491 6617 8
6573 6708 8
6619 6988 8
6641 9245 8
6659 7991 8
6797 8104 8
6871 7325 8
6946 7392 8
7014 9462 8
7158 9557 8
7273 7957 8
7310 7840 8
7331 8535 8
7354 8547 8
7436 7655 8
7446 8275 8
7540 9786 8
7625 9258 8
7688 9163 8
7708 9745 8
7712 9853 8
7735 9340 8
7793 8343 8
8046 9490 8
8233 8575 8
8339 9411 8
8418 9629 8
8523 8654 8
8566 9745 8
8626 9929 8
8723 9984 8
9222 9463 8
9246 9988 8
9353 9584 8
9413 9561 8
9422 9570 8
17 3700 9
29 5958 9
32 9553 9
41 8066 9
46 9380 9
63 3480 9
77 1266 9
93 5719 9
108 3752 9
116 166 9
141 999 9
142 4953 9
153 768 9
160 499 9
173 9944 9
178 6229 9
232 5682 9
243 9513 9
262 2287 9
274 4247 9
278 4022 9
281 2551 9
287 7527 9
323 404 9
324 5435 9
353 7350 9
355 8195 9
397 8665 9
414 4162 9
432 9596 9
447 3287 9
466 1833 9
497 8823 9
503 9567 9
540 5618 9
554 6740 9
562 4967 9
595 8458 9
599 7311 9
601 8339 9
617 2308 9
637 7067 9
652 4555 9
701 9135 9
739 9591 9
743 4503 9
752 5320 9
770 5928 9
794 8578 9
804 3413 9
820 9196 9
841 2570 9
854 3243 9
860 4502 9
882 3089 9
901 3186 9
908 8314 9
968 1836 9
1003 7203 9
1012 8306 9
1014 9842 9
1027 2357 9
1031 4050 9
1040 6420 9
1044 3599 9
1058 6745 9
1069 6940 9
1106 8573 9
1124 9119 9
1129 3890 9
1157 2042 9
1203 4415 9
1225 3250 9
1242 2555 9
1243 9788 9
1247 8631 9
1255 8447 9
1264 7903 9
1281 2461 9
1283 8029 9
1288 7465 9
1295 6773 9
1312 9628 9
1314 6481 9
1332 4127 9
1336 8020 9
1369 7883 9
1371 7015 9
1401 3684 9
1414 9919 9
1415 1441 9
1422 8101 9
1445 6988 9
1522 5793 9
1526 7134 9
1565 7471 9
1631 2602 9
1672 2615 9
1674 6666 9
1701 3705 9
1726 3641 9
1734 8462 9
1757 2822 9
1798 8928 9
1822 7408 9
1858 1953 9
1860 8417 9
1914 4487 9
1931 5806 9
1944 7768 9
1989 4303 9
1995 2057 9
2006 5446 9
2017 3129 9
2032 5472 9
2041 8155 9
2066 4795 9
2100 5533 9
2109 5683 9
2133 7957 9
2147 9285 9
2152 5968 9
2156 9336 9
2198 9927 9
2231 9925 9
2242 6385 9
2278 3564 9
2302 3968 9
2302 7680 9
2302 8317 9
2320 3065 9
2441 6257 9
2526 7599 9
2567 2938 9
2572 2996 9
2577 7920 9
2587 8779 9
2590 3751 9
2610 6238 9
2634 9768 9
2647 8352 9
2698 2880 9
2733 5674 9
2738 4508 9
2752 9851 9
2772 8705 9
2775 8589 9
2822 8289 9
2839 6493 9
2840 6092 9
2887 9920 9
2915 4101 9
2950 8875 9
2960 3182 9
2963 5811 9
2964 8905 9
2997 4212 9
3013 4072 9
3034 9408 9
3045 9384 9
3092 5909 9
3132 5368 9
3170 3624 9
3183 4762 9
3185 7870 9
3255 3668 9
3266 8097 9
3285 9297 9
3298 9525 9
3376 4304 9
3404 6000 9
3405 9284 9
3446 7724 9
3465 5034 9
3476 6893 9
3497 4268 9
3544 5194 9
3546 8244 9
3553 3945 9
3657 4037 9
3665 8982 9
3693 4693 9
3759 6682 9
3783 4716 9
3802 9931 9
3832 5939 9
3912 5811 9
3934 6582 9
3970 9221 9
3985 4368 9
4058 5851 9
4087 5984 9
4089 8468 9
4109 6034 9
4154 4712 9
4190 9226 9
4310 9935 9
4315 6552 9
4355 6731 9
4367 7655 9
4391 4890 9
4424 9636 9
4435 4454 9
4488 6974 9
4495 9317 9
4563 9342 9
4563 9899 9
4600 5351 9
4605 4961 9
4674 7951 9
4676 5270 9
4773 7720 9
4774 9239 9
4787 4931 9
4792 5187 9
4815 5600 9
4833 6173 9
4879 6488 9
4924 8133 9
4950 7191 9
5005 7171 9
5017 6236 9
5038 6997 9
5217 9584 9
5258 8134 9
5392 8461 9
5412 7523 9
5479 8417 9
5561 7969 9
5591 8265 9
5764 5982 9
5849 7989 9
5944 7694 9
5961 7575 9
6029 9222 9
6109 8810 9
6182 8644 9
6217 6427 9
6254 8627 9
6263 6667 9
6271 8475 9
6348 7437 9
6377 8845 9
6520 8595 9
6548 7101 9
6569 7716 9
6576 9534 9
6579 9152 9
6588 9944 9
6603 6622 9
6613 8183 9
6643 9247 9
6684 7284 9
6761 7459 9
6784 9663 9
6868 9993 9
6880 8946 9
6889 7874 9
6978 9753 9
6990 7906 9
7081 9379 9
7115 9473 9
7139 8076 9
7252 7300 9
7263 9396 9
7378 9861 9
7450 7665 9
7478 8793 9
7512 8185 9
7587 9585 9
7673 8474 9
7843 8901 9
7857 9547 9
7893 8599 9
7911 8553 9
8074 9407 9
8092 8111 9
8186 8956 9
8190 9197 9
8204 8657 9
8411 9067 9
8855 9239 9
8858 8881 9
9495 9714 9
9502 9779 9
1 425 10
19 6255 10
30 1651 10
38 994 10
58 6834 10
72 7524 10
76 1043 10
81 8481 10
89 5461 10
97 2095 10
117 3371 10
125 879 10
137 9760 10
179 4021 10
200 4337 10
207 3783 10
208 1607 10
208 4237 10
226 5930 10
270 6431 10
291 3683 10
320 3975 10
380 2413 10
399 6479 10
426 1906 10
464 3785 10
483 4764 10
509 6302 10
564 3279 10
567 9544 10
585 2875 10
590 3834 10
593 1657 10
641 7354 10
650 2982 10
657 5074 10
662 1297 10
664 4322 10
698 1439 10
714 3992 10
715 1116 10
719 3486 10
726 8249 10
751 3081 10
754 3600 10
762 8951 10
766 9019 10
792 2255 10
810 2644 10
826 5856 10
839 9193 10
867 3714 10
935 8659 10
942 5104 10
952 3041 10
952 9953 10
960 9670 10
971 9768 10
1010 6668 10
1019 2845 10
1094 4913 10
1110 8776 10
1115 6288 10
1129 9009 10
1133 8812 10
1219 3026 10
1247 9196 10
1248 1552 10
1280 6626 10
1300 7434 10
1301 2098 10
1315 3634 10
1353 8436 10
1379 4157 10
1379 9257 10
1393 3513 10
1401 8181 10
1408 9627 10
1420 2198 10
1472 2827 10
1480 6647 10
1508 5961 10
1538 8415 10
1555 4529 10
1555 5433 10
1559 3896 10
1589 2055 10
1599 4957 10
1702 1882 10
1709 3642 10
1731 6435 10
1760 2877 10
1774 8637 10
1776 8296 10
1805 7663 10
1841 2675 10
1861 4054 10
1868 6396 10
1875 2735 10
1908 8939 10
1915 7425 10
1927 6489 10
1970 7292 10
1982 8420 10
2039 5175 10
2049 4592 10
2072 6230 10
2078 7744 10
2078 8057 10
2105 8796 10
2128 2887 10
2131 4831 10
2137 5891 10
2140 8264 10
2147 6779 10
2158 4987 10
2160 4545 10
2172 6964 10
2178 5297 10
2203 7692 10
2210 8714 10
2218 3313 10
2227 5839 10
2232 5023 10
2278 4029 10
2330 6389 10
2347 7632 10
2368 4621 10
2378 3284 10
2385 6146 10
2415 7583 10
2437 7028 10
2443 8531 10
2461 8076 10
2470 6719 10
2474 6857 10
2487 4654 10
2511 7218 10
2534 6848 10
2546 4765 10
2576 8720 10
2616 7041 10
2622 6041 10
2624 7817 10
2654 3336 10
2705 6247 10
2721 9585 10
2724 2981 10
2759 4057 10
2771 7535 10
2781 8860 10
2847 4260 10
2892 7599 10
2914 5758 10
2933 4750 10
2988 3242 10
2988 7134 10
3013 7416 10
3024 5454 10
3030 8584 10
3102 3864 10
3120 9418 10
3126 6918 10
3127 7961 10
3140 4418 10
3169 8948 10
3195 4688 10
3249 3517 10
3281 6383 10
3299 6397 10
3301 5825 10
3310 8944 10
3387 9313 10
3410 8558 10
3419 6972 10
3423 6376 10
3426 7003 10
3428 8116 10
3434 9849 10
3466 6390 10
3484 6530 10
3519 7206 10
3524 9783 10
3527 5216 10
3572 5905 10
3585 5486 10
3586 9301 10
3587 7111 10
3604 8017 10
3646 6857 10
3656 4831 10
3662 8659 10
3680 9060 10
3684 5636 10
3725 9995 10
3730 4652 10
3773 9916 10
3816 8692 10
3902 9384 10
3910 9175 10
3915 8750 10
3955 5731 10
3970 5199 10
4001 4480 10
4056 9933 10
4095 9939 10
4112 6743 10
4217 4242 10
4244 5217 10
4249 9541 10
4279 5243 10
4279 5441 10
4380 7329 10
4446 8631 10
4573 9332 10
4678 7912 10
4810 9011 10
4822 7025 10
4866 9078 10
4882 7925 10
4891 5883 10
4900 8603 10
4936 9649 10
4971 8139 10
4986 7362 10
5005 5916 10
5024 8472 10
5059 9127 10
5110 5433 10
5158 7974 10
5206 8145 10
5267 9057 10
5307 5483 10
5334 6809 10
5353 6357 10
5354 6051 10
5369 9198 10
5393 9029 10
5587 5795 10
5592 6998 10
5618 7143 10
5729 8101 10
5773 9958 10
5810 6773 10
5844 5895 10
5845 9728 10
5852 5947 10
5950 7183 10
5971 8992 10
5976 8978 10
5980 6528 10
5995 7589 10
6020 6445 10
6034 8379 10
6063 6771 10
6104 7010 10
6142 9625 10
6190 7022 10
6208 6859 10
6230 7814 10
6247 6259 10
6290 7756 10
6304 9299 10
6306 7323 10
6317 7085 10
6394 8052 10
6399 8182 10
6400 9949 10
6452 9524 10
6527 6974 10
6562 8356 10
6582 9363 10
6584 9469 10
6597 7796 10
6605 8730 10
6605 8767 10
6623 8211 10
6639 9535 10
6813 9725 10
6828 9008 10
6872 9091 10
6880 7661 10
6915 8405 10
6923 8159 10
6942 9229 10
7054 8567 10
7183 8585 10
7215 7239 10
7223 9087 10
7266 8879 10
7283 8076 10
7302 7570 10
7348 8104 10
7418 9751 10
7450 9531 10
7591 7623 10
7733 8111 10
7992 9320 10
8103 9586 10
8153 9117 10
8292 9501 10
8591 8607 10
8633 9175 10
9065 9526 10
9373 9406 10
10 3823 11
14 6936 11
18 8777 11
45 4856 11
46 9922 11
52 7160 11
83 4046 11
84 7991 11
85 609 11
116 6335 11
144 9145 11
215 4683 11
228 4897 11
264 9698 11
295 7204 11
364 613 11
391 5340 11
439 2538 11
447 8012 11
453 7893 11
472 6617 11
495 5107 11
518 8214 11
535 596 11
551 4350 11
553 8996 11
594 4018 11
645 6602 11
654 5909 11
670 8656 11
676 6030 11
680 9493 11
682 4266 11
690 2480 11
704 4439 11
722 3379 11
727 4604 11
758 7130 11
806 4112 11
867 2636 11
890 7602 11
904 4494 11
911 6932 11
935 9601 11
953 2262 11
954 6636 11
961 4627 11
982 6312 11
1011 7941 11
1035 9094 11
1047 3390 11
1092 7474 11
1092 9305 11
1097 8954 11
1130 7745 11
1131 5421 11
1213 3173 11
1231 9675 11
1273 9224 11
1294 2684 11
1295 3352 11
1312 9162 11
1318 1361 11
1323 7996 11
1334 1598 11
1365 6377 11
1386 4485 11
1412 7783 11
1418 7383 11
1420 3731 11
1426 5356 11
1436 2883 11
1441 2348 11
1502 9515 11
1529 5794 11
1564 7073 11
1588 5848 11
1613 3347 11
1622 5257 11
1649 4322 11
1652 9126 11
1660 6490 11
1667 6809 11
1674 1905 11
1682 9970 11
1695 7224 11
1708 3676 11
1727 3477 11
1781 3937 11
1796 7172 11
1798 5826 11
1807 7082 11
1870 9906 11
1909 6188 11
1915 3007 11
1962 9739 11
1993 7945 11
2005 3818 11
2017 4435 11
2020 7136 11
2028 8721 11
2044 2556 11
2085 3505 11
2095 5333 11
2118 5973 11
2137 3326 11
2146 9183 11
2193 3324 11
2216 9288 11
2226 5951 11
2246 9369 11
2266 4436 11
2288 7714 11
2316 8678 11
2424 9047 11
2445 5458 11
2468 4950 11
2546 6349 11
2569 3112 11
2604 6909 11
2605 3729 11
2605 7846 11
2611 5453 11
2625 5968 11
2648 3601 11
2661 8790 11
2689 4122 11
2697 8852 11
2708 4583 11
2728 8505 11
2732 3941 11
2801 6536 11
2814 6994 11
2854 4369 11
2854 4587 11
2903 3246 11
2924 8856 11
2937 4551 11
2939 4471 11
3041 9368 11
3069 5713 11
3083 3418 11
3093 8370 11
3101 9447 11
3107 6535 11
3149 6186 11
3152 8662 11
3189 4268 11
3192 5017 11
3206 4230 11
3225 6597 11
3282 3647 11
3399 4126 11
3428 5723 11
3478 7825 11
3501 8172 11
3544 5968 11
3598 5098 11
3626 6374 11
3627 8311 11
3654 3695 11
3654 6171 11
3669 6638 11
3679 6236 11
3712 6516 11
3767 7303 11
3774 6403 11
3811 7249 11
3815 4524 11
3847 8229 11
3890 8449 11
3891 5646 11
3906 7005 11
3909 7478 11
3929 8435 11
3936 8874 11
3949 4077 11
3949 9397 11
3968 8271 11
4021 5031 11
4052 7939 11
4086 7437 11
4087 8391 11
4106 6926 11
4158 5273 11
4173 4680 11
4216 5555 11
4244 4337 11
4251 7813 11
4384 7856 11
4389 9519 11
4404 5551 11
4406 6090 11
4410 5181 11
4416 8528 11
4441 8963 11
4464 9059 11
4472 6080 11
4484 4737 11
4549 7791 11
4565 7821 11
4574 6555 11
4672 9216 11
4697 9554 11
4712 9202 11
4747 8072 11
4771 7610 11
4798 9472 11
4809 5969 11
4826 9084 11
4831 5056 11
4852 9642 11
4881 6900 11
4910 6764 11
4913 9534 11
5027 5232 11
5063 7532 11
5100 5315 11
5105 9588 11
5113 7033 11
5133 5172 11
5180 8926 11
5254 8492 11
5259 9549 11
5346 5521 11
5364 8287 11
5419 8481 11
5489 9029 11
5526 7233 11
5555 8404 11
5559 9008 11
5608 6424 11
5722 9159 11
5747 6518 11
5796 8893 11
5809 8079 11
5847 6943 11
5860 8485 11
5888 9883 11
6007 8436 11
6081 7365 11
6108 7549 11
6120 6647 11
6129 8223 11
6133 8889 11
6229 8125 11
6450 9530 11
6525 7494 11
6527 9319 11
6538 7932 11
6552 7749 11
6562 7615 11
6604 9348 11
6747 9849 11
6818 9829 11
6966 9372 11
7212 7217 11
7219 9742 11
7246 9878 11
7272 9071 11
7461 8776 11
7516 9599 11
7522 9766 11
7587 9830 11
7612 9353 11
7756 8361 11
7782 7935 11
7793 8465 11
7863 9552 11
7900 9013 11
8048 9057 11
8098 9554 11
8144 9540 11
8201 9766 11
8366 9149 11
8496 8505 11
8642 9264 11
8647 9437 11
8738 9882 11
8746 9953 11
8815 9184 11
8818 9658 11
9550 9568 11
64 479 12
70 4634 12
78 3342 12
117 6354 12
127 3016 12
127 8532 12
138 1729 12
138 8332 12
142 9236 12
150 7168 12
158 6509 12
162 2854 12
176 4063 12
178 8570 12
188 1345 12
194 7699 12
209 6056 12
224 3131 12
225 3902 12
246 5126 12
309 9168 12
316 539 12
326 7799 12
334 4086 12
345 4907 12
387 5827 12
405 1482 12
436 9762 12
442 5394 12
458 9446 12
478 5336 12
478 9164 12
503 1297 12
518 5692 12
519 5588 12
527 8196 12
534 9168 12
538 9244 12
539 5581 12
614 3469 12
632 2541 12
661 4743 12
736 6972 12
742 5507 12
751 917 12
805 4983 12
809 1272 12
870 2061 12
884 8048 12
928 9600 12
950 3084 12
963 9975 12
968 9505 12
996 5191 12
1000 7747 12
1009 9770 12
1066 8665 12
1091 1202 12
1104 1465 12
1135 3463 12
1142 4694 12
1149 5566 12
1187 8746 12
1225 3406 12
1245 3262 12
1252 5406 12
1308 4612 12
1323 5915 12
1358 9358 12
1361 8347 12
1367 1405 12
1416 2309 12
1450 1722 12
1452 5860 12
1453 8432 12
1455 5385 12
1456 4112 12
1458 2576 12
1485 2509 12
1491 6226 12
1493 5643 12
1499 3280 12
1521 9465 12
1541 8118 12
1564 8348 12
1593 4020 12
1593 4804 12
1595 7847 12
1597 6920 12
1598 1896 12
1617 4971 12
1645 2481 12
1655 3025 12
1681 8540 12
1689 7481 12
1695 8479 12
1707 7279 12
1711 1800 12
1716 5478 12
1779 2970 12
1786 7468 12
1793 4826 12
1797 6795 12
1802 3691 12
1810 2786 12
1816 2576 12
1817 8616 12
1893 3414 12
1924 8449 12
1951 2275 12
1958 7197 12
1959 7651 12
1963 7855 12
2045 4214 12
2176 8850 12
2219 9402 12
2224 3154 12
2224 6059 12
2229 3910 12
2233 7464 12
2315 8197 12
2320 8221 12
2342 9525 12
2355 5175 12
2379 3945 12
2399 4614 12
2424 2616 12
2443 5882 12
2454 2952 12
2466 3628 12
2492 3997 12
2497 3992 12
2501 8481 12
2571 5313 12
2596 4291 12
2645 6923 12
2654 6038 12
2742 4062 12
2746 3162 12
2747 4995 12
2748 6729 12
2767 7220 12
2774 6807 12
2776 4223 12
2817 8010 12
2833 3712 12
2833 9807 12
2923 9949 12
2927 5092 12
2974 6241 12
2982 5746 12
2987 4762 12
2988 4108 12
2994 4699 12
3070 8181 12
3102 5094 12
3123 6961 12
3134 7074 12
3168 3999 12
3227 4167 12
3278 9225 12
3310 4627 12
3324 9742 12
3334 6932 12
3350 6366 12
3357 4013 12
3390 9624 12
3395 6185 12
3419 8849 12
3450 8027 12
3454 8620 12
3471 6100 12
3475 5347 12
3487 5431 12
3560 5728 12
3615 9671 12
3761 5181 12
3779 5346 12
3789 6781 12
3797 6686 12
3851 7825 12
3892 5033 12
3959 9659 12
4037 7123 12
4077 7701 12
4085 7925 12
4088 4095 12
4100 8888 12
4149 5176 12
4168 6944 12
4277 5045 12
4345 8081 12
4386 4632 12
4409 8439 12
4448 7295 12
4493 9374 12
4495 6004 12
4512 9145 12
4555 6680 12
4570 9805 12
4583 4627 12
4620 5137 12
4684 7603 12
4688 7574 12
4855 7044 12
4859 8859 12
4953 7550 12
5106 8412 12
5141 7308 12
5180 7567 12
5183 7811 12
5231 7177 12
5251 8022 12
5284 8135 12
5320 9369 12
5327 9464 12
5341 8961 12
5349 6020 12
5358 5873 12
5414 7201 12
5415 7113 12
5455 7275 12
5610 9725 12
5642 7364 12
5708 6873 12
5780 8256 12
5959 9821 12
5967 7911 12
5984 6470 12
6007 8624 12
6018 9913 12
6100 6139 12
6121 6365 12
6135 9312 12
6137 6633 12
6144 7358 12
6149 9644 12
6199 9430 12
6285 7311 12
6295 7071 12
6357 6586 12
6464 9877 12
6505 7261 12
6525 6540 12
6544 7636 12
6564 7172 12
6602 7871 12
6625 8466 12
6710 9288 12
6724 8247 12
6879 7919 12
6889 7539 12
6931 9046 12
7129 7390 12
7193 9996 12
7239 9682 12
7293 9467 12
7302 7631 12
7310 7941 12
7380 7448 12
7507 7529 12
7563 9562 12
7576 8833 12
7582 9066 12
7583 9094 12
7749 8620 12
7778 9584 12
7807 9670 12
7886 8823 12
7910 9098 12
8041 8158 12
8051 8514 12
8054 8303 12
8117 9084 12
8280 8430 12
8294 8828 12
8379 9303 12
8389 9963 12
8532 8722 12
8550 9091 12
8723 8995 12
8761 9365 12
8792 9039 12
9156 9483 12
4 5701 13
32 8287 13
168 9190 13
180 2804 13
184 2177 13
196 6124 13
226 5937 13
230 6713 13
277 3506 13
290 3162 13
304 7750 13
312 8794 13
344 9948 13
353 404 13
389 9136 13
396 1958 13
406 6870 13
410 9085 13
429 5300 13
478 5841 13
486 2040 13
542 5572 13
555 5736 13
626 6996 13
650 6158 13
717 2541 13
796 9866 13
822 1341 13
848 2974 13
880 4197 13
884 2029 13
897 2997 13
919 3377 13
1028 9639 13
1038 6018 13
1053 6632 13
1094 2738 13
1105 9459 13
1114 6049 13
1146 5274 13
1165 7127 13
1170 4323 13
1200 7370 13
1200 8522 13
1222 4762 13
1239 4192 13
1273 7003 13
1289 2025 13
1301 2459 13
1301 6479 13
1302 8552 13
1311 9331 13
1313 2988 13
1327 6364 13
1336 4643 13
1338 6006 13
1345 8774 13
1374 3454 13
1384 4071 13
1421 6555 13
1433 6447 13
1443 4346 13
1447 9362 13
1450 7731 13
1485 5943 13
1506 8797 13
1512 5176 13
1518 4005 13
1528 4627 13
1532 4346 13
1553 5056 13
1554 5117 13
1566 4232 13
1593 4692 13
1621 6678 13
1628 4236 13
1648 2614 13
1673 2198 13
1677 5415 13
1678 8310 13
1679 3615 13
1689 4185 13
1714 9509 13
1723 3174 13
1725 2714 13
1753 2040 13
1762 8605 13
1778 7163 13
1785 4874 13
1821 4403 13
1841 6061 13
1851 2620 13
1892 4449 13
1909 2780 13
1918 6576 13
1920 8598 13
1953 2463 13
1955 7120 13
1967 6553 13
1968 8853 13
2004 5554 13
2005 7527 13
2025 2547 13
2058 8701 13
2074 6810 13
2112 3074 13
2115 7088 13
2118 8211 13
2119 7638 13
2159 2627 13
2165 6876 13
2170 2396 13
2175 4742 13
2212 5264 13
2242 9536 13
2272 5273 13
2331 7076 13
2359 9666 13
2377 5590 13
2385 7872 13
2432 5131 13
2496 4526 13
2514 4807 13
2524 9719 13
2536 3063 13
2539 9273 13
2554 6950 13
2585 3202 13
2587 3346 13
2615 4067 13
2637 8367 13
2656 5393 13
2692 5992 13
2693 7514 13
2700 9103 13
2724 9085 13
2731 6331 13
2734 3870 13
2759 8679 13
2763 5615 13
2774 8954 13
2775 6658 13
2818 7016 13
2860 7100 13
2860 9318 13
2909 4360 13
2918 9283 13
2936 6687 13
3071 9577 13
3122 4530 13
3162 8401 13
3181 5797 13
3240 5461 13
3274 5157 13
3324 9232 13
3326 3419 13
3330 9521 13
3356 4048 13
3379 9014 13
3458 9608 13
3465 8768 13
3468 7451 13
3489 9336 13
3518 3931 13
3522 6772 13
3529 7995 13
3563 7364 13
3574 4162 13
3591 6244 13
3653 8115 13
3680 5600 13
3694 7011 13
3696 3980 13
3707 9264 13
3713 5043 13
3834 9985 13
3841 5815 13
3898 7714 13
3931 4753 13
3973 9218 13
3984 5342 13
4004 9495 13
4005 4804 13
4007 4760 13
4073 6985 13
4099 7529 13
4226 7954 13
4236 6444 13
4249 6578 13
4253 8950 13
4261 4585 13
4265 4875 13
4283 9085 13
4307 7914 13
4308 8652 13
4317 9125 13
4332 7626 13
4394 9156 13
4403 5017 13
4421 5599 13
4425 9695 13
4459 5388 13
4463 8105 13
4502 9734 13
4534 8102 13
4592 9278 13
4593 5890 13
4648 8157 13
4651 8042 13
4661 9128 13
4667 7449 13
4710 8723 13
4725 9460 13
4778 4893 13
4782 4903 13
4783 8430 13
4786 9449 13
4805 6656 13
4870 8315 13
4882 7273 13
4902 7386 13
4975 8010 13
4993 8622 13
5066 9932 13
5078 8007 13
5079 6039 13
5156 9058 13
5160 8622 13
5185 6624 13
5263 5761 13
5335 7019 13
5348 8352 13
5372 7953 13
5376 6927 13
5382 5391 13
5384 8242 13
5391 9804 13
5436 5877 13
5447 6280 13
5468 7432 13
5504 5907 13
5533 9702 13
5553 8265 13
5573 6449 13
5608 7710 13
5692 6628 13
5704 9174 13
5794 6639 13
5822 6777 13
5827 8903 13
5835 6773 13
5839 9775 13
5897 8534 13
5906 9381 13
5943 6585 13
5962 7578 13
6014 9825 13
6050 9656 13
6122 7878 13
6176 7065 13
6224 7104 13
6248 9127 13
6252 9122 13
6255 7551 13
6255 9717 13
6462 7214 13
6585 9094 13
6710 6718 13
6743 9038 13
6786 8531 13
6837 7338 13
6904 7817 13
6956 7867 13
6974 8008 13
6991 9863 13
7086 9054 13
7109 8678 13
7122 9588 13
7253 9661 13
7309 8138 13
7313 9708 13
7334 7548 13
7353 8377 13
7416 8788 13
7445 9330 13
7534 9579 13
7548 8384 13
7567 9827 13
7568 9779 13
7693 8651 13
7700 8908 13
7702 9933 13
7812 9672 13
7825 8346 13
7862 8417 13
7961 8199 13
8050 8239 13
8065 8692 13
8124 8811 13
8134 8501 13
8153 9502 13
8241 9978 13
8294 9346 13
8308 8738 13
8350 8843 13
8375 9156 13
8504 9822 13
8803 9028 13
9235 9350 13
9259 9348 13
5 4626 14
16 6265 14
23 3124 14
28 6567 14
31 4983 14
58 8936 14
61 2803 14
65 6059 14
67 6181 14
67 8756 14
99 976 14
148 9580 14
182 8107 14
184 3695 14
188 7427 14
192 2911 14
231 4787 14
260 1652 14
276 2851 14
279 2251 14
317 6052 14
349 1398 14
349 2065 14
360 6556 14
401 4530 14
420 5933 14
427 2712 14
429 7474 14
461 9213 14
467 4400 14
496 4035 14
507 3331 14
532 6890 14
540 4160 14
554 7752 14
673 3852 14
694 9577 14
738 4936 14
820 5320 14
824 4215 14
839 1479 14
843 7675 14
865 9210 14
885 3543 14
916 9213 14
926 4028 14
926 7499 14
940 9360 14
961 2236 14
968 1005 14
988 8607 14
993 4729 14
1009 2950 14
1046 8273 14
1068 1682 14
1105 6737 14
1124 3342 14
1127 4534 14
1135 2447 14
1167 5018 14
1184 4636 14
1228 8804 14
1264 7339 14
1309 4474 14
1323 4397 14
1326 7422 14
1335 7048 14
1353 8343 14
1364 5048 14
1380 7240 14
1390 2959 14
1391 7086 14
1404 6912 14
1419 4436 14
1452 9824 14
1453 6937 14
1478 1670 14
1549 8465 14
1590 4437 14
1601 3451 14
1608 6986 14
1622 7085 14
1629 6003 14
1631 9469 14
1639 7044 14
1640 2828 14
1674 5079 14
1678 9403 14
1682 9602 14
1711 3082 14
1724 9414 14
1796 3665 14
1808 1905 14
1820 1931 14
1822 4835 14
1839 5337 14
1874 3186 14
1883 2900 14
1903 5371 14
1927 8943 14
1990 5483 14
1991 7581 14
2009 6216 14
2032 2289 14
2037 2086 14
2038 8485 14
2134 3512 14
2134 6413 14
2164 7926 14
2232 2585 14
2265 7346 14
2275 4931 14
2276 6627 14
2289 6683 14
2295 4710 14
2334 9020 14
2365 6412 14
2384 9827 14
2401 5287 14
2502 4090 14
2505 9184 14
2514 5403 14
2515 3930 14
2531 4962 14
2548 4828 14
2556 8340 14
2663 5920 14
2670 4891 14
2670 6558 14
2730 8266 14
2740 9853 14
2816 9407 14
2817 6209 14
2823 3715 14
2829 6635 14
2857 9133 14
2860 8988 14
2876 5925 14
2894 9532 14
2902 3958 14
2911 5783 14
2950 3059 14
2952 5581 14
2980 4197 14
3041 9009 14
3123 8343 14
3125 7943 14
3143 9067 14
3178 5507 14
3187 6757 14
3199 4147 14
3204 3771 14
3256 9026 14
3267 4629 14
3277 7399 14
3302 7706 14
3317 7546 14
3342 3394 14
3344 7897 14
3352 9350 14
3403 6430 14
3438 9050 14
3457 9361 14
3490 6735 14
3519 9429 14
3548 9174 14
3556 9982 14
3561 9230 14
3633 4298 14
3649 4544 14
3678 5936 14
3689 5925 14
3705 7019 14
3716 3948 14
3721 8562 14
3739 8997 14
3751 3819 14
3784 4854 14
3798 5802 14
3835 6480 14
3882 8346 14
3972 7400 14
4034 8927 14
4041 8251 14
4093 5443 14
4107 6107 14
4112 8675 14
4132 8674 14
4134 4395 14
4174 9052 14
4191 4827 14
4205 7089 14
4211 4872 14
4216 9489 14
4233 8864 14
4243 5292 14
4373 6908 14
4447 7297 14
4473 9651 14
4484 9741 14
4544 9614 14
4548 4872 14
4587 6819 14
4592 6976 14
4600 8106 14
4634 5765 14
4636 7720 14
4660 9580 14
4683 9244 14
4705 8301 14
4816 7895 14
4931 5390 14
4966 6240 14
4973 5633 14
4983 9717 14
5000 5347 14
5090 6772 14
5091 6440 14
5174 8290 14
5215 9278 14
5295 7770 14
5311 9139 14
5323 7067 14
5332 9185 14
5345 5787 14
5366 5986 14
5371 6790 14
5377 8647 14
5384 6244 14
5394 7578 14
5410 9223 14
5494 5723 14
5499 9640 14
5557 9662 14
5635 8709 14
5643 8955 14
5649 8901 14
5700 8219 14
5733 6043 14
5762 8473 14
5776 6477 14
5827 7219 14
5832 7589 14
5834 6549 14
5900 7328 14
5903 6673 14
5920 9518 14
5921 7132 14
5928 8284 14
6020 6949 14
6082 9317 14
6085 8157 14
6088 6826 14
6109 9765 14
6236 7628 14
6277 9205 14
6314 8276 14
6329 7137 14
6335 9005 14
6398 9554 14
6414 8227 14
6465 7009 14
6472 7609 14
6473 9920 14
6531 7447 14
6568 8377 14
6602 7004 14
6635 7114 14
6671 8670 14
6678 7862 14
6775 9317 14
6951 9218 14
7056 8561 14
7086 8527 14
7179 7299 14
7181 9312 14
7188 8312 14
7189 8541 14
7192 8672 14
7312 8074 14
7319 9212 14
7363 8886 14
7583 7697 14
7622 8782 14
7714 9537 14
7973 8512 14
8033 8648 14
8079 9105 14
8183 9539 14
8275 8891 14
8332 9438 14
8518 8961 14
8575 9479 14
8596 9248 14
8935 9364 14
9133 9402 14
9440 9795 14
3 8035 15
11 8950 15
22 5096 15
27 824 15
33 2491 15
44 5210 15
65 8647 15
81 3837 15
84 4618 15
89 3152 15
120 8187 15
140 4927 15
165 9853 15
197 5497 15
217 7876 15
231 5087 15
255 8229 15
275 854 15
279 2702 15
292 932 15
380 4777 15
420 7838 15
427 1937 15
431 3813 15
432 3368 15
449 1741 15
475 6369 15
481 5894 15
502 1574 15
513 7252 15
522 4220 15
522 8282 15
540 9704 15
547 9897 15
587 7109 15
592 4771 15
648 1356 15
656 2988 15
691 4182 15
696 9119 15
706 9002 15
709 4993 15
716 5258 15
720 5507 15
759 8732 15
787 3377 15
795 7742 15
825 1002 15
846 1197 15
859 6852 15
899 1649 15
905 4901 15
909 2959 15
921 1609 15
921 2460 15
955 4215 15
977 2742 15
1060 6979 15
1082 7210 15
1083 1259 15
1098 7039 15
1132 1368 15
1150 8996 15
1158 8973 15
1175 7831 15
1193 6991 15
1215 1978 15
1220 9726 15
1226 3863 15
1228 5278 15
1250 5788 15
1289 1627 15
1305 5295 15
1362 3628 15
1428 2238 15
1430 7293 15
1439 5813 15
1473 7034 15
1515 8234 15
1563 6139 15
1575 4013 15
1609 7624 15
1634 8563 15
1638 9959 15
1647 2652 15
1714 7607 15
1716 3007 15
1729 4523 15
1738 2874 15
1766 4681 15
1766 4810 15
1782 3892 15
1797 4304 15
1805 2926 15
1811 9463 15
1813 6630 15
1880 3368 15
1881 6456 15
1903 4985 15
1917 8265 15
1921 2022 15
1936 5459 15
1937 8317 15
2022 2598 15
2037 9203 15
2043 5124 15
2051 6393 15
2082 4883 15
2099 2814 15
2151 6900 15
2190 8679 15
2201 3784 15
2212 5101 15
2244 7542 15
2272 9774 15
2275 4379 15
2280 7903 15
2282 6755 15
2298 2652 15
2329 4904 15
2350 5421 15
2350 6428 15
2376 5560 15
2407 2980 15
2412 4109 15
2415 3854 15
2417 4043 15
2469 6301 15
2508 6568 15
2552 2686 15
2558 5858 15
2579 2744 15
2579 6254 15
2638 9499 15
2677 5015 15
2692 7492 15
2696 6124 15
2746 4381 15
2747 8000 15
2782 3614 15
2805 3696 15
2841 7687 15
2897 8816 15
2900 6646 15
2959 7386 15
2967 8952 15
2986 8772 15
2989 4692 15
3001 5727 15
3029 7275 15
3036 5687 15
3069 3476 15
3079 3235 15
3091 4046 15
3113 5255 15
3118 7162 15
3137 5117 15
3157 5887 15
3168 9510 15
3175 7965 15
3176 8778 15
3203 6261 15
3213 8404 15
3224 6642 15
3239 7799 15
3250 9531 15
3264 3791 15
3265 7903 15
3276 8532 15
3278 9525 15
3289 8669 15
3291 3430 15
3298 3569 15
3321 9245 15
3339 7558 15
3358 4965 15
3365 8003 15
3394 9270 15
3413 7851 15
3440 5789 15
3466 5566 15
3478 9316 15
3487 4528 15
3536 9753 15
3553 6219 15
3620 4255 15
3634 9716 15
3652 7641 15
3652 7815 15
3661 3883 15
3711 6193 15
3731 9761 15
3733 9263 15
3787 4932 15
3803 8559 15
3813 9075 15
3816 5794 15
3844 9243 15
3907 8020 15
3920 9479 15
3923 5693 15
3963 5424 15
4042 9821 15
4135 9495 15
4185 4432 15
4225 8909 15
4236 5999 15
4263 8935 15
4266 7751 15
4290 5936 15
4383 8691 15
4415 6958 15
4420 6165 15
4474 6785 15
4507 6426 15
4513 6948 15
4514 6057 15
4612 9004 15
4638 6597 15
4747 6106 15
4761 8750 15
4786 8720 15
4787 8664 15
4818 7805 15
4832 6063 15
4880 6274 15
4936 8372 15
4937 9914 15
4955 8420 15
4975 5095 15
5051 9733 15
5071 8402 15
5096 9130 15
5097 6831 15
5175 6893 15
5176 7251 15
5184 6494 15
5201 7237 15
5218 6648 15
5230 9790 15
5243 9446 15
5254 6566 15
5254 9231 15
5442 8284 15
5443 8645 15
5499 6076 15
5539 7482 15
5542 5935 15
5561 7824 15
5659 7537 15
5748 9977 15
5767 8281 15
5872 8456 15
5925 6899 15
5972 9712 15
5973 7581 15
5976 6115 15
5997 7130 15
5998 6421 15
6015 6968 15
6037 8751 15
6055 8836 15
6058 6885 15
6102 8350 15
6114 6603 15
6169 7947 15
6175 9207 15
6182 8159 15
6196 6228 15
6255 7656 15
6302 9180 15
6322 6344 15
6327 8377 15
6330 7085 15
6339 6616 15
6534 8631 15
6707 7621 15
6710 8498 15
6726 7922 15
6772 9691 15
6829 8940 15
6854 7686 15
6866 7239 15
6921 8295 15
6971 7101 15
7042 9385 15
7061 8570 15
7094 9860 15
7256 9406 15
7331 9708 15
7448 9418 15
7537 9615 15
7671 9683 15
7741 9670 15
7767 9866 15
7820 9182 15
7875 8123 15
8069 8936 15
8120 8882 15
8278 8437 15
8322 9376 15
8379 9821 15
8479 8757 15
8543 8710 15
8724 9526 15
8924 9739 15
8937 9730 15
9122 9665 15
9206 9465 15
9341 9404 15
9359 9473 15
4 7691 16
9 8967 16
15 3510 16
18 4787 16
21 8421 16
38 128 16
48 9701 16
62 9621 16
71 5262 16
82 597 16
119 6271 16
122 4608 16
165 3560 16
173 6624 16
191 2427 16
227 5941 16
229 4035 16
234 2731 16
242 2179 16
274 9458 16
303 5490 16
334 5468 16
369 4435 16
380 1549 16
399 9046 16
411 2026 16
418 3632 16
418 5171 16
419 5734 16
421 2117 16
423 8631 16
437 9025 16
444 8541 16
450 8042 16
451 5710 16
454 5421 16
457 5941 16
462 6563 16
483 7342 16
502 4266 16
526 5036 16
534 6413 16
535 886 16
566 4314 16
624 3441 16
634 6466 16
635 8317 16
638 9571 16
645 7976 16
646 4781 16
647 3304 16
647 9170 16
662 5813 16
663 891 16
714 7700 16
726 2370 16
734 6948 16
786 5513 16
798 7295 16
846 8570 16
849 5494 16
855 9324 16
862 909 16
880 4992 16
913 3288 16
930 7720 16
940 2574 16
959 8690 16
966 6270 16
1015 5467 16
1017 2753 16
1024 2923 16
1024 5794 16
1026 1382 16
1027 7016 16
1028 4160 16
1072 9364 16
1078 9144 16
1082 7976 16
1096 1567 16
1100 1329 16
1141 1541 16
1155 3257 16
1178 6844 16
1184 4298 16
1203 5092 16
1214 7758 16
1227 1544 16
1229 6726 16
1235 1270 16
1260 5231 16
1261 2787 16
1273 2068 16
1277 3025 16
1295 4980 16
1318 9062 16
1347 1433 16
1376 4876 16
1398 5053 16
1403 2739 16
1412 8231 16
1420 5164 16
1442 5667 16
1486 3619 16
1508 3510 16
1514 3656 16
1515 1934 16
1517 6127 16
1519 7223 16
1520 8191 16
1528 3162 16
1541 2138 16
1558 6891 16
1606 2903 16
1609 1651 16
1769 6262 16
1772 1829 16
1798 9945 16
1815 8251 16
1823 4147 16
1837 1881 16
1876 9102 16
1904 8857 16
1927 9062 16
1943 2549 16
1946 2025 16
1960 7946 16
1980 7731 16
1990 4404 16
1996 5908 16
2013 4384 16
2030 9836 16
2076 6905 16
2079 2291 16
2086 5586 16
2111 8435 16
2125 6080 16
2170 2895 16
2172 2603 16
2202 6438 16
2238 6731 16
2313 7746 16
2316 7381 16
2348 7229 16
2355 6103 16
2385 2575 16
2403 5387 16
2436 8227 16
2463 5627 16
2474 2492 16
2496 4292 16
2502 7699 16
2504 9309 16
2508 5528 16
2523 8561 16
2531 6518 16
2539 9620 16
2648 5262 16
2685 7404 16
2692 7134 16
2723 8962 16
2725 9678 16
2738 5423 16
2755 8613 16
2777 4578 16
2825 6764 16
2840 5267 16
2856 3036 16
2858 3228 16
2878 3682 16
2887 8274 16
2897 6592 16
2905 5724 16
2915 8648 16
2944 6101 16
2988 8753 16
2991 3723 16
3003 6873 16
3009 6793 16
3087 8983 16
3140 9077 16
3156 4905 16
3163 6218 16
3179 3827 16
3202 8113 16
3219 9611 16
3242 6941 16
3244 6354 16
3246 5929 16
3250 6937 16
3324 9832 16
3341 4968 16
3343 7830 16
3344 5091 16
3363 4337 16
3401 6517 16
3417 5670 16
3457 8851 16
3465 9202 16
3519 5004 16
3540 6941 16
3548 5206 16
3564 8602 16
3584 6783 16
3617 7537 16
3667 9893 16
3678 9145 16
3700 7900 16
3707 4403 16
3719 5962 16
3759 7301 16
3787 3988 16
3823 5115 16
3839 7376 16
3854 7362 16
3909 6616 16
3965 5767 16
3984 5434 16
3998 8872 16
4017 6645 16
4052 6260 16
4085 5292 16
4136 9142 16
4250 7733 16
4284 4691 16
4294 5266 16
4311 5704 16
4311 6464 16
4342 9630 16
4480 5856 16
4485 6440 16
4493 8388 16
4514 6449 16
4529 8394 16
4563 8589 16
4565 6961 16
4592 5505 16
4618 5466 16
4630 5056 16
4645 6594 16
4652 7011 16
4685 4964 16
4838 6817 16
4850 8758 16
4885 8864 16
4900 8004 16
4940 9404 16
5002 7775 16
5060 8710 16
5061 6023 16
5069 9576 16
5077 6088 16
5090 9722 16
5096 7296 16
5116 8804 16
5122 5943 16
5149 7880 16
5156 8717 16
5213 9618 16
5224 8860 16
5253 6666 16
5287 8093 16
5302 5410 16
5315 7710 16
5362 5426 16
5389 7814 16
5453 5539 16
5457 5463 16
5469 8311 16
5474 9072 16
5496 9097 16
5545 5674 16
5562 6746 16
5570 6922 16
5573 5838 16
5576 7064 16
5642 7949 16
5645 7859 16
5699 9405 16
5718 7200 16
5776 8142 16
5787 8691 16
5815 9237 16
5833 6177 16
5862 7414 16
5879 7154 16
5912 9096 16
5925 8289 16
5964 8019 16
5977 9022 16
5979 8025 16
5988 8266 16
6003 6420 16
6071 8411 16
6151 8639 16
6186 9973 16
6231 9367 16
6242 9978 16
6256 6726 16
6281 7157 16
6299 9124 16
6303 9512 16
6359 7171 16
6368 7679 16
6424 9919 16
6487 7851 16
6495 7292 16
6515 7835 16
6555 6834 16
6711 8095 16
6944 7147 16
6954 8694 16
7101 8256 16
7151 9868 16
7180 8552 16
7236 7749 16
7299 9963 16
7503 9022 16
7545 8516 16
7620 9040 16
7720 9142 16
7721 9252 16
7736 9622 16
7764 8419 16
7911 8651 16
7999 9229 16
8017 8791 16
8266 9329 16
8350 8926 16
8480 8654 16
8521 8595 16
8627 9694 16
8749 8853 16
9448 9845 16
9811 9861 16
17 3522 17
41 5578 17
44 9363 17
52 5001 17
83 4674 17
128 5135 17
133 9257 17
145 5575 17
202 2308 17
245 7295 17
253 4988 17
306 8478 17
313 5102 17
317 3967 17
322 3522 17
325 4787 17
346 6065 17
358 9469 17
378 4826 17
393 4147 17
405 3462 17
418 4303 17
423 2822 17
424 3195 17
431 5399 17
444 5882 17
469 6897 17
487 7248 17
516 4871 17
532 3406 17
544 9405 17
563 1742 17
589 3825 17
600 769 17
622 1777 17
626 8405 17
678 6224 17
702 6865 17
733 4715 17
791 8193 17
829 1014 17
835 8899 17
853 2552 17
878 5596 17
892 9007 17
942 5641 17
967 6565 17
980 8994 17
986 4447 17
991 1885 17
994 8952 17
1039 7510 17
1063 4983 17
1114 6512 17
1235 6174 17
1239 5383 17
1246 9403 17
1260 7316 17
1268 2193 17
1297 4394 17
1322 5670 17
1322 7900 17
1351 9745 17
1368 5124 17
1430 7326 17
1476 3354 17
1496 9501 17
1512 7523 17
1515 2942 17
1541 4207 17
1542 9312 17
1556 6637 17
1605 6912 17
1610 3492 17
1644 3955 17
1660 9011 17
1678 4306 17
1693 4921 17
1709 5834 17
1744 9194 17
1750 8798 17
1774 1844 17
1806 9312 17
1809 2958 17
1813 7588 17
1904 2147 17
1955 7510 17
1958 8196 17
1988 9754 17
2035 4659 17
2042 6968 17
2051 5160 17
2053 2583 17
2059 3306 17
2089 5359 17
2090 2414 17
2109 2825 17
2135 3083 17
2185 5608 17
2221 4631 17
2257 9544 17
2262 2879 17
2321 9108 17
2341 3479 17
2348 8741 17
2376 2496 17
2407 9119 17
2417 3413 17
2421 3655 17
2450 8405 17
2474 7062 17
2479 6031 17
2501 4779 17
2565 2978 17
2619 9552 17
2640 8863 17
2703 4241 17
2711 9340 17
2720 3364 17
2722 4795 17
2744 5862 17
2755 5375 17
2772 9149 17
2829 7629 17
2834 8887 17
2883 3738 17
2932 7443 17
2955 6767 17
2980 5016 17
2992 6381 17
3006 6490 17
3030 6738 17
3031 8300 17
3042 3976 17
3080 4813 17
3086 4517 17
3112 9649 17
3179 7629 17
3187 3196 17
3190 4206 17
3221 5042 17
3242 3495 17
3261 9013 17
3291 9650 17
3299 8075 17
3334 4403 17
3335 7051 17
3343 6591 17
3344 5508 17
3354 6056 17
3393 7626 17
3437 9186 17
3496 4595 17
3519 5933 17
3522 5668 17
3561 6689 17
3566 6012 17
3567 5261 17
3590 9996 17
3592 8894 17
3607 8962 17
3621 8319 17
3649 4969 17
3650 6124 17
3710 8511 17
3727 8617 17
3728 4863 17
3748 7482 17
3784 6381 17
3800 7713 17
3802 4927 17
3867 7466 17
3877 5776 17
3918 5789 17
3953 7797 17
4077 9826 17
4091 7902 17
4095 4198 17
4095 6133 17
4097 8361 17
4114 7153 17
4133 8639 17
4196 5554 17
4197 5284 17
4212 5440 17
4279 4544 17
4356 7485 17
4398 5716 17
4451 7289 17
4504 5037 17
4504 6743 17
4562 5570 17
4637 7346 17
4642 6706 17
4713 6686 17
4725 9968 17
4750 7552 17
4786 9871 17
4787 4789 17
4825 7515 17
4853 6046 17
4863 6013 17
4893 8942 17
4908 4973 17
5032 6172 17
5156 9266 17
5171 5760 17
5187 7902 17
5197 7398 17
5210 6398 17
5211 7334 17
5362 7907 17
5441 9625 17
5500 9180 17
5511 7324 17
5519 7666 17
5522 7180 17
5577 6473 17
5607 8644 17
5634 7594 17
5658 9675 17
5660 8168 17
5674 7851 17
5709 9198 17
5805 8241 17
5810 6491 17
5876 9440 17
6007 6833 17
6018 8317 17
6038 7259 17
6061 7432 17
6121 6972 17
6145 7578 17
6155 6524 17
6294 9016 17
6322 7958 17
6344 9090 17
6361 8773 17
6426 8496 17
6534 6991 17
6616 8627 17
6616 9421 17
6665 7571 17
6675 9681 17
6711 7670 17
6716 7187 17
6733 6983 17
6751 9996 17
6801 7942 17
6875 7129 17
6884 9675 17
6898 9694 17
6916 9924 17
6982 9060 17
6987 9465 17
7026 8157 17
7062 9051 17
7248 7311 17
7249 8672 17
7251 8763 17
7284 7340 17
7297 7908 17
7408 7831 17
7608 8474 17
7665 7848 17
7677 9663 17
7872 9630 17
8015 9369 17
8053 9755 17
8136 9278 17
8190 8731 17
8275 9309 17
8541 8662 17
9291 9726 17
9520 9538 17
3 4641 18
5 429 18
48 8978 18
50 6615 18
115 3773 18
143 556 18
150 5840 18
176 1267 18
183 8330 18
297 8035 18
303 6300 18
322 1773 18
327 5092 18
375 8458 18
389 8109 18
426 4744 18
438 857 18
475 6250 18
484 3839 18
494 4046 18
496 527 18
537 9474 18
539 4179 18
539 8832 18
558 4854 18
569 6027 18
576 3811 18
583 4793 18
607 1488 18
612 9096 18
621 3299 18
627 4062 18
634 3357 18
641 686 18
678 3208 18
681 5750 18
695 6739 18
719 6063 18
721 4426 18
733 8402 18
751 8635 18
782 800 18
792 1534 18
836 974 18
840 4225 18
845 6930 18
873 9545 18
883 3359 18
903 963 18
938 2308 18
963 2717 18
978 9764 18
985 1612 18
985 9775 18
1022 1265 18
1045 1672 18
1106 6060 18
1118 8987 18
1126 4131 18
1154 3284 18
1166 5146 18
1200 8055 18
1210 4895 18
1226 4467 18
1257 4494 18
1287 9166 18
1290 3021 18
1301 3419 18
1350 7710 18
1373 2330 18
1383 6193 18
1409 5944 18
1429 6338 18
1431 4712 18
1458 9857 18
1483 8647 18
1497 4566 18
1498 4674 18
1525 9792 18
1527 4323 18
1544 4073 18
1546 4436 18
1553 5393 18
1565 2111 18
1590 9717 18
1601 5193 18
1631 8939 18
1642 2743 18
1652 5941 18
1675 2217 18
1699 6858 18
1740 9027 18
1773 2645 18
1788 2266 18
1793 5755 18
1801 6857 18
1828 7569 18
1854 7528 18
1860 2061 18
1864 2652 18
1895 6399 18
1905 8992 18
1916 4140 18
1932 9774 18
1939 7137 18
1962 4041 18
2006 8355 18
2047 6452 18
2064 8956 18
2083 9419 18
2098 6447 18
2194 9751 18
2198 8239 18
2236 5327 18
2250 5967 18
2255 6839 18
2281 4007 18
2300 8417 18
2301 3899 18
2305 2371 18
2338 3601 18
2347 7807 18
2356 5620 18
2363 7618 18
2371 4374 18
2386 7752 18
2395 7812 18
2470 9348 18
2484 6689 18
2539 3372 18
2548 5904 18
2560 9161 18
2564 9978 18
2569 6728 18
2571 8112 18
2581 8870 18
2628 3053 18
2631 8893 18
2664 5148 18
2671 6092 18
2695 7252 18
2700 3995 18
2704 9245 18
2707 5582 18
2720 9339 18
2759 3841 18
2764 7079 18
2784 9854 18
2791 8685 18
2818 5244 18
2839 7258 18
2840 4743 18
2878 7007 18
2884 4285 18
2996 8816 18
3026 8138 18
3049 5966 18
3065 3528 18
3285 6916 18
3291 9906 18
3323 5771 18
3336 8091 18
3337 3472 18
3363 5743 18
3384 6482 18
3402 9797 18
3426 9757 18
3466 4570 18
3466 9445 18
3498 8250 18
3500 4462 18
3504 8297 18
3513 8741 18
3519 9330 18
3526 5462 18
3566 4117 18
3605 5214 18
3608 5524 18
3622 4774 18
3641 4203 18
3646 6943 18
3650 3804 18
3700 4278 18
3715 9858 18
3721 4003 18
3755 5387 18
3758 5623 18
3880 4881 18
3892 6596 18
3942 4582 18
3946 4671 18
3958 5762 18
3968 4135 18
4021 5265 18
4031 7003 18
4077 5255 18
4092 8446 18
4103 9261 18
4138 9516 18
4205 6044 18
4214 5528 18
4216 4871 18
4253 8972 18
4292 7223 18
4298 5990 18
4311 4719 18
4316 5948 18
4367 8164 18
4404 5114 18
4428 7432 18
4459 6547 18
4462 5629 18
4464 7047 18
4499 6030 18
4556 6583 18
4559 8937 18
4579 6270 18
4582 7100 18
4651 5800 18
4762 9732 18
4813 8183 18
4828 8948 18
4839 5647 18
4872 6558 18
4881 5864 18
4918 9601 18
4946 8918 18
4968 8276 18
4987 6779 18
5055 5427 18
5057 6304 18
5107 9354 18
5121 8627 18
5176 6890 18
5182 7810 18
5218 9445 18
5236 9941 18
5252 9482 18
5257 5308 18
5258 7016 18
5330 8660 18
5410 7562 18
5530 8911 18
5541 6877 18
5576 9840 18
5589 8393 18
5689 9772 18
5762 9997 18
5881 9603 18
5904 6985 18
6003 6897 18
6065 8682 18
6071 6398 18
6109 7096 18
6202 7979 18
6220 9528 18
6266 7593 18
6324 9896 18
6332 8976 18
6380 7556 18
6386 6658 18
6440 6854 18
6466 7256 18
6499 9210 18
6564 8284 18
6566 8030 18
6583 7345 18
6634 7736 18
6646 8922 18
6648 7180 18
6687 8732 18
6697 8536 18
6731 8576 18
6778 8527 18
6789 7284 18
6796 8759 18
6851 8273 18
7024 7727 18
7270 8239 18
7318 9379 18
7321 8623 18
7370 7943 18
7444 9958 18
7619 9851 18
7779 9432 18
7831 9258 18
7904 8641 18
7907 9928 18
7969 8113 18
8079 9630 18
8083 8521 18
8083 8946 18
8110 8920 18
8149 9660 18
8191 9555 18
8246 8846 18
8310 9711 18
8382 9459 18
8452 8535 18
8459 9718 18
8607 9278 18
8653 9622 18
12 7441 19
26 483 19
31 1055 19
56 9289 19
59 2761 19
66 6854 19
70 4822 19
71 8157 19
75 6838 19
109 6147 19
118 247 19
145 1516 19
149 1465 19
149 8535 19
150 5766 19
175 2150 19
190 5755 19
193 4840 19
247 2840 19
273 9243 19
288 9587 19
307 5798 19
328 1257 19
333 9535 19
372 9492 19
389 2585 19
398 8734 19
406 7148 19
408 1115 19
414 2224 19
417 1385 19
432 718 19
466 2803 19
478 9323 19
481 1362 19
502 3664 19
585 2161 19
598 2310 19
602 9340 19
636 4895 19
657 9940 19
688 2680 19
693 2446 19
702 1684 19
723 3876 19
727 5286 19
733 5704 19
765 1993 19
800 9827 19
810 8573 19
842 6989 19
843 3002 19
844 4388 19
845 3864 19
848 6396 19
872 1001 19
885 9070 19
897 1286 19
926 2908 19
1012 1207 19
1016 7096 19
1018 3961 19
1036 7900 19
1069 2835 19
1069 6407 19
1078 2658 19
1080 3163 19
1108 9902 19
1156 7021 19
1192 7841 19
1201 9002 19
1260 2887 19
1287 8788 19
1302 8886 19
1335 8107 19
1346 1397 19
1402 5708 19
1413 2570 19
1429 3194 19
1438 9003 19
1449 3566 19
1502 6662 19
1511 6171 19
1610 7288 19
1633 9534 19
1641 4092 19
1642 7975 19
1690 5481 19
1690 9308 19
1702 6885 19
1705 4987 19
1818 4664 19
1845 4677 19
1870 2100 19
1908 7688 19
1910 2841 19
1921 2487 19
1927 2172 19
1960 3660 19
1965 7262 19
1967 4375 19
1975 5274 19
1980 8975 19
1985 5424 19
1992 8883 19
1993 8758 19
1996 6834 19
2030 5354 19
2049 3175 19
2089 7155 19
2122 6941 19
2139 9534 19
2151 7652 19
2175 3304 19
2191 5470 19
2230 7042 19
2251 7063 19
2259 3850 19
2264 5660 19
2289 6467 19
2302 7883 19
2303 3293 19
2310 6323 19
2312 8079 19
2326 5160 19
2349 2531 19
2387 4747 19
2389 5062 19
2401 3264 19
2419 9295 19
2420 9797 19
2448 6266 19
2469 5049 19
2506 6375 19
2559 7538 19
2565 3911 19
2579 2735 19
2611 4682 19
2663 4026 19
2696 7488 19
2749 4342 19
2750 4684 19
2753 3205 19
2757 3428 19
2758 4830 19
2798 7924 19
2861 5412 19
2862 7251 19
2864 7573 19
2873 5712 19
2883 3229 19
2894 3278 19
2916 9569 19
2920 4450 19
2942 6139 19
2960 4365 19
2961 7293 19
2971 7132 19
2975 9841 19
2989 6970 19
3075 5900 19
3115 8138 19
3141 4765 19
3148 8359 19
3209 7231 19
3230 3913 19
3252 9192 19
3271 4041 19
3294 3522 19
3305 6343 19
3328 6559 19
3341 4623 19
3356 9638 19
3376 9904 19
3382 9939 19
3424 5577 19
3455 9551 19
3463 5115 19
3489 8760 19
3493 6335 19
3499 5268 19
3607 7653 19
3653 4187 19
3657 4215 19
3665 3822 19
3668 7516 19
3717 6484 19
3738 6565 19
3763 9082 19
3772 6319 19
3777 8964 19
3822 9765 19
3865 5413 19
3892 3950 19
3901 7520 19
3956 7952 19
4014 4296 19
4028 8146 19
4033 5819 19
4072 7689 19
4142 6472 19
4160 9226 19
4169 7704 19
4196 8429 19
4226 8633 19
4253 7596 19
4293 5879 19
4305 8753 19
4324 4579 19
4360 7249 19
4437 6303 19
4467 5373 19
4495 8998 19
4530 7071 19
4601 7737 19
4721 5565 19
4738 5067 19
4827 8065 19
4880 7324 19
4902 5392 19
4904 4961 19
4937 9197 19
4968 7456 19
4980 8867 19
4984 5106 19
4993 9900 19
5016 5910 19
5026 6502 19
5043 6831 19
5121 6709 19
5134 7651 19
5146 9361 19
5165 6879 19
5176 9988 19
5201 7447 19
5264 8939 19
5325 7399 19
5356 7646 19
5380 9779 19
5450 8466 19
5468 5956 19
5525 7714 19
5592 8127 19
5600 5646 19
5613 7384 19
5640 9278 19
5665 5681 19
5755 8903 19
5758 9171 19
5770 8450 19
5811 8435 19
5902 9911 19
5916 8231 19
5934 6377 19
5940 6539 19
6050 7376 19
6060 7810 19
6208 9498 19
6216 6276 19
6256 8162 19
6279 8141 19
6280 9581 19
6319 7800 19
6393 6514 19
6409 8231 19
6467 6476 19
6479 9642 19
6540 7775 19
6566 9398 19
6633 8429 19
6686 7458 19
6754 8469 19
6784 8695 19
6832 9058 19
6832 9225 19
6834 9580 19
6870 9312 19
6888 7037 19
7001 9139 19
7011 9721 19
7023 7614 19
7098 7533 19
7117 9183 19
7131 9074 19
7230 9892 19
7293 9785 19
7304 9159 19
7319 8561 19
7477 8356 19
7496 8933 19
7536 9345 19
7597 8243 19
7624 7898 19
7731 9820 19
7763 8486 19
7785 9601 19
7988 8616 19
8051 8990 19
8053 8122 19
8111 8724 19
8140 9525 19
8202 9435 19
8210 8525 19
8230 9604 19
8407 9324 19
8503 8579 19
8638 9400 19
8640 9234 19
8784 9241 19
8824 9163 19
8866 8888 19
8877 9026 19
9044 9432 19
9105 9470 19
9200 9889 19
9394 9430 19
9558 9924 19
9562 9765 19
2 7079 20
16 8542 20
21 5516 20
22 634 20
23 5938 20
25 806 20
28 8680 20
37 8904 20
39 1659 20
50 8788 20
83 268 20
112 8646 20
123 9504 20
143 5574 20
145 5451 20
211 7555 20
226 4195 20
228 6895 20
238 7430 20
245 1212 20
247 3866 20
249 5769 20
259 9291 20
286 5608 20
290 3584 20
341 3239 20
342 1988 20
363 3318 20
370 8987 20
380 4823 20
400 8878 20
412 5969 20
415 8080 20
422 616 20
423 6468 20
439 816 20
461 6238 20
477 2966 20
481 6026 20
510 6522 20
522 5663 20
558 9815 20
588 3430 20
613 1982 20
621 2852 20
635 9803 20
654 8233 20
663 6139 20
695 2038 20
706 4458 20
719 9076 20
760 7867 20
763 2245 20
784 891 20
786 7724 20
789 6400 20
796 6807 20
830 5801 20
833 6069 20
877 3712 20
883 8433 20
909 6971 20
923 5011 20
927 4417 20
931 1652 20
958 2859 20
964 7987 20
1017 3348 20
1020 3400 20
1071 7470 20
1075 2506 20
1084 5371 20
1100 2272 20
1169 1924 20
1203 8161 20
1297 3414 20
1316 8908 20
1335 8804 20
1359 6897 20
1371 5122 20
1403 5884 20
1495 4278 20
1518 9369 20
1581 6438 20
1584 6236 20
1586 8256 20
1595 3853 20
1603 9634 20
1608 8212 20
1640 8877 20
1641 2807 20
1643 2464 20
1685 3754 20
1686 5478 20
1724 3039 20
1758 3644 20
1779 3268 20
1781 6029 20
1786 6467 20
1797 2641 20
1803 3655 20
1804 9069 20
1826 6468 20
1843 6786 20
1859 6704 20
1873 6070 20
1919 9146 20
1920 2150 20
1925 5702 20
1934 7372 20
2082 6350 20
2083 9746 20
2118 4614 20
2145 2260 20
2156 9677 20
2166 6634 20
2176 6800 20
2215 3331 20
2225 2898 20
2241 8037 20
2258 2336 20
2270 5576 20
2288 3790 20
2327 5404 20
2345 3281 20
2355 3470 20
2391 4692 20
2438 6906 20
2460 7610 20
2472 7616 20
2477 2715 20
2520 8187 20
2537 4811 20
2566 4480 20
2566 4573 20
2567 7564 20
2568 6544 20
2583 8688 20
2594 7266 20
2603 7904 20
2606 3589 20
2683 5121 20
2714 3083 20
2783 3644 20
2787 7728 20
2795 8731 20
2892 3729 20
2902 4267 20
2926 7329 20
2933 6210 20
2957 7373 20
3012 7411 20
3032 8548 20
3064 7843 20
3101 7525 20
3112 9316 20
3151 4501 20
3160 6094 20
3177 6894 20
3246 4334 20
3275 9334 20
3347 8254 20
3360 9005 20
3364 4675 20
3369 6462 20
3476 9425 20
3507 9817 20
3541 8632 20
3591 6800 20
3621 7974 20
3637 6262 20
3673 9084 20
3694 4281 20
3706 8800 20
3728 7847 20
3746 3902 20
3749 9687 20
3757 5450 20
3778 4856 20
3799 6893 20
3867 4806 20
3893 7458 20
3901 9351 20
3942 6657 20
3970 5960 20
3988 7312 20
4002 5545 20
4039 6360 20
4055 9435 20
4166 4610 20
4189 6350 20
4210 6994 20
4242 4552 20
4248 5015 20
4275 7349 20
4280 4336 20
4353 6801 20
4386 6240 20
4437 7137 20
4450 4503 20
4498 9016 20
4582 5510 20
4681 9401 20
4709 5546 20
4734 6049 20
4755 8502 20
4764 8546 20
4837 6041 20
4847 8237 20
4856 6175 20
4914 6158 20
4933 8055 20
4934 5330 20
4940 5755 20
5037 7562 20
5040 7212 20
5048 5609 20
5057 9112 20
5131 8203 20
5197 6088 20
5208 8033 20
5213 8459 20
5300 5970 20
5354 9315 20
5401 5483 20
5402 6038 20
5406 5932 20
5448 8933 20
5526 7956 20
5574 9561 20
5588 5653 20
5623 9973 20
5637 8961 20
5643 5711 20
5646 6254 20
5656 6404 20
5672 9588 20
5684 8903 20
5688 8943 20
5757 7383 20
5760 7931 20
5798 6802 20
5809 8470 20
5843 6659 20
5858 8736 20
5866 5979 20
5914 7403 20
6074 6587 20
6084 7848 20
6143 9488 20
6185 8474 20
6262 6565 20
6263 6672 20
6293 8510 20
6327 9723 20
6384 9643 20
6389 9119 20
6412 6828 20
6424 8920 20
6426 8987 20
6433 7586 20
6472 8006 20
6478 8680 20
6482 7495 20
6537 6950 20
6552 6855 20
6641 9009 20
6661 9804 20
6663 8823 20
6684 8824 20
6729 9293 20
7032 9130 20
7350 8169 20
7482 9283 20
7543 7761 20
7698 9441 20
7738 9901 20
7835 8718 20
7962 9249 20
8026 9882 20
8408 9513 20
8462 9236 20
8566 8859 20
8582 9894 20
8696 8823 20
8818 9286 20
9058 9624 20
9319 9989 20
3 82 21
42 5047 21
49 7326 21
53 930 21
72 5416 21
126 8127 21
163 1012 21
201 612 21
213 6164 21
242 8189 21
317 6959 21
337 7198 21
340 9015 21
342 867 21
363 1195 21
367 9997 21
391 2054 21
402 3375 21
414 4916 21
472 8270 21
506 2377 21
509 1499 21
571 7197 21
618 6539 21
633 8558 21
688 884 21
689 1750 21
706 5942 21
708 7270 21
728 3783 21
736 5850 21
757 9722 21
765 8233 21
771 2560 21
792 3051 21
809 4283 21
823 8364 21
826 9888 21
833 4926 21
847 4749 21
851 2302 21
886 3443 21
895 2321 21
911 8018 21
929 5264 21
971 4597 21
1007 2801 21
1024 9493 21
1066 8276 21
1084 1317 21
1095 5350 21
1115 1934 21
1142 4359 21
1147 8215 21
1166 9615 21
1177 1274 21
1178 8170 21
1208 6922 21
1225 1284 21
1272 6607 21
1294 9009 21
1310 7298 21
1326 9282 21
1348 8015 21
1371 7733 21
1375 8318 21
1402 5641 21
1433 8737 21
1444 9188 21
1445 3043 21
1490 9488 21
1530 2490 21
1546 5093 21
1577 4209 21
1579 5138 21
1611 2517 21
1622 5006 21
1651 2883 21
1698 5002 21
1722 9023 21
1755 3767 21
1795 9352 21
1901 7032 21
2014 8670 21
2020 8288 21
2021 8810 21
2079 7344 21
2137 7903 21
2191 8995 21
2201 7691 21
2207 8191 21
2212 6005 21
2240 9373 21
2273 8105 21
2280 5301 21
2307 5235 21
2308 2639 21
2329 7856 21
2336 3746 21
2349 6372 21
2371 3454 21
2401 5827 21
2405 3819 21
2431 2977 21
2464 5707 21
2493 7575 21
2536 7161 21
2627 4455 21
2632 5132 21
2672 7279 21
2808 7413 21
2818 5729 21
2882 4857 21
3051 7177 21
3064 5004 21
3076 5426 21
3110 3167 21
3115 6753 21
3118 5791 21
3149 4237 21
3159 9857 21
3172 5647 21
3173 6453 21
3181 8600 21
3223 7907 21
3236 3724 21
3241 6798 21
3273 4718 21
3281 7179 21
3314 3622 21
3315 5794 21
3317 5720 21
3327 8018 21
3347 9413 21
3374 7600 21
3381 8961 21
3408 8337 21
3416 5162 21
3468 7729 21
3559 8506 21
3570 5832 21
3570 8325 21
3609 9383 21
3639 8465 21
3729 6065 21
3736 7073 21
3806 9887 21
3830 8219 21
3893 7408 21
3924 9351 21
3969 7269 21
4007 6954 21
4015 7388 21
4074 8899 21
4080 9581 21
4098 7789 21
4124 9086 21
4138 4469 21
4142 6610 21
4142 7163 21
4170 5007 21
4190 5438 21
4199 8185 21
4222 5611 21
4230 6097 21
4365 9345 21
4447 8987 21
4458 8859 21
4460 9539 21
4489 7173 21
4490 9825 21
4523 6680 21
4576 6551 21
4640 8549 21
4698 8168 21
4732 6534 21
4745 6128 21
4818 6913 21
4837 8579 21
4887 9258 21
4913 9199 21
4949 8217 21
4994 6260 21
5009 7144 21
5013 6376 21
5039 6322 21
5092 8139 21
5100 6251 21
5117 7768 21
5119 7781 21
5120 7547 21
5127 5804 21
5162 9247 21
5255 6306 21
5406 5594 21
5423 5480 21
5464 5605 21
5476 6598 21
5481 7984 21
5638 9314 21
5645 8472 21
5651 9633 21
5757 7010 21
5759 9464 21
5791 6527 21
5794 7308 21
5847 5980 21
5869 9626 21
5887 7986 21
5894 7560 21
5901 6186 21
5916 8545 21
6067 8212 21
6126 6243 21
6152 7496 21
6156 7584 21
6221 6246 21
6239 8596 21
6268 8154 21
6307 9978 21
6362 9746 21
6388 7046 21
6731 9052 21
6802 7921 21
6817 7769 21
6857 9929 21
6858 8134 21
6869 7383 21
6993 7131 21
7001 9815 21
7009 8441 21
7066 8219 21
7119 8330 21
7191 9952 21
7257 9099 21
7350 8850 21
7376 9418 21
7482 7859 21
7569 9050 21
7597 8431 21
7730 9949 21
7892 9554 21
8176 9105 21
8182 8256 21
8205 8575 21
8383 8540 21
8423 9070 21
8481 9015 21
8631 9879 21
8672 9607 21
9174 9629 21
9183 9654 21
9287 9471 21
117 9415 22
124 8815 22
130 930 22
155 1034 22
179 3595 22
224 3755 22
238 1499 22
241 8117 22
253 6939 22
293 630 22
301 5362 22
305 1169 22
338 7328 22
354 8121 22
365 9451 22
403 896 22
454 1158 22
460 8463 22
480 6300 22
497 3502 22
508 2913 22
514 8255 22
549 9766 22
584 2743 22
584 6355 22
682 6934 22
718 3411 22
771 7261 22
798 9663 22
807 7406 22
859 7949 22
871 9894 22
910 1264 22
931 1413 22
942 1810 22
954 6462 22
973 3155 22
1007 8953 22
1078 4089 22
1111 7803 22
1181 9449 22
1195 3331 22
1274 4436 22
1306 7366 22
1313 2161 22
1378 5284 22
1389 7045 22
1407 6993 22
1434 3081 22
1469 2429 22
1516 7009 22
1521 6846 22
1524 8291 22
1533 9651 22
1557 8189 22
1559 7389 22
1626 4774 22
1629 6119 22
1632 9915 22
1649 7756 22
1659 8488 22
1687 3117 22
1693 8319 22
1706 2006 22
1735 8186 22
1741 9564 22
1742 7890 22
1759 7072 22
1776 3300 22
1817 2791 22
1836 7352 22
1863 5531 22
1914 5393 22
1945 7387 22
1964 7931 22
1977 8835 22
1994 2809 22
2130 2300 22
2157 2603 22
2158 3538 22
2168 3014 22
2241 9200 22
2260 9450 22
2284 2386 22
2308 5681 22
2333 9662 22
2356 9240 22
2380 9812 22
2390 2800 22
2410 5165 22
2455 6063 22
2456 8954 22
2457 7415 22
2491 8237 22
2536 8033 22
2600 7575 22
2667 2893 22
2710 3623 22
2765 3210 22
2784 5150 22
2792 3666 22
2794 7137 22
2830 6043 22
2903 7781 22
2920 3802 22
2966 5483 22
3002 3920 22
3007 8012 22
3025 9298 22
3035 4496 22
3041 5238 22
3054 6568 22
3074 6580 22
3092 9148 22
3104 3644 22
3131 6847 22
3176 9376 22
3225 9061 22
3233 8476 22
3242 9402 22
3293 6644 22
3327 6352 22
3329 5068 22
3392 3594 22
3420 3905 22
3508 4054 22
3588 6224 22
3647 6294 22
3667 3686 22
3672 8906 22
3688 6147 22
3698 4105 22
3723 4180 22
3751 5204 22
3904 6026 22
3912 7116 22
3912 9337 22
3921 9096 22
3922 7521 22
3937 6315 22
3938 4735 22
3945 4725 22
3946 9988 22
3955 6879 22
3963 8005 22
3965 7910 22
3977 6737 22
3979 6045 22
4046 4702 22
4070 8635 22
4142 6333 22
4149 6694 22
4204 6432 22
4241 7676 22
4289 9316 22
4348 7447 22
4379 9138 22
4476 9394 22
4553 9097 22
4595 9536 22
4597 5705 22
4609 8976 22
4611 7973 22
4662 6251 22
4692 8460 22
4745 7314 22
4756 8435 22
4832 5656 22
4889 5109 22
4930 5281 22
5062 8928 22
5075 6384 22
5081 7411 22
5228 7915 22
5256 6348 22
5264 9563 22
5274 9415 22
5319 5740 22
5433 8228 22
5446 5779 22
5469 7946 22
5777 8396 22
5801 8574 22
5921 9570 22
6055 8677 22
6064 8964 22
6070 8650 22
6123 8354 22
6148 7199 22
6360 8857 22
6448 6687 22
6458 8040 22
6460 9276 22
6471 6828 22
6512 8878 22
6573 9672 22
6585 8983 22
6717 9043 22
6780 9545 22
6818 7548 22
6820 7402 22
6898 9068 22
6977 7636 22
7207 7883 22
7243 7686 22
7300 7945 22
7347 8788 22
7365 8619 22
7394 9889 22
7489 8770 22
7636 8502 22
7641 8908 22
7666 8419 22
7758 9012 22
7893 8133 22
8086 8474 22
8104 9084 22
8160 8646 22
8238 9999 22
8277 9036 22
8313 8979 22
8400 8702 22
8436 8799 22
8470 9904 22
8670 9484 22
8893 9168 22
8926 9974 22
8941 9623 22
9002 9074 22
22 2408 23
90 287 23
90 1784 23
98 4941 23
136 4584 23
145 6611 23
149 3548 23
154 9743 23
160 9138 23
174 7908 23
176 1769 23
187 3277 23
189 7238 23
228 2677 23
259 9969 23
271 9390 23
355 3656 23
377 1508 23
383 4042 23
390 2024 23
441 2937 23
448 5891 23
457 2061 23
495 6445 23
497 2884 23
519 1948 23
534 747 23
543 2752 23
600 8909 23
601 8856 23
669 1255 23
687 6809 23
726 7188 23
745 4457 23
745 6508 23
750 1275 23
759 4979 23
763 4531 23
788 3897 23
790 6154 23
806 6872 23
847 5475 23
876 3857 23
879 2273 23
889 4943 23
917 1120 23
917 2301 23
923 9976 23
1023 1028 23
1043 6830 23
1070 2923 23
1139 4558 23
1143 7977 23
1172 3360 23
1204 5454 23
1223 7291 23
1293 1620 23
1332 5038 23
1395 3529 23
1395 4084 23
1404 3906 23
1409 8821 23
1423 8807 23
1429 1672 23
1436 9769 23
1443 3479 23
1472 7555 23
1559 7891 23
1572 4322 23
1645 7244 23
1679 4301 23
1682 2736 23
1706 3204 23
1727 6663 23
1766 5492 23
1780 8183 23
1818 3554 23
1831 9839 23
1877 6308 23
1879 3037 23
1886 9232 23
1905 2411 23
1910 1994 23
1941 6970 23
1944 9082 23
1945 9666 23
1947 2109 23
1999 6422 23
2006 6257 23
2045 4141 23
2075 6531 23
2121 3344 23
2150 7361 23
2158 9040 23
2160 9426 23
2209 9165 23
2263 8795 23
2325 7361 23
2354 5306 23
2385 2593 23
2462 4745 23
2463 8890 23
2475 3964 23
2480 8647 23
2482 3643 23
2599 9845 23
2601 8785 23
2604 3858 23
2618 7766 23
2622 3079 23
2628 4855 23
2646 9039 23
2653 6464 23
2672 8193 23
2674 5299 23
2698 7778 23
2701 6683 23
2703 6867 23
2725 6654 23
2725 9985 23
2727 5718 23
2728 9227 23
2781 9204 23
2794 9451 23
2801 7696 23
2814 9986 23
2871 6475 23
2884 3538 23
2889 5646 23
2900 5369 23
2917 7403 23
2926 9676 23
2964 5251 23
2979 6471 23
2998 9038 23
3037 7270 23
3065 8094 23
3068 7364 23
3100 4707 23
3140 6124 23
3202 9602 23
3206 3519 23
3219 7125 23
3242 3678 23
3247 7412 23
3287 8858 23
3300 7665 23
3355 5756 23
3356 9660 23
3420 8567 23
3447 8040 23
3457 6070 23
3561 6141 23
3565 6609 23
3579 7033 23
3626 3736 23
3656 9169 23
3713 5103 23
3724 7356 23
3758 9458 23
3797 5700 23
3856 8584 23
3871 9189 23
3880 4639 23
3882 9262 23
3955 9347 23
3966 8966 23
4003 6911 23
4045 5926 23
4094 8131 23
4107 9755 23
4108 8821 23
4182 9320 23
4207 5890 23
4220 5865 23
4275 5571 23
4322 6741 23
4355 7485 23
4355 8350 23
4435 5793 23
4451 8404 23
4492 4937 23
4494 8623 23
4543 5067 23
4590 9922 23
4601 7566 23
4694 5473 23
4719 6622 23
4736 7395 23
4754 5479 23
4799 9615 23
4837 5830 23
4846 9024 23
4851 5786 23
4894 6333 23
4904 9993 23
4910 9179 23
5009 9592 23
5028 6437 23
5073 9634 23
5114 7241 23
5126 6037 23
5218 9822 23
5295 8366 23
5314 9137 23
5321 6999 23
5332 5393 23
5387 6926 23
5495 5931 23
5585 6331 23
5639 6120 23
5712 6413 23
5784 9031 23
5888 6702 23
6039 6077 23
6185 7285 23
6203 8376 23
6395 6569 23
6404 9274 23
6439 7482 23
6495 7113 23
6536 7229 23
6636 7950 23
6731 9743 23
6785 9378 23
6838 7305 23
6876 9301 23
6915 7397 23
6992 7356 23
7398 9574 23
7437 7980 23
7496 9427 23
7549 8876 23
7792 7908 23
8413 8555 23
8496 9864 23
8713 8730 23
8744 8944 23
8874 9530 23
9078 9283 23
9182 9307 23
9293 9954 23
9613 9938 23
9671 9941 23
26 2438 24
98 6982 24
123 1247 24
155 7995 24
183 7429 24
184 6408 24
211 1013 24
222 7947 24
233 5118 24
261 9533 24
287 3475 24
352 7159 24
366 1576 24
367 5389 24
381 5333 24
431 3537 24
440 8539 24
453 3190 24
478 2085 24
479 3523 24
492 735 24
499 6418 24
512 6282 24
513 6815 24
552 7426 24
552 8982 24
560 9412 24
594 756 24
602 8599 24
668 7902 24
682 4473 24
710 1047 24
711 3737 24
746 6909 24
762 7897 24
789 4414 24
797 7040 24
804 8448 24
812 1614 24
821 1554 24
826 4670 24
850 7143 24
871 4729 24
875 5801 24
887 9413 24
914 8781 24
955 6260 24
1012 6822 24
1026 7881 24
1058 8168 24
1060 7835 24
1073 6383 24
1087 1712 24
1140 1871 24
1207 3211 24
1214 2592 24
1242 4004 24
1244 6997 24
1258 8677 24
1278 2219 24
1293 7755 24
1338 1833 24
1360 5828 24
1450 3517 24
1450 7343 24
1471 5774 24
1486 7252 24
1557 6617 24
1561 9049 24
1590 3546 24
1604 4909 24
1620 4768 24
1630 9599 24
1632 5202 24
1636 9597 24
1665 9404 24
1675 7800 24
1690 5290 24
1700 1999 24
1705 4586 24
1735 6382 24
1736 6884 24
1740 2118 24
1931 3604 24
1968 2319 24
2095 4274 24
2102 8400 24
2107 6425 24
2132 3341 24
2229 3997 24
2294 3299 24
2324 5639 24
2372 6280 24
2381 9338 24
2467 9987 24
2491 7250 24
2524 4476 24
2579 6144 24
2636 7662 24
2637 6613 24
2676 3082 24
2722 9983 24
2739 9937 24
2766 4381 24
2800 8265 24
2806 4214 24
2817 4935 24
2859 2963 24
2880 9896 24
2943 8442 24
2948 3928 24
3023 7768 24
3038 4659 24
3045 9461 24
3047 7962 24
3048 5747 24
3075 9116 24
3130 7784 24
3173 4166 24
3198 9748 24
3266 9880 24
3332 8067 24
3332 8528 24
3366 6495 24
3384 7598 24
3402 5230 24
3496 4149 24
3552 9178 24
3561 8393 24
3568 6994 24
3638 4181 24
3645 7405 24
3663 5387 24
3675 6816 24
3704 8109 24
3773 4199 24
3807 9153 24
3813 4884 24
3926 8814 24
3962 7260 24
4046 7138 24
4085 9778 24
4095 6977 24
4140 9605 24
4174 7822 24
4271 7051 24
4284 4867 24
4292 7058 24
4323 9885 24
4325 7562 24
4366 8275 24
4368 5214 24
4419 6584 24
4496 6037 24
4542 8619 24
4560 6614 24
4624 6792 24
4628 9594 24
4655 6207 24
4669 6319 24
4725 5952 24
4761 4774 24
4803 4909 24
4818 8132 24
4942 5455 24
4956 6670 24
4977 8453 24
4980 5186 24
5009 6434 24
5067 9926 24
5101 5422 24
5129 8926 24
5163 8919 24
5218 5832 24
5246 7645 24
5295 7844 24
5324 8770 24
5361 5447 24
5398 8503 24
5580 9348 24
5662 8984 24
5774 5983 24
5846 8546 24
5948 7722 24
5961 7470 24
5976 6577 24
6125 8042 24
6228 9375 24
6352 8334 24
6424 9875 24
6439 8483 24
6465 7398 24
6581 8199 24
6649 6686 24
6702 9774 24
6708 6736 24
6799 7762 24
6845 6935 24
6868 7761 24
6903 7128 24
6909 7359 24
6914 9864 24
6944 9692 24
7009 9267 24
7054 9844 24
7062 8912 24
7186 8163 24
7303 7595 24
7348 9513 24
7398 7418 24
7506 8342 24
7595 8770 24
7610 7743 24
7676 8636 24
7915 8614 24
7934 9760 24
8070 8108 24
8085 8286 24
8203 8370 24
8486 9754 24
8511 8860 24
8655 9052 24
8671 8894 24
8704 9609 24
11 616 25
37 2620 25
37 9311 25
48 7501 25
107 2104 25
161 2083 25
168 8532 25
169 3552 25
172 1476 25
187 2842 25
228 7463 25
246 5924 25
263 2212 25
304 5310 25
348 6830 25
384 4846 25
434 9584 25
445 2303 25
485 5933 25
549 3029 25
626 7432 25
643 9502 25
672 1998 25
721 1494 25
729 8137 25
750 5286 25
752 1091 25
768 2542 25
775 5553 25
778 5618 25
813 8016 25
820 4878 25
837 4759 25
852 4326 25
865 4787 25
880 6212 25
901 5439 25
915 2753 25
939 9560 25
979 7650 25
1001 8308 25
1045 8841 25
1062 8901 25
1089 4318 25
1121 7651 25
1142 9487 25
1170 5407 25
1195 2589 25
1219 6043 25
1270 2083 25
1273 3106 25
1381 5511 25
1444 9550 25
1450 4901 25
1460 3225 25
1474 9243 25
1482 9378 25
1511 4038 25
1545 9272 25
1551 4916 25
1608 7135 25
1634 5011 25
1638 4745 25
1697 6721 25
1702 5319 25
1722 9047 25
1762 7334 25
1773 4518 25
1775 4978 25
1784 8039 25
1790 3142 25
1820 7200 25
1828 7726 25
1835 9543 25
1865 4464 25
1874 5689 25
1908 2309 25
1936 9855 25
1970 5809 25
1998 9528 25
2016 2383 25
2102 9188 25
2144 7232 25
2153 2980 25
2202 8090 25
2208 7912 25
2251 8642 25
2276 2772 25
2343 5745 25
2356 9158 25
2398 8398 25
2416 9900 25
2418 8873 25
2429 3044 25
2444 4020 25
2531 3283 25
2610 8218 25
2656 8010 25
2670 3525 25
2680 5035 25
2732 4474 25
2774 9268 25
2861 3457 25
2874 8262 25
2898 9291 25
2910 4356 25
2968 3645 25
3021 4849 25
3035 7010 25
3109 8885 25
3121 5523 25
3140 9117 25
3154 3448 25
3192 5857 25
3195 8020 25
3279 8607 25
3306 4259 25
3307 4329 25
3347 7773 25
3355 5854 25
3368 4308 25
3381 5155 25
3422 8507 25
3467 8750 25
3503 9351 25
3523 3734 25
3556 9127 25
3600 7245 25
3635 3964 25
3677 6357 25
3683 6915 25
3709 7178 25
3734 6658 25
3753 9532 25
3833 9474 25
3852 7046 25
3873 8288 25
3887 9639 25
3907 6659 25
3917 8847 25
3954 4943 25
3956 5661 25
4136 8564 25
4203 9388 25
4209 7860 25
4272 6554 25
4284 7618 25
4349 4432 25
4438 7040 25
4477 4981 25
4503 9704 25
4521 5351 25
4571 7616 25
4674 6079 25
4754 8786 25
4832 8918 25
4845 6030 25
4906 9474 25
4939 5957 25
4974 9190 25
4983 8412 25
5144 6613 25
5159 6827 25
5266 7901 25
5382 7105 25
5421 5488 25
5454 6510 25
5577 9099 25
5613 8958 25
5634 6860 25
5732 6017 25
5832 9496 25
5861 7414 25
5863 5951 25
6001 9263 25
6172 7493 25
6273 6520 25
6290 8680 25
6324 7915 25
6328 7045 25
6523 9861 25
6628 7946 25
6674 7796 25
6679 8513 25
6831 8833 25
6843 7048 25
6857 8463 25
6877 9351 25
6885 8494 25
7038 9979 25
7094 8958 25
7128 8838 25
7322 7743 25
7442 8182 25
7638 8765 25
7698 9648 25
7757 8855 25
7768 9355 25
8013 8772 25
8292 8799 25
8397 8711 25
8578 9839 25
8904 9835 25
9131 9515 25
9335 9930 25
4 8689 26
12 3972 26
35 270 26
54 498 26
66 2046 26
68 3371 26
76 8394 26
106 4058 26
111 4366 26
164 5940 26
204 4223 26
220 7185 26
246 6140 26
288 2964 26
306 8713 26
312 4642 26
330 5806 26
335 7124 26
436 9641 26
440 7776 26
447 9497 26
451 2489 26
465 9908 26
471 4825 26
511 9821 26
518 6474 26
625 4528 26
627 4014 26
639 9000 26
683 6554 26
686 2128 26
689 2699 26
701 7674 26
728 9819 26
757 8828 26
817 4733 26
838 5469 26
894 1943 26
975 1424 26
982 2315 26
1019 2290 26
1099 1640 26
1131 6336 26
1171 6912 26
1228 8496 26
1232 7287 26
1248 9271 26
1313 1669 26
1357 4498 26
1438 5270 26
1500 6027 26
1531 2695 26
1553 7739 26
1611 2893 26
1617 2662 26
1625 3307 26
1689 4385 26
1724 3196 26
1736 7036 26
1739 7439 26
1746 7653 26
1749 3057 26
1757 3044 26
1905 2066 26
1971 7901 26
2065 6694 26
2124 6455 26
2222 8894 26
2223 3004 26
2234 9211 26
2325 7491 26
2335 5671 26
2389 4522 26
2430 3801 26
2437 6193 26
2445 7687 26
2494 4955 26
2567 3027 26
2647 7237 26
2660 6006 26
2669 5642 26
2670 9977 26
2741 6884 26
2831 3852 26
2866 8425 26
2893 9153 26
2931 3483 26
2949 6695 26
2956 5903 26
2973 3434 26
3009 8263 26
3028 8969 26
3043 8009 26
3067 9844 26
3096 7439 26
3125 5240 26
3151 6136 26
3166 7357 26
3216 4865 26
3246 6597 26
3314 4976 26
3360 9113 26
3635 5100 26
3675 7786 26
3868 4941 26
3947 5600 26
3957 7537 26
4042 8949 26
4098 8296 26
4173 8842 26
4177 7530 26
4229 4579 26
4233 7797 26
4234 7827 26
4257 8308 26
4414 8384 26
4482 7069 26
4564 8407 26
4570 4868 26
4622 8277 26
4631 7086 26
4659 7165 26
4790 9855 26
4794 5593 26
4886 6024 26
4947 9955 26
4967 6659 26
5002 8743 26
5192 8970 26
5239 8541 26
5305 7760 26
5426 8726 26
5503 8383 26
5563 6093 26
5608 7199 26
5626 9372 26
5725 9079 26
5808 7734 26
5820 8637 26
5996 6364 26
6043 6188 26
6147 7585 26
6169 8462 26
6222 9496 26
6301 7660 26
6350 7656 26
6384 8917 26
6615 9157 26
6760 9442 26
6787 9646 26
6979 9710 26
6994 7854 26
7027 7209 26
7053 9185 26
7057 7089 26
7098 8092 26
7164 9479 26
7178 9914 26
7345 7809 26
7390 7605 26
7453 8013 26
7582 9514 26
7739 9457 26
7894 8282 26
8011 9866 26
8049 8113 26
8078 9874 26
8484 9894 26
8507 9733 26
8839 9689 26
9495 9741 26
9830 9860 26
16 2235 27
24 5804 27
80 4729 27
159 3939 27
162 548 27
171 5944 27
196 5772 27
230 3000 27
235 3590 27
252 3984 27
261 3888 27
311 5907 27
343 3548 27
344 9912 27
382 7385 27
392 9562 27
439 1010 27
462 7679 27
463 768 27
468 7833 27
492 4151 27
534 1194 27
623 3409 27
632 3747 27
632 4389 27
638 7209 27
648 3949 27
655 7548 27
703 2832 27
735 3927 27
776 4395 27
842 3596 27
868 5969 27
894 5009 27
905 9426 27
914 3563 27
924 7447 27
941 5959 27
969 9394 27
973 5156 27
974 8509 27
1014 3268 27
1025 6800 27
1061 4082 27
1072 7872 27
1149 1408 27
1160 9007 27
1167 6212 27
1247 9673 27
1260 3109 27
1275 9618 27
1311 4701 27
1366 7146 27
1394 8681 27
1448 8734 27
1498 2192 27
1548 8029 27
1611 5464 27
1737 9760 27
1768 9666 27
1829 6938 27
1874 9595 27
1900 7671 27
1927 5379 27
1949 3583 27
1985 2142 27
2006 8681 27
2019 4166 27
2086 7219 27
2099 7096 27
2112 9477 27
2144 9281 27
2307 5695 27
2322 9160 27
2353 2608 27
2388 7682 27
2472 4312 27
2487 3238 27
2498 7980 27
2525 2746 27
2528 8343 27
2532 6842 27
2605 6600 27
2647 2933 27
2693 5395 27
2732 2831 27
2776 2986 27
2783 5352 27
2809 9800 27
2867 3238 27
2903 5694 27
2972 3681 27
3013 4501 27
3071 8001 27
3074 9490 27
3084 7711 27
3128 5666 27
3140 8456 27
3150 6113 27
3258 8513 27
3273 3989 27
3396 6148 27
3442 4696 27
3472 3509 27
3573 3601 27
3584 6411 27
3599 4461 27
3728 7681 27
3775 7612 27
3848 4074 27
3882 8445 27
3903 9622 27
3918 4077 27
3962 4438 27
4021 7983 27
4050 5135 27
4056 6173 27
4081 4275 27
4081 7802 27
4097 5289 27
4121 4703 27
4161 5679 27
4215 4300 27
4274 9252 27
4313 9718 27
4356 7464 27
4381 8984 27
4449 6793 27
4471 7646 27
4578 5187 27
4583 8224 27
4687 9286 27
4706 8191 27
4710 4739 27
4804 8024 27
4820 5322 27
4931 9160 27
4932 9422 27
4982 9828 27
5038 8661 27
5049 6840 27
5092 5812 27
5099 7916 27
5127 5907 27
5128 8281 27
5132 9642 27
5143 5509 27
5176 5989 27
5193 7169 27
5196 5916 27
5223 6015 27
5311 8216 27
5571 7816 27
5604 6639 27
5617 8660 27
5641 8385 27
5642 9386 27
5690 8586 27
5763 6002 27
5785 7872 27
5803 6802 27
5808 7683 27
5911 9423 27
5924 8827 27
6017 9044 27
6253 8405 27
6313 7057 27
6347 6753 27
6409 9972 27
6462 6589 27
6575 6825 27
6599 7566 27
6610 8471 27
6655 9139 27
6665 6739 27
6703 7586 27
6917 9573 27
6940 7241 27
6967 9867 27
7129 7513 27
7141 8978 27
7179 9423 27
7213 9431 27
7332 9553 27
7388 8496 27
7873 9957 27
7876 8563 27
8002 9319 27
8410 8923 27
8694 9071 27
8752 9902 27
9092 9345 27
9441 9455 27
1 6638 28
24 5890 28
25 1245 28
52 2813 28
54 8291 28
176 4477 28
179 4143 28
186 9875 28
190 4922 28
212 1023 28
251 9467 28
267 5188 28
269 8125 28
273 9194 28
296 2216 28
337 861 28
348 8002 28
396 3329 28
397 1635 28
427 1571 28
447 3954 28
470 9643 28
546 3268 28
574 652 28
575 6642 28
667 5706 28
685 6511 28
722 2706 28
851 3746 28
851 8236 28
876 5352 28
902 7991 28
932 3444 28
935 7002 28
1110 5421 28
1123 9348 28
1148 4352 28
1161 3859 28
1219 5968 28
1254 2203 28
1281 7536 28
1296 5805 28
1358 3532 28
1457 5635 28
1488 4768 28
1495 2263 28
1585 7706 28
1651 3557 28
1675 2760 28
1677 8108 28
1688 9345 28
1692 9143 28
1731 6796 28
1768 2493 28
1775 2855 28
1834 4809 28
1834 9759 28
1883 3479 28
1898 7830 28
1933 7221 28
2006 2987 28
2052 6429 28
2078 3671 28
2081 4432 28
2082 2433 28
2306 8419 28
2336 2396 28
2485 9182 28
2516 4202 28
2573 3051 28
2619 3320 28
2636 4276 28
2638 4711 28
2641 6205 28
2847 4941 28
2875 8896 28
2943 4441 28
2981 5739 28
3046 8609 28
3080 5902 28
3096 3543 28
3147 9575 28
3286 8017 28
3340 7237 28
3393 3952 28
3412 8363 28
3521 3845 28
3615 4450 28
3630 6706 28
3702 6097 28
3708 5325 28
3743 6168 28
3764 7566 28
3768 4932 28
3788 9673 28
3791 4155 28
3873 4047 28
3886 7417 28
3953 5625 28
3969 9434 28
4101 4245 28
4110 6184 28
4141 7725 28
4185 5154 28
4208 6464 28
4246 5732 28
4263 8873 28
4302 7072 28
4312 9981 28
4357 7566 28
4382 8667 28
4451 7754 28
4464 9922 28
4475 9395 28
4585 5836 28
4665 6095 28
4708 9078 28
4840 9399 28
4842 5260 28
5026 9763 28
5052 5065 28
5152 6127 28
5317 9796 28
5337 5741 28
5365 8437 28
5377 8913 28
5612 9756 28
5639 6091 28
5673 8408 28
5824 6692 28
5871 9711 28
5897 7218 28
6116 8453 28
6200 7832 28
6204 9217 28
6490 7377 28
6497 8226 28
6516 8569 28
6559 8945 28
6636 9918 28
6737 9818 28
6827 7088 28
6951 7479 28
6975 7415 28
6983 7680 28
6999 8779 28
7014 8805 28
7037 9780 28
7044 7559 28
7146 8694 28
7237 8625 28
7379 9441 28
7457 9898 28
7497 8812 28
7506 9076 28
7703 7876 28
7777 8391 28
7818 7883 28
7884 9838 28
8421 8530 28
8553 9785 28
8754 8783 28
9471 9599 28
9478 9677 28
27 8476 29
38 2872 29
53 2031 29
56 8840 29
86 9192 29
108 8330 29
129 2762 29
140 5568 29
183 7420 29
189 7510 29
210 2030 29
247 1850 29
268 9642 29
276 3158 29
277 4152 29
335 8332 29
345 3997 29
375 6435 29
424 6606 29
531 2843 29
555 7518 29
558 9810 29
657 848 29
699 926 29
713 8593 29
738 9582 29
810 8369 29
814 2038 29
818 6588 29
840 9576 29
873 6732 29
944 8114 29
946 5435 29
950 1889 29
1026 2892 29
1075 1337 29
1140 5953 29
1162 3894 29
1163 6045 29
1223 7651 29
1255 2987 29
1277 1634 29
1291 8776 29
1299 1800 29
1314 9350 29
1372 1787 29
1448 5721 29
1481 4821 29
1535 8752 29
1585 8119 29
1594 9205 29
1672 5867 29
1745 7882 29
1835 5516 29
1855 2407 29
1902 7772 29
1932 9509 29
1938 9034 29
2062 5320 29
2072 4635 29
2098 2719 29
2105 8629 29
2201 8671 29
2205 6158 29
2216 7417 29
2247 6712 29
2315 3078 29
2337 3895 29
2382 8398 29
2389 6560 29
2399 6110 29
2408 4350 29
2421 3443 29
2456 6715 29
2617 7019 29
2692 8060 29
2721 9668 29
2737 5763 29
2762 8554 29
2778 5950 29
2810 7308 29
2863 9791 29
2871 4904 29
3015 3407 29
3040 7363 29
3160 6910 29
3258 6696 29
3308 3723 29
3364 5617 29
3429 9987 29
3462 4860 29
3486 4567 29
3545 7985 29
3550 5880 29
3553 4751 29
3601 3906 29
3650 5408 29
3713 6965 29
3790 5549 29
3816 5036 29
3836 7864 29
3837 5598 29
3935 5960 29
3960 7868 29
3961 7472 29
3995 4358 29
4010 4048 29
4235 9253 29
4269 6980 29
4310 7688 29
4341 7523 29
4413 5486 29
4427 7028 29
4476 8147 29
4488 9910 29
4553 6383 29
4681 7475 29
4714 9081 29
4835 8187 29
4846 5193 29
4889 8309 29
4934 6600 29
4947 5410 29
4978 7545 29
5006 5911 29
5162 9195 29
5297 8068 29
5459 9272 29
5723 6541 29
5730 9603 29
5816 8131 29
5898 6964 29
5921 9387 29
5942 7269 29
6023 9111 29
6111 9427 29
6288 6351 29
6328 8174 29
6409 9798 29
6452 6683 29
6459 9516 29
6618 6883 29
6675 8546 29
6923 7225 29
7087 9257 29
7222 8106 29
7234 7686 29
7255 9830 29
7281 7437 29
7327 9143 29
7346 8524 29
7369 9844 29
7463 9700 29
7622 8191 29
7689 9874 29
7740 7840 29
7845 8661 29
8128 8713 29
8398 8616 29
8415 9814 29
9066 9771 29
9138 9253 29
9380 9909 29
9493 9646 29
43 6211 30
114 5943 30
238 9377 30
239 4519 30
266 7661 30
300 7937 30
319 6837 30
331 7118 30
362 2934 30
436 6410 30
437 3447 30
451 1825 30
491 9242 30
514 3165 30
517 1216 30
530 3246 30
533 4206 30
660 736 30
697 9291 30
732 7066 30
735 8435 30
780 3155 30
840 4227 30
843 3145 30
872 6608 30
900 6500 30
957 2057 30
971 8344 30
979 4338 30
983 4583 30
984 3552 30
997 7594 30
1035 9292 30
1064 3850 30
1096 7148 30
1160 8677 30
1161 1269 30
1172 3900 30
1189 4979 30
1223 7899 30
1224 5188 30
1227 6910 30
1244 4801 30
1254 7441 30
1286 7772 30
1400 4942 30
1404 7669 30
1452 9905 30
1457 9511 30
1460 5879 30
1475 7649 30
1540 6861 30
1625 8967 30
1689 2993 30
1717 8510 30
1870 2187 30
1977 8668 30
1992 2427 30
1996 8500 30
2065 2919 30
2187 2220 30
2208 4702 30
2216 5680 30
2249 5318 30
2269 9325 30
2313 7482 30
2316 6748 30
2333 7574 30
2340 4104 30
2396 5946 30
2502 8868 30
2554 8797 30
2574 9794 30
2580 4339 30
2584 5749 30
2586 3225 30
2630 3951 30
2650 7729 30
2676 4186 30
2687 4070 30
2754 8598 30
2772 3756 30
2784 3782 30
2811 6909 30
2823 6933 30
2827 9032 30
2866 6572 30
2957 9456 30
2978 8416 30
2981 4709 30
3009 5258 30
3133 5719 30
3299 8712 30
3315 5516 30
3389 8934 30
3611 5966 30
3616 9319 30
3636 6234 30
3653 6492 30
3723 4442 30
3735 6483 30
3746 4546 30
3921 4686 30
4011 6347 30
4016 6702 30
4058 9488 30
4131 4584 30
4171 9643 30
4204 7869 30
4280 4758 30
4325 5269 30
4345 7083 30
4357 7421 30
4371 5777 30
4468 7515 30
4490 5919 30
4529 7634 30
4689 6576 30
4794 5227 30
4798 5147 30
4819 5027 30
5109 5249 30
5130 6025 30
5170 6984 30
5190 9432 30
5209 6640 30
5234 8118 30
5280 7162 30
5297 9470 30
5304 7616 30
5390 8409 30
5518 8313 30
5562 7495 30
5570 7428 30
5618 5697 30
5655 9216 30
5683 7401 30
5923 8003 30
5968 6892 30
6261 6490 30
6289 9000 30
6374 7902 30
6439 9322 30
6995 7065 30
7063 8301 30
7086 8261 30
7125 9873 30
7183 8106 30
7295 8666 30
7405 8599 30
7420 7814 30
7487 7673 30
7560 8457 30
7572 7969 30
7659 8959 30
7671 7872 30
7727 9500 30
7862 9279 30
7945 8895 30
8715 9417 30
8 55 31
33 3427 31
100 7776 31
261 2649 31
325 8056 31
339 2290 31
395 4716 31
436 2300 31
448 8817 31
456 9577 31
489 1589 31
506 8499 31
520 9267 31
556 2362 31
610 3387 31
657 7419 31
675 3835 31
684 1041 31
701 6271 31
709 9664 31
739 1962 31
741 4582 31
753 8246 31
760 9686 31
790 7938 31
856 3931 31
866 5062 31
969 1333 31
981 6647 31
1042 8312 31
1056 4847 31
1080 4255 31
1090 6812 31
1122 5821 31
1175 3275 31
1195 1341 31
1199 3709 31
1310 6717 31
1320 1936 31
1439 6405 31
1464 6488 31
1481 9476 31
1484 3436 31
1520 7507 31
1523 4184 31
1545 9695 31
1619 8804 31
1749 6906 31
1785 9037 31
1852 5398 31
1897 7169 31
1904 8929 31
1977 3094 31
2008 5481 31
2077 7475 31
2148 4169 31
2163 3013 31
2184 7810 31
2189 7423 31
2195 3716 31
2228 4215 31
2295 4917 31
2296 5019 31
2412 5381 31
2484 9917 31
2504 2612 31
2561 8850 31
2588 3314 31
2608 8835 31
2657 3119 31
2767 6957 31
2785 8069 31
2800 5040 31
2810 9066 31
2860 3177 31
3062 3461 31
3149 9352 31
3242 9100 31
3255 8378 31
3319 5957 31
3351 7397 31
3362 5282 31
3399 8031 31
3449 6187 31
3491 4436 31
3524 5313 31
3532 4192 31
3543 9417 31
3699 4947 31
3766 7572 31
3784 8329 31
3821 8646 31
3844 5224 31
3875 8738 31
3913 8102 31
4034 6081 31
4070 7406 31
4124 8612 31
4200 7439 31
4295 5332 31
4306 4989 31
4325 7784 31
4376 4531 31
4422 7463 31
4470 5405 31
4515 6118 31
4533 8836 31
4566 9083 31
4591 8388 31
4647 9328 31
4692 9153 31
4699 8173 31
4720 7149 31
4734 4972 31
4834 9761 31
4939 7849 31
4993 5686 31
5000 6287 31
5007 5985 31
5084 7368 31
5086 5981 31
5108 6914 31
5142 5491 31
5178 9917 31
5299 9606 31
5334 7938 31
5582 7594 31
5675 9300 31
5686 6089 31
5805 6522 31
5954 8980 31
6139 6692 31
6235 7297 31
6275 8972 31
6302 9269 31
6684 6814 31
6848 9362 31
6944 7449 31
6973 8633 31
6980 8876 31
7092 7307 31
7266 9491 31
7270 7462 31
7409 8177 31
7706 9669 31
7781 8353 31
8706 9097 31
6 257 32
13 6520 32
57 5826 32
89 9392 32
181 8835 32
206 9517 32
234 649 32
241 8621 32
267 7106 32
276 2223 32
308 2677 32
395 7271 32
404 3272 32
413 7433 32
448 7647 32
484 5506 32
486 8240 32
487 4741 32
493 8238 32
515 2576 32
582 7525 32
696 4900 32
754 2906 32
801 6041 32
808 3029 32
815 1296 32
847 4652 32
852 9307 32
880 5870 32
894 7175 32
901 9843 32
912 2260 32
949 2258 32
962 6286 32
985 2162 32
1006 3864 32
1020 6519 32
1047 3392 32
1079 3563 32
1109 1322 32
1152 7958 32
1247 5309 32
1260 3883 32
1326 9001 32
1343 5092 32
1367 6746 32
1487 1999 32
1510 2484 32
1549 8222 32
1562 8039 32
1685 2439 32
1734 9645 32
1737 9439 32
1786 5298 32
1791 4236 32
1792 3452 32
1831 8101 32
1990 9735 32
1997 2734 32
2000 6064 32
2003 2505 32
2007 3245 32
2165 9597 32
2167 2234 32
2233 4434 32
2235 9875 32
2332 7495 32
2363 3531 32
2383 5521 32
2407 9143 32
2408 3610 32
2425 8784 32
2430 8272 32
2451 5153 32
2458 6942 32
2490 5893 32
2632 4297 32
2635 9264 32
2773 3162 32
2836 9817 32
2854 8835 32
2898 3161 32
2925 8433 32
2928 8170 32
3023 7221 32
3077 6757 32
3114 4225 32
3134 5845 32
3214 8101 32
3292 5279 32
3389 4072 32
3433 4921 32
3555 8335 32
3624 6387 32
3728 8729 32
4107 8525 32
4184 5360 32
4214 9834 32
4284 7933 32
4428 9604 32
4554 9009 32
4611 8816 32
4869 8715 32
4890 5260 32
4896 5805 32
5123 9398 32
5140 7436 32
5157 9012 32
5245 9528 32
5292 6952 32
5314 5914 32
5333 9725 32
5384 7029 32
5642 9121 32
5772 9780 32
6073 9656 32
6210 7633 32
6230 6725 32
6270 8490 32
6525 7623 32
6625 8443 32
6774 9751 32
6776 8244 32
6799 8907 32
6830 9498 32
7106 8260 32
7126 7635 32
7171 9300 32
7202 8502 32
7256 7368 32
7360 7547 32
7868 9974 32
8029 8422 32
8032 9015 32
8172 9697 32
8230 9155 32
8464 9485 32
9484 9891 32
73 6356 33
114 1385 33
126 5996 33
192 8724 33
294 9414 33
328 8674 33
351 9108 33
379 1782 33
390 8535 33
420 5818 33
435 1628 33
448 803 33
465 5624 33
468 6083 33
525 1653 33
602 8208 33
613 3735 33
641 4287 33
670 895 33
672 6167 33
693 898 33
792 3980 33
812 9393 33
819 3356 33
828 6983 33
957 3690 33
1019 3261 33
1036 6629 33
1076 5268 33
1148 9353 33
1206 8290 33
1207 3948 33
1266 4327 33
1363 7056 33
1389 6518 33
1417 2752 33
1478 2864 33
1526 8638 33
1537 7340 33
1625 3793 33
1656 2549 33
1684 7966 33
1718 8857 33
1735 4848 33
1770 8392 33
1952 5869 33
1963 2537 33
1967 4888 33
2036 2710 33
2143 9580 33
2154 7253 33
2182 3281 33
2274 8381 33
2293 7253 33
2338 7929 33
2853 8498 33
2885 8711 33
2999 4835 33
3040 4317 33
3049 3572 33
3081 7476 33
3130 8248 33
3144 8976 33
3277 4049 33
3284 8111 33
3535 4876 33
3641 5028 33
3753 4561 33
3834 6693 33
3936 7732 33
4024 7421 33
4029 8700 33
4213 9611 33
4219 7605 33
4228 5990 33
4231 9154 33
4314 5529 33
4330 7564 33
4334 7145 33
4337 7986 33
4361 7719 33
4387 7870 33
4418 9813 33
4539 7419 33
4658 5195 33
4769 8609 33
4770 8178 33
4802 9161 33
4837 9313 33
4906 5029 33
4960 5326 33
5009 8151 33
5021 7020 33
5058 5479 33
5130 7068 33
5178 8606 33
5243 5418 33
5270 8381 33
5292 5807 33
5322 9981 33
5429 8768 33
5444 7658 33
5517 8010 33
5535 7537 33
5619 8176 33
5645 9219 33
5808 6907 33
5918 8428 33
6200 9516 33
6249 8882 33
6758 7543 33
6860 8634 33
7241 9349 33
7250 8129 33
7382 7876 33
7500 9920 33
7541 8621 33
7592 8100 33
8027 9346 33
9510 9599 33
14 257 34
69 4997 34
82 7391 34
121 2419 34
126 9964 34
131 9067 34
185 4954 34
221 6848 34
514 3592 34
527 4006 34
603 9411 34
629 7388 34
683 3744 34
719 1696 34
730 1363 34
766 5167 34
812 3637 34
821 3801 34
873 2385 34
937 4769 34
987 9443 34
1001 1008 34
1037 7237 34
1039 1088 34
1107 1583 34
1183 7158 34
1235 2768 34
1303 4251 34
1403 5587 34
1449 4954 34
1454 1578 34
1509 6416 34
1620 2623 34
1696 4714 34
1751 3994 34
1884 5877 34
1887 9162 34
1973 4306 34
1975 3939 34
1981 3100 34
2017 5229 34
2117 2935 34
2143 7504 34
2174 5762 34
2179 2756 34
2279 2574 34
2286 6192 34
2374 4780 34
2398 4808 34
2435 8320 34
2478 2855 34
2495 4066 34
2657 4822 34
2693 9617 34
2802 2886 34
2888 6803 34
3117 5512 34
3136 8207 34
3184 8658 34
3212 4812 34
3216 5052 34
3344 8590 34
3385 3702 34
3550 6636 34
3575 7933 34
3581 4890 34
3660 3795 34
3850 7425 34
3916 5125 34
3985 6196 34
3991 5366 34
4155 5406 34
4201 6147 34
4363 9307 34
4393 8902 34
4444 9470 34
4446 7393 34
4453 6238 34
4572 4704 34
4620 8776 34
4794 7925 34
4801 9382 34
4814 9891 34
4899 5006 34
5051 7885 34
5166 8234 34
5202 5954 34
5320 8916 34
5492 8277 34
5509 9764 34
5705 7850 34
5741 9876 34
5896 6286 34
6047 6858 34
6161 9908 34
6177 8702 34
6214 8835 34
6237 8847 34
6280 9291 34
6311 7085 34
6356 8658 34
6422 8800 34
7220 7843 34
7262 8269 34
7335 9554 34
7488 8167 34
7828 9962 34
7889 9934 34
8326 9172 34
8426 9604 34
8544 9261 34
8781 9847 34
8826 9251 34
56 2372 35
88 8431 35
141 1454 35
199 1710 35
300 6961 35
386 1208 35
402 6537 35
438 1965 35
528 8211 35
554 1765 35
612 5621 35
659 8939 35
761 6492 35
811 4887 35
888 1584 35
918 9000 35
1045 9752 35
1119 1596 35
1125 2282 35
1169 3432 35
1236 7337 35
1237 8403 35
1265 6024 35
1276 9303 35
1290 8059 35
1400 8390 35
1421 8197 35
1423 7718 35
1477 6369 35
1623 2239 35
1760 3741 35
1771 8266 35
1799 5730 35
1827 3722 35
1838 7371 35
1899 9226 35
2049 4506 35
2057 7549 35
2060 5255 35
2105 9101 35
2252 8831 35
2314 3186 35
2362 8809 35
2437 4830 35
2486 5193 35
2519 3842 35
2597 7401 35
2613 5482 35
2756 2969 35
2769 5651 35
2776 4519 35
2848 4191 35
2865 5931 35
2885 5717 35
2901 6498 35
3188 3698 35
3220 7169 35
3225 9452 35
3431 6341 35
3552 4362 35
3585 5212 35
3636 5001 35
3728 9030 35
3935 7976 35
4038 5288 35
4128 8807 35
4141 5955 35
4347 7038 35
4389 9557 35
4423 5077 35
4449 9870 35
4466 9399 35
4557 8254 35
4592 8252 35
4724 9849 35
4740 8990 35
4829 8127 35
4837 9903 35
4892 8800 35
4923 6760 35
4991 8182 35
5043 7707 35
5064 9727 35
5070 6101 35
5093 9635 35
5139 7003 35
5259 7094 35
5271 8990 35
5517 9287 35
5520 8488 35
5527 5723 35
5682 8759 35
6148 8999 35
6156 9077 35
6264 9159 35
6299 7294 35
6406 7692 35
6711 6878 35
6756 8895 35
6780 7151 35
7070 9816 35
7077 9030 35
7102 8250 35
7150 8862 35
8213 8694 35
8712 9370 35
9556 9771 35
43 5975 36
63 4172 36
151 7956 36
213 8929 36
265 2388 36
465 2512 36
547 9541 36
751 2136 36
817 2530 36
822 3251 36
970 7549 36
1145 2765 36
1233 3473 36
1253 8196 36
1271 7045 36
1310 2296 36
1340 3099 36
1352 2669 36
1415 4998 36
1437 7815 36
1570 3963 36
1596 9314 36
1657 6809 36
1723 8225 36
1829 4995 36
1840 3623 36
1867 9095 36
2199 4019 36
2243 9468 36
2367 9684 36
2414 7294 36
2428 4150 36
2673 4646 36
2674 9233 36
2761 8335 36
2798 2820 36
2831 4188 36
2832 6419 36
2868 8229 36
2912 5753 36
2950 3981 36
3012 8335 36
3021 3193 36
3058 8324 36
3072 4054 36
3103 3878 36
3200 7057 36
3269 3729 36
3421 8850 36
3516 4929 36
3672 4265 36
3720 7285 36
3762 3973 36
3814 9080 36
3885 6055 36
3891 8533 36
3943 6000 36
4019 4105 36
4023 8482 36
4035 8165 36
4096 4956 36
4353 4633 36
4408 9225 36
4573 7519 36
4767 4879 36
4772 6176 36
4824 9365 36
5025 8512 36
5041 5218 36
5046 6587 36
5152 7207 36
5189 7819 36
5283 6492 36
5339 9863 36
5456 8582 36
5606 6677 36
5663 9690 36
5671 7353 36
5763 6160 36
6102 7970 36
6264 9356 36
6345 8004 36
6595 8327 36
6766 8398 36
7000 9416 36
7498 9486 36
7533 7788 36
7573 7695 36
7640 9276 36
7659 8847 36
8030 9679 36
8206 8765 36
8257 8379 36
8397 9018 36
213 8755 37
359 873 37
371 956 37
377 4703 37
413 8343 37
419 6723 37
502 1814 37
508 8104 37
542 4339 37
552 6526 37
570 2865 37
577 6969 37
586 3270 37
651 8412 37
712 2401 37
770 6878 37
795 5291 37
978 6517 37
992 7170 37
1061 7431 37
1108 1926 37
1137 7530 37
1167 3687 37
1180 2819 37
1203 9035 37
1328 7616 37
1330 5433 37
1399 2469 37
1475 6505 37
1582 6348 37
1678 2248 37
1771 1984 37
1808 5515 37
1896 2975 37
1986 4574 37
2024 7658 37
2033 5340 37
2047 5565 37
2103 2790 37
2377 4999 37
2426 7294 37
2439 6209 37
2527 7784 37
2601 9503 37
2774 6299 37
2815 6170 37
2897 5677 37
2917 8830 37
2988 5792 37
3060 3809 37
3133 6009 37
3303 9534 37
3305 9263 37
3593 5517 37
3618 6258 37
3824 8058 37
3841 7093 37
3862 3996 37
3913 9172 37
3938 8004 37
4022 8247 37
4083 6454 37
4129 8165 37
4142 7246 37
4364 6767 37
4402 8775 37
4473 8684 37
4525 6403 37
4561 6215 37
4577 9301 37
4841 5085 37
4916 9712 37
4988 5678 37
5022 9724 37
5044 8285 37
5044 9270 37
5066 6612 37
5155 8709 37
5241 8299 37
5303 5746 37
5652 7525 37
5788 8099 37
6423 6424 37
6545 9297 37
6813 8434 37
7027 9870 37
8085 8157 37
36 1077 38
47 7519 38
60 5993 38
280 7948 38
304 6943 38
311 3796 38
325 2237 38
352 3759 38
356 8183 38
372 3813 38
458 6962 38
474 6939 38
478 653 38
615 7424 38
616 4392 38
659 3881 38
732 2059 38
742 1842 38
766 1794 38
815 5777 38
986 1859 38
1165 6053 38
1224 7709 38
1255 9523 38
1367 7286 38
1470 3874 38
1494 4722 38
1676 8721 38
1687 6002 38
1722 2679 38
1777 6475 38
1939 2907 38
2079 5352 38
2119 5316 38
2164 6521 38
2201 8226 38
2374 2812 38
2406 4944 38
2479 4811 38
2510 4888 38
2657 4797 38
3171 5403 38
3222 6628 38
3293 9895 38
3503 8158 38
3511 5260 38
3514 7111 38
3597 7891 38
3603 8772 38
3674 8720 38
3776 8526 38
3791 9680 38
3978 5628 38
3990 5778 38
4266 5272 38
4288 5096 38
4294 9865 38
4377 5213 38
4396 9825 38
4428 7579 38
4509 4522 38
4536 6695 38
4617 8553 38
4655 9527 38
4690 4920 38
4775 4894 38
4775 8571 38
4925 7643 38
4936 6342 38
4945 7232 38
5083 5788 38
5129 9214 38
5386 9943 38
5754 6364 38
5889 7160 38
6221 7936 38
6291 6352 38
6446 8333 38
6621 8306 38
6782 9117 38
6806 9537 38
7834 9842 38
8053 8200 38
8853 9946 38
8966 9973 38
9806 9911 38
33 7888 39
36 1988 39
69 7325 39
75 8587 39
92 6810 39
97 8673 39
156 761 39
248 5587 39
365 7460 39
413 4898 39
560 7630 39
565 6402 39
582 2074 39
628 6902 39
725 1087 39
795 6180 39
860 4550 39
888 1065 39
927 4730 39
1075 5558 39
1191 2517 39
1595 6542 39
1653 8182 39
1832 3616 39
1987 8120 39
2012 9268 39
2427 8549 39
2473 4323 39
2655 8398 39
2685 7580 39
2735 3749 39
2777 9017 39
2790 6266 39
2799 7585 39
2844 6615 39
3333 5045 39
3474 7622 39
3543 5449 39
3615 5222 39
3658 7896 39
3837 3888 39
3919 8166 39
3940 8197 39
4044 9639 39
4061 7452 39
4087 9749 39
4102 6683 39
4337 7407 39
4375 6939 39
4594 9942 39
4673 7435 39
4757 8105 39
4800 8015 39
5064 6632 39
5202 9632 39
5413 8170 39
5432 7192 39
5507 8977 39
5584 5628 39
5651 5916 39
6113 6807 39
6163 6554 39
6550 8498 39
6781 8865 39
6872 6963 39
7604 9248 39
7903 8477 39
8065 9923 39
8192 8658 39
8338 9950 39
8867 9593 39
9285 9881 39
96 5601 40
177 2586 40
223 4762 40
247 2896 40
257 3452 40
320 9347 40
394 9578 40
565 1795 40
572 1911 40
611 5523 40
642 4202 40
947 1293 40
996 9872 40
1205 5249 40
1293 4167 40
1325 1880 40
1348 2361 40
1385 5714 40
1451 5948 40
1618 7148 40
1972 5987 40
2052 8191 40
2071 4748 40
2206 3159 40
2344 5713 40
2471 6569 40
2592 4165 40
2882 3635 40
2989 9850 40
3049 4262 40
3164 7483 40
3198 6123 40
3612 8192 40
3650 6714 40
3872 6568 40
3959 4838 40
3993 5102 40
4025 7694 40
4194 9985 40
4401 9872 40
4559 4666 40
4691 8184 40
4735 6620 40
4938 6848 40
5020 9505 40
5343 6848 40
5842 7444 40
5879 8156 40
5913 9201 40
6144 6788 40
6156 9579 40
6223 6629 40
6285 7341 40
6468 7095 40
6720 7290 40
6925 7269 40
7043 7674 40
7157 7471 40
7264 8050 40
7705 8293 40
8663 9648 40
51 1580 41
155 9869 41
256 504 41
374 4085 41
392 3050 41
428 6042 41
483 1209 41
505 616 41
523 4776 41
547 6543 41
575 3069 41
587 5612 41
640 7428 41
707 1107 41
934 3508 41
941 4068 41
1003 8520 41
1048 1542 41
1056 9304 41
1069 9799 41
1101 5659 41
1190 9136 41
1319 9245 41
1462 2164 41
1508 4331 41
1580 6464 41
1669 5691 41
1834 7142 41
1866 3338 41
1960 9950 41
2053 8141 41
2114 7387 41
2123 4705 41
2214 7452 41
2311 3135 41
2316 8316 41
2346 3915 41
2381 8635 41
2717 6401 41
2736 9559 41
2785 3459 41
2850 9244 41
2859 5363 41
3051 5569 41
3102 7208 41
3142 4148 41
3361 6927 41
3363 5070 41
3494 8530 41
3500 5837 41
3945 7228 41
4239 6919 41
4438 8766 41
4573 8884 41
4634 5430 41
4639 6744 41
4665 7770 41
4728 5078 41
4770 7218 41
4793 8858 41
4823 9140 41
5038 8259 41
5099 9501 41
5113 5618 41
5128 8808 41
5211 8336 41
5273 8854 41
5326 8253 41
5506 8349 41
5809 6803 41
6088 7396 41
6538 6571 41
6709 7993 41
6712 8597 41
7058 9466 41
7403 7606 41
7805 9191 41
7823 8651 41
8360 9190 41
8395 9652 41
8595 9705 41
8780 9129 41
8897 9531 41
37 3295 42
74 834 42
110 1359 42
131 6768 42
203 2171 42
357 8584 42
585 6363 42
677 8118 42
723 9173 42
783 2589 42
949 2690 42
951 3186 42
966 7817 42
975 2553 42
1046 1927 42
1234 7477 42
1262 1989 42
1446 1702 42
1627 4776 42
1654 7282 42
1735 4299 42
1748 2162 42
1917 2804 42
1929 9164 42
1975 4958 42
2104 4505 42
2108 3905 42
2218 8289 42
2228 8697 42
2299 9807 42
2304 9418 42
2406 7257 42
2434 7844 42
2519 3195 42
2838 3520 42
2976 7990 42
3103 6159 42
3116 9026 42
3130 8747 42
3215 9781 42
3394 7103 42
3472 5859 42
3521 9525 42
3879 7415 42
3971 9392 42
4014 9890 42
4179 8947 42
4370 5239 42
5702 8940 42
5987 7334 42
6295 6685 42
6380 7254 42
6570 9625 42
6777 8912 42
7078 7796 42
7090 9562 42
8300 9217 42
8739 9013 42
8858 9833 42
9252 9610 42
9492 9921 42
10 7971 43
34 9908 43
51 2292 43
113 6810 43
167 5019 43
308 329 43
314 9688 43
474 3461 43
603 1138 43
666 5989 43
674 5740 43
777 8034 43
831 5362 43
842 7690 43
1029 6528 43
1161 7110 43
1176 7895 43
1185 9328 43
1218 2995 43
1218 6105 43
1221 7144 43
1240 2074 43
1504 9291 43
1525 8991 43
1719 4199 43
1841 4500 43
1908 6887 43
1976 3662 43
2126 4285 43
2131 2983 43
2183 9558 43
2250 2932 43
2280 5874 43
2409 6134 43
2413 5085 43
2483 9463 43
2585 8497 43
2640 8032 43
2641 2659 43
2650 6769 43
2684 8144 43
2945 9221 43
2985 5975 43
3254 3943 43
3255 8357 43
3370 3547 43
3568 3571 43
3800 5974 43
4116 6950 43
4527 7252 43
4915 6818 43
5168 9093 43
5334 8900 43
6354 8733 43
6441 7084 43
6570 9892 43
6631 9678 43
6787 9647 43
6856 8022 43
7336 8247 43
7548 9187 43
7780 8535 43
8083 8965 43
8186 8688 43
8331 9441 43
8397 8630 43
8421 8427 43
9120 9598 43
48 4602 44
103 7909 44
317 9999 44
321 7046 44
438 772 44
525 8061 44
536 5273 44
622 9395 44
685 3644 44
889 3944 44
990 7678 44
1242 1691 44
1298 4614 44
1358 5452 44
1505 2726 44
1569 6886 44
1582 3052 44
1708 9333 44
1721 9324 44
1733 6419 44
1922 8723 44
1927 4766 44
2063 9347 44
2111 6259 44
2187 7923 44
2339 9200 44
2382 4320 44
2404 8964 44
2488 3530 44
2770 6562 44
2911 7959 44
2934 7490 44
3233 8921 44
3444 3536 44
3724 3743 44
3808 5540 44
3820 5744 44
3879 4532 44
3896 8649 44
4961 5372 44
5248 6305 44
5328 7794 44
5661 8625 44
5811 5814 44
6032 7879 44
6824 8615 44
7963 9806 44
8869 9918 44
9272 9738 44
9300 9938 44
87 1113 45
98 2921 45
104 9754 45
132 3197 45
281 9275 45
372 5276 45
521 3575 45
642 1356 45
666 4791 45
731 4487 45
752 2550 45
989 8434 45
1001 7205 45
1047 6373 45
1051 6331 45
1072 5237 45
1109 8560 45
1128 2746 45
1432 8028 45
1447 8914 45
1658 8706 45
1665 8180 45
1671 2528 45
1790 3473 45
1857 4626 45
2010 6829 45
2297 2672 45
2358 7505 45
2392 4291 45
2526 4483 45
2558 8837 45
2819 9384 45
3236 5370 45
3650 5357 45
3726 5837 45
3778 8371 45
3924 8202 45
4318 8401 45
4441 8748 45
4803 6864 45
4964 7371 45
5217 7759 45
5532 9729 45
5556 6336 45
5595 7885 45
5602 7282 45
6245 7613 45
6341 8906 45
6401 8451 45
6506 6846 45
6928 8706 45
7282 8271 45
216 4278 46
488 1136 46
1169 3388 46
1243 6083 46
1374 4258 46
1396 7302 46
1432 8317 46
2169 4951 46
2179 6727 46
2450 5030 46
2499 3962 46
2621 6850 46
2642 3933 46
2648 4150 46
2662 7235 46
2715 4702 46
2792 4717 46
2821 9731 46
3334 7070 46
3415 4062 46
4537 8638 46
4912 7657 46
5097 9150 46
5387 8960 46
5675 7438 46
6028 9265 46
6337 7020 46
6540 8708 46
6687 8508 46
6805 7775 46
7167 7808 46
7791 7955 46
7852 7989 46
347 8814 47
392 7059 47
500 540 47
504 5358 47
529 3369 47
557 8863 47
589 3370 47
603 9053 47
970 4169 47
1022 2581 47
1137 6493 47
1331 6016 47
1332 3770 47
1543 9443 47
1983 2412 47
2097 2127 47
2101 4256 47
2239 2812 47
2479 7084 47
2766 5540 47
3142 9255 47
3467 7410 47
3871 5744 47
4663 5941 47
5125 8179 47
5771 7565 47
5921 9706 47
6059 7035 47
6686 9506 47
8107 8517 47
9134 9976 47
9906 9951 47
83 7968 48
224 1342 48
551 9971 48
1030 9418 48
1461 4350 48
1489 4064 48
1616 9972 48
2093 6087 48
2113 9701 48
2283 9619 48
2303 9118 48
2323 5148 48
2537 7861 48
2550 8034 48
2869 3655 48
3022 7107 48
3115 3812 48
3145 3576 48
3263 6731 48
3369 9151 48
3418 5538 48
3659 5364 48
4119 9519 48
4175 5775 48
5548 7870 48
5738 7223 48
5960 6637 48
6258 9947 48
6316 7075 48
6325 9038 48
6454 7993 48
6898 9109 48
7484 9482 48
7531 9559 48
8711 9424 48
18 350 49
119 366 49
156 5233 49
234 4286 49
466 8058 49
623 8328 49
1165 2668 49
1194 9616 49
1230 2062 49
1230 2651 49
1272 9573 49
1355 8359 49
1664 8200 49
1747 5014 49
1761 4129 49
1888 2376 49
2005 4252 49
2034 8506 49
2157 8491 49
2188 4398 49
2219 8298 49
2392 8267 49
2529 7937 49
2951 5688 49
3202 3455 49
3422 8819 49
3460 4111 49
3939 8166 49
5463 9283 49
5823 9357 49
5911 9475 49
6066 8123 49
6224 8438 49
6282 9869 49
6297 9000 49
6461 7274 49
6541 7031 49
6763 9880 49
6883 8628 49
7297 8077 49
8542 9793 49
38 1282 50
304 4588 50
315 1638 50
501 1828 50
943 7824 50
1063 7091 50
1353 6701 50
1650 5135 50
1830 6408 50
2107 4596 50
2124 5927 50
2543 4540 50
2671 9480 50
2706 3781 50
2917 8380 50
3316 4699 50
3861 6399 50
3966 6189 50
4065 7974 50
4104 6590 50
4137 8513 50
4204 6086 50
4465 4499 50
5072 7705 50
5474 6191 50
5615 8829 50
5753 8516 50
6370 7267 50
6690 7905 50
6966 8727 50
7080 8827 50
7795 8831 50
9059 9856 50
881 6990 51
1021 5024 51
1090 1466 51
1168 4106 51
1182 7648 51
1184 1186 51
1238 8399 51
1511 1940 51
1560 6915 51
2092 6590 51
2544 8709 51
2947 3280 51
2965 6081 51
3201 7685 51
3231 8316 51
3322 4916 51
4949 5409 51
5376 9699 51
5823 9138 51
8518 9713 51
8769 9003 51
39 5994 52
135 6346 52
212 1093 52
225 6504 52
254 4258 52
573 4823 52
646 9485 52
702 7190 52
824 6326 52
1896 2048 52
2020 4104 52
2426 9494 52
2557 9137 52
2880 9256 52
3562 7470 52
3626 9674 52
3761 7982 52
4338 9943 52
4375 4619 52
4919 5380 52
5250 8310 52
5487 9936 52
5781 7097 52
6878 7276 52
7006 8426 52
7097 9176 52
7101 9310 52
7990 9492 52
134 7806 53
134 8064 53
141 975 53
165 3146 53
430 8755 53
513 2930 53
658 7221 53
692 9463 53
767 8833 53
1057 6033 53
1717 7455 53
1869 6222 53
1968 3855 53
2018 9274 53
2127 5539 53
2333 8096 53
2596 8915 53
2722 3750 53
2906 4615 53
3333 7630 53
3805 3977 53
4529 8577 53
5212 6901 53
5890 9583 53
6299 6442 53
6427 9280 53
6533 9152 53
186 5374 54
405 5205 54
503 5378 54
550 8124 54
1198 4725 54
1416 2267 54
1726 7667 54
1917 6072 54
2665 4636 54
2897 5724 54
3008 7654 54
3142 7654 54
3510 6035 54
3591 6794 54
3640 4178 54
3840 5933 54
3974 6327 54
4130 5892 54
4644 7691 54
5008 8572 54
5169 6240 54
6098 8778 54
7505 9444 54
7930 8410 54
8029 8568 54
105 658 55
240 3770 55
737 4439 55
870 4608 55
933 8358 55
1174 4650 55
1438 9667 55
1463 5939 55
1764 9153 55
2149 3126 55
2363 9957 55
2888 6149 55
3168 9789 55
3237 6106 55
3362 8350 55
3849 9422 55
4125 5793 55
4228 8848 55
4726 7519 55
4730 9787 55
4833 7166 55
5534 6857 55
5922 6896 55
6415 8786 55
7268 8152 55
7743 9750 55
79 6651 56
236 8949 56
451 1074 56
459 6304 56
581 4965 56
945 7657 56
1045 1468 56
1049 9688 56
1168 2366 56
1230 6669 56
1243 8813 56
1370 2267 56
1492 2781 56
1730 9065 56
2258 5076 56
3017 7770 56
3456 7453 56
3515 9830 56
3548 7374 56
3625 5553 56
4420 7971 56
4580 5952 56
5485 9841 56
5505 7664 56
5751 6002 56
6018 7355 56
6036 6807 56
7211 9809 56
8235 9930 56
352 1720 57
604 9343 57
608 2879 57
632 2726 57
1156 2984 57
1668 5601 57
2038 4060 57
2128 9453 57
2448 7804 57
3022 5415 57
3562 9507 57
3622 7509 57
3653 6320 57
3765 9206 57
3846 6194 57
5790 7972 57
6128 6841 57
6572 7366 57
7508 9236 57
7787 8750 57
8209 9336 57
8985 9542 57
517 3464 58
744 7023 58
936 7819 58
1004 2476 58
1188 5499 58
1217 7131 58
1435 7082 58
1458 2210 58
1743 3230 58
1744 5397 58
2036 7858 58
2110 5247 58
2162 5799 58
2173 7637 58
2210 9758 58
2788 3653 58
3208 7913 58
3482 5167 58
4410 7454 58
4516 7672 58
4785 5400 58
4843 7607 58
5144 8993 58
6378 9575 58
8334 8444 58
8787 9762 58
404 9776 59
952 9685 59
1407 5543 59
1596 2155 59
1911 4027 59
1956 8368 59
2001 5825 59
2721 2953 59
2757 9831 59
4232 9404 59
4273 8853 59
4832 6500 59
6260 7561 59
6461 8694 59
7121 9726 59
7845 8580 59
8172 9201 59
198 6124 60
390 4746 60
541 9303 60
552 9389 60
590 3180 60
631 998 60
695 4679 60
906 1611 60
1256 7321 60
1326 4877 60
1352 7247 60
1506 4405 60
1923 2470 60
2666 8961 60
2793 4690 60
2942 4720 60
3078 7012 60
3780 8691 60
3983 4736 60
5019 6321 60
5049 6752 60
5411 6296 60
5552 6726 60
5685 6410 60
7205 7765 60
8047 9149 60
2073 9515 61
2749 8981 61
2762 5173 61
2802 3297 61
3602 5308 61
4226 6501 61
4560 4996 61
5086 9494 61
5219 7710 61
5544 8604 61
7174 9377 61
7226 8822 61
802 6682 62
829 6457 62
1017 9859 62
3047 5275 62
3137 8820 62
3542 9218 62
4051 6352 62
4632 8082 62
5435 7030 62
6443 7052 62
6478 9529 62
7791 8565 62
161 6850 63
285 6762 63
341 5285 63
457 7216 63
829 1143 63
1218 3108 63
1979 6507 63
2186 8982 63
3692 6415 63
3718 9226 63
3985 5696 63
3987 5326 63
4125 5715 63
4599 8886 63
4731 7211 63
5244 6298 63
5475 9967 63
7133 9731 63
8021 8160 63
368 6974 64
705 3419 64
740 5389 64
793 9502 64
864 3766 64
1431 8036 64
2405 8699 64
2455 6652 64
3051 5338 64
3240 8698 64
3613 7917 64
3922 4429 64
4113 6385 64
4603 5546 64
4758 9132 64
5203 6514 64
7333 8971 64
9451 9619 64
181 2846 65
193 3786 65
619 5190 65
991 5277 65
1010 6417 65
2397 5638 65
3580 3601 65
4354 5164 65
4520 8328 65
4598 7738 65
6048 7733 65
6227 8718 65
7277 7469 65
7800 9055 65
289 5298 66
589 6574 66
827 1897 66
1052 5618 66
1144 7247 66
1167 2015 66
1315 5082 66
1387 4227 66
1592 9343 66
2533 9701 66
4643 6507 66
4733 8245 66
5242 5347 66
5487 7399 66
5562 8283 66
5853 8347 66
6202 6334 66
8414 9185 66
455 1102 67
480 5875 67
996 2110 67
1856 6913 67
2314 3353 67
2316 5899 67
2695 3010 67
2960 4589 67
4952 9488 67
5752 8499 67
5878 8064 67
9114 9689 67
237 6790 68
239 5868 68
678 2141 68
1355 9961 68
1903 4990 68
2545 5776 68
2749 5089 68
3035 4153 68
3986 6213 68
3986 8424 68
4836 7475 68
4911 8640 68
6672 7055 68
7140 7825 68
9456 9801 68
250 6310 69
284 3586 69
373 3898 69
595 2261 69
1130 5536 69
1592 3651 69
2387 5220 69
2416 3685 69
2962 3791 69
3311 6284 69
3317 5949 69
3860 4651 69
3963 4511 69
5506 6485 69
6231 9633 69
739 9428 70
1676 6197 70
1935 6829 70
3982 7351 70
5051 6924 70
7194 9093 70
9110 9331 70
971 7242 71
3153 4757 71
3419 9306 71
3772 5493 71
4145 8522 71
5502 7882 71
6112 8146 71
1539 2389 72
1713 5808 72
2360 5725 72
3487 9998 72
4817 8157 72
6019 9415 72
6163 8802 72
371 4032 73
1241 3275 73
1547 3392 73
1986 6340 73
2745 5151 73
3048 4625 73
3438 4723 73
3582 8487 73
3701 5657 73
5939 7480 73
1703 7655 74
1752 8619 74
2899 7501 74
3349 4555 74
4157 4581 74
4495 8740 74
8314 9107 74
282 1728 75
2352 7711 75
2422 6752 75
5547 8224 75
6665 6881 75
5 7801 76
222 755 76
1004 5003 76
1447 8345 76
1559 8143 76
2682 3335 76
3914 4957 76
8099 9631 76
0 8339 77
4144 5611 77
5910 9747 77
1041 5013 78
2367 9042 78
4516 8625 78
7324 7723 78
858 6536 79
3260 8169 79
4691 8163 79
779 2222 80
1436 2254 80
1704 8088 80
3142 5564 80
4663 6742 80
376 531 81
2277 3548 81
3590 9612 81
4156 6278 81
5087 6691 81
6722 8258 81
572 4130 82
1249 2241 82
1478 7280 82
3530 4523 82
4440 9714 82
4938 9147 82
5445 6979 82
6524 6759 82
764 5326 83
3140 9481 83
1164 9619 84
2375 9976 84
2513 7875 84
2591 9374 84
4004 8387 84
436 6546 85
1359 4497 85
1783 3164 85
2106 4438 85
2200 8109 85
2716 6651 85
3397 8003 85
6069 6821 85
6653 9292 85
2173 9960 86
3104 9250 86
5256 8038 86
2107 6353 87
2849 5603 87
4118 7064 87
759 5050 88
2449 9244 88
4377 6010 88
9616 9782 88
2054 7715 89
8519 9934 89
4390 7110 90
3920 7927 91
5567 9891 91
5226 7131 92
2904 5982 93
3633 8171 93
4046 6863 93
1019 9720 94
1086 3516 94
3503 6496 94
6681 8390 94
149 4569 95
4508 7502 95
2643 9647 97
5417 7948 97
6182 7997 98
2112 7684 99
4181 5991 99
4382 4844 99
8060 9021 100
Total MST weight: 203306

Algorithm: Prim's MST
MST Edges:
0 8339 77
8339 6557 6
6557 1723 5
1723 6056 3
6056 2505 3
2505 6092 4
2505 7820 4
8339 9411 8
9411 8716 3
8716 9698 6
9698 70 7
8716 2128 8
2128 594 5
594 8742 3
6092 2840 9
8339 601 9
2128 2887 10
2887 9920 9
594 4018 11
9698 264 11
264 6052 3
70 4634 12
6056 209 12
1723 3174 13
3174 2014 4
2014 427 6
427 6232 7
6232 8154 8
427 2712 14
2712 2417 2
2505 9184 14
9184 8815 11
4634 5765 14
6052 317 14
9920 6473 14
427 1937 15
1937 8317 15
8317 2863 4
8317 2302 9
2302 3968 9
2302 7680 9
7680 2310 4
7680 1883 5
2310 283 6
3968 8271 11
1883 2900 14
2417 4043 15
4043 2370 4
2900 6646 15
6646 6449 2
6449 1962 7
1962 9739 11
9739 9792 5
9792 6811 2
6449 5573 13
5573 2821 6
7820 9182 15
9739 8924 15
2370 726 16
726 3028 1
726 8249 10
8249 2124 3
2840 5267 16
5267 9057 10
9057 8048 11
8048 8516 5
8516 4008 7
4008 3814 8
3814 5024 7
5024 8472 10
8472 9048 1
8048 884 12
884 2029 13
2887 8274 16
8274 2318 7
5573 5838 16
5838 5225 1
5838 8279 7
6449 4514 16
4514 5773 1
5773 9958 10
4514 6057 15
8317 635 16
635 4439 7
4439 704 11
704 382 6
8516 7545 16
7545 3908 2
317 3967 17
3967 4123 1
2417 3413 17
3413 804 9
3413 7851 15
7851 6487 16
6056 3354 17
3354 7988 3
7988 87 8
3354 1476 17
6473 5577 17
5577 9768 2
9768 9090 1
9090 2266 6
2266 9234 1
9768 2634 9
9768 971 10
2266 4436 11
4436 1419 14
7851 5674 17
5674 5258 3
5258 8134 9
5674 2733 9
2733 3874 3
3874 9924 7
8134 8501 13
5258 716 15
716 7557 5
5674 5545 16
5545 5562 4
5562 5970 5
5970 2496 5
2496 4920 2
2496 3402 4
4920 1903 7
2496 4526 13
4526 9653 4
1903 5371 14
5371 6790 14
1903 4985 15
4985 1774 1
1774 1067 3
1774 8637 10
8637 7182 6
7182 4410 3
4410 1988 1
1988 9693 1
1988 913 6
4410 5181 11
5181 3761 12
913 3288 16
2496 4292 16
5562 6746 16
1774 1844 17
1844 4508 5
4508 2738 9
2738 1094 13
1094 8282 2
1094 4913 10
4913 9534 11
9534 6576 9
6576 1918 13
8282 522 15
522 9464 4
9464 5327 12
5327 8485 4
8485 5521 5
5521 5346 11
5346 469 7
8485 5860 11
5860 8126 5
8126 7112 2
5346 3779 12
3779 2606 6
5860 1452 12
1452 7204 4
1452 4398 7
7204 8765 7
8765 3441 3
7204 295 11
1452 9824 14
9824 6913 3
8485 2038 14
2038 8455 2
522 4220 15
4220 6096 7
2738 5423 16
3441 624 16
624 857 8
624 5926 8
469 6897 17
6897 2779 1
1988 9754 17
2496 2376 17
2376 1884 3
2376 5560 15
5560 8961 2
8961 5341 12
5341 6509 6
6509 1538 4
6509 1851 4
5341 1597 7
1538 8415 10
1597 6920 12
6920 4443 4
6509 158 12
158 3634 6
3634 8703 2
3634 1315 10
1851 2620 13
8961 8518 14
3634 9716 15
4398 5716 17
8317 6018 17
6018 9913 12
9913 6953 7
6953 1813 3
6018 1038 13
1038 758 4
758 7130 11
7130 2269 1
1813 6630 15
7130 5997 15
5997 3869 2
3869 4017 3
3869 8723 5
8723 7769 6
7769 6854 5
8723 9984 8
9984 2096 6
2096 2709 2
8723 8995 12
8995 3291 5
8723 4710 13
4710 2295 14
3291 3430 15
6854 7686 15
7686 3604 5
3604 1896 5
3604 8017 10
1896 1598 12
1598 1334 11
1334 9774 3
9774 2272 15
2272 5273 13
5273 4158 11
4017 6645 16
8017 8791 16
1813 7588 17
7588 9547 3
9547 7857 9
7857 7994 3
3291 9650 17
9090 6344 17
6344 9805 7
9805 7643 2
6344 2532 8
9805 4570 12
4570 8033 5
8033 2317 8
2317 7621 3
8033 8648 14
6344 6322 15
6322 1361 2
6322 1497 5
1497 9600 4
1361 2369 6
1361 1318 11
1318 9676 2
1361 8347 12
9600 928 12
7621 6707 15
6707 8287 6
8287 4205 3
8287 5364 11
8287 32 13
32 9553 9
4205 7089 14
1318 9062 16
8648 2915 16
2915 4101 9
9062 1927 16
1927 6489 10
1927 8943 14
6322 7958 17
9924 6916 17
6916 1997 1
857 438 18
438 3398 5
3398 7630 7
7630 7987 7
7987 1686 6
1686 2549 5
2549 652 3
7630 8311 7
8311 4333 1
652 4555 9
8311 3627 11
4555 6680 12
6680 9115 5
9115 230 2
230 6713 13
6713 5803 7
5803 2955 3
2955 1833 6
2955 8495 6
1833 466 9
2549 1943 16
1943 165 1
165 9853 15
9853 6392 2
9853 7712 8
9853 2740 14
165 3560 16
3560 5728 12
5728 7808 5
8311 5469 16
5469 839 4
839 9193 10
839 1479 14
1479 6011 7
2955 6767 17
1497 4566 18
1962 4041 18
4041 1961 1
4041 8251 14
8251 5963 6
8251 1815 16
2266 1788 18
2840 4743 18
4743 661 12
661 9228 2
3291 9906 18
9906 1870 11
3402 9797 18
9797 2067 2
9797 7967 6
3968 4135 18
4135 9495 15
9495 9714 9
9714 6618 3
6618 5329 4
5329 9777 7
9777 3745 2
9495 4004 13
4205 6044 18
4292 7223 18
7223 9087 10
9087 6357 1
6357 5353 10
6357 6586 12
7223 1519 16
4436 1546 18
1546 8862 5
4570 3466 18
3466 6390 10
3466 5566 15
5566 4078 1
5566 1149 12
3466 9445 18
5258 7016 18
7016 2818 13
2818 3787 1
2818 2405 6
3787 4932 15
4932 930 7
930 7720 16
7720 4773 9
7720 4636 14
4636 2262 1
4636 9643 4
2262 953 11
953 723 2
4636 1184 14
1184 4298 16
4298 3633 14
3787 3988 16
7016 1027 16
1027 2357 9
2357 9202 8
9202 6778 6
9202 4712 11
4712 3721 1
4712 6269 1
4712 4154 9
3721 8562 14
7720 9142 16
9142 4136 16
9202 3465 16
3465 5034 9
3465 8768 13
2262 2879 17
2818 5244 18
3721 4003 18
4298 5990 18
5990 282 3
4712 1431 18
5327 2236 18
2236 961 14
961 5973 2
961 4627 11
5973 2118 11
2118 5489 8
5489 6921 6
5489 9029 11
9029 5393 10
5393 1712 3
4627 3310 12
3310 8944 10
4627 4583 12
4583 2708 11
2118 8211 13
8211 6623 10
6623 4845 1
4627 1528 13
1528 5162 8
5393 2656 13
5973 7581 15
7581 1991 14
6921 8295 15
8295 9733 3
9733 5051 15
5051 52 2
52 9572 6
9572 3139 6
52 7160 11
7160 6846 3
1528 3162 16
3162 2746 12
3162 290 13
290 4270 3
3162 8401 13
2746 4381 15
4381 566 1
566 4314 16
52 5001 17
4381 4204 18
4204 4630 6
4630 218 7
4204 7874 8
7874 6889 9
6889 7539 12
4630 5056 16
5056 2168 1
5056 4831 11
4831 2131 10
2131 4399 8
4399 4738 4
4738 3036 6
3036 8598 4
4831 3656 10
5056 1553 13
8598 1920 13
1920 2169 2
1920 8440 3
3036 5687 15
3036 2856 16
2856 8275 4
8275 7446 8
8275 8891 14
8891 3643 1
3643 8374 1
8374 5153 7
5153 4131 1
3656 1514 16
1514 3609 5
8275 9309 17
9309 2504 16
4131 1126 18
6092 2671 18
2671 675 3
2671 8510 4
6646 8922 18
8922 2673 2
6778 8527 18
8527 7086 14
7086 6133 4
6133 8889 11
7086 9054 13
7086 1391 14
1391 1392 2
1391 6181 7
6181 67 14
67 8756 14
6133 4095 17
4095 9939 10
4095 4088 12
4095 4198 17
6854 6440 18
6440 5091 14
5091 8291 2
8291 4510 6
5091 3344 16
3344 6537 7
3344 7897 14
6440 4485 16
4485 3436 1
3436 4928 6
4485 8137 8
4485 1386 11
3344 5508 17
5508 8975 5
6897 6003 18
6003 3547 4
6003 1629 14
1629 4895 6
6003 6420 16
6420 1040 9
1040 7878 1
7878 6122 13
4895 1210 18
6916 3285 18
3285 9297 9
9297 3958 1
3958 328 8
3958 2902 14
3958 5762 18
5762 8473 14
5762 9997 18
9445 5218 18
5218 6648 15
6648 7180 18
7180 8552 16
8552 1302 13
1302 8115 1
8115 773 1
8115 9128 4
1302 5770 6
5770 6923 6
6923 8159 10
8159 2102 6
6923 2645 12
8115 3653 13
9128 4661 13
4661 1350 7
8159 6182 15
6182 2412 2
2412 5071 8
6182 8644 9
8644 4783 2
4783 8430 13
8430 8280 12
2412 4109 15
4109 6233 7
6233 1043 8
4109 6034 9
1043 76 10
6034 8379 10
8379 9303 12
9303 8388 3
8388 1464 5
9303 5428 6
5071 8402 15
8402 542 1
542 5572 13
8379 9821 15
9821 5959 12
5959 7497 8
9821 4042 15
8388 4493 16
4493 9374 12
7180 5522 17
5522 8997 1
8997 3739 14
8644 5607 17
1350 7710 18
7710 4616 7
7710 5608 13
5608 55 1
5608 6424 11
6424 9919 16
9919 8538 3
9919 1414 9
7710 5315 16
5315 5100 11
5608 2185 17
2645 1773 18
1773 322 18
322 3522 17
3522 6772 13
6772 5090 14
5090 8785 5
6772 9691 15
5090 9722 16
9722 671 6
9722 9291 6
9291 8437 2
8437 3403 2
9291 2068 4
9291 9152 5
9722 6947 7
9152 6579 9
6579 8543 2
3403 6430 14
8437 8278 15
8278 7964 6
7964 9937 4
8543 8710 15
8710 774 7
774 6 4
2068 1273 16
1273 9224 11
9224 1024 8
1024 6633 5
6633 6137 12
1273 7003 13
7003 9344 1
9344 5781 8
5781 5532 2
7003 3426 10
3426 7231 1
7231 4885 2
7231 6572 2
1024 2923 16
2923 9949 12
9949 1377 2
9949 4231 8
4231 7457 6
7457 4073 5
9949 6400 10
4073 6985 13
6985 4847 3
4847 5008 8
5008 6613 6
6613 8183 9
8183 1885 5
8183 9539 14
9539 6414 1
6414 3367 2
3367 9991 8
9991 6705 7
6414 8227 14
8227 5427 7
1024 5794 16
5794 3858 7
3858 7745 7
7745 6104 7
3858 6120 8
6104 7010 10
5794 1529 11
6120 6647 11
6647 3219 3
6647 1480 10
1480 5179 3
5179 3434 6
1480 7263 7
7263 3476 1
3476 6893 9
6893 2231 6
2231 9528 3
2231 7848 6
2231 9925 9
7263 9396 9
3434 9849 10
7745 1130 11
9849 6747 11
6747 4176 3
4176 1288 2
1288 1373 3
1288 9836 3
9836 8376 7
1288 7465 9
5794 6639 13
6639 9535 10
3476 3069 15
3069 5713 11
5794 3816 15
3816 1015 1
3816 3682 1
3682 6761 3
6761 6849 3
6761 3715 5
6761 141 8
141 999 9
6761 7459 9
3816 8692 10
8692 8065 13
3715 2823 14
6893 5175 15
5175 5279 2
5175 6737 6
5175 2039 10
5175 2355 12
2355 2742 8
2742 5465 8
5465 2390 2
5465 8701 8
2742 4062 12
4062 119 7
8701 2058 13
6737 1105 14
1105 9238 5
1105 9459 13
2742 977 15
119 6271 16
6271 7004 5
6271 8475 9
7004 6602 14
6602 7118 2
6602 645 11
645 2503 3
2503 980 2
980 1349 1
645 4054 6
4054 1861 10
6602 7871 12
645 7976 16
1015 5467 16
2355 6103 16
6103 4184 4
3219 9611 16
3682 2878 16
4885 8864 16
8864 4233 14
7976 1082 16
1082 2890 7
1082 7210 15
8227 2436 16
2436 1420 3
2436 8803 8
8803 7088 5
1420 2198 10
2198 9927 9
9927 3740 8
1420 3731 11
3731 4959 6
2198 1673 13
1673 433 5
1673 6503 8
7088 2115 13
8803 9028 13
9028 3142 4
3142 3410 3
3410 8558 10
8558 3201 2
8558 6192 2
6192 3152 2
3152 8662 11
8662 7592 6
8662 4656 7
8662 3810 8
3152 89 15
89 6601 2
89 5461 10
5461 3240 13
3731 9761 15
1420 5164 16
8710 5060 16
9836 2030 16
980 8994 17
1885 991 17
991 1425 1
991 229 4
229 4035 16
4035 496 14
3522 17 17
17 3700 9
3700 7900 16
7900 9013 11
9013 6773 7
9013 1862 8
6773 1295 9
6773 5810 10
5810 7853 2
1295 3352 11
3352 5209 8
5209 9755 4
9755 6595 5
6595 414 1
414 4162 9
4162 1493 7
1493 5643 12
4162 3574 13
6773 5835 13
3352 9350 14
9350 9235 13
9235 8800 7
5643 8955 14
8955 7047 3
7047 2350 1
2350 6166 2
7047 5313 5
5313 2571 12
2350 5421 15
5421 1131 11
2350 6428 15
6428 7752 3
7752 554 14
554 6740 9
6740 3697 2
3697 5459 2
5459 531 4
3697 1195 6
5459 1936 15
1295 4980 16
4980 3713 1
3713 5043 13
5421 454 16
3522 5668 17
5668 9518 2
9518 5920 14
5920 2663 14
5810 6491 17
6491 6617 8
6617 472 11
7848 7665 17
7665 7753 1
7665 7450 9
7450 9531 10
9531 3250 15
3250 1225 9
1225 3406 12
3406 2247 1
3250 6937 16
6937 1453 14
1453 214 2
214 3916 2
1453 3716 2
3716 5160 4
5160 4309 3
5160 9102 3
1453 6838 6
4309 9827 7
9827 8788 5
1453 8432 12
8432 7978 3
5160 8622 13
8622 4993 13
8788 7416 13
7416 3013 10
3013 4072 9
9827 7567 13
7567 5180 12
5180 8045 8
5180 8926 11
3716 3948 14
9827 2384 14
2384 1427 3
1427 3280 5
3280 9056 6
9056 482 5
3280 1499 12
4993 709 15
8926 8350 16
8350 2013 4
8350 9682 4
8350 8643 7
9682 7239 12
7239 7215 10
8350 8843 13
8843 1103 6
1103 748 5
7239 6866 15
8350 6102 15
6102 3817 4
2013 4384 16
4384 2140 7
2140 8264 10
8264 874 5
4384 7856 11
7856 4239 2
9102 1876 16
3406 532 17
532 6890 14
6890 724 7
5160 2051 17
2051 6393 15
6393 7544 2
6393 3626 7
3626 6374 11
7900 1322 17
1322 5670 17
5670 3417 16
8662 8541 17
8541 5537 3
8541 7189 14
8541 444 16
444 5882 17
5882 2196 8
5882 2443 12
2443 8531 10
8531 6786 13
9013 3261 17
9291 9726 17
9726 8609 6
9726 1220 15
1220 5947 1
5947 5852 10
5852 1415 4
1415 81 5
81 8932 2
81 9141 2
81 7172 7
1415 1441 9
1441 2870 7
81 8481 10
8481 2694 4
1441 2348 11
7172 1796 11
8481 5419 11
5419 344 2
344 9538 1
7172 6564 12
8481 2501 12
344 9948 13
1796 3665 14
3665 8982 9
81 3837 15
2348 7229 16
2348 8741 17
8741 2990 4
2990 3055 2
2501 4779 17
9538 9520 17
9755 8053 17
496 527 18
527 8196 12
8196 1958 17
1958 9823 5
1958 7197 12
1958 396 13
396 6023 4
6023 5061 16
1373 2330 18
2330 933 1
2330 4476 4
2330 6389 10
2198 8239 18
8239 233 2
8239 8970 3
233 5864 5
5864 6201 8
8239 8050 13
8050 1754 3
2571 8112 18
8112 9006 3
2878 7007 18
7007 6276 1
7007 1331 4
7007 9000 4
9000 1308 5
1308 6272 5
1308 4612 12
4612 9004 15
9004 7306 7
3426 9757 18
9757 8745 4
3700 4278 18
3715 9858 18
4062 627 18
627 7975 2
7975 5340 7
5340 391 11
4073 1544 18
1544 1227 16
1227 7379 3
5427 5055 18
5864 4881 18
4881 6900 11
6900 2151 15
4881 3880 18
3880 9483 8
9483 9156 12
9156 4394 13
9156 8375 13
4394 1297 17
1297 662 10
1297 503 12
503 8762 1
503 9567 9
9567 3598 6
3598 9862 1
3598 1301 2
3598 197 5
9862 8586 6
8586 7999 5
1301 2098 10
2098 923 5
3598 5098 11
1301 2459 13
2459 9112 5
9112 3126 2
3126 6202 2
3126 5135 7
3126 6918 10
6918 1106 2
1106 8573 9
8573 3790 8
1301 6479 13
6479 399 10
197 5497 15
5497 3561 6
3561 9230 14
399 9046 16
9046 6931 12
662 5813 16
5813 4056 1
4056 9933 10
9933 7702 13
5813 1439 15
1439 426 3
426 1906 10
1439 698 10
698 2028 1
2028 8721 11
7999 9229 16
9229 6942 10
3561 6689 17
5135 128 17
128 38 16
38 4531 4
4531 6366 1
38 994 10
6366 3350 12
3350 5802 3
5802 3798 14
3798 5737 3
3798 4727 7
994 8952 17
8952 2967 15
2967 587 2
587 7109 15
7109 8678 13
8678 2316 11
2316 8157 7
8157 1153 3
8157 4648 13
8157 6085 14
2316 7381 16
8157 7026 17
426 4744 18
1106 6060 18
1301 3419 18
3419 1930 7
3419 6972 10
3419 8849 12
6972 736 12
3419 3326 13
3326 2137 11
2137 1957 6
2137 5891 10
6972 6121 17
6121 6365 12
6365 3621 6
3621 8319 17
2098 6447 18
6447 1433 13
1433 1440 6
1440 1624 3
1624 3301 4
1624 7628 5
1440 2138 6
2138 1608 5
1608 6809 1
1608 2827 2
1608 7277 5
1440 8123 6
8123 956 5
8123 463 7
463 6609 1
6609 1916 1
1916 6651 2
2827 1472 10
3301 5825 10
5825 3156 4
6809 5334 10
6809 1667 11
1608 6986 14
7628 6236 14
6236 5017 9
5017 8498 8
5017 3192 11
6236 3679 11
5017 4403 13
4403 1332 8
1332 4127 9
4403 1821 13
8123 7875 15
8498 6710 15
6710 9288 12
9288 2216 11
2216 8601 3
6710 6718 13
1433 1347 16
1347 9966 7
2138 1541 16
1541 8118 12
8118 26 7
1541 1141 16
3156 4905 16
4403 3707 16
3707 4950 3
3707 6816 8
6816 3545 2
3545 5939 1
3545 6171 6
6171 5576 4
6171 7069 4
4950 7191 9
5939 3832 9
4950 2468 11
2468 2257 4
6171 3654 11
3654 3695 11
3695 5252 1
5252 6359 1
6359 5293 2
5252 4382 6
3707 9264 13
9264 4242 3
9264 9622 3
4242 4217 10
9264 8642 11
3695 184 14
184 2177 13
2177 5834 5
5834 6549 14
5576 7064 16
6359 7171 16
7171 9281 2
7171 5005 9
5005 1140 8
5005 5916 10
9622 7736 16
1541 4207 17
2257 9544 17
9544 567 10
4403 3334 17
3334 4077 4
4077 3949 11
3949 9397 11
3334 6932 12
6932 911 11
911 2826 4
4077 7701 12
4077 9826 17
5834 1709 17
1709 3642 10
3642 2395 6
2395 7278 3
1916 4140 18
2395 7812 18
7812 9672 13
4077 5255 18
5255 4066 4
5255 3113 15
5252 9482 18
5576 9840 18
6034 6431 18
6431 826 1
826 8170 2
6431 4368 5
4368 3985 9
826 5856 10
6431 270 10
270 4111 2
270 3657 7
3657 4037 9
4037 161 4
4037 7496 6
7496 8246 6
8246 7932 5
7932 6054 1
7932 5918 4
4037 4707 8
4707 6980 4
6980 9577 4
6980 9842 6
9842 477 7
9842 1014 9
7932 6538 11
6538 2044 5
2044 4902 1
2044 2556 11
4037 7123 12
4902 7386 13
7386 3276 2
7386 8691 5
7386 9887 7
9577 3071 13
2556 8340 14
8340 3378 5
3378 9011 5
8340 1706 8
1706 3558 7
3558 9408 4
8340 3090 8
9408 3034 9
9011 4810 10
9577 694 14
3276 8532 15
8532 127 12
127 4632 8
127 3016 12
3016 2654 6
2654 3336 10
2654 6038 12
6038 5358 2
4632 4386 12
5358 5873 12
8532 8722 12
4810 1766 15
1766 6516 5
6516 5561 4
5561 7969 9
7969 3826 3
3826 9886 1
3826 1215 2
9886 5170 6
3826 415 8
6516 3712 11
3712 2833 12
2833 5644 5
5644 9436 3
9436 1132 3
2833 9807 12
9807 5821 8
1132 1368 15
1215 1978 15
1766 4681 15
5561 7824 15
7824 3823 7
3823 10 11
7386 2959 15
2959 1390 14
2959 909 15
909 6668 4
6668 3103 8
6668 1010 10
1010 3229 4
3229 9433 6
9433 7957 7
1010 6467 8
7957 7273 8
7957 2133 9
7273 4882 13
4882 7925 10
7925 4085 12
4085 6529 4
8691 4383 15
909 862 16
862 7940 5
862 644 7
644 2076 2
2076 6905 16
3823 5115 16
4085 5292 16
5292 4243 14
5856 4480 16
4480 4001 10
8691 5787 16
5787 5345 14
5345 3080 7
3080 6022 3
3080 3374 7
1014 829 17
829 7602 5
7602 478 6
7602 890 11
478 5336 12
478 9164 12
478 5841 13
5841 4969 1
5841 2171 2
4969 6882 6
1368 5124 17
5124 1279 2
5124 4736 7
5124 2043 15
3080 4813 17
4969 3649 17
3649 152 1
3649 9290 5
9290 4335 3
152 4624 8
3649 4544 14
4544 2042 4
2042 5755 5
2042 1157 9
1157 360 1
360 7917 1
7917 5359 4
7917 7891 7
7891 2849 5
360 6556 14
4544 9614 14
2042 6968 17
6968 578 2
578 5526 1
578 2989 2
5526 6852 2
6852 6558 1
6852 4407 3
578 1928 5
5526 7233 11
6558 2670 14
2670 6020 4
6020 1050 2
1050 7472 6
6020 6445 10
6020 5349 12
2670 4891 14
4891 568 3
4891 5883 10
5883 3472 6
3472 205 3
6020 6949 14
2989 4692 15
4692 1593 13
1593 3073 3
1593 9908 5
1593 4020 12
1593 4804 12
4804 4005 13
4005 1518 13
6852 859 15
859 5599 4
859 6935 4
5599 8866 7
5599 4421 13
6968 6015 15
4544 4279 17
4279 5243 10
4279 5441 10
5441 2943 3
5441 6195 8
5243 9446 15
9446 7423 6
7423 5669 4
9446 458 12
5359 2089 17
5441 9625 17
9625 3086 4
3086 2285 3
2285 2204 3
3086 8103 7
8103 9586 10
9586 4450 1
4450 166 8
166 116 9
9625 6142 10
116 6335 11
6335 9005 14
3086 4517 17
6038 7259 17
7259 5342 3
5342 9773 1
7259 3732 7
3732 1912 2
3732 4479 6
4479 2303 4
4479 8386 5
8386 9634 5
4479 3226 7
5342 3984 13
3984 3314 7
3984 5434 16
5434 2479 8
2479 4491 7
2479 6031 17
9011 1660 17
1660 2693 2
1660 6490 11
2693 7514 13
6490 3006 17
3006 3299 6
3299 6397 10
3299 8075 17
3299 621 18
3336 8091 18
3472 3337 18
5755 1793 18
1793 420 1
1793 4826 12
4826 7631 1
4826 9084 11
7631 7302 12
7302 9661 6
7302 7570 10
9084 8117 12
9661 7253 13
7253 9431 6
7253 8185 7
8185 7512 9
7512 4241 2
4241 2023 2
420 5933 14
420 7838 15
4241 2703 17
4826 378 17
5933 3519 17
3519 3217 6
3217 3207 3
3207 5224 8
3519 7206 10
7206 7481 4
7481 3239 6
7481 1689 12
1689 3831 1
1689 4185 13
3519 9429 14
9429 2223 4
3239 7799 15
7799 326 12
4185 4432 15
3519 5004 16
5004 3769 7
5224 8860 16
8860 1449 2
8860 2781 10
3519 9330 18
9330 7445 13
6202 7979 18
7979 2522 1
2522 8707 6
7979 8368 7
6558 4872 18
4872 4211 14
4872 4548 14
6564 8284 18
8284 9649 2
9649 6730 3
6730 7021 3
9649 9893 6
9893 9609 6
9609 2958 8
2958 6716 8
9649 4936 10
4936 738 14
8284 5928 14
5928 770 9
4936 8372 15
8284 5442 15
9893 3667 16
3667 7865 5
7865 3990 5
2958 1809 17
6716 7187 17
9649 3112 17
3112 2569 11
2569 2104 4
2569 2190 6
2190 8679 15
8679 2759 13
2759 4057 10
2569 6728 18
2759 3841 18
3841 8304 5
3841 5815 13
5815 9091 4
9091 6872 10
6872 1112 3
9091 8550 12
8550 9129 1
8550 102 4
5815 9237 16
6689 2484 18
6890 5176 18
5176 4149 12
4149 3815 4
3815 6211 3
6211 5215 6
3815 4524 11
5176 1512 13
1512 8039 2
5215 9278 14
9278 6178 4
9278 3289 6
3289 6735 7
6735 6835 5
9278 4592 13
4592 2049 10
4592 6976 14
6735 3490 14
3289 8669 15
5176 7251 15
4592 5505 16
5505 1704 6
1704 5021 7
1512 7523 17
7523 5412 9
7251 8763 17
8763 8878 2
8763 4893 3
4893 4778 13
4893 8942 17
9278 8136 17
6985 5904 18
5904 6808 2
6808 6046 5
5904 7777 8
6046 4853 17
4853 1513 1
5904 2548 18
2548 1120 8
2548 4828 14
4828 8948 18
8948 3169 10
3169 7944 6
7003 4031 18
7047 4464 18
4464 8783 7
8783 3943 1
4464 9059 11
7736 6634 18
7752 2386 18
7969 8113 18
8113 8467 6
8113 3202 16
3202 2585 13
2585 2232 14
2232 5023 10
5023 3297 2
5023 6249 7
6249 9360 1
6249 7540 4
7540 9786 8
9786 4344 7
4344 1212 7
9360 940 14
940 4324 7
940 2574 16
8239 7270 18
7270 7713 1
7713 3800 17
8246 8846 18
8402 733 18
733 4715 17
8741 3513 18
3513 1393 10
1393 559 7
9278 8607 18
8607 8591 10
8607 988 14
988 8557 7
9459 8382 18
9528 6220 18
6220 1438 2
9622 8653 18
9774 1932 18
1932 7349 3
9792 1525 18
9958 7444 18
26 483 19
483 4764 10
483 7342 16
70 4822 19
4822 5355 1
5355 145 1
4822 7025 10
145 5575 17
145 1516 19
328 1257 19
1257 4494 18
4494 904 11
414 2224 19
2224 3154 12
2224 6059 12
6059 65 14
65 6207 7
65 8647 15
8647 9437 11
9437 5583 8
5583 5376 1
5583 5734 4
5376 6927 13
6927 157 8
8647 5377 14
5734 419 16
8647 1483 18
466 2803 19
2803 61 14
61 3694 5
3694 8818 6
8818 5917 8
5917 968 4
968 2795 2
2795 8693 1
968 1836 9
8818 9658 11
9658 3549 4
968 9505 12
3694 7011 13
968 1005 14
7011 4652 16
4652 8215 2
4652 8307 2
4652 3730 10
478 9323 19
9323 5844 7
5844 5895 10
723 3876 19
3876 2440 6
733 5704 19
5704 1491 2
1491 6226 12
6226 1894 2
1894 7365 3
7365 948 3
7365 6081 11
5704 9174 13
9174 3548 14
3548 5206 16
5206 1789 5
5206 8145 10
5704 4311 16
4311 7639 6
4311 6464 16
6464 9877 12
4311 4719 18
4719 169 2
1302 8886 19
8886 7728 4
7728 9554 3
9554 4864 6
9554 4697 11
9554 8098 11
8886 7363 14
9554 6398 14
6398 5210 17
5210 6162 4
6162 7785 7
7785 5655 3
5655 139 6
5210 44 15
44 9363 17
9363 8055 1
8055 842 1
9363 6582 10
6582 3934 9
6398 6071 18
6071 8411 16
8411 467 2
467 8660 6
8411 9067 9
467 4400 14
9067 3143 14
8055 1200 18
1200 7370 13
7370 4538 5
1200 8522 13
7370 7943 18
7943 3125 14
8660 5330 18
842 6989 19
1438 9003 19
1449 3566 19
3566 6012 17
3566 4117 18
4117 5112 1
5112 2991 5
5112 2282 6
2282 6755 15
2991 3723 16
1870 2100 19
2100 5533 9
5533 9702 13
1927 2172 19
2172 6964 10
2172 2603 16
2030 5354 19
5354 6051 10
6051 6356 3
2049 3175 19
3175 4236 1
3175 833 6
4236 1628 13
1628 2253 3
1628 8320 3
8320 3107 8
3107 7440 1
3107 6535 11
4236 6444 13
3175 7965 15
4236 5999 15
2089 7155 19
2151 7652 19
2302 7883 19
7883 5274 2
7883 1369 9
5274 1146 13
2303 3293 19
3293 8736 1
2310 598 19
2310 6323 19
2585 389 19
389 8676 8
389 9136 13
389 8109 18
2663 4026 19
4026 6243 3
2840 247 19
247 118 19
2887 1260 19
1260 6367 2
1260 5231 16
5231 7177 12
7177 1847 8
1260 7316 17
7316 2642 4
2642 5294 3
2989 6970 19
3229 2883 19
2883 1436 11
1436 2564 1
2883 3738 17
2564 9978 18
9978 8241 13
9978 6242 16
8241 5805 17
5805 3048 3
3048 5161 5
3522 3294 19
3653 4187 19
3657 4215 19
4215 824 14
824 6519 1
824 27 15
4215 955 15
3665 3822 19
3738 6565 19
6565 967 17
3822 9765 19
9765 6109 14
6109 995 1
6109 8810 9
8810 5296 2
6109 7096 18
7096 1179 4
4041 3271 19
3271 3307 4
4072 7689 19
4111 6158 19
6158 650 13
650 9990 3
9990 75 5
650 2982 10
2982 6150 2
2982 5746 12
4324 4579 19
4579 3828 5
4579 6270 18
6270 966 16
966 7258 2
7258 1575 4
1575 4013 15
4013 6696 6
4013 3357 12
3357 634 18
634 860 5
860 5579 3
860 4502 9
4502 9734 13
634 6466 16
6466 7637 1
6466 7256 18
7256 9406 15
9406 9373 10
7258 2839 18
2839 7863 3
2839 6493 9
7863 9552 11
9552 9770 1
9770 1009 12
1009 5400 2
1009 2950 14
2950 8875 9
2950 3059 14
9552 2619 17
4450 2920 19
4738 5067 19
5067 9508 1
4895 636 19
4902 5392 19
5392 8461 9
8461 5261 2
5261 605 5
5261 3567 17
4980 8867 19
4993 9900 19
5043 6831 19
6831 4146 1
6831 5097 15
5115 3463 19
3463 6540 5
3463 5102 6
6540 1839 6
3463 1135 12
6540 6525 12
6525 9271 5
9271 8489 6
6525 7494 11
1135 2447 14
2447 3843 4
3843 3551 5
2447 5404 8
5404 908 2
5404 1710 3
908 8314 9
8314 7008 7
7008 404 7
7008 1949 8
404 323 9
404 353 13
353 7350 9
1839 5337 14
5102 313 17
5160 2326 19
5176 9988 19
9988 9246 8
9246 7184 1
5274 1975 19
1975 3128 1
5412 2861 19
5577 3424 19
5755 190 19
5755 8903 19
8903 5827 13
5827 7719 2
5827 6021 7
5827 387 12
5827 7219 14
7219 9244 7
9244 2547 4
7219 9742 11
9742 5312 5
9244 538 12
9742 3324 12
3324 7590 3
3324 2193 11
2547 2025 13
2025 1289 13
3324 9232 13
9244 4683 14
4683 4700 8
4683 215 11
1289 1627 15
1627 224 7
224 3131 12
3131 2103 3
3131 715 4
715 1116 10
2025 1946 16
3324 9832 16
2193 1268 17
1268 665 8
5770 8450 19
8450 5609 2
5916 8231 19
8231 1412 16
1412 3290 8
1412 7783 11
6060 7810 19
7810 7195 2
7195 3418 7
7810 8588 7
8588 2500 3
2500 2264 8
2264 4343 4
2264 620 5
3418 3083 11
3083 2135 17
7810 5182 18
5182 1346 8
1346 2070 1
1346 1397 19
2264 5660 19
5660 8168 17
6171 1511 19
6276 6216 19
6216 2009 14
6335 3493 19
3493 1610 1
3493 9688 3
9688 537 4
1610 3492 17
3492 6360 8
537 9474 18
1610 7288 19
6393 6514 19
6467 2289 19
2289 2032 14
2032 5472 9
2289 6683 14
6467 6476 19
6479 9642 19
9642 4852 11
4852 2469 3
2469 5923 1
2469 6301 15
2469 5049 19
6540 7775 19
7775 179 7
179 4021 10
4021 5031 11
5031 2540 4
7775 5002 16
4021 5265 18
5265 8654 6
8654 7842 2
8654 8523 8
8654 8480 16
6633 8429 19
6705 5964 19
5964 8019 16
8019 82 1
8019 7749 3
8019 1151 5
7749 6552 11
6552 4315 9
7749 8620 12
8620 6486 5
8620 3454 12
3454 1374 13
1374 8753 7
82 597 16
7749 7236 16
8753 2988 16
2988 3242 10
3242 1794 7
1794 821 2
821 9166 3
2988 7134 10
7134 1526 9
2988 4108 12
2988 1313 13
2988 656 15
3242 6941 16
6941 3540 16
7134 2692 16
2692 5992 13
2692 7492 15
7492 3760 3
7492 5172 3
5172 5133 11
3242 3495 17
9166 1287 18
1287 250 2
250 2156 3
2156 9336 9
9336 1732 1
9336 9089 3
9336 3489 13
3489 8760 19
6854 66 19
6941 2122 19
7011 9721 19
7021 1156 19
7096 1016 19
7231 3209 19
7251 2862 19
2862 8937 3
8937 9730 15
8937 4559 18
7496 8933 19
7785 9601 19
9601 935 11
935 1662 8
935 8659 10
8659 3662 10
9601 4918 18
4918 7314 2
7900 1036 19
1036 6593 1
7975 1642 19
1642 2743 18
7988 8616 19
8616 1817 12
1817 2534 8
2534 6032 2
2534 6225 3
2534 6848 10
8053 8122 19
8065 4827 19
4827 6566 6
4827 4191 14
4191 6484 8
6484 3447 2
6484 1910 6
1910 9996 8
3447 9072 8
9072 1107 1
1107 4657 4
6484 8893 8
8893 5796 11
5796 7601 7
9996 7193 12
7193 4982 5
6566 5254 15
5254 647 6
5254 8492 11
8492 6292 1
6292 6891 3
8492 4478 3
6891 1661 4
8492 6547 5
6547 6185 2
6185 3395 12
3395 2227 1
2227 5958 7
5958 29 9
2227 5839 10
5839 8083 5
5839 9775 13
9775 7566 5
5254 9231 15
647 3304 16
647 9170 16
9170 2688 2
6891 1558 16
9072 5474 16
9996 3590 17
3590 7380 7
7380 7448 12
7448 9418 15
9418 3120 10
9996 6751 17
6751 285 1
6547 4459 18
4459 5388 13
5388 6666 1
5388 8771 2
8771 5151 5
6666 1674 9
1674 1905 11
1905 1530 3
1905 5725 3
1530 8825 6
1674 5079 14
5079 6039 13
6039 9759 3
1905 1808 14
6666 5253 16
1905 8992 18
8992 4023 8
8992 5971 10
6566 8030 18
8030 7517 5
8083 8521 18
8521 8595 16
8595 5216 5
8595 6520 9
5216 3527 10
8083 8946 18
8946 6880 9
6880 1841 2
1841 5720 8
1841 2675 10
6880 7661 10
1841 6061 13
6061 8764 2
6061 1259 4
1259 1083 15
6061 7432 17
7432 5468 13
5468 334 16
334 8433 5
334 4086 12
4086 7437 11
7437 6348 9
7432 4428 18
4428 137 4
137 9760 10
8893 2631 18
9775 985 18
985 1668 3
1668 4435 6
4435 5373 3
5373 7050 5
4435 4454 9
4454 3648 6
3648 9205 3
4435 2017 11
2017 3129 9
3129 2452 1
3129 1801 6
1801 2312 5
9205 6277 14
4435 369 16
985 1612 18
1801 6857 18
6857 2474 10
6857 3646 10
3646 920 2
2474 2492 16
2492 3997 12
3997 8341 2
3997 6229 3
6229 178 9
6229 8125 11
178 8570 12
8570 580 6
8570 7061 15
8570 846 16
846 1197 15
2474 7062 17
7062 9051 17
3646 6943 18
6943 72 8
72 2622 5
2622 3223 3
72 7524 10
2622 6041 10
6041 5328 8
6943 5847 11
1910 2841 19
2841 7060 1
7060 7317 4
2841 7687 15
2312 8079 19
8079 5809 11
8079 9105 14
9105 996 3
996 5191 12
5191 6437 5
6437 6186 1
6437 8596 6
6437 2718 8
2718 4172 1
2718 2691 5
2691 7456 6
6437 3733 8
6186 3149 11
8596 9248 14
3733 9263 15
6186 9973 16
8079 9630 18
9630 1293 2
9630 4342 16
9630 7872 17
7872 1011 2
7872 1307 8
1307 7176 4
1011 7941 11
7941 7310 12
7310 3533 7
7310 7840 8
7872 2385 13
2385 6146 10
2385 2575 16
2575 9220 1
9220 1767 4
9220 3267 4
2575 6370 8
3267 5331 8
3267 4629 14
3304 2175 19
2175 4742 13
4742 7505 7
7505 5788 5
5788 1250 15
4342 2749 19
2749 7626 2
7626 6967 5
7626 8599 7
8599 310 4
8599 7893 9
7893 6719 4
6719 2470 10
7893 453 11
7626 4332 13
7626 3393 17
2470 9348 18
9348 6604 11
9348 9259 13
5373 4467 19
4467 1226 18
1226 4 7
4 5701 13
1226 3863 15
4 7691 16
7691 7828 6
7828 3469 2
3469 3742 5
3469 8574 5
3742 6087 5
3469 614 12
5468 5956 19
6484 3717 19
6566 9398 19
7456 4968 19
4968 3341 16
4968 8276 18
8276 3043 8
8276 6314 14
3341 4623 19
8157 71 19
71 9049 1
71 5262 16
5262 6130 4
5262 2648 16
2648 3601 11
3601 2338 18
8231 6409 19
8429 4196 19
4196 5554 17
5554 2674 8
5554 2004 13
8573 810 19
810 2644 10
8753 4305 19
8866 8888 19
8888 4100 12
8975 1980 19
1980 7731 16
7731 1450 13
1450 1722 12
7731 9820 19
9820 3380 5
3380 4816 6
3380 667 8
4816 7895 14
9105 9470 19
9234 8640 19
9278 5640 19
5640 8902 2
9534 1633 19
9534 2139 19
9535 333 19
333 6990 4
6990 7906 9
9765 9562 19
9562 4701 8
4701 7486 3
9562 7563 12
9797 2420 19
9827 800 19
800 782 18
782 3232 7
3232 4540 5
4540 1339 6
1339 9075 7
9075 3813 15
3813 207 8
207 3783 10
3783 4825 5
4825 3572 4
3572 407 8
3783 4716 9
3572 5905 10
5905 8297 3
8297 4912 1
4912 8801 5
8801 4784 3
8801 2410 6
3813 431 15
431 5399 17
5399 3425 3
4825 7515 17
7515 4796 8
8297 3504 18
9924 9558 19
9558 2744 2
2744 2579 15
2579 6254 15
6254 8627 9
8627 3257 8
3257 2546 5
2546 4765 10
4765 7795 8
2546 6349 11
6349 3629 5
6349 361 7
3257 1155 16
8627 9694 16
2744 5862 17
5862 7414 16
8627 6616 17
6616 6339 15
6616 3909 16
3909 7478 11
7478 8793 9
6616 9421 17
9694 6898 17
8627 5121 18
5121 2576 5
2576 8720 10
2576 1458 12
1458 6861 3
2576 1816 12
1816 2056 8
8720 4786 15
4786 9449 13
4786 9871 17
1458 9857 18
2579 2735 19
2735 1875 10
4765 3141 19
5121 6709 19
9939 3382 19
145 5451 20
247 3866 20
290 3584 20
3584 6783 16
415 8080 20
477 2966 20
2966 6791 1
522 5663 20
621 2852 20
634 22 20
22 5096 15
5096 9130 15
5096 7296 16
635 9803 20
9803 6256 2
6256 6726 16
6726 7922 15
6726 1229 16
6256 8162 19
833 6069 20
909 6971 20
6971 7101 15
7101 6548 9
7101 8256 16
8256 5780 12
5780 2815 5
923 5011 20
5011 8989 4
8989 2994 2
8989 2625 3
2625 8686 1
2625 4963 5
8989 9242 5
8989 8377 6
2625 5968 11
5968 2152 9
2152 5797 7
5968 3544 11
3544 5194 9
2994 4699 12
4699 7890 1
5797 3181 13
8377 7353 13
8377 6568 14
6568 2508 15
8377 6327 15
2508 5528 16
5528 4214 18
4214 9217 1
4214 2045 12
1212 245 20
245 7295 17
7295 4448 12
7295 798 16
798 7375 6
7375 3484 4
3484 6530 10
1297 3414 20
3414 1893 12
1893 6131 1
6131 7082 4
7082 1807 11
1518 9369 20
9369 2246 11
2246 6224 3
9369 5320 12
5320 752 9
6224 7104 13
5320 820 14
820 8313 2
8313 7554 1
820 148 8
148 6539 2
6539 6829 5
6829 916 6
148 9637 7
9637 8181 5
8313 4076 8
4076 4970 2
820 9196 9
8181 1401 10
1401 1351 3
1401 3058 6
3058 849 8
3058 7083 8
1401 3684 9
3684 5636 10
5636 7156 5
9196 1247 10
1247 7716 6
1247 8631 9
7716 6569 9
8631 4446 10
8181 3070 12
148 9580 14
916 9213 14
9213 461 14
9580 4660 14
4660 2946 6
6829 8940 15
8631 6534 15
849 5494 16
5494 8044 3
5494 3892 4
3892 5033 12
5033 6463 2
5494 5723 14
5723 3428 11
3428 1568 8
1568 5318 7
5318 4433 1
5318 6319 8
3428 8116 10
3892 1782 15
1782 303 3
1782 6902 7
303 5490 16
8631 423 16
423 9208 6
423 2822 17
2822 1757 9
1757 9432 5
2822 8289 9
8289 5925 16
5925 2876 14
5925 3689 14
3689 2978 4
5925 6899 15
1351 9745 17
9745 7708 8
9745 8566 8
2978 2565 17
6224 678 17
6534 6991 17
6991 9863 13
6991 1193 15
9369 8015 17
303 6300 18
6300 7136 3
6300 8585 8
8585 7183 10
7183 5950 10
5950 3932 7
3932 5869 5
5869 6369 8
6369 5437 7
5437 3018 2
5437 8767 2
8767 6605 10
6605 9848 6
6605 8730 10
7136 2020 11
6369 475 15
475 2373 2
475 3498 8
2373 5622 8
5622 7034 5
7034 1473 15
1473 2552 7
2552 2686 15
2552 853 17
475 6250 18
678 3208 18
3498 8250 18
3892 6596 18
9432 7779 18
2565 3911 19
3428 2757 19
2757 2685 8
2685 7404 16
7404 4030 3
3892 3950 19
6319 3772 19
6319 7800 19
6539 5940 19
9432 9044 19
9580 6834 19
6834 58 10
58 7729 7
58 8936 14
8936 799 1
8936 8069 15
6834 6555 16
6555 4574 11
6555 1421 13
6834 1996 19
1996 1326 4
1326 1059 2
1326 1503 5
1326 7422 14
7422 7748 1
7422 133 2
1996 5908 16
5908 1292 8
1292 258 3
133 9257 17
9257 1216 1
1216 4731 6
9257 1379 10
1379 4157 10
423 6468 20
461 6238 20
6238 2610 9
1608 8212 20
1686 5478 20
5478 1716 12
1716 3007 15
3007 1915 11
1915 9548 3
1915 7425 10
1920 2150 20
2150 175 19
1988 342 20
2038 695 20
695 6739 18
2118 4614 20
4614 5855 7
4614 2399 12
2399 4585 4
4585 1854 5
4585 4261 13
1854 7528 18
2156 9677 20
9677 3451 3
3451 1601 14
1601 5193 18
5193 1410 1
5193 5248 7
2272 1100 20
1100 6508 3
1100 1329 16
2355 3470 20
3470 4541 3
4541 6469 5
2603 7904 20
7904 8641 18
2606 3589 20
2795 8731 20
8731 1354 7
8731 8190 17
8190 9197 9
9197 4937 19
4937 336 1
336 2614 1
2614 9181 6
9181 6068 6
2614 2497 8
2497 9740 4
2497 3992 12
3992 3379 3
3992 714 10
3379 722 11
2614 1648 13
1648 5221 1
3379 9014 13
4937 9914 15
714 7700 16
7700 8908 13
2902 4267 20
3083 2714 20
2714 1725 13
3112 9316 20
9316 2298 1
2298 8811 1
9316 6587 4
9316 6781 6
6781 7108 1
7108 9594 2
6781 5767 6
6781 3789 12
3789 2394 1
8811 8124 13
8124 5585 5
2298 2652 15
2652 4862 2
2652 1647 15
5767 8281 15
9316 3478 15
3478 7825 11
7825 3851 12
7825 8346 13
8346 3882 14
5767 3965 16
3965 2364 7
2652 1864 18
3239 341 20
3430 588 20
3476 9425 20
3621 7974 20
7974 5158 10
5158 5764 4
5158 776 7
776 8361 7
5764 5982 9
8361 7756 11
7756 6290 10
6290 9324 7
9324 855 16
8361 4097 17
4097 4255 5
4097 4787 8
4787 4931 9
4787 231 14
4931 2275 14
2275 1951 12
1951 411 2
1951 9016 3
411 2442 5
4931 5390 14
231 5087 15
2275 4379 15
4255 3620 15
3620 2854 3
3620 3488 6
2854 4369 11
2854 4587 11
2854 162 12
162 6194 1
6194 2981 3
162 3345 7
3345 7049 5
2981 2724 10
2724 8465 7
8465 5628 3
8465 7793 11
7793 8343 8
8343 7023 1
7023 3248 3
7023 7901 3
7901 302 3
2724 9085 13
9085 410 13
9085 4283 13
4587 6819 14
8343 1353 14
1353 8436 10
8436 6007 11
6007 8624 12
8624 9161 3
8624 6008 6
8343 3123 14
3123 6961 12
8465 1549 14
1549 6551 3
4787 8664 15
8664 2672 2
411 2026 16
1549 380 16
380 4456 7
380 2413 10
380 4777 15
4787 18 16
18 8777 11
6961 4565 16
4565 7821 11
7821 9321 2
4787 325 17
4787 4789 17
6007 6833 17
9016 6294 17
6294 2658 1
9161 2560 18
2658 1078 19
1078 9144 16
7023 7614 19
9324 8407 19
380 4823 20
3694 4281 20
3712 877 20
877 9189 4
3790 2288 20
2288 7714 11
7714 3898 13
3898 4455 4
7714 9537 14
7714 5525 19
3988 7312 20
7312 8074 14
8074 1098 5
8074 9407 9
9407 2816 14
1098 7039 15
4242 4552 20
4278 1495 20
4386 6240 20
6240 4115 2
6240 219 4
219 3186 7
3186 901 9
3186 1874 14
6240 4966 14
4966 1263 7
1263 9215 4
4450 4503 20
4503 743 9
743 1735 4
4480 2566 20
2566 4573 20
4573 9332 10
4681 9401 20
9401 4609 4
4692 2391 20
4764 8546 20
8546 2511 7
2511 7218 10
4847 8237 20
5121 2683 20
2683 2415 2
2683 6179 3
6179 3302 4
2683 9416 5
9416 1136 3
2415 7583 10
7583 9094 12
9094 1035 11
9094 6585 13
6585 5943 13
5943 4923 6
4923 8985 1
5943 1485 13
1485 2509 12
3302 7706 14
7583 7697 14
2415 3854 15
3854 7362 16
7362 979 6
7362 4986 10
5943 5122 16
5122 1360 8
5122 1371 20
1371 7758 1
1371 7015 9
7758 1214 16
5330 4934 20
5354 9315 20
9315 1231 6
1231 9675 11
9675 5658 17
5658 5375 7
5375 2755 17
2755 8613 16
8613 7935 5
7935 4880 3
7935 7782 11
4880 6274 15
9675 6884 17
4880 7324 19
7324 5511 17
5371 1084 20
5404 2327 20
5526 7956 20
7956 7337 5
5545 4002 20
5576 2270 20
5608 286 20
5609 5048 20
5048 6750 4
5048 1364 14
1364 6064 6
5643 5711 20
5755 4940 20
4940 9404 16
9404 9341 15
5809 8470 20
5970 5300 20
5300 8930 7
5300 429 13
429 7474 14
7474 1092 11
1092 9305 11
429 5 18
5 4626 14
6038 5402 20
5402 978 7
978 9764 18
6041 4837 20
4837 561 1
6158 4914 20
6185 8474 20
8474 7673 9
7673 7738 1
7673 1694 4
7738 7013 6
8474 7608 17
7608 4179 4
4179 539 18
539 7642 7
539 3664 8
539 316 12
539 5581 12
5581 2952 14
2952 2454 12
539 8832 18
8832 1162 8
3664 502 19
502 1574 15
1574 6124 6
6124 196 13
6124 2696 15
2696 6862 4
6862 1159 5
502 4266 16
4266 682 11
4266 7751 15
7751 5263 1
5263 5761 13
5761 8220 1
6124 3650 17
3650 3445 3
3650 3804 18
2696 7488 19
6236 1584 20
6254 5646 20
5646 1954 1
1954 3794 3
3794 8844 5
5646 3891 11
5646 5600 19
5600 4815 9
5600 3680 13
3680 9060 10
9060 3386 1
9060 6982 17
6327 9723 20
9723 7304 1
7304 4240 1
4240 7635 3
7304 9159 19
9159 5722 11
5722 7632 6
7632 2347 10
2347 7807 18
7807 9670 12
9670 960 10
960 4530 6
4530 3122 13
3122 8016 5
8016 2423 4
4530 401 14
9670 7741 15
4530 7071 19
7071 5993 2
7071 6295 12
6360 4039 20
6389 9119 20
9119 1124 9
1124 9825 5
9825 6014 13
1124 3342 14
3342 3998 8
3342 78 12
3342 3394 14
3394 9270 15
9119 696 15
3998 8872 16
9119 2407 17
2407 2514 8
2514 4807 13
2514 5403 14
2407 2980 15
2980 4197 14
4197 6717 8
4197 880 13
880 4412 6
4412 3253 3
4412 1388 8
880 4992 16
4992 5062 3
2980 5016 17
4197 5284 17
5284 581 4
5284 8135 12
5016 5910 19
5910 7413 5
7413 9812 5
7413 7325 6
7325 4759 4
7325 6871 8
5062 2389 19
6400 789 20
6424 8920 20
8920 7065 6
7065 6176 13
8920 8110 18
6467 1786 20
1786 7468 12
6468 1826 20
6537 6950 20
6950 1950 4
6950 2554 13
2554 4568 8
6552 6855 20
6565 6262 20
6262 8583 8
6262 1769 16
6262 3637 20
6587 6074 20
6634 2166 20
6786 1843 20
6893 3799 20
6897 1359 20
7349 4275 20
7350 8169 20
7728 2787 20
2787 1261 16
7738 9901 20
7848 6084 20
6084 9709 7
9709 5145 4
7987 964 20
964 1942 8
1942 4387 2
8033 5208 20
8055 4933 20
8115 9953 20
9953 5473 2
5473 7081 3
7081 9379 9
9953 952 10
952 3041 10
3041 8592 3
3041 6698 5
3041 9368 11
9953 8746 11
8746 1187 12
3041 9009 14
9009 1129 10
1129 3890 9
3890 8449 11
8449 1924 12
1924 6922 7
6922 1134 7
6922 5570 16
5570 7762 1
5570 8719 4
5570 4562 17
9379 7318 18
1924 1169 20
1169 9177 6
9177 3638 7
8256 1586 20
1586 4684 4
4684 7603 12
4684 2750 19
8433 883 20
883 3359 18
3359 8031 6
8510 6293 20
8566 8859 20
8859 817 6
817 6594 8
8859 4859 12
6594 4645 16
8736 5858 20
5858 7511 6
5858 9517 8
9517 2446 5
5858 2558 15
2446 693 19
8788 50 20
50 6615 18
8800 3706 20
3706 7402 7
8818 9286 20
8878 400 20
400 4406 1
4406 6090 11
6090 6641 1
6641 9245 8
9245 3321 15
9245 2704 18
2704 679 4
8903 5684 20
5684 8404 6
8404 5555 11
5555 4216 11
4216 9489 14
8404 3213 15
3213 2594 7
3213 8152 8
4216 4871 18
4871 516 17
516 2481 4
2481 1645 12
2594 7266 20
7266 8879 10
8908 1316 20
8933 5448 20
8943 5688 20
8961 5637 20
9005 3360 20
3360 6626 8
6626 1280 10
9016 4498 20
4498 3486 1
3486 8043 4
3486 1846 7
3486 719 10
719 6063 18
6063 6771 10
6063 4832 15
719 9076 20
9084 3673 20
9112 5057 20
5057 4009 3
4009 5501 1
5057 5863 3
5057 1577 8
5057 6304 18
6304 1375 3
6304 9299 10
9299 4788 4
9130 7032 20
9291 259 20
259 9992 6
9634 1603 20
9643 6384 20
9973 5623 20
5623 3758 18
3758 5703 6
3758 7532 6
7532 5063 11
72 5416 21
82 3 21
3 8035 15
3 4641 18
8035 297 18
297 3266 2
3266 8097 9
317 6959 21
342 867 21
867 3714 10
867 2636 11
391 2054 21
414 4916 21
472 8270 21
736 5850 21
5850 617 3
617 2308 9
2308 202 17
2308 938 18
826 9888 21
833 4926 21
884 688 21
688 4271 1
688 2680 19
911 8018 21
930 53 21
971 4597 21
1024 9493 21
9493 680 11
1084 1317 21
1195 363 21
363 3318 20
1225 1284 21
1284 2626 5
2626 9587 7
9587 7038 3
7038 5088 1
9587 288 19
1326 9282 21
9282 5817 5
1371 7733 21
7733 8111 10
8111 8092 9
7733 4250 16
4250 8299 3
4250 4839 8
4250 7467 8
7467 2897 3
2897 8816 15
2897 6592 16
4839 5647 18
8816 2996 18
2996 2572 9
2572 7844 6
7844 9846 1
9846 2181 6
2181 3797 8
3797 4402 4
3797 6686 12
6686 7044 3
7044 4855 12
7044 1639 14
6686 4713 17
6686 7458 19
8111 8724 19
8724 9526 15
9526 9065 10
7458 3893 20
1375 8318 21
1433 8737 21
1499 509 21
509 6302 10
6302 2256 3
2256 5915 7
5915 2689 2
2689 4122 11
5915 1323 12
1323 7996 11
7996 2071 4
1323 4397 14
6302 9180 15
9180 907 3
9180 5500 17
1530 2490 21
2490 1592 2
1592 385 1
1546 5093 21
1577 4209 21
4209 9500 3
9500 5171 6
5171 418 16
418 7017 4
7017 5138 8
418 3632 16
418 4303 17
4303 2400 2
4303 1989 9
1989 6583 7
6583 882 1
882 3089 9
5171 5760 17
6583 4556 18
4556 1266 8
1266 77 9
6583 7345 18
5760 7931 20
1722 9023 21
2014 8670 21
8670 6671 14
6671 1827 7
2020 8288 21
8288 3105 2
8288 5425 7
2137 7903 21
7903 23 6
7903 1264 9
23 3124 14
1264 7339 14
7903 2280 15
7903 3265 15
3265 8014 3
3265 2609 4
23 5938 20
2280 5301 21
2302 851 21
2308 2639 21
2405 3819 21
3819 3751 14
3751 2590 9
2560 771 21
2672 7279 21
7279 1707 12
2818 5729 21
5729 8101 10
8101 1422 9
2883 1651 21
1651 1243 2
1243 9037 6
1243 9788 9
9788 6960 4
6960 4649 2
4649 9965 4
1651 30 10
1651 1609 16
1609 921 15
921 2460 15
1609 7624 15
7624 9598 2
7624 2909 6
2909 3407 2
2909 2737 6
2737 8362 4
2737 5491 7
3407 3725 7
3725 129 7
3725 9995 10
2909 4360 13
4360 7249 19
7249 3811 11
7249 8672 17
8672 7192 14
3811 576 18
7624 7898 19
2460 7610 20
7610 4771 11
4771 592 15
3043 1445 21
1445 6988 9
6988 6619 8
3149 4237 21
4237 7577 6
4237 208 10
208 4725 6
208 1607 10
4725 9460 13
4725 9968 17
9968 6296 5
6296 1845 5
1845 4677 19
3181 8600 21
8600 9073 6
3223 7907 21
7907 5362 17
5362 8150 3
5362 5426 16
7907 9928 18
3314 3622 21
3622 4774 18
4774 9239 9
9239 3024 5
9239 8855 9
8855 442 2
3024 5454 10
442 5394 12
5394 7578 14
7578 8752 7
7578 5962 13
5962 3719 16
3719 3928 3
3928 6662 2
6662 8424 2
3928 3311 3
6662 126 3
3928 7040 6
7578 6145 17
6662 1502 19
1502 9515 11
9515 637 6
637 7067 9
7067 5323 14
126 8127 21
8127 5592 19
5592 6998 10
3374 7600 21
7600 1478 3
1478 1670 14
3454 2371 21
2371 2305 18
2371 4374 18
3609 9383 21
3783 728 21
3893 7408 21
7408 1822 9
1822 4835 14
7408 7831 17
7831 1175 15
7831 9258 18
9258 7625 8
7625 8957 6
4283 809 21
809 1272 12
1272 6607 21
4455 2627 21
2627 2159 13
2159 9200 7
9200 9889 19
4649 4651 21
4651 8734 7
8734 8094 4
8094 262 2
8094 3346 2
262 2287 9
2287 8217 7
3346 2587 13
2587 8779 9
4651 8042 13
8042 2461 8
2461 1281 9
2461 8076 10
8076 7139 9
7139 7252 7
7252 7300 9
7300 3889 7
3889 121 5
121 9588 1
121 9817 1
9817 6248 1
8076 7283 10
9588 5105 11
6248 9127 13
9127 5059 10
9588 7122 13
7252 513 15
513 1966 7
8042 450 16
4651 5800 18
5800 4904 3
4904 2329 15
2329 9784 1
7252 2695 18
4904 4961 19
4961 3922 8
4961 4605 9
8734 398 19
9588 5672 20
9817 3507 20
3507 3862 5
3862 4249 6
4249 9541 10
9541 2180 1
2180 9167 4
4249 6578 13
6578 6375 5
6375 2506 19
2506 1075 20
4837 8579 21
8579 93 7
93 5719 9
8579 8503 19
4913 9199 21
5002 1698 21
5004 3064 21
3064 7843 20
7843 8901 9
8901 5649 14
5100 6251 21
5138 1579 21
1579 271 5
5162 3416 21
5162 9247 21
9247 6643 9
5255 6306 21
6306 7323 10
5423 5480 21
5426 3076 21
5647 3172 21
3172 3042 1
3042 1304 7
3042 3976 17
5720 3317 21
3317 7546 14
7546 5957 5
5794 3315 21
5794 7308 21
7308 5141 12
5141 9088 1
5827 2401 21
2401 5287 14
5287 8093 16
8093 769 2
769 600 17
2401 3264 19
3264 3791 15
3791 569 1
569 6027 18
6027 5743 1
5743 3363 18
3363 7575 3
3363 8365 4
7575 5961 9
5961 1508 10
1508 3510 16
3363 4337 16
4337 200 10
4337 4244 11
4244 5217 10
5217 9584 9
9584 9353 8
9353 7612 11
9584 7778 12
7778 3356 4
3356 4048 13
3510 15 16
3356 9638 19
5847 5980 21
5980 45 4
5980 7367 7
5980 6528 10
45 4856 11
4856 3778 20
3778 3703 2
4856 6175 20
6175 9207 15
5869 9626 21
5916 8545 21
8545 2041 7
2041 6948 1
6948 4929 7
2041 8155 9
8155 9975 1
9975 963 12
6948 4513 15
6948 734 16
963 903 18
903 1365 5
1365 9884 4
1365 6377 11
6377 8845 9
963 2717 18
6377 5934 19
6186 5901 21
6243 6126 21
6126 8950 5
8950 4253 13
8950 11 15
4253 8972 18
4253 7596 19
6322 5039 21
6534 4732 21
6539 618 21
618 4029 1
4029 2278 10
2278 3564 9
3564 8773 7
3564 8602 16
8773 6361 17
6551 4576 21
6680 4523 21
4523 1729 15
1729 138 12
138 8332 12
8332 9438 14
9438 6329 3
6329 7137 14
7137 1939 18
1939 8694 8
8694 6954 16
7137 4437 20
4437 1590 14
1590 9717 18
9717 2860 2
2860 7100 13
2860 9318 13
9717 6255 13
6255 7615 7
7615 7330 6
6255 19 10
19 8410 1
8410 2829 8
7615 6562 11
6562 8356 10
6255 7551 13
2829 6635 14
6635 3097 8
2860 8988 14
6635 7114 14
9717 4983 14
4983 805 12
4983 31 14
31 2328 8
2328 5965 3
6255 7656 15
7656 3296 3
7656 9179 6
2829 7629 17
4983 1063 17
7629 3179 17
3179 3827 16
7100 4582 18
4582 3942 18
31 1055 19
4437 6303 19
6303 9512 16
8356 7477 19
7477 6026 3
3942 6657 20
4582 5510 20
5510 5829 7
5829 9410 4
6026 481 20
481 5894 15
5894 1383 1
1383 6193 18
6193 3711 15
3711 7972 6
481 1362 19
1362 6451 1
1362 3628 15
3628 5202 1
5202 5435 7
5202 9447 7
9447 42 5
5435 324 9
9447 3101 11
3628 2466 12
3101 7525 20
42 5047 21
5894 7560 21
6857 9929 21
9929 8626 8
8626 3587 7
3587 7111 10
6913 4818 21
4818 7805 15
6922 1208 21
6954 4007 21
4007 8911 3
4007 4760 13
4007 2281 18
8911 5530 18
7010 5757 21
5757 7383 20
7383 612 7
7383 1418 11
612 9096 18
9096 5912 16
612 201 21
7032 1901 21
7177 3051 21
3051 792 21
792 2255 10
2255 4486 1
792 1534 18
2255 6839 18
6839 393 1
393 4147 17
4147 3199 14
3199 9781 4
9781 7936 4
7936 6978 2
7936 1285 4
6978 8987 6
6978 9753 9
9753 3536 15
4147 1823 16
8987 1118 18
1118 1411 4
1118 6412 7
6412 2365 14
6412 6828 20
6828 9008 10
9008 5559 11
8987 370 20
370 101 6
8987 6426 20
6426 1600 5
6426 4507 15
4507 416 4
6426 8496 17
8496 5383 5
8496 8505 11
8505 2728 11
5383 1239 17
1239 4192 13
7191 9952 21
7197 571 21
7270 708 21
7350 8850 21
8850 2176 12
2176 6800 20
6800 2581 4
2581 925 6
2581 8870 18
6800 3591 20
3591 8887 7
3591 6244 13
6244 5384 14
5384 8242 13
8887 2834 17
7383 6869 21
7413 2808 21
7496 6152 21
6152 3166 2
7575 2493 21
7691 2201 21
2201 3784 15
3784 4854 14
3784 6381 17
6381 2992 17
4854 558 18
558 9815 20
7729 3468 21
3468 7451 13
7769 6817 21
6817 4838 16
8015 1348 21
8018 3327 21
8134 6858 21
6858 1699 18
8154 6268 21
8168 4698 21
8170 1178 21
1178 2464 3
2464 5941 3
1178 6844 16
5941 227 16
227 4223 5
4223 2776 12
2776 6453 4
6453 1300 2
1300 7434 10
5941 457 16
457 3838 3
5941 1652 18
1652 9126 11
1652 260 14
1652 931 20
2464 1643 20
2464 5707 21
6453 3173 21
3173 1213 11
8185 4199 21
8212 6067 21
8215 1147 21
8217 4949 21
8256 8182 21
8182 6399 10
6399 1895 18
1895 6143 6
6143 9488 20
8276 1066 21
1066 8323 1
1066 8665 12
8665 397 9
8465 3639 21
3639 4849 1
8472 5645 21
5645 7859 16
7859 7482 21
7482 5539 15
5539 5453 16
5453 2611 11
2611 6283 1
2611 7771 5
6283 998 5
7482 3748 17
2611 4682 19
7482 9283 20
9283 2918 13
8481 9015 21
8558 633 21
8596 6239 21
8631 9879 21
9879 4431 7
8672 9607 21
9607 1345 1
1345 188 12
188 786 6
1345 8774 13
188 7427 14
7427 9385 7
9385 3829 2
9385 7042 15
786 5513 16
7042 2230 19
786 7724 20
7724 3446 9
8810 2021 21
8859 4458 21
4458 706 20
706 9002 15
9002 1201 19
706 5942 21
8961 3381 21
8987 4447 21
4447 2539 7
2539 9273 13
9273 8877 7
4447 7297 14
7297 6258 2
2539 9620 16
4447 986 17
7297 7908 17
2539 3372 18
8877 9026 19
9026 3256 14
3256 5367 1
8877 1640 20
1640 2828 14
8995 2191 21
2191 5470 19
5470 2209 5
9009 1294 21
1294 2684 11
2684 3895 4
9015 340 21
9105 8176 21
9174 9629 21
9629 8418 8
9258 4887 21
9373 2240 21
9418 7376 21
7376 3839 16
3839 484 18
484 6383 6
6383 3281 10
7376 6050 19
6050 9656 13
3281 2345 20
2345 4728 8
3281 7179 21
7179 7299 14
7299 2613 6
7299 9963 16
9963 8389 12
8389 4445 4
8389 1974 6
9464 5759 21
9488 1490 21
9539 4460 21
4460 7998 1
9554 7892 21
9722 757 21
9815 7001 21
7001 9139 19
9139 2431 1
9139 5311 14
2431 2977 21
9825 4490 21
4490 4040 3
4040 5843 2
4040 408 3
408 1115 19
1115 6288 10
5843 6659 20
6659 7991 8
7991 84 11
84 112 5
112 9254 2
84 4618 15
4618 5466 16
112 8646 20
1115 1934 21
1934 8954 7
8954 1097 11
1097 2881 3
8954 2774 13
2774 6807 12
6807 7826 7
7826 1032 1
7826 4328 8
4328 9261 5
4328 5484 8
1934 1515 16
1515 8899 2
1515 8234 15
1515 2942 17
8899 835 17
9261 4103 18
2942 6139 19
6139 6100 12
6100 3471 12
3471 1678 3
1678 6013 1
1678 8310 13
8310 3373 8
1678 9403 14
6139 1563 15
1678 4306 17
4306 1878 1
1878 6798 6
6013 4863 17
4863 3728 17
3728 3197 6
3197 9980 5
9980 9122 1
9122 6775 2
6775 8139 4
9122 6660 5
3197 4053 7
4053 4472 4
8139 4971 10
4971 4763 5
4472 6080 11
4971 1617 12
9122 6252 13
6252 987 2
6775 9317 14
9317 4495 9
4495 2129 2
4495 6004 12
9317 6082 14
9122 9665 15
9665 298 6
6080 2125 16
9403 1246 17
8310 9711 18
4495 8998 19
1934 7372 20
3728 7847 20
7847 6532 3
7847 1595 12
1595 7384 1
7384 5613 19
1595 3853 20
6139 663 20
663 8871 8
663 891 16
891 7018 7
891 784 20
6807 796 20
796 425 6
425 2914 3
425 1 10
1 2784 3
2914 5758 10
796 9866 13
9866 3098 8
9866 7767 15
2784 9854 18
5758 9171 19
6798 3241 21
3241 6907 5
3241 2602 7
2602 1631 9
1631 9469 14
9469 6584 10
9469 358 17
1631 8939 18
8939 3727 8
8939 1908 10
3727 8617 17
8617 8581 4
1908 7688 19
7688 9163 8
8939 5264 19
5264 2212 13
2212 5101 15
9163 8824 19
8824 6684 20
6684 1237 4
6684 7284 9
7284 3270 4
7284 7340 17
7284 6789 18
2212 6005 21
5264 929 21
8139 5092 21
5092 3439 7
5092 2927 12
5092 1203 16
1203 5477 6
1203 4415 9
4415 6958 15
5092 327 18
327 3453 5
327 8413 8
8413 3423 2
8413 5104 8
5104 5520 5
5520 1818 7
3423 6376 10
5104 942 10
942 5641 17
1818 4664 19
1203 8161 20
5641 1402 21
1402 5708 19
5708 6873 12
6873 3003 16
3003 7526 4
7526 9320 4
9320 7992 10
6376 5013 21
8899 4074 21
9857 3159 21
3159 3056 5
9887 3806 21
9949 7730 21
9978 6307 21
6307 7989 3
7989 5849 9
9997 367 21
367 8990 7
8990 8051 19
8051 8514 12
179 3595 22
224 3755 22
3755 428 7
3755 6078 7
6078 7995 5
7995 3529 13
3529 1507 3
3755 5387 18
5387 2403 16
2403 2940 2
454 1158 22
1158 9376 1
1158 8973 15
9376 8322 15
8322 1111 7
682 6934 22
771 7261 22
7261 6505 12
798 9663 22
9663 6784 9
9663 7677 17
6784 8695 19
859 7949 22
7949 5642 16
5642 8084 8
8084 2268 1
5642 7364 12
7364 3563 13
930 130 22
931 1413 22
1413 2570 19
2570 841 9
942 1810 22
1810 2786 12
1078 4089 22
4089 8468 9
1111 7803 22
1169 305 22
305 1581 4
1581 6438 20
6438 2202 16
1195 3331 22
3331 507 14
3331 2215 20
2215 4805 1
4805 6656 13
1264 910 22
1313 2161 22
2161 585 19
585 2875 10
1499 238 22
238 7430 20
1516 7009 22
7009 6118 5
6118 3559 8
7009 6465 14
3559 8506 21
7009 8441 21
1629 6119 22
1706 2006 22
2006 3178 4
2006 887 8
2006 5446 9
3178 5507 14
5507 742 12
5507 720 15
2006 8355 18
1735 8186 22
8186 8956 9
8956 2064 18
1817 2791 22
2791 8685 18
1836 7352 22
2139 6355 22
2168 3014 22
2308 5681 22
5681 5665 19
5665 7617 2
5665 3067 4
3067 6981 7
5665 1321 8
2386 2284 22
2390 2800 22
2800 3606 6
2410 5165 22
5165 6879 19
6879 7919 12
2603 2157 22
2743 584 22
584 1838 6
2784 5150 22
2920 3802 22
3802 9931 9
3802 4927 17
4927 140 15
2966 5483 22
5483 5307 10
5483 1990 14
1990 4404 16
4404 5551 11
5551 7152 3
4404 5114 18
5483 5401 20
3007 8012 22
8012 447 11
447 4729 1
4729 4114 5
447 6610 7
6610 5531 4
447 3287 9
4729 993 14
4114 7153 17
6610 4142 21
4142 6472 19
6472 7609 14
6472 8006 20
8006 965 2
4142 7163 21
7163 1004 4
7163 1778 13
3041 5238 22
5238 9209 4
9209 5286 8
5286 4321 7
5286 727 19
727 4604 11
3131 6847 22
6847 4824 2
6847 4120 4
6847 9657 7
3242 9402 22
9402 2219 12
9402 9133 14
9133 2857 14
3293 6644 22
3327 6352 22
3667 3686 22
3686 1206 1
3723 4180 22
4180 8223 2
8223 6129 11
6129 2629 4
2629 7553 5
6129 7613 5
7553 4378 6
3751 5204 22
3922 7521 22
3965 7910 22
7910 9098 12
4054 3508 22
4142 6333 22
6333 452 1
6333 6722 8
4149 6694 22
4204 6432 22
4241 7676 22
4379 9138 22
4436 1274 22
1274 1177 21
4476 9394 22
9394 9430 19
9430 6199 12
4597 5705 22
4609 8976 22
8976 6332 18
6332 2311 1
4692 8460 22
8460 9623 2
9623 4323 3
8460 2392 4
4323 1170 13
1170 6419 6
4323 1527 18
4725 3945 22
3945 3553 9
3945 2379 12
3553 6219 15
4774 1626 22
4832 5656 22
5656 5768 6
5768 6502 3
6502 4128 1
6502 5026 19
5656 6404 20
5062 8928 22
8928 1798 9
1798 5826 11
1798 9945 16
5264 9563 22
5274 9415 22
9415 8798 4
9415 8175 6
8798 1750 17
1750 689 21
5284 1378 22
5362 301 22
301 5420 4
5393 1914 22
1914 4487 9
5446 5779 22
5779 7196 1
5469 7946 22
7946 1960 16
1960 3660 19
5531 1863 22
6026 3904 22
3904 7896 2
3904 5514 3
6063 2455 22
6064 8964 22
8964 3777 19
6224 3588 22
6251 4662 22
6294 3647 22
3647 3282 11
6300 480 22
480 9956 4
6348 5256 22
5256 895 1
895 2321 21
2321 9108 17
6360 8857 22
8857 1904 16
1904 2147 17
2147 8968 5
2147 9285 9
2147 6779 10
6779 4987 18
4987 2158 10
2158 4469 1
4987 1705 19
4469 4138 21
4138 9516 18
2158 3538 22
6384 5075 22
6568 3054 22
6585 8983 22
8983 3087 16
3087 332 3
6717 9043 22
6737 3977 22
6828 6471 22
6846 1521 22
1521 9465 12
9465 9206 15
9465 6987 17
6879 3955 22
3955 5731 10
3955 1644 17
1644 2120 4
2120 5786 4
6898 9068 22
7137 2794 22
7300 7945 22
7945 2908 2
7945 1993 11
1993 765 19
1993 8758 19
8758 4850 16
4850 4193 3
2908 926 19
926 4028 14
4028 9519 2
9519 8469 4
9519 2094 7
9519 4389 11
926 7499 14
4028 8146 19
8469 6754 19
765 8233 21
8233 8575 8
8575 9479 14
9479 3920 15
3920 2273 2
3920 3218 3
3218 7346 7
7346 2265 14
7346 4637 17
4637 896 8
896 2374 2
2374 6650 1
8233 654 20
654 5909 11
5909 3092 9
2273 8105 21
8105 4463 13
8575 8205 21
896 403 22
3092 9148 22
9148 4753 1
4753 3931 13
3931 7378 2
7378 9861 9
9861 2007 7
9861 3088 8
3088 2577 2
3088 9045 5
2577 7920 9
3931 3518 13
9861 9811 16
3920 3002 22
3002 843 19
843 7675 14
7314 4745 22
4745 6128 21
7365 8619 22
7402 6820 22
7575 2600 22
7686 7243 22
7756 1649 22
1649 5922 2
1649 4322 11
4322 6190 3
6190 9744 4
9744 6206 1
4322 9252 7
4322 664 10
6190 7022 10
1649 899 15
899 4351 7
4351 9020 8
9020 2465 2
9020 2334 14
9252 7721 16
7721 5281 6
5281 4930 22
7758 9012 22
7883 7207 22
7890 1742 22
1742 6379 2
1742 563 17
563 7338 6
7338 6837 13
7893 8133 22
8133 4924 9
7931 1964 22
8033 2536 22
2536 9022 1
2536 3063 13
3063 2535 3
9022 5977 16
5977 3312 1
9022 7503 16
2536 7161 21
8117 241 22
241 7646 1
7646 4956 2
7646 5356 19
5356 3029 6
5356 1426 11
3029 7275 15
7275 3437 4
3437 4995 4
4995 2747 12
7275 5455 12
2747 8000 15
8000 2922 4
3437 9186 17
8237 2491 22
2491 33 15
33 6955 2
6955 6812 1
33 8898 7
8898 854 3
854 3243 9
3243 7790 3
854 275 15
8291 1524 22
1524 6682 4
6682 7493 4
6682 3759 9
3759 7301 16
7301 9284 5
9284 3405 9
8313 8979 22
8979 8406 1
8319 1693 22
1693 4921 17
4921 1489 6
1489 8789 1
8436 8799 22
8470 9904 22
9904 3376 19
3376 9302 2
3376 4304 9
4304 1797 15
1797 6795 12
6795 7203 7
7203 9578 1
9578 9420 7
7203 1003 9
1797 2641 20
8474 8086 22
8086 4212 8
4212 2997 9
2997 897 13
897 3741 4
4212 5440 17
897 1286 19
8574 5801 22
5801 830 20
8646 8160 22
8670 9484 22
8788 7347 22
8815 124 22
8878 6512 22
6512 1459 8
1459 4036 1
6512 1114 17
1114 1663 6
1114 6049 13
6049 4734 20
8893 9168 22
9168 309 12
9168 534 12
534 6413 16
6413 2134 14
2134 3512 14
8908 7641 22
7641 3652 15
3652 7815 15
7815 7079 1
7815 7168 3
7168 150 12
150 2792 1
2792 4647 8
150 5840 18
7079 2764 18
2764 2402 4
150 5766 19
7079 2 20
2 1756 4
2792 3666 22
8926 9974 22
8954 2456 22
2456 3236 6
3236 3724 21
3724 5626 6
9002 9074 22
9074 7131 19
7131 6993 21
6993 1407 22
9084 8104 22
8104 95 5
8104 6797 8
8104 7348 10
7348 272 8
9096 3921 22
9200 2241 22
2241 8037 20
8037 1591 6
9316 4289 22
4289 8551 2
9376 3176 22
3176 8778 15
8778 7955 3
9415 117 22
117 3371 10
117 6354 12
6354 3244 16
9449 1181 22
9623 8941 22
8941 4461 7
4461 5054 1
5054 972 4
972 3462 5
3462 4268 6
4268 7679 2
4268 3497 9
4268 3189 11
7679 6368 16
3462 405 17
405 1482 12
1482 4222 5
4222 5611 21
9672 6573 22
6573 6708 8
9812 2380 22
9889 7394 22
9988 3946 22
3946 4671 18
22 2408 23
145 6611 23
259 9969 23
271 9390 23
457 2061 23
2061 870 12
2061 1860 18
1860 8417 9
8417 5479 9
8417 7862 13
7862 6678 14
6678 1621 13
8417 2300 18
2300 7961 2
7961 3127 10
3127 4858 4
4858 5207 4
7961 8199 13
8199 681 3
681 5750 18
2300 2130 22
534 747 23
600 8909 23
8909 4225 15
4225 840 18
601 8856 23
8856 2924 11
726 7188 23
7188 5837 3
7188 8312 14
923 9976 23
1043 6830 23
1120 917 23
917 8822 4
917 751 12
751 3081 10
751 8635 18
3081 1434 22
8635 4070 22
917 2301 23
2301 3899 18
1293 1620 23
1620 8373 8
1332 5038 23
5038 6997 9
1436 9769 23
1472 7555 23
7555 211 20
1508 377 23
377 3167 2
3167 3110 21
1645 7244 23
1706 3204 23
3204 3771 14
1766 5492 23
5492 7466 6
7466 3867 17
3867 4806 20
1769 176 23
176 4063 12
176 1267 18
1818 3554 23
1905 2411 23
1910 1994 23
1994 2809 22
2809 6416 8
2006 6257 23
6257 4156 1
4156 1819 1
6257 4139 5
4139 9064 2
4139 8302 7
6257 2441 9
2441 5735 2
5735 2753 4
2753 1017 16
1017 591 5
2753 3205 19
1017 3348 20
3348 9808 4
2045 4141 23
2150 7361 23
2158 9040 23
9040 7620 16
2209 9165 23
2273 879 23
879 125 10
2385 2593 23
2593 5885 5
5885 2107 6
2622 3079 23
3079 3235 15
2672 8193 23
8193 791 17
2674 5299 23
2703 6867 23
2728 9227 23
2781 9204 23
9204 8732 3
8732 759 15
8732 6687 18
6687 2936 13
2936 1745 7
1745 8072 3
8072 4747 11
4747 3033 6
4747 6106 15
4747 2387 19
2387 3234 5
6687 6448 22
759 4979 23
4979 6825 8
2794 9451 23
9451 365 22
365 8354 1
8354 6123 22
2900 5369 23
5369 9198 10
9198 3032 1
3032 3134 2
3134 7074 12
7074 4164 2
7074 5811 3
7074 4452 6
5811 2963 9
5811 3912 9
9198 5709 17
5811 8435 19
8435 7558 4
8435 3929 11
7558 3339 15
8435 2111 16
2111 1565 18
1565 7471 9
7471 8852 7
8852 2697 11
3032 8548 20
3912 7116 22
7116 4534 1
4534 8102 13
4534 1127 14
3912 9337 22
8435 4756 22
2923 1070 23
3202 9602 23
9602 2798 3
9602 1682 14
1682 9970 11
9970 6521 4
1682 1068 14
2798 7924 19
1682 2736 23
3219 7125 23
7125 1548 2
7125 9146 7
9146 1919 20
3242 3678 23
3678 5936 14
5936 4290 15
3678 9145 16
9145 3608 3
9145 144 11
9145 4512 12
3608 5524 18
3287 8858 23
8858 8881 9
3344 2121 23
3356 9660 23
9660 8149 18
3360 1172 23
3447 8040 23
8040 6458 22
6458 5983 1
3519 3206 23
3206 3095 1
3206 2078 8
2078 7744 10
2078 8057 10
3206 4230 11
4230 6097 21
6097 9225 5
9225 3278 12
3278 9525 15
9525 9335 3
9525 3298 9
9525 2342 12
3298 3569 15
3569 5183 2
5183 7811 12
3278 2894 19
2894 9532 14
9532 9476 5
9225 6832 19
6832 7489 2
6832 5664 8
6832 9058 19
9058 5156 13
5156 8717 16
5156 9266 17
9266 5615 4
5615 2763 13
9525 8140 19
9058 9624 20
9624 3390 12
3390 1047 11
7489 8770 22
3529 1395 23
1395 4084 23
4084 7072 8
7072 9802 2
9802 9260 7
7072 1759 22
3538 2884 23
2884 4285 18
2884 497 23
497 8392 2
497 8823 9
8823 7886 12
8823 6663 20
8823 8696 20
497 3502 22
3548 149 23
149 1465 19
1465 1104 12
1104 9565 8
149 8535 19
8535 7331 8
7331 9708 15
9708 7313 13
8535 8452 18
3561 6141 23
3626 3736 23
3736 7248 2
7248 487 17
487 954 1
954 6636 11
7248 7311 17
7311 599 9
7311 6285 12
3736 7073 21
7073 1564 11
1564 8348 12
8348 6661 7
6661 9804 20
9804 5391 13
5391 1955 2
1955 7120 13
7120 5648 3
5391 5382 13
5382 1121 4
5382 6724 8
6724 3792 4
3792 4711 6
4711 7981 8
6724 8247 12
8247 8305 5
8305 1589 2
1589 2055 10
1955 7510 17
7510 1039 17
1039 7905 1
1039 4594 8
954 6462 22
6462 7214 13
6462 3369 20
3369 6885 7
6885 6058 15
6885 1702 19
1702 1882 10
3643 2482 23
3656 355 23
355 8195 9
8195 7747 7
7747 9575 1
7747 1000 12
3656 9169 23
3713 5103 23
3724 7356 23
7356 4563 7
4563 9342 9
4563 9899 9
4563 8589 16
8589 2775 9
2775 6658 13
6658 6386 18
3758 9458 23
9458 274 16
274 4247 9
3797 5700 23
5700 8219 14
8219 3830 21
8219 7066 21
3858 2604 23
2604 6909 11
3880 4639 23
3882 9262 23
3955 9347 23
4003 6911 23
4042 383 23
4108 8821 23
8821 9652 7
9652 6734 3
4207 5890 23
5890 4593 13
4220 5865 23
4275 5571 23
4322 1572 23
4322 6741 23
4435 5793 23
5793 4161 5
5793 1522 9
4494 8623 23
8623 7321 18
4531 763 23
763 5198 8
763 2245 20
4707 3100 23
4719 6622 23
6622 293 3
6622 6603 9
6603 6114 15
6114 6443 6
293 630 22
4736 7395 23
4745 2462 23
4837 5830 23
5830 1002 3
1002 825 15
825 5742 4
5742 2752 2
2752 9767 1
2752 9851 9
9851 7619 18
2752 543 23
4855 2628 23
2628 3053 18
3053 1599 5
1599 3309 6
1599 4957 10
4904 9993 23
9993 1238 1
1238 5148 4
9993 1849 5
1238 5335 8
9993 6868 9
5335 7019 13
7019 3705 14
3705 1701 9
5148 2664 18
2664 4426 3
4426 721 18
4937 4492 23
5067 4543 23
5114 7241 23
5218 9822 23
9822 8504 13
5387 6926 23
6926 5246 2
6926 4373 7
6926 4106 11
4373 6908 14
6908 6804 1
6908 7839 5
5393 5332 23
5332 100 8
5332 9185 14
5454 1204 23
5473 4694 23
4694 3681 4
3681 3972 8
4694 1142 12
3972 7400 14
1142 4359 21
4359 7841 1
4359 5431 2
5431 3487 12
3487 4606 8
4606 2633 4
3487 4528 15
7841 1192 19
5479 4754 23
5585 6331 23
6331 2731 13
2731 234 16
5646 2889 23
5786 4851 23
5891 448 23
5926 4045 23
6039 6077 23
6120 5639 23
6124 3140 23
3140 4418 10
4418 9736 4
4418 6436 7
3140 9077 16
6185 7285 23
6333 4894 23
6404 9274 23
6413 5712 23
5712 2873 19
6437 5028 23
5028 7 8
6445 495 23
495 5107 11
5107 9354 18
6464 2653 23
6471 2979 23
2979 8493 3
6508 745 23
745 4457 23
6569 6395 23
6609 3565 23
6636 7950 23
7950 9701 6
9701 5471 6
9701 48 16
48 8978 18
8978 5976 10
5976 8910 5
5976 6115 15
6115 9101 3
6663 1727 23
1727 3477 11
6683 2701 23
6683 6731 23
6731 4355 9
4355 4696 6
6731 2238 16
2238 1428 15
6731 8576 18
8576 8657 2
8576 9655 2
9655 9678 3
8576 6877 7
8657 8204 9
9678 2725 16
2725 1344 7
6877 5541 18
6731 9052 21
9052 4174 14
2725 6654 23
2725 9985 23
9985 3834 13
3834 590 10
590 8618 7
4355 7485 23
7485 4356 17
6731 9743 23
6809 687 23
6838 7305 23
6872 806 23
806 4388 3
4388 4353 7
806 4112 11
4112 6743 10
4112 1456 12
6743 9038 13
4112 8675 14
8675 577 8
6743 4504 17
4504 5037 17
4388 844 19
806 25 20
25 6040 4
4353 6801 20
6801 7942 17
5037 7562 20
7562 5410 18
5410 9223 14
5410 5302 16
5302 5052 4
6970 1941 23
7229 6536 23
6536 8071 7
8071 1734 7
8071 5630 7
1734 8462 9
6536 2801 11
2801 5614 5
8462 9236 20
9236 142 12
142 4953 9
4953 7550 12
2801 1007 21
1007 8953 22
2801 7696 23
7270 3037 23
3037 1879 23
1879 3535 5
1879 1196 8
7356 6992 23
7361 2325 23
2325 6446 7
7364 3068 23
7437 7980 23
7482 6439 23
7496 9427 23
7566 4601 23
4601 7737 19
7665 3300 23
3300 1776 22
1776 8296 10
7778 2698 23
2698 2880 9
7891 1559 23
1559 3896 10
1559 7389 22
7908 174 23
174 1683 2
7908 7792 23
7792 1211 4
1211 9333 7
8094 3065 23
3065 2320 9
2320 8221 12
8221 8054 7
8054 8303 12
8303 7201 2
7201 4375 1
4375 3737 8
7201 5414 12
3065 3528 18
4375 1967 19
1967 8067 7
1967 6553 13
8183 1780 23
8376 6203 23
8404 4451 23
4451 7289 17
8413 8555 23
8496 9864 23
8647 2480 23
2480 3066 4
2480 690 11
690 7424 3
8730 8713 23
8785 2601 23
2601 9569 3
9569 2916 19
8821 1409 23
1409 5944 18
5944 4695 1
5944 7694 9
8944 8744 23
9038 2998 23
2998 2457 5
2457 1139 1
2457 7415 22
1139 4558 23
9138 160 23
160 499 9
9179 4910 23
4910 6764 11
6764 9954 3
6764 2825 16
2825 5523 1
2825 2109 17
2109 5683 9
5683 3701 5
2109 1947 23
1947 446 4
9182 9307 23
9189 3871 23
9232 1886 23
9283 9078 23
9078 4680 3
4680 1787 5
9078 4866 10
4680 4173 11
9320 4182 23
4182 691 15
691 1182 7
9634 5073 23
9676 2926 23
2926 1805 15
1805 2931 5
1805 6029 6
6029 9222 9
9222 4861 4
4861 5010 7
4861 6116 8
9222 9463 8
9463 4163 7
1805 7663 10
9463 1811 15
2926 7329 20
7329 4380 10
6029 1781 20
1781 3937 11
3937 6315 22
9743 154 23
9755 4107 23
4107 6107 14
6107 1324 1
1324 3979 2
3979 6045 22
9954 9293 23
9293 2723 8
2723 8962 16
8962 3607 17
3607 579 3
579 4575 5
3607 7653 19
9293 6729 20
6729 2748 12
26 2438 24
2438 6906 20
184 6408 24
211 1013 24
1013 7538 1
7538 1095 4
1095 1429 1
1095 2467 2
2467 5698 7
1429 6338 18
6338 8351 1
6338 4079 2
1429 3194 19
3194 1467 1
7538 2559 19
2559 8243 3
8243 7597 19
7597 7287 5
1095 5350 21
7597 8431 21
1429 1672 23
1672 2615 9
2615 4067 13
1672 1045 18
233 5118 24
5118 4653 4
5118 2598 8
2598 2022 15
2022 1921 15
1921 2487 19
2487 4654 10
367 5389 24
5389 7814 16
7814 6230 10
6230 2072 10
431 3537 24
453 3190 24
3190 4206 17
478 2085 24
2085 3505 11
499 6418 24
513 6815 24
6815 4238 7
594 756 24
682 4473 24
4473 9651 14
9651 1533 22
789 4414 24
804 8448 24
821 1554 24
1554 5117 13
5117 3137 15
5117 7768 21
7768 1944 9
1944 1085 8
1944 9082 23
9082 3763 19
3763 832 2
832 7918 1
832 3897 4
832 1680 6
1680 9070 3
9070 7127 7
7127 1165 13
9070 885 19
885 3543 14
3543 9796 4
9796 9371 7
9070 8423 21
3897 788 23
826 4670 24
887 9413 24
9413 9561 8
9561 5574 20
5574 143 20
143 6531 8
6531 5937 6
5937 226 13
226 5930 10
6531 7447 14
7447 5177 6
143 556 18
7447 5201 19
5201 7237 15
7237 9391 7
226 4195 20
9413 3347 21
3347 1613 11
3347 8254 20
7447 4348 22
6531 2075 23
955 6260 24
6260 7265 4
6260 4052 16
4052 7939 11
6260 4994 21
1047 710 24
1140 1871 24
1214 2592 24
2592 9654 1
9654 9211 3
9654 9183 21
9183 2146 11
9183 7117 19
1247 123 24
123 9504 20
1293 7755 24
1360 5828 24
1450 3517 24
3517 3249 10
1450 7343 24
1590 3546 24
3546 8244 9
1620 4768 24
1705 4586 24
4586 4059 1
4059 3136 4
1712 1087 24
1735 6382 24
6382 103 6
1833 1338 24
1338 2260 3
1338 6006 13
2260 2145 20
2260 9450 22
2102 8400 24
8400 8702 22
2107 6425 24
2118 1740 24
1740 9027 18
2219 1278 24
2467 9987 24
2491 7250 24
2579 6144 24
6144 7358 12
7358 2116 3
2636 7662 24
2800 8265 24
8265 5591 9
5591 7877 5
5591 147 7
8265 5553 13
8265 1917 15
2880 9896 24
9896 6324 18
2943 8442 24
2963 2859 24
2859 958 20
958 1853 5
1853 5396 4
3048 5747 24
5747 6518 11
6518 2531 16
2531 4093 3
2531 4962 14
4093 5443 14
5443 8645 15
2531 2349 19
2349 6372 21
3173 4166 24
4166 4610 20
4610 7328 7
7328 5900 14
5900 3075 19
7328 338 22
3075 9116 24
3266 9880 24
9880 6494 1
6494 5184 15
3299 2294 24
3341 2132 24
3402 5230 24
5230 5667 3
5230 9790 15
9790 1355 4
1355 9314 3
5667 1442 16
9314 5638 21
3561 8393 24
8393 6865 1
6865 702 17
8393 5589 18
702 1684 19
1684 9737 1
3604 1931 24
1931 5806 9
5806 5149 7
1931 1820 14
5149 7880 16
7880 1606 6
1606 3585 4
7880 1536 8
3585 5486 10
1606 2903 16
2903 3246 11
3246 5929 16
3246 4334 20
2903 7781 22
7781 5119 21
5119 8148 1
8148 4282 8
4282 5232 3
4282 8749 5
5232 5782 5
5232 5027 11
8749 8853 16
8853 5653 7
5653 6632 3
8853 5450 8
6632 1053 13
1053 2040 1
1053 9294 1
1053 3011 2
2040 486 13
2040 1753 13
8853 1968 13
5450 8466 19
8466 6625 12
5450 3757 20
5653 5588 20
5588 519 12
519 1948 23
1968 2319 24
3638 4181 24
3737 711 24
711 6075 3
3813 4884 24
4884 5111 1
3928 2948 24
3997 2229 24
2229 3910 12
3910 9175 10
9175 8633 10
8633 4226 19
4226 7954 13
4004 1242 24
1242 2555 9
4085 9778 24
4095 6977 24
6977 7636 22
7636 6544 12
6544 2568 20
2568 6033 7
7636 8502 22
8502 4755 20
4140 9605 24
4149 3496 24
3496 4595 17
4595 7717 7
4595 9536 22
9536 2242 13
2242 6385 9
6385 8130 6
8130 4307 8
4307 3859 8
4307 7914 13
4174 7822 24
4199 3773 24
3773 9916 10
3773 115 18
4214 2806 24
4271 7051 24
7051 3335 17
4292 7058 24
4323 9885 24
9885 9086 7
9086 4124 21
4368 5214 24
5214 3605 18
3605 2091 2
3605 8026 7
8026 9882 20
9882 8738 11
8738 8308 13
4381 2766 24
4476 2524 24
2524 9719 13
4624 6792 24
6792 3030 6
3030 8584 10
3030 6738 17
6738 1812 3
8584 3856 23
4725 5952 24
4729 871 24
871 9894 22
9894 8582 20
4774 4761 24
4761 8750 15
8750 3915 10
4818 8132 24
4956 6670 24
6670 3577 6
4980 5186 24
5067 9926 24
5101 5422 24
5202 1632 24
1632 9915 22
5218 5832 24
5832 9628 6
9628 1312 9
1312 9162 11
5832 7589 14
7589 1824 2
7589 5995 10
5995 7129 1
5995 3027 4
7129 7390 12
7390 7830 1
7830 3343 16
3343 6591 17
6591 7092 3
7092 8073 3
6591 9555 5
7129 6875 17
9555 8191 18
8191 1033 1
8191 1520 16
5832 3570 21
3570 4000 1
3570 8325 21
8325 4535 4
4535 5693 1
5693 3923 15
8191 2207 21
5246 7645 24
5387 3663 24
5455 4942 24
5639 2324 24
5801 875 24
5961 7470 24
7470 1071 20
5976 6577 24
6577 2789 7
5983 5774 24
5774 1471 24
6207 4655 24
6319 4669 24
4669 506 6
4669 6588 8
6588 9944 9
9944 173 9
173 6624 16
6624 5185 13
506 2377 21
2377 5590 13
5590 6688 3
6352 8334 24
8334 4571 2
6383 1073 24
6424 9875 24
9875 8925 4
6439 8483 24
6465 7398 24
7398 5197 17
5197 6088 20
6088 6826 14
6088 5077 16
7398 9574 23
6584 4419 24
6613 2637 24
2637 8367 13
6617 1557 24
1557 2563 4
1557 8189 22
8189 242 21
242 2179 16
6686 6649 24
6708 6736 24
6816 3675 24
6868 7761 24
7761 7678 7
7761 7543 20
6884 1736 24
6909 746 24
6909 7359 24
7359 4642 5
4642 6706 17
6935 6845 24
6982 98 24
98 4941 23
6997 1244 24
7009 9267 24
7040 797 24
7062 8912 24
8912 187 2
187 3277 23
3277 7399 14
7399 5325 19
5325 5998 8
5998 6421 15
7252 1486 24
1486 94 3
1486 9063 8
9063 7075 4
1486 3619 16
7348 9513 24
9513 8883 2
9513 243 9
8883 1992 19
9513 8408 20
7398 7418 24
7418 9751 10
9751 2194 18
7562 4325 24
7563 7770 24
7770 5654 7
7770 5295 14
5295 1305 15
1305 4870 5
4870 8315 13
5295 8366 23
8366 9149 11
9149 2772 17
2772 8705 9
7610 7743 24
7743 1588 3
1588 5848 11
7676 8636 24
7762 6799 24
7768 3023 24
3023 3884 7
3884 354 3
354 8121 22
7800 1675 24
1675 5650 5
1675 2217 18
7897 762 24
762 919 7
762 8951 10
919 3377 13
3377 787 15
7995 155 24
155 20 2
155 4668 7
155 1034 22
8042 6125 24
8067 3332 24
3332 8528 24
8528 4416 11
8109 3704 24
8168 1058 24
1058 6745 9
8199 6581 24
8275 4366 24
4366 40 8
8503 5398 24
8546 5846 24
5846 9106 6
8599 602 24
602 3670 3
602 9340 19
9340 7735 8
7735 8861 1
9340 2711 17
8619 4542 24
8770 5324 24
5324 3857 1
3857 876 23
8770 7595 24
7595 7303 24
7303 3767 11
3767 9590 4
9590 8790 2
8790 4411 5
8790 2661 11
3767 1755 21
8860 8511 24
8511 3710 17
8926 5129 24
8982 552 24
552 7426 24
9049 1561 24
9052 8655 24
9348 5580 24
9404 1665 24
9594 4628 24
9609 8704 24
8704 7240 1
7240 1380 14
1380 7611 3
9754 8486 24
8486 7763 19
9760 7934 24
9774 6702 24
6702 3614 6
3614 1081 3
3614 2782 15
2782 9249 4
9249 7962 20
6702 5888 23
5888 9883 11
7962 3047 24
9864 6914 24
9937 2739 24
2739 1403 16
1403 2796 3
1403 2582 5
1403 5884 20
11 616 25
616 422 20
48 7501 25
161 2083 25
2083 9419 18
2083 9746 20
9746 6362 21
169 3552 25
3552 9178 24
187 2842 25
721 1494 25
752 1091 25
1091 1202 12
820 4878 25
880 6212 25
901 5439 25
979 7650 25
7650 8089 5
1045 8841 25
1121 7651 25
7651 9042 1
7651 1959 12
7651 5134 19
1142 9487 25
9487 9069 4
9069 1804 20
1170 5407 25
5407 2197 6
1195 2589 25
1273 3106 25
1450 4901 25
4901 905 15
1476 172 25
1482 9378 25
9378 6785 23
6785 4474 15
4474 646 4
4474 1309 14
646 4781 16
1511 4038 25
1608 7135 25
1702 5319 25
5319 255 7
255 8229 15
8229 3228 3
8229 3847 11
3228 2858 16
2858 8266 3
8266 2730 14
2730 6456 2
2730 1117 3
2730 3693 5
3693 4693 9
4693 5163 8
6456 1881 15
1881 1837 16
1837 2891 2
1837 1982 5
2891 9010 5
9010 4094 4
1982 3578 6
1982 8420 10
8420 4955 15
8266 5988 16
8266 9329 16
1982 613 20
613 364 11
5319 5740 22
5740 6025 1
5740 7290 4
4094 8131 23
5163 8919 24
8919 2502 2
2502 4090 14
2502 7699 16
7699 194 12
1722 9047 25
9047 6403 2
6403 6498 5
6403 3774 11
9047 2424 11
2424 2616 12
2616 7041 10
1773 4518 25
1820 7200 25
7200 5718 16
5718 2727 23
1874 5689 25
5689 9772 18
1908 2309 25
2309 1416 12
1936 9855 25
2083 1270 25
1270 1235 16
1235 6174 17
2102 9188 25
9188 6477 6
6477 5776 14
5776 8142 16
5776 3877 17
9188 1444 21
1444 9550 25
9550 9568 11
2104 107 25
2202 8090 25
2212 263 25
2303 445 25
2531 3283 25
2610 8218 25
2620 37 25
37 8904 20
37 9311 25
2656 8010 25
8010 2817 12
8010 4975 13
2817 6209 14
4975 5095 15
2817 4935 24
2670 3525 25
2680 5035 25
2753 915 25
2772 2276 25
2276 6627 14
2774 9268 25
2861 3457 25
3457 9361 14
3457 8851 16
9361 5146 19
5146 1166 18
1166 9615 21
9615 7537 15
7537 5659 15
7537 3617 16
3457 6070 23
6070 1873 20
1873 2765 8
2765 3210 22
6070 8650 22
9615 4799 23
2980 2153 25
3029 549 25
549 9766 22
9766 7522 11
7522 7585 7
9766 8201 11
8201 9041 5
3140 9117 25
9117 8153 10
8153 9502 13
9502 9779 9
9779 7568 13
9779 5380 19
3142 1790 25
3154 3448 25
3192 5857 25
3307 4329 25
4329 5978 8
3347 7773 25
7773 9907 4
3381 5155 25
4020 2444 25
4136 8564 25
4209 7860 25
4356 2910 25
4432 4349 25
4349 8611 7
4464 1865 25
4474 2732 25
2732 3941 11
4503 9704 25
9704 8526 2
9704 540 15
540 8114 3
540 5618 9
5618 7143 10
7143 524 4
540 4160 14
4160 1028 16
1028 9639 13
4160 9226 19
9226 4190 9
4190 5438 21
1028 1023 23
7143 850 24
850 7726 4
4571 7616 25
7616 2472 20
4745 1638 25
1638 9959 15
4754 8786 25
4759 837 25
4787 865 25
865 9210 14
9210 4873 2
9210 6499 18
4832 8918 25
8918 4946 18
4845 6030 25
6030 7829 6
6030 676 11
6030 4499 18
4499 5606 2
4849 3021 25
3021 1290 18
4916 1551 25
4983 8412 25
8412 5106 12
5106 4984 19
5011 1634 25
1634 8563 15
5286 750 25
750 1275 23
5382 7105 25
5421 5488 25
5488 6874 2
5454 6510 25
5511 1381 25
5523 3121 25
5553 775 25
5577 9099 25
9099 7257 21
5613 8958 25
5618 778 25
5809 1970 25
1970 7292 10
7292 6495 16
6495 7113 23
7113 5415 12
5415 1677 13
6495 3366 24
5832 9496 25
5863 5951 25
5951 3001 5
5951 2226 11
3001 5727 15
5933 485 25
5957 4939 25
6290 8680 25
8680 28 20
28 6567 14
6567 1969 1
8680 6478 20
6324 7915 25
7915 5228 22
5228 5854 1
5854 7333 4
7915 8614 24
5854 3355 25
3355 5756 23
6357 3677 25
6520 6273 25
6273 9852 6
6273 7836 8
6613 5144 25
6658 3734 25
3734 3523 25
3523 479 24
479 64 12
64 3330 6
3330 9521 13
6659 3907 25
3907 2523 1
3907 8020 15
8020 1336 9
1336 4643 13
4643 8172 1
8172 700 7
8172 3501 11
2523 8561 16
8561 280 6
280 6951 7
6951 170 7
6951 9218 14
9218 3973 13
8561 7056 14
8561 7319 19
7319 9212 14
6830 348 25
6831 8833 25
8833 7576 12
6857 8463 25
8463 460 22
6877 9351 25
9351 3901 20
3901 7520 19
9351 3924 21
6885 8494 25
7010 3035 25
3035 449 3
449 1741 15
1741 9564 22
3035 4496 22
4496 6037 24
6037 8751 15
6037 5126 23
5126 246 12
246 5924 25
7038 9979 25
9979 7412 4
7412 4752 6
7412 3247 23
3247 7165 6
7165 8677 6
8677 6055 22
6055 6187 3
6055 8836 15
8677 1258 24
1258 1406 5
7040 4438 25
7414 5861 25
5861 2518 8
7432 626 25
626 6996 13
626 8405 17
8405 6915 10
8405 2450 17
6915 7397 23
6915 3683 25
3683 291 10
7493 6172 25
6172 5032 17
7726 1828 25
1828 7569 18
7569 6155 8
6155 6524 17
7569 9050 21
9050 3438 14
7743 7322 25
7322 3111 6
7768 9355 25
7901 5266 25
5266 4294 16
7946 6628 25
6628 5692 13
5692 518 12
518 8214 11
8016 813 25
8020 3195 25
3195 4688 10
4688 7574 12
3195 424 17
8039 1784 25
1784 90 23
90 287 23
287 1641 1
1641 4367 3
287 2211 7
287 950 8
950 6513 7
6513 6870 2
287 7527 9
4367 7655 9
7655 7436 8
950 3084 12
6870 406 13
406 6823 7
7527 2005 13
2005 8536 8
8536 3093 3
2005 3818 11
3093 8370 11
4367 8164 18
8164 1763 4
8536 6697 18
406 7148 19
1641 4092 19
4092 8446 18
8446 5878 5
6870 9312 19
9312 6135 12
6135 2630 2
9312 7181 14
9312 1542 17
9312 1806 17
1641 2807 20
2807 6267 5
6267 623 2
623 3325 1
6267 8805 8
287 3475 24
3475 5347 12
5347 5000 14
8370 8203 24
8203 5131 20
5131 2432 13
8050 4248 25
4248 9190 5
9190 168 13
4248 5015 20
5015 2677 15
2677 228 23
228 4897 11
228 6895 20
228 7463 25
8137 729 25
8182 7442 25
8288 3873 25
8308 1001 25
1001 872 19
8607 3279 25
3279 564 10
8642 2251 25
2251 279 14
279 2702 15
2251 7063 19
8750 3467 25
3467 8063 8
8765 7638 25
7638 2119 13
8799 8292 25
8292 9501 10
9501 1496 17
8855 7757 25
8901 1062 25
1062 2838 3
8904 9835 25
8958 7094 25
7094 9860 15
9127 3556 25
3556 9982 14
9190 4974 25
9263 6001 25
9291 2898 25
2898 2225 20
9335 9930 25
9930 9795 3
9795 9440 14
9440 5876 17
9351 3503 25
9474 3833 25
3833 9448 7
3833 4159 8
9448 9845 16
9845 2599 23
9474 4906 25
9502 643 25
9515 9131 25
9131 2027 4
9528 1998 25
1998 672 25
9532 3753 25
3753 1054 8
1054 6318 4
9584 434 25
9639 3887 25
3887 3187 8
3187 6757 14
6757 4178 5
6757 4256 6
4256 2088 2
2088 8519 2
3187 3196 17
9861 6523 25
6523 545 6
9900 2416 25
4 8689 26
66 2046 26
76 8394 26
8394 4529 16
4529 1555 10
1555 5433 10
5433 5110 10
5433 8228 22
8228 6062 2
246 6140 26
270 35 26
288 2964 26
2964 8905 9
2964 5251 23
5251 6117 8
5251 6700 8
5251 8022 12
447 9497 26
518 6474 26
627 4014 26
4014 4296 19
689 2699 26
728 9819 26
757 8828 26
8828 8294 12
8294 9346 13
9346 9093 1
817 4733 26
1131 6336 26
1313 1669 26
1438 5270 26
5270 4676 9
1553 7739 26
1617 2662 26
2662 4336 2
4336 4280 20
4280 464 8
464 3785 10
1640 1099 26
1689 4385 26
1736 7036 26
1757 3044 26
3044 2429 25
2429 1469 22
1905 2066 26
2066 4795 9
4795 2722 17
2722 9983 24
1943 894 26
2124 6455 26
2128 686 26
686 641 18
641 7354 10
7354 8892 3
8892 7128 1
7354 8547 8
7128 6903 24
7128 8838 25
2223 3004 26
2325 7491 26
2389 4522 26
2670 9977 26
9977 5748 15
2695 1531 26
2931 3483 26
3027 2567 26
2567 2938 9
2567 7564 20
3028 8969 26
3043 8009 26
8009 9104 2
3067 9844 26
9844 7054 24
7054 8567 10
8567 3420 23
3420 3905 22
3125 5240 26
3166 7357 26
7357 6241 1
6241 2974 12
2974 3691 2
3691 1802 12
2974 848 13
848 6396 19
6396 1868 10
3196 1724 26
1724 9414 14
1724 3039 20
3246 6597 26
6597 7796 10
6597 3225 11
6597 4638 15
3225 9061 22
9061 8806 1
3225 1460 25
7796 6674 25
6674 5784 3
5784 9031 23
3307 1625 26
3314 4976 26
3360 9113 26
3371 68 26
3434 2973 26
3675 7786 26
7786 6309 1
6309 5344 7
3972 12 26
12 7441 19
4042 8949 26
4173 8842 26
4223 204 26
204 1637 5
4233 7797 26
7797 3953 17
4366 111 26
4414 8384 26
8384 7548 13
7548 7334 13
7334 5211 17
5211 9137 5
9137 1715 1
7548 6818 22
6818 4012 5
6818 9829 11
9137 5314 23
5314 5676 2
7334 1762 25
1762 8605 13
4498 1357 26
4528 625 26
625 8593 6
4570 4868 26
4579 4229 26
4642 312 26
312 8794 13
4825 471 26
4941 3868 26
4955 2494 26
5002 8743 26
5100 3635 26
3635 3964 25
3964 2475 23
5426 8726 26
8726 5906 7
5906 2489 5
5906 9381 13
2489 451 26
451 5710 16
5469 838 26
838 8262 4
8262 2521 2
8262 2874 25
2874 1738 15
5600 3947 26
5608 7199 26
7199 6148 22
5626 9372 26
9372 9696 1
9372 6966 11
5642 2669 26
5725 9079 26
5806 330 26
330 7984 1
7984 5481 21
5481 1690 19
1690 9308 19
1690 5290 24
5940 164 26
6006 2660 26
6027 1500 26
1500 3061 1
6193 2437 26
2437 7028 10
6301 7660 26
7660 7542 4
7660 4340 6
7542 2244 15
6384 8917 26
6615 9157 26
6659 4967 26
4967 562 9
6694 2065 26
2065 9296 8
2065 349 14
349 1398 14
1398 5053 16
6884 2741 26
7069 4482 26
4482 9326 2
7086 4631 26
4631 2221 17
7089 7057 26
7165 4659 26
4659 3191 2
4659 5094 8
5094 5903 1
5094 3102 12
3102 781 3
3102 3864 10
5903 6673 14
4659 2035 17
3864 845 19
845 9123 7
9123 8439 1
8439 4409 12
845 6930 18
4659 3038 24
5903 2956 26
7237 2647 26
2647 7198 8
2647 8352 9
8352 5348 13
7198 337 21
7287 1232 26
7345 7809 26
7390 7605 26
7537 3957 26
3957 6358 1
7585 6147 26
6147 2463 6
2463 1953 13
1953 146 8
1953 1858 9
2463 5627 16
6147 109 19
6147 3688 22
3688 3259 3
3259 490 8
490 6308 1
3259 4069 8
2463 8890 23
8890 8690 5
8690 959 16
959 5385 7
5385 1455 12
1455 5596 7
5596 878 17
6308 1877 23
7653 1746 26
1746 8537 5
7656 6350 26
6350 2082 20
2082 4883 15
6350 4189 20
7687 2445 26
2445 5458 11
7739 9457 26
7901 1971 26
8092 7098 26
7098 7533 19
8113 8049 26
8282 7894 26
7894 5945 4
8296 4098 26
4098 7789 21
8308 4257 26
8407 4564 26
8462 6169 26
6169 7947 15
7947 8847 3
7947 222 24
8847 3917 25
8496 1228 26
1228 8804 14
1228 5278 15
8804 5116 16
8804 1335 20
1335 7048 14
7048 8615 6
1335 8107 19
8107 182 14
182 5042 4
5042 3221 17
3221 41 5
41 4948 1
4948 3383 3
41 8066 9
41 5578 17
7048 6843 25
8541 5239 26
8637 5820 26
8713 306 26
306 8478 17
8478 2351 5
8970 5192 26
9000 639 26
9185 7053 26
9211 2234 26
2234 3481 2
3481 7099 1
9271 1248 26
1248 1552 10
9479 7164 26
9495 9741 26
9741 4484 14
4484 4737 11
9496 6222 26
6222 939 6
939 9560 25
9560 1891 4
9733 8507 26
8507 3422 25
9821 511 26
9855 4790 26
9860 9830 26
9830 7587 11
7587 9585 9
9585 2721 10
9866 8011 26
9894 8484 26
9908 465 26
9914 7178 26
7178 3709 25
162 548 27
196 5772 27
230 3000 27
344 9912 27
382 7385 27
7385 4909 2
7385 1697 4
1697 3836 5
4909 1604 24
1604 760 3
760 9301 2
9301 9477 4
9301 3586 10
760 7867 20
7867 6956 13
9301 6876 23
6876 2165 13
2165 9399 6
2165 7411 8
7411 3012 20
7411 5081 22
4909 4803 24
1697 6721 25
463 768 27
768 153 9
768 2542 25
534 1194 27
623 3409 27
776 4395 27
4395 4134 14
842 3596 27
894 5009 27
5009 7144 21
5009 9592 23
5009 6434 24
905 9426 27
9426 2160 23
2160 4545 10
1010 439 27
439 2538 11
439 816 20
816 8487 1
1014 3268 27
3268 1779 20
1779 2970 12
1149 1408 27
1408 9627 10
1247 9673 27
9673 8735 3
1260 3109 27
3109 8885 25
1275 9618 27
9618 5213 16
5213 8459 20
8459 9718 18
1548 8029 27
8029 6093 4
8029 1283 9
6093 5563 26
5563 869 1
869 5550 3
1874 9595 27
1927 5379 27
1949 3583 27
2006 8681 27
8681 6435 8
6435 1731 10
2472 4312 27
2487 3238 27
2532 6842 27
6842 2934 3
2647 2933 27
2933 4750 10
4750 7552 17
2933 6210 20
2693 5395 27
2732 2831 27
2831 3852 26
3852 673 14
3852 7046 25
7046 6388 21
2746 2525 27
2776 2986 27
2986 8772 15
8772 5366 2
5366 5986 14
8772 8013 25
8013 7453 26
2809 9800 27
2903 5694 27
3013 4501 27
4501 3151 20
3151 4867 8
4867 8540 2
4867 4730 3
4867 997 5
8540 6151 8
6151 6886 7
8540 1681 12
6151 8639 16
8639 4133 17
8540 8383 21
8383 9838 2
4867 4284 24
4284 4691 16
4691 8610 6
4284 7618 25
7618 2363 18
3151 6136 26
8383 5503 26
3071 8001 27
3084 7711 27
3128 5666 27
3140 8456 27
8456 5872 15
3238 2867 27
3472 3509 27
3509 6664 5
3548 343 27
3563 914 27
914 8781 24
3584 6411 27
3590 235 27
3601 3573 27
3681 2972 27
3728 7681 27
3882 8445 27
3949 648 27
648 3368 7
648 1356 15
3368 432 15
432 9596 9
3368 1880 15
432 718 19
718 3411 22
3368 4308 25
4308 2957 3
4308 8652 13
2957 7373 20
3984 252 27
4021 7983 27
4056 6173 27
6173 4833 9
4074 3848 27
4077 3918 27
3918 5789 17
5789 3440 15
4097 5289 27
4161 5679 27
4166 2019 27
4215 4300 27
4275 4081 27
4081 7802 27
4356 7464 27
7464 2233 12
4381 8984 27
8984 5662 24
4389 632 27
632 2541 12
2541 717 13
632 3747 27
4438 3962 27
3962 7260 24
4461 3599 27
3599 1044 9
4583 8224 27
4696 3442 27
4701 1311 27
1311 9331 13
4710 4739 27
4739 4572 7
4729 80 27
4804 8024 27
4931 9160 27
4932 9422 27
9422 9570 8
9570 5921 22
5921 7132 14
7132 2971 19
4982 9828 27
5038 8661 27
8661 2069 2
5049 6840 27
5092 5812 27
5135 4050 27
4050 7483 1
7483 8268 5
4050 1031 9
5156 973 27
973 3155 22
3155 3926 2
3926 4254 3
3926 8814 24
5176 5989 27
5193 7169 27
5311 8216 27
5571 7816 27
5641 8385 27
5642 9386 27
5803 6802 27
6802 5798 20
5798 307 19
6802 7921 21
5916 5196 27
5196 7320 7
5924 8827 27
5944 171 27
5959 941 27
6015 5223 27
5223 2331 8
2331 7076 13
7076 5831 1
6148 3396 27
6212 1167 27
1167 5018 14
6409 9972 27
6462 6589 27
6610 8471 27
6639 5604 27
6739 6665 27
6665 7571 17
6800 1025 27
1025 9277 4
6825 6575 27
6575 2949 2
2949 6695 26
6967 9867 27
9867 91 3
7057 6313 27
7096 2099 27
2099 2937 1
2937 4551 11
4551 3698 5
2099 2814 15
2814 6994 11
6994 4210 20
3698 4105 22
2814 9986 23
2937 441 23
6994 3568 24
6994 7854 26
7129 7513 27
7513 4667 1
4667 7449 13
7179 9423 27
7219 2086 27
2086 2037 14
2037 9203 15
2086 5586 16
7241 6940 27
6940 1069 9
1069 8023 5
1069 2835 19
1069 6407 19
7447 924 27
924 9409 1
7548 655 27
7566 6599 27
6599 1890 5
7612 3775 27
7646 4471 27
4471 2939 11
7679 462 27
462 6563 16
7872 1072 27
1072 9364 16
9364 8839 3
9364 8935 14
8935 4263 15
4263 3534 7
8839 9689 26
7872 5785 27
5785 3212 7
7980 2498 27
8191 4706 27
8281 5128 27
8343 2528 27
8405 6253 27
8410 8923 27
8923 2271 3
8496 7388 27
7388 4015 21
8563 7876 27
7876 217 15
8586 5690 27
8660 5617 27
5617 1076 4
8681 1394 27
8694 9071 27
9071 7272 11
8734 1448 27
8752 9902 27
9902 1108 19
8978 7141 27
9044 6017 27
6017 5732 25
9139 6655 27
6655 9715 6
9160 2322 27
9252 4274 27
4274 2095 24
2095 97 10
2095 5333 11
5333 381 24
9281 2144 27
2144 7232 25
9286 4687 27
4687 318 7
9394 969 27
969 6946 8
6946 7392 8
9423 5911 27
9431 7213 27
9477 2112 27
2112 3074 13
3074 7547 8
7547 5120 21
3074 6580 22
3074 9490 27
9490 8046 8
9553 7332 27
9562 392 27
9622 3903 27
3903 5476 7
5476 6598 21
9642 5132 27
5132 2632 21
2632 5200 2
9718 4313 27
9760 1737 27
1737 6667 2
6667 6263 9
6263 6672 20
1 6638 28
6638 3669 11
25 1245 28
1245 3262 12
52 2813 28
176 4477 28
4477 754 7
754 3600 10
3600 7245 25
7245 4560 8
4560 6614 24
4477 4981 25
179 4143 28
190 4922 28
337 861 28
348 8002 28
8002 9319 27
9319 6527 11
6527 6974 10
6974 3506 1
6974 4488 9
3506 277 13
6974 8008 13
9319 9989 20
6527 5791 21
5791 3118 21
3118 8363 4
3118 7162 15
396 3329 28
3329 7535 4
7535 2771 10
2771 4842 3
3329 5068 22
397 1635 28
427 1571 28
1571 8826 8
447 3954 28
3954 4943 25
4943 889 23
652 574 28
667 5706 28
722 2706 28
851 3746 28
3746 1550 4
3746 3902 20
3902 9384 10
9384 3045 9
3902 225 12
3746 2336 21
2336 2258 20
3045 9461 24
851 8236 28
876 5352 28
5352 2783 27
2783 3644 20
3644 1758 20
1758 1430 5
1430 7293 15
7293 9467 12
1430 7326 17
7293 2961 19
7293 9785 19
7326 49 21
3644 3104 22
3104 8253 2
8253 2700 3
2700 9103 13
2700 3995 18
935 7002 28
1023 212 28
212 6157 4
1281 7536 28
7536 4234 8
7536 9345 19
9345 4365 21
4365 9707 2
4365 2960 19
2960 3182 9
4234 7827 26
9345 9092 27
1495 2263 28
2263 8795 23
1651 3557 28
1675 2760 28
1677 8108 28
8108 5498 3
8108 8070 24
1731 6796 28
6796 8759 18
1883 3479 28
3479 2341 17
3479 1443 23
1443 4346 13
4346 4430 5
4346 1532 13
1532 5306 3
1532 4673 6
5306 2354 23
2006 2987 28
2987 4762 12
4762 3183 9
4762 1222 13
1222 4218 2
4762 9732 18
9732 6198 6
2078 3671 28
2082 2433 28
2216 296 28
2336 2396 28
2396 2170 13
2170 2895 16
2493 1768 28
1768 9666 27
9666 2359 13
9666 1945 23
1945 7387 22
2619 3320 28
2636 4276 28
2641 6205 28
2875 8896 28
2943 4441 28
4441 535 4
535 596 11
4441 8963 11
535 886 16
886 3443 21
3443 5195 3
2981 5739 28
5739 8529 8
3051 2573 28
3080 5902 28
5902 9911 19
3268 546 28
3393 3952 28
3543 3096 28
3096 7439 26
7439 1739 26
3791 4155 28
3859 1161 28
3873 4047 28
4047 9837 5
3953 5625 28
4101 4245 28
4141 7725 28
4185 5154 28
4263 8873 28
8873 5189 1
8873 8321 2
8873 2418 25
4312 9981 28
4382 8667 28
4432 2081 28
4450 3615 28
3615 9671 12
3615 1679 13
1679 4301 23
9671 9941 23
9941 5236 18
4451 7754 28
4464 9922 28
9922 46 11
46 9380 9
9922 4590 23
4585 5836 28
4711 2638 28
2638 9499 15
4768 1488 28
1488 607 18
4842 5260 28
4932 3768 28
4941 2847 28
2847 4260 10
5026 9763 28
5052 5065 28
5325 3708 28
5337 5741 28
5377 8913 28
8913 4186 1
5421 1110 28
1110 8776 10
8776 7461 11
5639 6091 28
5732 4246 28
5805 1296 28
5890 24 28
24 5804 27
5804 5127 21
5127 5907 27
5907 5504 13
5907 311 27
5968 1219 28
1219 3026 10
3026 8138 18
8138 7309 13
8138 3115 19
3115 6753 21
1219 6043 25
6043 5733 14
6043 2830 22
6043 6188 26
6188 1909 11
1909 2780 13
2780 3005 5
6753 6347 27
6097 3702 28
3702 5819 2
5819 4033 19
4033 9327 5
9327 5769 1
5769 2751 4
5769 249 20
6116 8453 28
8453 2824 4
8453 4977 24
6464 4208 28
6490 7377 28
6516 8569 28
6636 9918 28
9918 749 8
6706 3630 28
6737 9818 28
6951 7479 28
7044 7559 28
7072 4302 28
7088 6827 28
6827 5159 25
7218 5897 28
5897 8534 13
8534 5597 8
7237 3340 28
7237 8625 28
7379 9441 28
9441 7698 20
7698 9648 25
9441 9455 27
9455 6380 4
6380 7556 18
7415 6975 28
7457 9898 28
7497 8812 28
8812 1133 10
7566 3764 28
7566 4357 28
7680 6983 28
6983 6733 17
6733 3323 6
3323 5771 18
7706 1585 28
7777 8391 28
8391 4087 11
4087 5984 9
5984 6470 12
7830 1898 28
7876 7703 28
7883 7818 28
7991 902 28
8017 3286 28
8125 269 28
8291 54 28
54 498 26
498 6099 5
6099 8725 8
8725 8945 6
8363 3412 28
8408 5673 28
8437 5365 28
8609 3046 28
8694 7146 28
7146 8188 4
7146 1366 27
1366 2865 4
2865 5072 2
8779 6999 28
6999 6153 4
6999 5321 23
8783 8754 28
8805 7014 28
7014 9462 8
8945 6559 28
6559 3328 19
9076 7506 28
7506 8342 24
9078 4708 28
9182 2485 28
9217 6204 28
6204 8594 8
9345 1688 28
9348 1123 28
9399 4840 28
4840 193 19
9467 251 28
9575 3147 28
9643 470 28
9673 3788 28
9677 9478 28
9711 5871 28
9759 1834 28
1834 4809 28
4809 9240 7
9240 5881 5
4809 5969 11
5881 9603 18
5969 412 20
9240 2356 22
2356 5620 18
2356 9158 25
5969 868 27
9785 8553 28
8553 7911 9
7911 5967 12
7911 8651 16
8651 7693 13
5967 2250 18
9796 5317 28
9838 7884 28
7884 7170 6
9875 186 28
27 8476 29
8476 3233 22
38 2872 29
53 2031 29
129 2762 29
140 5568 29
247 1850 29
277 4152 29
424 6606 29
531 2843 29
558 9810 29
738 9582 29
810 8369 29
840 9576 29
9576 5069 16
848 657 29
657 5074 10
657 9940 19
926 699 29
950 1889 29
1075 1337 29
1337 7640 4
1140 5953 29
1162 3894 29
1448 5721 29
5721 4264 5
4264 5007 3
5007 4170 21
1585 8119 29
1634 1277 29
1277 3025 16
3025 1655 12
3025 9298 22
1672 5867 29
5867 7732 6
7732 4903 2
4903 4782 13
1745 7882 29
1787 1372 29
1932 9509 29
9509 1714 13
1714 7607 15
7607 8880 1
2030 210 29
210 5462 8
5462 3526 18
2038 814 29
2072 4635 29
2098 2719 29
2719 9034 7
2201 8671 29
8671 8894 24
8894 3592 17
8894 2222 26
2216 7417 29
7417 6945 2
6945 8687 4
8687 8608 2
7417 3886 28
2247 6712 29
2389 6560 29
2399 6110 29
2407 1855 29
2408 4350 29
4350 5542 3
5542 8260 3
4350 1501 5
4350 551 11
5542 5935 15
2456 6715 29
2692 8060 29
2721 9668 29
2737 5763 29
5763 6002 27
2762 8554 29
2863 9791 29
9791 9589 1
2987 1255 29
1255 8447 9
1255 669 23
3346 6481 29
6481 1314 9
3407 3015 29
3443 2421 29
2421 3655 17
3655 1803 20
3462 4860 29
3486 4567 29
3545 7985 29
3553 4751 29
3601 3906 29
3906 7005 11
3906 1404 23
1404 6912 14
6912 1605 17
6912 1171 26
3650 5408 29
3713 6965 29
3723 3308 29
3790 5549 29
3816 5036 29
5036 443 4
443 9546 8
5036 526 16
3836 7864 29
3837 5598 29
3895 2337 29
3995 4358 29
3997 345 29
345 4907 12
4048 4010 29
4476 8147 29
8147 2929 3
4488 9910 29
4626 9454 29
9454 9472 4
9472 4798 11
4798 8906 8
8906 3672 22
3672 3040 6
4681 7475 29
4835 8187 29
8187 120 15
8187 2520 20
4904 2871 29
2871 6475 23
4934 6600 29
6600 2605 27
2605 3729 11
2605 7846 11
7846 244 7
3729 2892 20
2892 7599 10
7599 2526 9
2526 3982 7
3729 6065 21
6065 346 17
6065 8682 18
2892 1026 29
1026 1382 16
1026 7881 24
5162 9195 29
5193 4846 29
4846 9024 23
4846 384 25
5320 2062 29
5410 4947 29
4947 9955 26
5435 946 29
5459 9272 29
9272 1545 25
1545 299 6
299 6853 6
5486 4413 29
5617 3364 29
3364 2720 17
2720 8931 4
2720 9339 18
9339 1251 3
3364 4675 20
5723 6541 29
6541 9640 6
9640 5499 14
5499 6076 15
5911 5006 29
5006 5136 2
5136 7766 8
5006 1622 21
1622 5257 11
1622 7085 14
7085 6317 10
6317 1173 4
7085 6330 15
5257 5308 18
7766 2618 23
2618 5699 5
5699 9405 16
9405 544 17
5921 9387 29
9387 2935 2
5942 7269 29
7269 5012 6
7269 3969 21
3969 9434 28
5950 2778 29
6023 9111 29
6045 1163 29
6158 2205 29
6288 6351 29
6383 4553 29
4553 9097 22
9097 5496 16
6409 9798 29
6435 375 29
375 8458 18
8458 595 9
6588 818 29
6618 6883 29
6683 6452 29
6452 9524 10
6452 2047 18
6696 3258 29
3258 8513 27
8513 6679 25
6923 7225 29
6964 5898 29
6980 4269 29
7019 2617 29
7028 4427 29
7308 2810 29
7346 8524 29
7437 7281 29
7463 9700 29
7472 3961 29
3961 1018 19
7510 189 29
189 7238 23
7523 4341 29
7545 4978 29
4978 1775 25
1775 2855 28
7651 1223 29
1223 7291 23
7686 7234 29
7234 1615 6
7688 4310 29
4310 9935 9
7689 9874 29
9874 8078 26
7840 7740 29
7740 4424 4
4424 9636 9
8114 944 29
944 976 4
976 99 14
8131 5816 29
8191 7622 29
7622 8782 14
8782 5892 1
8332 335 29
335 7124 26
8415 9814 29
9814 8087 5
8546 6675 29
6675 9681 17
8593 713 29
8616 8398 29
8398 2398 25
8398 2382 29
8661 7845 29
7845 7887 1
7887 6217 6
6217 6427 9
8713 8128 29
8752 1535 29
8776 1291 29
9034 1938 29
9138 9253 29
9253 1587 8
9205 1594 29
9253 4235 29
9257 7087 29
9380 9909 29
9427 6111 29
9493 9646 29
9646 6787 26
9516 6459 29
9603 5730 29
9642 268 29
268 83 20
83 388 8
83 4046 11
4046 3091 15
83 4674 17
4674 7951 9
4046 494 18
4674 1498 18
4046 4702 22
4046 7138 24
4674 6079 25
1498 2192 27
9830 7255 29
9844 7369 29
9987 3429 29
3429 62 2
62 9621 16
238 9377 30
451 1825 30
736 660 30
660 1573 1
840 4227 30
843 3145 30
872 6608 30
6608 2002 4
971 8344 30
979 4338 30
997 7594 30
7594 5634 17
5634 6860 25
1035 9292 30
9292 7627 5
1161 1269 30
1172 3900 30
3900 7173 8
7173 85 4
85 609 11
7173 4489 21
4489 2584 7
1216 517 30
1223 7899 30
1227 6910 30
6910 3160 29
3160 6094 20
1244 4801 30
1286 7772 30
7772 1902 29
1404 7669 30
1452 9905 30
1460 5879 30
5879 7154 16
5879 4293 19
1625 8967 30
8967 9 16
1689 2993 30
2993 555 4
555 5633 7
555 5736 13
5633 4973 14
4973 4908 17
555 7518 29
1870 2187 30
1992 2427 30
2427 191 16
1996 8500 30
2065 2919 30
2187 2220 30
2216 5680 30
2269 9325 30
2316 6748 30
2396 5946 30
2502 8868 30
2554 8797 30
8797 8683 5
8797 1506 13
2574 9794 30
2584 5749 30
2630 3951 30
2772 3756 30
2784 3782 30
2823 6933 30
6933 2595 7
2827 9032 30
2934 362 30
2957 9456 30
2978 8416 30
2981 4709 30
4709 5546 20
3155 780 30
3225 2586 30
3246 530 30
3299 8712 30
3315 5516 30
5516 21 20
21 8421 16
8421 8530 28
5516 1835 29
1835 9543 25
3447 437 30
437 8834 5
437 9025 16
3552 984 30
3653 6492 30
3723 4442 30
3746 4546 30
3921 4686 30
4070 2687 30
4131 4584 30
4584 473 2
4584 136 23
4186 2676 30
2676 3082 24
3082 6765 1
3082 1711 14
1711 1800 12
1800 4621 1
4621 2368 10
1800 1299 29
1299 3391 6
4204 7869 30
4206 533 30
4280 4758 30
4325 5269 30
4357 7421 30
4490 5919 30
4529 7634 30
7634 409 3
4583 983 30
4702 2208 30
2208 7912 25
7912 4678 10
4798 5147 30
4942 1400 30
4979 1189 30
5027 4819 30
5170 6984 30
5209 6640 30
5258 3009 30
3009 6793 16
3009 8263 26
6793 4449 27
4449 2214 4
4449 1892 13
5302 6749 30
6749 4689 2
4689 6699 8
5318 2249 30
5390 8409 30
5562 7495 30
7495 6482 20
6482 6180 5
6482 3384 18
3384 7598 24
7598 3989 3
3989 3273 27
3273 4718 21
5570 7428 30
7428 2343 7
2343 5745 25
5618 5697 30
5655 9216 30
9216 4672 11
5683 7401 30
5719 3133 30
5923 8003 30
8003 3365 15
5943 114 30
5968 6892 30
6025 5130 30
6211 43 30
6347 4011 30
6374 7902 30
7902 4091 17
4091 6134 4
7902 5187 17
5187 4792 9
7902 668 24
5187 4578 27
4578 2777 16
6439 9322 30
6490 6261 30
6261 3203 15
6572 2866 30
2866 8425 26
6702 4016 30
6837 319 30
6861 1540 30
6909 2811 30
7063 8301 30
8301 4705 14
4705 6394 5
6394 8052 10
7065 6995 30
6995 5979 4
5979 8025 16
5979 5866 20
7066 732 30
7083 4345 30
4345 8081 12
8081 8232 3
7086 8261 30
7118 331 30
7125 9873 30
7148 1096 30
1096 1567 16
7162 5280 30
7183 8106 30
8106 4600 14
4600 5351 9
5351 4521 25
8106 7222 29
7295 8666 30
7441 1254 30
1254 2203 28
2203 7692 10
7482 2313 30
2313 7746 16
7515 4468 30
7560 8457 30
7574 2333 30
2333 9662 22
9662 5557 14
7616 5304 30
5304 1872 7
7661 266 30
7673 7487 30
7729 2650 30
7814 7420 30
7420 183 29
183 8330 18
8330 7119 21
183 7429 24
8330 108 29
108 3752 9
7862 9279 30
7872 7671 30
7671 9683 15
7671 1900 27
7945 8895 30
7969 7572 30
7572 9932 2
9932 5066 13
8118 5234 30
8313 5518 30
8435 735 30
735 492 24
492 4151 27
4151 5616 2
735 3927 27
8510 1717 30
8598 2754 30
2754 7928 3
8599 7405 30
7405 3645 24
3645 2968 25
8677 1160 30
1160 9007 27
9007 6346 7
9007 892 17
9000 6289 30
9242 491 30
491 2941 6
2941 2507 4
9291 697 30
9319 3616 30
9432 5190 30
9470 5297 30
5297 2178 10
2178 6391 5
5297 8068 29
9488 4058 30
4058 5851 9
4058 106 26
9500 7727 30
7727 7024 18
9643 4171 30
33 3427 31
55 8 31
100 7776 31
7776 440 26
440 8539 24
8539 9241 1
9241 8784 19
325 8056 31
448 8817 31
506 8499 31
556 2362 31
657 7419 31
675 3835 31
3835 6480 14
709 9664 31
760 9686 31
969 1333 31
1175 3275 31
3275 9334 20
1195 1341 31
1341 1907 3
1341 822 13
1439 6405 31
1464 6488 31
6488 4879 9
1520 7507 31
7507 7529 12
7529 4099 13
4099 8556 7
1545 9695 31
9695 4425 13
1589 489 31
1904 8929 31
8929 5460 1
1936 1320 31
1962 739 31
739 9591 9
2295 4917 31
2300 436 31
436 9762 12
436 9641 26
9641 6371 1
436 6410 30
6410 3485 6
6410 3930 6
3930 2515 14
2412 5381 31
2481 2713 31
2713 4874 6
4874 1785 13
2484 9917 31
2504 2612 31
2800 5040 31
5040 7212 20
7212 7217 11
2810 9066 31
9066 7582 12
7582 9514 26
9066 9771 29
2860 3177 31
3177 6894 20
3013 2163 31
3149 9352 31
9352 1795 21
3242 9100 31
3314 2588 31
2588 9473 8
9473 7115 9
9473 9359 15
3436 1484 31
3543 9417 31
9417 8715 30
3709 1199 31
3716 2195 31
3784 8329 31
3931 856 31
4070 7406 31
7406 807 22
4124 8612 31
4184 1523 31
1523 6979 4
6979 1060 15
1060 7835 24
7835 6515 16
6515 7774 3
7835 8718 20
6979 9710 26
4192 3532 31
3532 1358 28
1358 7227 3
7227 8986 2
1358 9358 12
9358 3020 6
3020 2681 8
4215 2228 31
4255 1080 31
1080 3163 19
3163 6218 16
4306 4989 31
4989 9033 4
4325 7784 31
7784 3130 24
4436 3491 31
4531 4376 31
4566 9083 31
4582 741 31
4647 9328 31
4692 9153 31
9153 3631 4
9153 3807 24
9153 2893 26
2893 2667 22
2893 1611 26
1611 2517 21
1611 5464 27
5464 5605 21
4699 8173 31
4716 395 31
4734 4972 31
4847 1056 31
4939 7849 31
4947 3699 31
4993 5686 31
5000 6287 31
5007 5985 31
5062 866 31
5224 3844 31
3844 9243 15
9243 273 19
9243 1474 25
1474 9095 1
273 9194 28
9194 1744 17
5299 9606 31
9606 1150 7
1150 8996 15
8996 553 11
5313 3524 31
3524 9783 10
5332 4295 31
4295 4607 7
5334 7938 31
5398 1852 31
1852 8604 3
5481 2008 31
5491 5142 31
5686 6089 31
5805 6522 31
6522 2607 3
6522 510 20
510 4319 1
5821 1122 31
5957 3319 31
6081 4034 31
4034 8927 14
6118 4515 31
6139 6692 31
6692 5824 28
6187 3449 31
6271 701 31
701 9135 9
701 7674 26
6302 9269 31
6647 981 31
6684 6814 31
6717 1310 31
1310 7298 21
7298 4547 4
6812 1090 31
6848 9362 31
9362 1447 13
6906 1749 31
1749 3057 26
6914 5108 31
6980 8876 31
8876 7549 23
7549 6108 11
7092 7307 31
7169 1897 31
7266 9491 31
7270 7462 31
7297 6235 31
7397 3351 31
7423 2189 31
7439 4200 31
4200 3138 3
7449 6944 31
6944 4168 12
4168 2307 2
6944 7147 16
2307 5235 21
6944 9692 24
9692 1848 6
2307 5695 27
7463 4422 31
7475 2077 31
7572 3766 31
3766 4372 3
7594 5582 31
5582 2707 18
7706 9669 31
7781 8353 31
7810 2184 31
7938 790 31
790 6154 23
8031 3399 31
3399 4126 11
8069 2785 31
8102 3913 31
3913 3230 19
8246 753 31
8312 1042 31
8388 4591 31
8633 6973 31
8646 3821 31
8738 3875 31
8804 1619 31
8836 4533 31
8850 2561 31
8972 6275 31
9097 8706 31
9267 520 31
9476 1481 31
1481 4821 29
9577 456 31
9761 4834 31
9917 5178 31
6 257 32
89 9392 32
234 649 32
241 8621 32
8621 8309 3
8309 6286 7
8309 4889 29
4889 5109 22
5109 8198 1
5109 5249 30
395 7271 32
404 3272 32
448 7647 32
484 5506 32
5506 3539 6
486 8240 32
487 4741 32
696 4900 32
4900 8603 10
4900 8004 16
754 2906 32
880 5870 32
894 7175 32
901 9843 32
985 2162 32
1047 3392 32
3392 3594 22
1247 5309 32
1260 3883 32
3883 3661 15
1296 815 32
1322 1109 32
1109 1384 7
1384 4071 13
1326 9001 32
1549 8222 32
1734 9645 32
1737 9439 32
1786 5298 32
1806 2087 32
2087 3158 6
3158 276 29
276 2851 14
1990 9735 32
1997 2734 32
2734 3870 13
2007 3245 32
3245 6183 4
2165 9597 32
9597 1636 24
2233 4434 32
2234 2167 32
2258 949 32
949 1913 3
2260 912 32
2363 3531 32
2407 9143 32
9143 1692 28
9143 7327 29
2408 3610 32
2484 1510 32
2490 5893 32
2505 2003 32
2576 515 32
2632 4297 32
2677 308 32
2854 8835 32
8835 1977 22
1977 8668 30
1977 3094 31
8835 2608 31
2608 2353 27
2898 3161 32
3023 7221 32
7221 1933 28
3029 808 32
3134 5845 32
5845 9728 10
9728 8938 4
8938 4082 8
4082 1061 27
3162 2773 32
3563 1079 32
3728 8729 32
3864 1006 32
4072 3389 32
3389 8934 30
4107 8525 32
8525 8210 19
4184 5360 32
5360 823 5
823 8364 21
4214 9834 32
4225 3114 32
4236 1791 32
4284 7933 32
4428 9604 32
9604 9608 3
9608 3458 13
9604 8230 19
4652 847 32
847 4749 21
847 5475 23
4921 3433 32
5092 1343 32
5153 2451 32
5260 4890 32
4890 4391 9
5279 3292 32
5292 6952 32
5314 5914 32
5914 7403 20
7403 2917 23
5333 9725 32
9725 6813 10
9725 5610 12
5384 7029 32
5521 2383 32
2383 2016 25
2016 1218 3
5642 9121 32
5772 9780 32
9780 7037 28
7037 6888 19
5805 4896 32
5826 57 32
6041 801 32
6064 2000 32
6210 7633 32
6230 6725 32
6270 8490 32
6286 962 32
6519 1020 32
1020 3400 20
6520 13 32
6525 7623 32
7623 7591 10
6625 8443 32
6746 1367 32
1367 3925 2
1367 1405 12
6757 3077 32
3077 836 6
836 974 18
974 8509 27
6799 8907 32
6830 9498 32
9498 2306 1
9498 6208 19
6208 6859 10
2306 8419 28
8419 7764 16
8419 7666 22
7666 5519 17
6942 2458 32
7171 9300 32
9300 5675 31
7256 7368 32
7368 8515 3
7368 5084 31
7436 5140 32
7495 2332 32
7525 582 32
7547 7360 32
7360 2453 6
7635 7126 32
7958 1152 32
8029 8422 32
8039 1562 32
8101 1831 32
1831 9839 23
9839 8578 25
8578 794 9
794 5080 5
8101 3214 32
8170 2928 32
8172 9697 32
8230 9155 32
8244 6776 32
8260 7106 32
7106 267 32
267 5188 28
5188 1224 30
8433 2925 32
8502 7202 32
8715 4869 32
8784 2425 32
8816 4611 32
4611 7973 22
7973 8512 14
8835 181 32
9009 4554 32
4554 3099 5
4554 8632 6
8632 3541 20
9012 5157 32
5157 3274 13
9015 8032 32
9264 2635 32
9307 852 32
852 4326 25
9398 5123 32
9484 9891 32
9517 206 32
9528 5245 32
9656 6073 32
9751 6774 32
9817 2836 32
9875 2235 32
2235 16 27
16 6265 14
16 8542 20
9974 7868 32
7868 3960 29
114 1385 33
1385 417 19
126 5996 33
5996 6364 26
6364 1327 13
328 8674 33
8674 4132 14
420 5818 33
448 803 33
465 5624 33
602 8208 33
613 3735 33
3735 1695 6
3735 5726 8
1695 7224 11
1695 8479 12
8479 8757 15
3735 6483 30
6483 4481 4
641 4287 33
672 6167 33
6167 6676 8
6676 7644 5
693 898 33
792 3980 33
3980 3696 13
3696 2243 1
3696 2805 15
895 670 33
670 8656 11
1036 6629 33
6629 863 1
6629 7668 2
1076 5268 33
5268 3499 19
1206 8290 33
8290 5174 14
5174 9265 3
1266 4327 33
1478 2864 33
2864 7573 19
1526 8638 33
8638 9400 19
1625 3793 33
1628 435 33
1684 7966 33
1735 4848 33
1782 379 33
1967 4888 33
2338 7929 33
2549 1656 33
2752 1417 33
3040 4317 33
4317 9125 13
3081 7476 33
3130 8248 33
3261 1019 33
1019 2845 10
1019 2290 26
2290 339 31
3277 4049 33
3281 2182 33
2182 6561 4
3356 819 33
3535 4876 33
4876 1376 16
3572 3049 33
3049 5966 18
5966 3611 30
3611 9994 5
3611 8062 8
3753 4561 33
3834 6693 33
3948 1207 33
1207 1012 19
1012 8306 9
1012 163 21
1012 6822 24
1207 3211 24
4029 8700 33
4231 9154 33
9154 6138 2
9154 8454 4
4314 5529 33
4334 7145 33
4337 7986 33
7986 5887 21
5887 3157 15
4387 7870 33
7870 3185 9
4418 9813 33
4835 2999 33
4837 9313 33
9313 3387 10
3387 610 31
4906 5029 33
5009 8151 33
5021 7020 33
5028 3641 33
3641 1726 9
3641 4203 18
4203 9388 25
5130 7068 33
5178 8606 33
5195 4658 33
5243 5418 33
5270 8381 33
5292 5807 33
5479 5058 33
5645 9219 33
5869 1952 33
5918 8428 33
5990 4228 33
6249 8882 33
8882 8120 15
6356 73 33
6518 1389 33
1389 7045 22
7045 6328 25
6328 8174 29
6860 8634 33
6907 5808 33
5808 7734 26
5808 7683 27
6983 828 33
7056 1363 33
7241 9349 33
7250 8129 33
7253 2154 33
7253 2293 33
7340 1537 33
7419 4539 33
7421 4024 33
7537 5535 33
7543 6758 33
6758 7798 7
7564 4330 33
7592 8100 33
7605 4219 33
7719 4361 33
7732 3936 33
3936 8874 11
8874 9530 23
9530 6450 11
7876 7382 33
8010 5517 33
8111 3284 33
3284 2378 10
3284 1154 18
8176 5619 33
8381 2274 33
8392 1770 33
8498 2853 33
8535 390 33
390 2024 23
8609 4769 33
8621 7541 33
8724 192 33
192 2911 14
2911 5783 14
8768 5429 33
8857 1718 33
8976 3144 33
9108 351 33
9161 4802 33
9346 8027 33
8027 3450 12
3450 1666 1
9353 1148 33
1148 4352 28
9414 294 33
9516 6200 33
6200 7832 28
9580 2143 33
9611 4213 33
9920 7500 33
9981 5322 33
5322 4820 27
82 7391 34
121 2419 34
2419 8337 1
2419 9295 19
9295 5014 1
5014 2729 2
9295 3019 2
8337 3408 21
126 9964 34
257 14 34
14 6936 11
527 4006 34
719 1696 34
821 3801 34
3801 2430 26
2430 8272 32
987 9443 34
1001 1008 34
1008 455 6
1039 1088 34
1107 1583 34
1235 2768 34
1363 730 34
1403 5587 34
5587 5795 10
1449 4954 34
1620 2623 34
1696 4714 34
4714 9081 29
1884 5877 34
5877 5436 13
1975 3939 34
3939 159 27
2017 5229 34
2143 7504 34
2179 2756 34
2374 4780 34
2385 873 34
873 9545 18
9545 6780 22
873 6732 29
2398 4808 34
2574 2279 34
2693 9617 34
2855 2478 34
2935 2117 34
2117 2393 1
2117 421 16
3100 1981 34
3136 8207 34
3212 4812 34
3344 8590 34
3592 514 34
514 8255 22
514 3165 30
3637 812 34
812 1614 24
812 9393 33
3660 3795 34
3702 3385 34
3916 5125 34
5125 1751 3
1751 3994 34
3985 6196 34
6196 6228 15
6228 9375 24
4066 2495 34
4155 5406 34
5406 1252 12
5406 5932 20
5406 5594 21
4306 1973 34
4446 7393 34
4572 4704 34
4769 937 34
4801 9382 34
4822 2657 34
2657 3119 31
4890 3581 34
4954 185 34
5006 4899 34
4899 4221 4
5051 7885 34
5052 3216 34
3216 4865 26
5202 5954 34
5954 5775 1
5954 8980 31
5320 8916 34
5366 3991 34
5492 8277 34
8277 9036 22
8277 4622 26
5705 7850 34
5741 9876 34
5762 2174 34
6147 4201 34
6192 2286 34
6238 4453 34
6286 5896 34
6356 8658 34
6416 1509 34
6636 3550 34
3550 5880 29
6848 221 34
6858 6047 34
7085 6311 34
6311 4470 8
4470 5405 31
7237 1037 34
7388 629 34
7425 3850 34
3850 2259 19
2259 7813 6
7813 9018 7
7813 4251 11
3850 1064 30
4251 1303 34
1303 922 4
7488 8167 34
7828 9962 34
7843 7220 34
7220 2767 12
2767 6957 31
7925 4794 34
4794 5593 26
4794 5227 30
7933 3575 34
8234 5166 34
8320 2435 34
8658 3184 34
8702 6177 34
6177 5833 16
8776 4620 34
4620 5137 12
8781 9847 34
8800 6422 34
6422 1999 23
1999 1700 24
1999 1487 32
8826 9251 34
8835 6214 34
8847 6237 34
8902 4393 34
9067 131 34
9162 1887 34
9261 8544 34
9291 6280 34
6280 5447 13
6280 9581 19
9581 4080 21
5447 5361 24
6280 2372 24
9307 4363 34
9411 603 34
9470 4444 34
9554 7335 34
9604 8426 34
9764 5509 34
5509 5143 27
9891 4814 34
9908 6161 34
141 1454 35
1454 1578 34
1578 9566 1
438 1965 35
1965 7262 19
7262 8269 34
554 1765 35
612 5621 35
1045 9752 35
1169 3432 35
1208 386 35
1237 8403 35
1290 8059 35
1400 8390 35
1421 8197 35
8197 2315 12
2315 982 26
982 6312 11
2315 3078 29
1584 888 35
1710 199 35
1827 3722 35
3722 2011 8
1838 7371 35
2049 4506 35
2282 1125 35
2362 8809 35
2372 56 35
56 9289 19
56 8840 29
2437 4830 35
4830 2758 19
2613 5482 35
2756 2969 35
2776 4519 35
4519 239 30
2865 5931 35
5931 5495 23
5495 893 5
3186 2314 35
3225 9452 35
3552 4362 35
3585 5212 35
3698 3188 35
3728 9030 35
9030 5022 6
3741 1760 35
1760 2877 10
4038 5288 35
4128 8807 35
8807 1423 23
1423 7718 35
4141 5955 35
4191 2848 35
4389 9557 35
9557 7158 8
7158 1183 34
4449 9870 35
4592 8252 35
4837 9903 35
4887 811 35
4923 6760 35
6760 9442 26
5001 3636 35
3636 6234 30
5043 7707 35
5077 4423 35
5093 9635 35
5193 2486 35
5255 2060 35
5517 9287 35
9287 9471 21
9471 9599 28
9599 7516 11
7516 3668 19
3668 9522 1
3668 3255 9
9599 1630 24
3255 8378 31
9599 9510 33
9510 7760 5
7760 4110 8
9510 3168 15
3168 3999 12
7760 5305 26
4110 6184 28
5520 8488 35
8488 1659 22
1659 7473 2
1659 39 20
5723 5527 35
5527 7837 3
5730 1799 35
6148 8999 35
6369 1477 35
6492 761 35
761 6770 7
6498 2901 35
6537 402 35
402 3375 21
6780 7151 35
7151 9868 16
6961 300 35
300 7937 30
7003 5139 35
5139 2578 3
7038 4347 35
7094 5259 35
5259 9549 11
7169 3220 35
7337 1236 35
7401 2597 35
7549 2057 35
2057 1995 9
2057 957 30
957 3690 33
7692 6406 35
7976 3935 35
3935 5960 29
5960 3970 20
3970 9221 9
3970 5199 10
8127 4829 35
8182 4991 35
8211 528 35
8250 7102 35
8254 4557 35
8266 1771 35
8431 88 35
8694 8213 35
8712 9370 35
8759 5682 35
5682 232 9
8800 4892 35
8862 7150 35
8895 6756 35
8939 659 35
8990 4740 35
4740 5948 7
5948 4316 18
5948 7722 24
8990 5271 35
9000 918 35
918 2797 7
9030 7077 35
9077 6156 35
6156 7584 21
9101 2105 35
2105 8796 10
2105 8629 29
9159 6264 35
9226 1899 35
9303 1276 35
1276 3435 3
9399 4466 35
9771 9556 35
9849 4724 35
43 5975 36
5975 1570 8
465 2512 36
751 2136 36
817 2530 36
822 3251 36
1310 2296 36
2296 5019 31
1415 4998 36
1570 3963 36
3963 5424 15
5424 1985 19
3963 8005 22
1985 2142 27
1723 8225 36
2243 9468 36
2669 1352 36
2673 4646 36
2674 9233 36
2765 1145 36
2798 2820 36
2831 4188 36
2950 3981 36
3012 8335 36
8335 7498 2
8335 3555 32
3021 3193 36
3193 7866 8
3058 8324 36
3099 1340 36
3103 3878 36
3672 4265 36
4265 4875 13
3729 3269 36
3814 9080 36
3891 8533 36
3943 6000 36
6000 3404 9
3404 2678 7
3973 3762 36
4023 8482 36
4035 8165 36
4054 3072 36
4105 4019 36
4019 2199 36
4172 63 36
63 3480 9
4353 4633 36
4573 7519 36
4824 9365 36
9365 8761 12
4879 4767 36
4929 3516 36
4956 4096 36
4995 1829 36
1829 1772 16
1829 6938 27
5189 7819 36
5218 5041 36
5606 6677 36
5663 9690 36
5763 6160 36
6055 3885 36
6102 7970 36
6176 4772 36
6264 9356 36
6419 2832 36
2832 703 27
6492 5283 36
6587 5046 36
5046 1602 4
6595 8327 36
6809 1657 36
1657 593 10
7045 1271 36
7057 3200 36
7207 5152 36
5152 6127 28
6127 1517 16
7285 3720 36
7353 5671 36
5671 2335 26
7498 9486 36
7533 7788 36
7549 970 36
7573 7695 36
7640 9276 36
9276 6460 22
7815 1437 36
7956 151 36
8004 6345 36
6345 2036 6
2036 2710 33
2710 3623 22
3623 1840 36
8030 9679 36
8196 1253 36
8229 2868 36
8335 2761 36
2761 2084 2
2761 59 19
8379 8257 36
8398 6766 36
8512 5025 36
8582 5456 36
8765 8206 36
8847 7659 36
7659 8959 30
8850 3421 36
8929 213 36
213 6164 21
9018 8397 36
8397 8711 25
8711 2885 33
2885 5717 35
9095 1867 36
9225 4408 36
9314 1596 36
1596 1119 35
9416 7000 36
9541 547 36
547 9897 15
9863 5339 36
213 8755 37
377 4703 37
4703 4121 27
4121 9039 7
9039 8792 12
9039 2646 23
419 6723 37
6723 476 1
502 1814 37
542 4339 37
4339 2580 30
552 6526 37
577 6969 37
770 6878 37
6878 6711 35
6711 8095 16
6711 7670 17
873 359 37
359 3132 7
3132 5368 9
956 371 37
978 6517 37
6517 3401 16
1061 7431 37
1108 1926 37
1167 3687 37
1203 9035 37
1678 2248 37
1771 1984 37
1808 5515 37
1896 2975 37
2975 9841 19
2024 7658 37
7658 5444 33
2047 5565 37
5565 195 6
5565 4721 19
2103 2790 37
2377 4999 37
2401 712 37
2469 1399 37
2601 9503 37
2774 6299 37
6299 9124 16
6299 7294 35
7294 2414 36
2414 2090 17
2815 6170 37
2865 570 37
2897 5677 37
2917 8830 37
2988 5792 37
3133 6009 37
3270 586 37
3841 7093 37
3862 3996 37
3913 9172 37
9172 8326 34
4142 7246 37
7246 9878 11
9878 5632 8
4402 8775 37
4473 8684 37
4561 6215 37
4574 1986 37
4916 9712 37
9712 5972 15
5022 9724 37
5066 6612 37
5155 8709 37
8709 5635 14
5635 1457 28
1457 9511 30
5340 2033 37
5433 1330 37
5517 3593 37
5746 5303 37
5788 8099 37
6209 2439 37
2439 1685 32
1685 3754 20
6258 3618 37
6348 1582 37
6403 4525 37
6424 6423 37
6505 1475 37
1475 7649 30
6767 4364 37
6813 8434 37
7170 992 37
7294 2426 37
7525 5652 37
7616 1328 37
7784 2527 37
8004 3938 37
3938 4735 22
8104 508 37
508 2913 22
8157 8085 37
8085 8286 24
8165 4129 37
8247 4022 37
4022 278 9
8299 5241 37
8343 413 37
413 7433 32
8412 651 37
9263 3305 37
3305 6343 19
9270 5044 37
5044 8285 37
9297 6545 37
9301 4577 37
9534 3303 37
9870 7027 37
7027 2562 4
7027 7209 26
7209 638 27
638 9571 16
280 7948 38
311 3796 38
325 2237 38
458 6962 38
478 653 38
616 4392 38
659 3881 38
732 2059 38
2059 3306 17
3306 4259 25
742 1842 38
815 5777 38
5777 8396 22
5777 4371 30
986 1859 38
1859 2080 6
1859 6704 20
1165 6053 38
1224 7709 38
1255 9523 38
1367 7286 38
1494 4722 38
1722 2679 38
1794 766 38
766 9019 10
766 5167 34
1939 2907 38
2119 5316 38
2201 8226 38
8226 6497 28
2374 2812 38
2479 4811 38
4811 2537 20
2537 1963 33
1963 7855 12
2657 4797 38
3293 9895 38
3503 8158 38
8158 8041 12
3759 352 38
352 7159 24
3791 9680 38
3813 372 38
372 9492 19
3874 1470 38
3990 5778 38
4266 5272 38
4294 9865 38
4428 7579 38
4522 4509 38
4655 9527 38
4888 2510 38
4894 4775 38
4775 8571 38
4920 4690 38
4936 6342 38
5096 4288 38
5129 9214 38
5213 4377 38
5260 3511 38
5352 2079 38
2079 2291 16
2079 7344 21
5403 3171 38
5628 3978 38
5788 5083 38
5993 60 38
6002 1687 38
1687 3117 22
3117 5512 34
6352 6291 38
6364 5754 38
6446 8333 38
6475 1777 38
1777 622 17
622 7586 5
7586 6433 20
7586 6703 27
6703 7409 3
7409 8177 31
6521 2164 38
2164 7926 14
6628 3222 38
6695 4536 38
6943 304 38
304 7750 13
304 5310 25
7111 3514 38
7160 5889 38
7232 4945 38
7424 615 38
615 606 1
7519 47 38
7643 4925 38
7891 3597 38
3597 9366 4
7936 6221 38
6221 6246 21
8053 8200 38
8183 356 38
356 8728 5
8306 6621 38
8526 3776 38
8553 4617 38
8720 3674 38
8721 1676 38
8772 3603 38
8853 9946 38
9117 6782 38
9537 6806 38
9825 4396 38
9842 7834 38
9911 9806 38
9973 8966 38
8966 3966 23
33 7888 39
75 8587 39
97 8673 39
365 7460 39
413 4898 39
582 2074 39
2074 6810 13
761 156 39
860 4550 39
888 1065 39
1075 5558 39
1087 725 39
1595 6542 39
1988 36 39
36 1077 38
2427 8549 39
8549 4640 21
2517 1191 39
1191 86 7
86 9192 29
9192 3252 19
3252 8194 5
2685 7580 39
2735 3749 39
3749 9687 20
2777 9017 39
2790 6266 39
6266 7593 18
6266 2448 19
3543 5449 39
3615 5222 39
3616 1832 39
3837 3888 39
3888 261 27
261 9533 24
261 2649 31
4087 9749 39
4323 2473 39
2473 4224 8
4337 7407 39
4375 6939 39
6939 253 22
253 4988 17
4988 5678 37
6939 474 38
4594 9942 39
4673 7435 39
4730 927 39
927 4417 20
5202 9632 39
5507 8977 39
5587 248 39
5628 5584 39
5916 5651 39
5651 9633 21
5651 2769 35
6180 795 39
795 7742 15
7742 3809 1
795 5291 37
3809 3060 37
6615 2844 39
6632 5064 39
5064 9727 35
6683 4102 39
6781 8865 39
6807 6113 39
6113 3150 27
6810 92 39
6872 6963 39
6902 628 39
7192 5432 39
7325 69 39
69 4997 34
7585 2799 39
7622 3474 39
7630 560 39
560 7185 3
560 9412 24
7185 220 26
7896 3658 39
7903 8477 39
8015 4800 39
8065 9923 39
8105 4757 39
8120 1987 39
8170 5413 39
5413 3865 19
8182 1653 39
1653 525 33
8197 3940 39
8398 2655 39
8498 6550 39
8658 8192 39
8867 9593 39
9248 7604 39
9268 2012 39
9285 9881 39
9639 4044 39
4044 683 5
683 6554 26
6554 4272 25
683 3744 34
6554 6163 39
247 2896 40
257 3452 40
3452 1792 32
996 9872 40
1293 947 40
1293 4167 40
4167 3227 12
1348 2361 40
1385 5714 40
1795 565 40
565 6402 39
1880 1325 40
2071 4748 40
2586 177 40
2592 4165 40
2989 9850 40
3049 4262 40
3159 2206 40
3635 2882 40
2882 4857 21
4857 6836 3
3650 6714 40
4559 4666 40
4691 8184 40
4735 6620 40
4762 223 40
4838 3959 40
3959 9659 12
5102 3993 40
5249 1205 40
5523 611 40
5713 2344 40
5879 8156 40
5948 1451 40
6123 3198 40
3198 9748 24
6144 6788 40
6156 9579 40
9579 7534 13
6285 7341 40
6468 7095 40
6568 3872 40
6569 2471 40
6629 6223 40
6848 4938 40
6848 5343 40
7148 1618 40
7269 6925 40
7290 6720 40
7444 5842 40
7471 7157 40
7157 6281 16
7483 3164 40
7674 7043 40
7694 4025 40
8050 7264 40
8191 2052 40
2052 6429 28
8192 3612 40
9347 320 40
320 3975 10
9505 5020 40
9578 394 40
9648 8663 40
9872 4401 40
9985 4194 40
155 9869 41
392 3050 41
428 6042 41
483 1209 41
547 6543 41
587 5612 41
5612 9756 28
616 505 41
941 4068 41
1003 8520 41
1056 9304 41
1069 9799 41
1107 707 41
1508 4331 41
1542 1048 41
1669 5691 41
1834 7142 41
1960 9950 41
9950 8338 39
2164 1462 41
2214 7452 41
7452 4061 39
2311 3135 41
2316 8316 41
2717 6401 41
2736 9559 41
2785 3459 41
2859 5363 41
3051 5569 41
3069 575 41
575 6642 28
6642 3224 15
3102 7208 41
3142 4148 41
3363 5070 41
5070 6101 35
6101 2944 16
2944 834 1
3508 934 41
3915 2346 41
3945 7228 41
4085 374 41
4239 6919 41
4438 8766 41
4573 8884 41
4634 5430 41
4639 6744 41
4705 2123 41
4728 5078 41
5078 8007 13
4823 9140 41
5038 8259 41
5128 8808 41
5211 8336 41
5273 8854 41
5506 8349 41
5618 5113 41
5113 7033 11
7033 3579 23
5659 1101 41
5809 6803 41
6803 2888 34
5837 3500 41
3500 4462 18
4462 5629 18
6088 7396 41
6464 1580 41
1580 51 41
6538 6571 41
6709 7993 41
6712 8597 41
6927 3361 41
7058 9466 41
7218 4770 41
4770 8178 33
7387 2114 41
7403 7606 41
7428 640 41
7770 4665 41
4665 6095 28
7805 9191 41
8253 5326 41
5326 4960 33
8530 3494 41
8595 9705 41
8635 2381 41
2381 9338 24
8651 7823 41
8858 4793 41
4793 583 18
9129 8780 41
9136 1190 41
9190 8360 41
9244 2850 41
9245 1319 41
9501 5099 41
5099 7916 27
9531 8897 41
9652 8395 41
37 3295 42
131 6768 42
585 6363 42
723 9173 42
834 74 42
949 2690 42
966 7817 42
7817 2624 10
7817 6904 13
1359 110 42
1627 4776 42
4776 523 41
1702 1446 42
1735 4299 42
4299 2213 8
1917 2804 42
2804 180 13
1927 1046 42
1046 8273 14
8273 6851 18
1975 4958 42
4958 3085 5
1989 1262 42
2104 4505 42
2162 1748 42
2171 203 42
2228 8697 42
2589 783 42
2838 3520 42
3103 6159 42
3130 8747 42
3186 951 42
3195 2519 42
2519 3842 35
3394 7103 42
3472 5859 42
3905 2108 42
4014 9890 42
4179 8947 42
5239 4370 42
6295 6685 42
6380 7254 42
7257 2406 42
2406 4944 38
7334 5987 42
5987 1972 40
7415 3879 42
7477 1234 42
7796 7078 42
7844 2434 42
8118 677 42
8289 2218 42
2218 3313 10
3313 5886 3
8584 357 42
8858 9833 42
8912 6777 42
6777 5822 13
8940 5702 42
5702 1925 20
9013 8739 42
9026 3116 42
9164 1929 42
9217 8300 42
8300 3031 17
9252 9610 42
9392 3971 42
9418 2304 42
9492 9921 42
9525 3521 42
3521 3845 28
9562 7090 42
9625 6570 42
9781 3215 42
9807 2299 42
10 7971 43
51 2292 43
308 329 43
329 2388 6
2388 7682 27
2388 265 36
474 3461 43
3461 1646 3
3461 3062 31
603 1138 43
842 7690 43
1161 7110 43
1218 2995 43
1218 6105 43
1525 8991 43
1841 4500 43
1908 6887 43
2074 1240 43
2131 2983 43
2250 2932 43
2932 7443 17
2280 5874 43
2413 5085 43
5085 4841 37
2585 8497 43
2641 2659 43
2650 6769 43
2684 8144 43
8144 7960 1
8144 9540 11
3255 8357 43
3547 3370 43
3568 3571 43
3662 1976 43
3800 5974 43
3943 3254 43
4199 1719 43
4285 2126 43
5019 167 43
5334 8900 43
5362 831 43
5740 674 43
5975 2985 43
5989 666 43
6134 2409 43
6354 8733 43
6528 1029 43
6570 9892 43
9892 7230 19
6787 9647 43
6810 113 43
6818 4915 43
6950 4116 43
7144 1221 43
7252 4527 43
7548 9187 43
7895 1176 43
8022 6856 43
8032 2640 43
2640 3338 8
2640 8863 17
3338 1866 41
8083 8965 43
8186 8688 43
8688 2583 20
2583 2053 17
2053 8141 41
8141 6279 19
8247 7336 43
8397 8630 43
8421 8427 43
8535 7780 43
9093 5168 43
9221 2945 43
9291 1504 43
9328 1185 43
9441 8331 43
9463 2483 43
9558 2183 43
9598 9120 43
9678 6631 43
9688 314 43
9908 34 43
48 4602 44
103 7909 44
317 9999 44
9999 8238 22
8238 493 32
438 772 44
525 8061 44
622 9395 44
9395 4475 28
889 3944 44
1242 1691 44
1358 5452 44
1582 3052 44
1927 4766 44
2111 6259 44
6259 6247 10
6247 2705 10
2187 7923 44
2382 4320 44
2911 7959 44
2934 7490 44
3233 8921 44
3536 3444 44
3444 932 28
932 292 15
3644 685 44
685 6511 28
3724 3743 44
3743 6168 28
3879 4532 44
3896 8649 44
4614 1298 44
4961 5372 44
5372 7953 13
5248 6305 44
5273 536 44
5328 7794 44
5811 5814 44
6032 7879 44
6419 1733 44
6562 2770 44
6886 1569 44
7046 321 44
7678 990 44
8615 6824 44
8625 5661 44
5661 3956 25
3956 7952 19
8723 1922 44
8964 2404 44
9200 2339 44
9272 9738 44
9738 2954 2
9300 9938 44
9938 9613 23
9324 1721 44
9333 1708 44
1708 3676 11
9347 2063 44
9806 7963 44
9918 8869 44
87 1113 45
98 2921 45
2921 3803 2
3803 8559 15
8559 9703 5
372 5276 45
666 4791 45
752 2550 45
1001 7205 45
1047 6373 45
1072 5237 45
1109 8560 45
1356 642 45
642 4202 40
4202 2516 28
1447 8914 45
1665 8180 45
1790 3473 45
3473 1233 36
1233 785 2
2392 4291 45
4291 2596 12
2596 2050 7
2526 4483 45
2528 1671 45
2558 8837 45
2672 2297 45
2746 1128 45
3197 132 45
3236 5370 45
3575 521 45
3650 5357 45
3778 8371 45
3924 8202 45
8202 9435 19
9435 4055 20
4441 8748 45
4487 731 45
4626 1857 45
4803 6864 45
5217 7759 45
5532 9729 45
5837 3726 45
3726 4075 5
6331 1051 45
6336 5556 45
6401 8451 45
6829 2010 45
6846 6506 45
7371 4964 45
4964 4685 16
7505 2358 45
7613 6245 45
7885 5595 45
8271 7282 45
7282 1654 42
7282 5602 45
8401 4318 45
4318 6132 6
4318 1089 25
8434 989 45
8706 1658 45
8706 6928 45
8906 6341 45
6341 3431 35
9384 2819 45
2819 1180 37
9754 104 45
1136 488 46
1169 3388 46
1243 6083 46
6083 468 33
468 7833 27
1374 4258 46
2169 4951 46
2179 6727 46
2450 5030 46
2642 3933 46
2648 4150 46
4150 2428 36
2428 5631 8
2662 7235 46
2792 4717 46
2821 9731 46
3334 7070 46
7070 9816 35
3962 2499 46
4062 3415 46
4278 216 46
4702 2715 46
2715 4183 8
2715 2477 20
4912 7657 46
5097 9150 46
5387 8960 46
5675 7438 46
6540 8708 46
6687 8508 46
7020 6337 46
7302 1396 46
7775 6805 46
7808 7167 46
7955 7791 46
7791 4549 11
7989 7852 46
8317 1432 46
1432 8028 45
8638 4537 46
9265 6028 46
392 7059 47
540 500 47
603 9053 47
970 4169 47
4169 7704 19
4169 2148 31
1331 6016 47
1332 3770 47
2412 1983 47
2479 7084 47
7084 6441 43
2581 1022 47
1022 1265 18
1265 6024 35
6024 4886 26
2766 5540 47
5540 3808 44
2812 2239 47
2239 1623 35
3142 9255 47
9255 3170 7
3170 3624 9
3624 6387 32
3369 529 47
3370 589 47
589 3825 17
3467 7410 47
3871 5744 47
5744 3820 44
4256 2101 47
5125 8179 47
5358 504 47
504 256 41
5771 7565 47
5921 9706 47
5941 4663 47
6059 7035 47
6493 1137 47
1137 7530 37
7530 4177 26
6686 9506 47
8107 8517 47
8814 347 47
8863 557 47
9443 1543 47
9906 9951 47
9976 9134 47
83 7968 48
224 1342 48
551 9971 48
1489 4064 48
2303 9118 48
2537 7861 48
2550 8034 48
8034 777 43
3115 3812 48
3145 3576 48
3369 9151 48
3418 5538 48
3655 2869 48
4350 1461 48
5148 2323 48
5364 3659 48
5775 4175 48
5960 6637 48
6637 1556 17
6087 2093 48
6258 9947 48
6731 3263 48
6898 9109 48
7075 6316 48
7223 5738 48
7870 5548 48
7993 6454 48
6454 4083 37
8711 9424 48
9038 6325 48
9418 1030 48
9482 7484 48
9519 4119 48
9559 7531 48
9701 2113 48
9972 1616 48
18 350 49
119 366 49
366 1576 24
156 5233 49
234 4286 49
466 8058 49
8058 3824 37
623 8328 49
1165 2668 49
1194 9616 49
1272 9573 49
9573 6917 27
1355 8359 49
8359 3148 19
2005 4252 49
2062 1230 49
1230 2651 49
2157 8491 49
2219 8298 49
2376 1888 49
2392 8267 49
8267 4613 3
3202 3455 49
3455 9551 19
3422 8819 49
3939 8166 49
8166 3919 39
4111 3460 49
4129 1761 49
4398 2188 49
5014 1747 49
5688 2951 49
5911 9475 49
6224 8438 49
6541 7031 49
6883 8628 49
7297 8077 49
7937 2529 49
8123 6066 49
8200 1664 49
8506 2034 49
8542 9793 49
9793 6929 4
9000 6297 49
9283 5463 49
5463 5457 16
9869 6282 49
6282 512 24
9880 6763 49
38 1282 50
304 4588 50
1063 7091 50
1353 6701 50
1638 315 50
1828 501 50
2107 4596 50
2124 5927 50
2671 9480 50
2706 3781 50
2917 8380 50
3966 6189 50
4204 6086 50
4499 4465 50
4540 2543 50
4699 3316 50
5072 7705 50
7705 8293 40
5135 1650 50
5474 6191 50
5615 8829 50
6370 7267 50
6399 3861 50
6408 1830 50
6966 8727 50
7795 8831 50
8831 2252 35
7824 943 50
7905 6690 50
7974 4065 50
8513 4137 50
8516 5753 50
5753 2912 36
8827 7080 50
9059 9856 50
1090 1466 51
1182 7648 51
7648 8974 6
1184 1186 51
1238 8399 51
1511 1940 51
3201 7685 51
3280 2947 51
4106 1168 51
4916 3322 51
4949 5409 51
5024 1021 51
5376 9699 51
6081 2965 51
6915 1560 51
6990 881 51
8316 3231 51
8518 9713 51
8709 2544 51
9003 8769 51
9138 5823 51
5823 9357 49
39 5994 52
212 1093 52
225 6504 52
646 9485 52
9485 8464 32
702 7190 52
824 6326 52
1896 2048 52
2020 4104 52
4104 2340 30
4104 6590 50
6590 2092 51
2426 9494 52
2880 9256 52
3626 9674 52
3761 7982 52
4258 254 52
4338 9943 52
9943 5386 38
4375 4619 52
4823 573 52
5380 4919 52
5781 7097 52
6346 135 52
6878 7276 52
7097 9176 52
7101 9310 52
7470 3562 52
3562 281 4
281 2551 9
281 9275 45
8310 5250 52
8426 7006 52
9137 2557 52
9492 7990 52
7990 2976 42
141 975 53
975 1424 26
975 2553 42
165 3146 53
513 2930 53
1717 7455 53
1968 3855 53
2333 8096 53
2596 8915 53
8915 1174 5
2722 3750 53
2906 4615 53
3977 3805 53
4529 8577 53
5058 5045 53
5045 4277 12
5045 3333 39
5212 6901 53
5539 2127 53
2127 2097 47
5890 9583 53
6033 1057 53
6222 1869 53
6299 6442 53
6427 9280 53
7221 658 53
8755 430 53
8833 767 53
9152 6533 53
9274 2018 53
9463 692 53
186 5374 54
405 5205 54
503 5378 54
1416 2267 54
1726 7667 54
1917 6072 54
2897 5724 54
5724 2905 16
3142 7654 54
3510 6035 54
3591 6794 54
4178 3640 54
4636 2665 54
4725 1198 54
5008 8572 54
5892 4130 54
5933 3840 54
6240 5169 54
6327 3974 54
7505 9444 54
7654 3008 54
7691 4644 54
8029 8568 54
8124 550 54
8410 7930 54
8778 6098 54
658 105 55
870 4608 55
4608 122 16
933 8358 55
1174 4650 55
1438 9667 55
2363 9957 55
9957 7873 27
2888 6149 55
6149 9644 12
3126 2149 55
3168 9789 55
3770 240 55
4228 8848 55
4439 737 55
4730 9787 55
4833 7166 55
5793 4125 55
5922 6896 55
5939 1463 55
6106 3237 55
6857 5534 55
7519 4726 55
7743 9750 55
8152 7268 55
8350 3362 55
3362 5282 31
8786 6415 55
9153 1764 55
9422 3849 55
451 1074 56
581 4965 56
4965 3358 15
1045 1468 56
1168 2366 56
1230 6669 56
1243 8813 56
2258 5076 56
2267 1370 56
2781 1492 56
3548 7374 56
5505 7664 56
5553 3625 56
5952 4580 56
6002 5751 56
6018 7355 56
6304 459 56
6651 79 56
6807 6036 56
7453 3456 56
7657 945 56
945 2837 6
7770 3017 56
7971 4420 56
4420 6165 15
8949 236 56
9065 1730 56
9688 1049 56
9830 3515 56
9841 5485 56
9930 8235 56
352 1720 57
632 2726 57
2726 1505 44
1156 2984 57
1668 5601 57
5601 96 40
2038 4060 57
2128 9453 57
2448 7804 57
2879 608 57
3562 9507 57
3622 7509 57
3653 6320 57
5415 3022 57
3022 7107 48
6128 6841 57
6194 3846 57
6572 7366 57
7366 1306 22
7972 5790 57
8750 7787 57
8985 9542 57
9206 3765 57
9236 7508 57
9336 8209 57
517 3464 58
1004 2476 58
1458 2210 58
2210 8714 10
1744 5397 58
2036 7858 58
2162 5799 58
2210 9758 58
3208 7913 58
3230 1743 58
3653 2788 58
2788 7315 1
4410 7454 58
5144 8993 58
5167 3482 58
5400 4785 58
5499 1188 58
7023 744 58
7082 1435 58
7131 1217 58
7607 4843 58
7637 2173 58
7819 936 58
8334 8444 58
9575 6378 58
9762 8787 58
404 9776 59
952 9685 59
1407 5543 59
1596 2155 59
2721 2953 59
2757 9831 59
4832 6500 59
6500 900 30
5825 2001 59
6260 7561 59
7845 8580 59
8172 9201 59
9201 5913 40
8368 1956 59
8694 6461 59
6461 7274 49
8853 4273 59
9404 4232 59
4232 1566 13
9726 7121 59
390 4746 60
552 9389 60
590 3180 60
695 4679 60
998 631 60
1326 4877 60
1352 7247 60
1506 4405 60
1611 906 60
2470 1923 60
2942 4720 60
4720 7149 31
3078 7012 60
4690 2793 60
4736 3983 60
5019 6321 60
5049 6752 60
6124 198 60
6296 5411 60
6410 5685 60
6726 5552 60
7205 7765 60
7321 1256 60
8691 3780 60
8961 2666 60
9149 8047 60
9303 541 60
2749 8981 61
2762 5173 61
3297 2802 61
2802 2886 34
4226 6501 61
4560 4996 61
5308 3602 61
7710 5219 61
8604 5544 61
8822 7226 61
9377 7174 61
9494 5086 61
5086 5981 31
9515 2073 61
829 6457 62
1017 9859 62
3047 5275 62
3137 8820 62
4632 8082 62
5435 7030 62
6352 4051 62
6443 7052 62
6478 9529 62
6682 802 62
7791 8565 62
9218 3542 62
161 6850 63
6850 2621 46
285 6762 63
341 5285 63
457 7216 63
829 1143 63
1143 7977 23
1218 3108 63
3985 5696 63
4125 5715 63
4731 7211 63
7211 9809 56
5244 6298 63
5326 3987 63
5475 9967 63
6415 3692 63
8160 8021 63
8886 4599 63
8982 2186 63
9226 3718 63
9731 7133 63
1431 8036 64
2405 8699 64
2455 6652 64
3051 5338 64
3240 8698 64
3419 705 64
3766 864 64
3922 4429 64
4758 9132 64
5389 740 64
5546 4603 64
6385 4113 64
6514 5203 64
6974 368 64
7333 8971 64
7917 3613 64
9451 9619 64
9619 2283 48
9502 793 64
181 2846 65
193 3786 65
991 5277 65
1010 6417 65
3601 3580 65
5164 4354 65
5190 619 65
5638 2397 65
7277 7469 65
7733 6048 65
7738 4598 65
7800 9055 65
8328 4520 65
8718 6227 65
589 6574 66
1167 2015 66
1315 5082 66
1592 9343 66
9343 604 57
1897 827 66
4227 1387 66
4643 6507 66
6507 1979 63
4733 8245 66
5298 289 66
5347 5242 66
5562 8283 66
5618 1052 66
6202 6334 66
7247 1144 66
7399 5487 66
5487 9936 52
8347 5853 66
9185 8414 66
9701 2533 66
455 1102 67
480 5875 67
996 2110 67
2110 5247 58
2314 3353 67
2316 5899 67
2695 3010 67
2960 4589 67
5878 8064 67
8064 134 53
134 7806 53
6913 1856 67
8499 5752 67
9488 4952 67
9689 9114 67
239 5868 68
678 2141 68
1355 9961 68
1903 4990 68
2749 5089 68
3035 4153 68
5776 2545 68
6672 7055 68
6790 237 68
7475 4836 68
7825 7140 68
8424 3986 68
3986 6213 68
8640 4911 68
9456 9801 68
250 6310 69
595 2261 69
1130 5536 69
1592 3651 69
2387 5220 69
2416 3685 69
3311 6284 69
3317 5949 69
3586 284 69
3791 2962 69
3898 373 69
3963 4511 69
4651 3860 69
5506 6485 69
9633 6231 69
6231 9367 16
739 9428 70
1676 6197 70
3982 7351 70
5051 6924 70
6829 1935 70
9093 7194 70
9331 9110 70
971 7242 71
3419 9306 71
3772 5493 71
4757 3153 71
7882 5502 71
8146 6112 71
8522 4145 71
2389 1539 72
3487 9998 72
5725 2360 72
5808 1713 72
6163 8802 72
8157 4817 72
9415 6019 72
371 4032 73
1986 6340 73
3048 4625 73
3275 1241 73
3392 1547 73
3438 4723 73
3701 5657 73
5151 2745 73
5939 7480 73
8487 3582 73
4157 4581 74
4495 8740 74
4555 3349 74
7501 2899 74
7655 1703 74
8314 9107 74
8619 1752 74
282 1728 75
6665 6881 75
6752 2422 75
7711 2352 75
8224 5547 75
5 7801 76
222 755 76
1004 5003 76
1447 8345 76
1559 8143 76
3335 2682 76
4957 3914 76
8099 9631 76
5611 4144 77
5910 9747 77
5013 1041 78
1041 684 31
7324 7723 78
8625 4516 78
4516 7672 58
9042 2367 78
2367 9684 36
4691 8163 79
8163 7186 24
6536 858 79
8169 3260 79
1436 2254 80
1704 8088 80
2222 779 80
3142 5564 80
4663 6742 80
531 376 81
3548 2277 81
3590 9612 81
4156 6278 81
5087 6691 81
6722 8258 81
1478 7280 82
2241 1249 82
4130 572 82
572 1911 40
1911 4027 59
4523 3530 82
3530 2488 44
4938 9147 82
6524 6759 82
6979 5445 82
9714 4440 82
3140 9481 83
5326 764 83
4004 8387 84
7875 2513 84
9374 2591 84
9619 1164 84
9976 2375 84
436 6546 85
1359 4497 85
3164 1783 85
4438 2106 85
6069 6821 85
6651 2716 85
8003 3397 85
8109 2200 85
9292 6653 85
2173 9960 86
3104 9250 86
5256 8038 86
2107 6353 87
2849 5603 87
7064 4118 87
759 5050 88
4377 6010 88
9244 2449 88
9616 9782 88
2054 7715 89
8519 9934 89
9934 7889 34
7110 4390 90
3920 7927 91
9891 5567 91
7131 5226 92
3633 8171 93
4046 6863 93
5982 2904 93
1019 9720 94
3503 6496 94
3516 1086 94
8390 6681 94
149 4569 95
4508 7502 95
7948 5417 97
9647 2643 97
6182 7997 98
2112 7684 99
4181 5991 99
4382 4844 99
8060 9021 100
Total MST weight: 203306
